ano_indice,reuniao,data,processo,situacao,natureza_proponente,arquivo
2022,1,2022-03-16,2022-DLFVH,em diligência,empresa_sufixo,dados/fontes_web/paginas/cap2022_extrato_da_ata_01_reuniao_cap_16_03_22.docx-1.txt
2022,1,2022-03-16,2022-KG76B,em diligência,empresa_sufixo,dados/fontes_web/paginas/cap2022_extrato_da_ata_01_reuniao_cap_16_03_22.docx-1.txt
2022,1,2022-03-16,2022-3FS25,em diligência,empresa_sufixo,dados/fontes_web/paginas/cap2022_extrato_da_ata_01_reuniao_cap_16_03_22.docx-1.txt
2022,2,2022-03-31,2022-DLFVH,habilitado,osc,dados/fontes_web/paginas/cap2022_extrato_da_ata_02_reuniao_cap_31_03_22.docx-1.txt
2022,2,2022-03-31,2022-KG76B,em diligência,empresa_sufixo,dados/fontes_web/paginas/cap2022_extrato_da_ata_02_reuniao_cap_31_03_22.docx-1.txt
2022,2,2022-03-31,2022-3FS25,em diligência,mei_ei,dados/fontes_web/paginas/cap2022_extrato_da_ata_02_reuniao_cap_31_03_22.docx-1.txt
2022,2,2022-03-31,2022-HZ46T,em diligência,mei_ei,dados/fontes_web/paginas/cap2022_extrato_da_ata_02_reuniao_cap_31_03_22.docx-1.txt
2022,2,2022-03-31,2022-JJS7Q,em diligência,mei_ei,dados/fontes_web/paginas/cap2022_extrato_da_ata_02_reuniao_cap_31_03_22.docx-1.txt
2022,3,2022-04-06,2022-KG76B,habilitado,empresa_sufixo,dados/fontes_web/paginas/cap2022_extrato_da_ata_03_reuniao_cap_06_04_22.docx-1.txt
2022,3,2022-04-06,2022-3FS25,habilitado,empresa_sufixo,dados/fontes_web/paginas/cap2022_extrato_da_ata_03_reuniao_cap_06_04_22.docx-1.txt
2022,3,2022-04-06,2022-02486,em diligência,empresa_sufixo,dados/fontes_web/paginas/cap2022_extrato_da_ata_03_reuniao_cap_06_04_22.docx-1.txt
2022,3,2022-04-06,2022-MWSV5,em diligência,empresa_sufixo,dados/fontes_web/paginas/cap2022_extrato_da_ata_03_reuniao_cap_06_04_22.docx-1.txt
2022,3,2022-04-06,2022-4LJGV,em diligência,empresa_sufixo,dados/fontes_web/paginas/cap2022_extrato_da_ata_03_reuniao_cap_06_04_22.docx-1.txt
2022,4,2022-04-14,2022-MRJRS,em diligência,osc,dados/fontes_web/paginas/cap2022_extrato_da_ata_04_reuniao_cap_14_04_22.docx.txt
2022,4,2022-04-14,2022-F0975,em diligência,empresa_sufixo,dados/fontes_web/paginas/cap2022_extrato_da_ata_04_reuniao_cap_14_04_22.docx.txt
2022,4,2022-04-14,2022-02486,inabilitado,osc,dados/fontes_web/paginas/cap2022_extrato_da_ata_04_reuniao_cap_14_04_22.docx.txt
2022,5,2022-04-20,2022-HZ46T,habilitado,grupo_artistico,dados/fontes_web/paginas/cap2022_extrato_da_ata_05_reuniao_cap_20_04_22.docx.txt
2022,5,2022-04-20,2022-MRJRS,habilitado,osc,dados/fontes_web/paginas/cap2022_extrato_da_ata_05_reuniao_cap_20_04_22.docx.txt
2022,5,2022-04-20,2022-MWSV5,em diligência,empresa_provavel,dados/fontes_web/paginas/cap2022_extrato_da_ata_05_reuniao_cap_20_04_22.docx.txt
2022,5,2022-04-20,2022-R8BJK,em diligência,grupo_artistico,dados/fontes_web/paginas/cap2022_extrato_da_ata_05_reuniao_cap_20_04_22.docx.txt
2022,5,2022-04-20,2022-M5V6Q,em diligência,empresa_sufixo,dados/fontes_web/paginas/cap2022_extrato_da_ata_05_reuniao_cap_20_04_22.docx.txt
2022,6,2022-04-28,2022-MWSV5,habilitado,empresa_provavel,dados/fontes_web/paginas/cap2022_extrato_da_ata_06_reuniao_cap_28_04_22.docx.txt
2022,6,2022-04-28,2022-JJS7Q,habilitado,mei_ei,dados/fontes_web/paginas/cap2022_extrato_da_ata_06_reuniao_cap_28_04_22.docx.txt
2022,6,2022-04-28,2022-RWW2K,em diligência,empresa_sufixo,dados/fontes_web/paginas/cap2022_extrato_da_ata_06_reuniao_cap_28_04_22.docx.txt
2022,6,2022-04-28,2022-ZZ8WC,em diligência,empresa_sufixo,dados/fontes_web/paginas/cap2022_extrato_da_ata_06_reuniao_cap_28_04_22.docx.txt
2022,6,2022-04-28,2022-05N9Z,em diligência,mei_ei,dados/fontes_web/paginas/cap2022_extrato_da_ata_06_reuniao_cap_28_04_22.docx.txt
2022,6,2022-04-28,2022-PHLMS,em diligência,empresa_sufixo,dados/fontes_web/paginas/cap2022_extrato_da_ata_06_reuniao_cap_28_04_22.docx.txt
2022,7,2022-05-05,2022-RWW2K,habilitado,empresa_sufixo,dados/fontes_web/paginas/cap2022_extrato_da_ata_07_reuniao_cap_05_05_22.docx.txt
2022,7,2022-05-05,2022-M5V6Q,habilitado,empresa_sufixo,dados/fontes_web/paginas/cap2022_extrato_da_ata_07_reuniao_cap_05_05_22.docx.txt
2022,7,2022-05-05,2022-DK8GT,em diligência,empresa_sufixo,dados/fontes_web/paginas/cap2022_extrato_da_ata_07_reuniao_cap_05_05_22.docx.txt
2022,7,2022-05-05,2022-S80KH,em diligência,empresa_sufixo,dados/fontes_web/paginas/cap2022_extrato_da_ata_07_reuniao_cap_05_05_22.docx.txt
2022,8,2022-05-12,2022-R8BJK,habilitado,sem proponente no extrato,dados/fontes_web/paginas/cap2022_extrato_da_ata_08_reuniao_cap_12_05_22.docx.txt
2022,8,2022-05-12,2022-05N9Z,habilitado,sem proponente no extrato,dados/fontes_web/paginas/cap2022_extrato_da_ata_08_reuniao_cap_12_05_22.docx.txt
2022,8,2022-05-12,2022-PHLMS,habilitado,sem proponente no extrato,dados/fontes_web/paginas/cap2022_extrato_da_ata_08_reuniao_cap_12_05_22.docx.txt
2022,8,2022-05-12,2022-DK8GT,habilitado,empresa_sufixo,dados/fontes_web/paginas/cap2022_extrato_da_ata_08_reuniao_cap_12_05_22.docx.txt
2022,8,2022-05-12,2022-4LJGV,em diligência,sem proponente no extrato,dados/fontes_web/paginas/cap2022_extrato_da_ata_08_reuniao_cap_12_05_22.docx.txt
2022,8,2022-05-12,2022-XX9K7,em diligência,empresa_provavel,dados/fontes_web/paginas/cap2022_extrato_da_ata_08_reuniao_cap_12_05_22.docx.txt
2022,8,2022-05-12,2022-35JQG,em diligência,empresa_sufixo,dados/fontes_web/paginas/cap2022_extrato_da_ata_08_reuniao_cap_12_05_22.docx.txt
2022,9,2022-05-26,2022-ZZ8WC,habilitado,sem proponente no extrato,dados/fontes_web/paginas/cap2022_extrato_da_ata_09_reuniao_cap_26_05_22.docx.txt
2022,9,2022-05-26,2022-S80KH,habilitado,sem proponente no extrato,dados/fontes_web/paginas/cap2022_extrato_da_ata_09_reuniao_cap_26_05_22.docx.txt
2022,9,2022-05-26,2022-F0975,habilitado,sem proponente no extrato,dados/fontes_web/paginas/cap2022_extrato_da_ata_09_reuniao_cap_26_05_22.docx.txt
2022,9,2022-05-26,2022-P2FN3,em diligência,sem proponente no extrato,dados/fontes_web/paginas/cap2022_extrato_da_ata_09_reuniao_cap_26_05_22.docx.txt
2022,9,2022-05-26,2022-3KB60,inabilitado,mei_ei,dados/fontes_web/paginas/cap2022_extrato_da_ata_09_reuniao_cap_26_05_22.docx.txt
2022,9,2022-05-26,2022-6TZT4,inabilitado,osc,dados/fontes_web/paginas/cap2022_extrato_da_ata_09_reuniao_cap_26_05_22.docx.txt
2022,10,2022-06-02,2022-XX9K7,habilitado,empresa_provavel,dados/fontes_web/paginas/cap2022_extrato_da_ata_10_reuniao_cap_02_06_22.docx_1.txt
2022,10,2022-06-02,2022-P2FN3,habilitado,sem proponente no extrato,dados/fontes_web/paginas/cap2022_extrato_da_ata_10_reuniao_cap_02_06_22.docx_1.txt
2022,10,2022-06-02,2022-K3M60,habilitado,mei_ei,dados/fontes_web/paginas/cap2022_extrato_da_ata_10_reuniao_cap_02_06_22.docx_1.txt
2022,10,2022-06-02,2022-87D66,em diligência,sem proponente no extrato,dados/fontes_web/paginas/cap2022_extrato_da_ata_10_reuniao_cap_02_06_22.docx_1.txt
2022,10,2022-06-02,2022-PHX83,em diligência,sem proponente no extrato,dados/fontes_web/paginas/cap2022_extrato_da_ata_10_reuniao_cap_02_06_22.docx_1.txt
2022,10,2022-06-02,2022-WHK4V,em diligência,empresa_sufixo,dados/fontes_web/paginas/cap2022_extrato_da_ata_10_reuniao_cap_02_06_22.docx_1.txt
2022,10,2022-06-02,2022-Z1XJQ,em diligência,empresa_sufixo,dados/fontes_web/paginas/cap2022_extrato_da_ata_10_reuniao_cap_02_06_22.docx_1.txt
2022,11,2022-06-09,2022-WHK4V,habilitado,empresa_sufixo,dados/fontes_web/paginas/cap2022_extrato_da_ata_11_reuniao_cap_09_06_22.docx.txt
2022,11,2022-06-09,2022-Z1XJQ,habilitado,empresa_sufixo,dados/fontes_web/paginas/cap2022_extrato_da_ata_11_reuniao_cap_09_06_22.docx.txt
2022,11,2022-06-09,2022-H2ZBP,em diligência,osc,dados/fontes_web/paginas/cap2022_extrato_da_ata_11_reuniao_cap_09_06_22.docx.txt
2022,11,2022-06-09,2022-67RVF,em diligência,osc,dados/fontes_web/paginas/cap2022_extrato_da_ata_11_reuniao_cap_09_06_22.docx.txt
2022,11,2022-06-09,2022-Z91ZF,em diligência,empresa_sufixo,dados/fontes_web/paginas/cap2022_extrato_da_ata_11_reuniao_cap_09_06_22.docx.txt
2022,12,2022-06-15,2022-L2BVZ,habilitado,osc,dados/fontes_web/paginas/cap2022_extrato_da_ata_12_reuniao_cap_15_06_22.docx.txt
2022,12,2022-06-15,2022-Q292N,em diligência,osc,dados/fontes_web/paginas/cap2022_extrato_da_ata_12_reuniao_cap_15_06_22.docx.txt
2022,14,2022-06-30,2022-4LJGV,habilitado,sem proponente no extrato,dados/fontes_web/paginas/cap2022_extrato_da_ata_14_reuniao_cap_30_06_2022.txt
2022,14,2022-06-30,2022-87D66,habilitado,osc,dados/fontes_web/paginas/cap2022_extrato_da_ata_14_reuniao_cap_30_06_2022.txt
2022,14,2022-06-30,2022-PHX83,habilitado,sem proponente no extrato,dados/fontes_web/paginas/cap2022_extrato_da_ata_14_reuniao_cap_30_06_2022.txt
2022,14,2022-06-30,2022-Z91ZF,habilitado,empresa_sufixo,dados/fontes_web/paginas/cap2022_extrato_da_ata_14_reuniao_cap_30_06_2022.txt
2022,14,2022-06-30,2022-67RVF,habilitado,osc,dados/fontes_web/paginas/cap2022_extrato_da_ata_14_reuniao_cap_30_06_2022.txt
2022,14,2022-06-30,2022-MVWBR,em diligência,osc,dados/fontes_web/paginas/cap2022_extrato_da_ata_14_reuniao_cap_30_06_2022.txt
2022,14,2022-06-30,2022-20250,em diligência,empresa_sufixo,dados/fontes_web/paginas/cap2022_extrato_da_ata_14_reuniao_cap_30_06_2022.txt
2022,15,2022-07-14,2022-LR2T1,habilitado,empresa_sufixo,dados/fontes_web/paginas/cap2022_extrato_da_ata_15_reuniao_cap_14_07_22.docx.txt
2022,15,2022-07-14,2022-Q292N,habilitado,osc,dados/fontes_web/paginas/cap2022_extrato_da_ata_15_reuniao_cap_14_07_22.docx.txt
2022,15,2022-07-14,2022-20250,habilitado,empresa_sufixo,dados/fontes_web/paginas/cap2022_extrato_da_ata_15_reuniao_cap_14_07_22.docx.txt
2022,15,2022-07-14,2022-MVWBR,em diligência,osc,dados/fontes_web/paginas/cap2022_extrato_da_ata_15_reuniao_cap_14_07_22.docx.txt
2022,15,2022-07-14,2022-1MLZT,em diligência,indeterminado,dados/fontes_web/paginas/cap2022_extrato_da_ata_15_reuniao_cap_14_07_22.docx.txt
2022,16,2022-07-21,2022-MVWBR,habilitado,osc,dados/fontes_web/paginas/cap2022_extrato_da_ata_16o_reuniao_cap.txt
2022,16,2022-07-21,2022-82W8Z,em diligência,osc,dados/fontes_web/paginas/cap2022_extrato_da_ata_16o_reuniao_cap.txt
2022,16,2022-07-21,2022-6BDP7,em diligência,empresa_sufixo,dados/fontes_web/paginas/cap2022_extrato_da_ata_16o_reuniao_cap.txt
2022,17,2022-08-04,2022-6BDP7,habilitado,empresa_sufixo,dados/fontes_web/paginas/cap2022_extrato_da_ata_17o_reuniao_cap_04_08_22_1.txt
2022,17,2022-08-04,2022-BFTK4,em diligência,osc,dados/fontes_web/paginas/cap2022_extrato_da_ata_17o_reuniao_cap_04_08_22_1.txt
2022,17,2022-08-04,2022-H20JQ,inabilitado,empresa_sufixo,dados/fontes_web/paginas/cap2022_extrato_da_ata_17o_reuniao_cap_04_08_22_1.txt
2022,17,2022-08-04,2022-H2ZBP,inabilitado,osc,dados/fontes_web/paginas/cap2022_extrato_da_ata_17o_reuniao_cap_04_08_22_1.txt
2022,18,2022-08-11,2022-9NT8C,em diligência,mei_ei,dados/fontes_web/paginas/cap2022_extrato_da_ata_18o_reuniao_cap_11_08_22.docx.txt
2022,18,2022-08-11,2022-49MMM,em diligência,empresa_provavel,dados/fontes_web/paginas/cap2022_extrato_da_ata_18o_reuniao_cap_11_08_22.docx.txt
2022,18,2022-08-11,2022-5LSK9,em diligência,mei_ei,dados/fontes_web/paginas/cap2022_extrato_da_ata_18o_reuniao_cap_11_08_22.docx.txt
2022,18,2022-08-11,2022-N3M0X,inabilitado,mei_ei,dados/fontes_web/paginas/cap2022_extrato_da_ata_18o_reuniao_cap_11_08_22.docx.txt
2022,19,2022-08-18,2022-2SR6P,habilitado,empresa_sufixo,dados/fontes_web/paginas/cap2022_extrato_da_ata_19o_reuniao_cap_18_08_22_1.txt
2022,19,2022-08-18,2022-KSSWD,em diligência,indeterminado,dados/fontes_web/paginas/cap2022_extrato_da_ata_19o_reuniao_cap_18_08_22_1.txt
2022,19,2022-08-18,2022-82W8Z,em diligência,osc,dados/fontes_web/paginas/cap2022_extrato_da_ata_19o_reuniao_cap_18_08_22_1.txt
2022,19,2022-08-18,2022-451TR,em diligência,osc,dados/fontes_web/paginas/cap2022_extrato_da_ata_19o_reuniao_cap_18_08_22_1.txt
2022,19,2022-08-18,2022-0PP25,em diligência,indeterminado,dados/fontes_web/paginas/cap2022_extrato_da_ata_19o_reuniao_cap_18_08_22_1.txt
2022,19,2022-08-18,2022-C89QH,em diligência,mei_ei,dados/fontes_web/paginas/cap2022_extrato_da_ata_19o_reuniao_cap_18_08_22_1.txt
2022,20,2022-08-25,2022-82W8Z,habilitado,osc,dados/fontes_web/paginas/cap2022_extrato_da_ata_20o_reuniao_cap_25_08_22.docx.txt
2022,20,2022-08-25,2022-BFTK4,habilitado,osc,dados/fontes_web/paginas/cap2022_extrato_da_ata_20o_reuniao_cap_25_08_22.docx.txt
2022,20,2022-08-25,2022-6ZD2Q,em diligência,empresa_provavel,dados/fontes_web/paginas/cap2022_extrato_da_ata_20o_reuniao_cap_25_08_22.docx.txt
2022,20,2022-08-25,2022-PC04X,em diligência,empresa_sufixo,dados/fontes_web/paginas/cap2022_extrato_da_ata_20o_reuniao_cap_25_08_22.docx.txt
2022,20,2022-08-25,2022-8VR5D,em diligência,empresa_provavel,dados/fontes_web/paginas/cap2022_extrato_da_ata_20o_reuniao_cap_25_08_22.docx.txt
2022,20,2022-08-25,2022-HR8RT,em diligência,osc,dados/fontes_web/paginas/cap2022_extrato_da_ata_20o_reuniao_cap_25_08_22.docx.txt
2022,20,2022-08-25,2022-B072J,em diligência,empresa_sufixo,dados/fontes_web/paginas/cap2022_extrato_da_ata_20o_reuniao_cap_25_08_22.docx.txt
2022,21,2022-09-01,2022-8VR5D,habilitado,empresa_provavel,dados/fontes_web/paginas/cap2022_extrato_da_ata_21o_reuniao_cap_01_09_22.txt
2022,21,2022-09-01,2022-1KLD7,habilitado,empresa_sufixo,dados/fontes_web/paginas/cap2022_extrato_da_ata_21o_reuniao_cap_01_09_22.txt
2022,21,2022-09-01,2022-R4GNW,em diligência,indeterminado,dados/fontes_web/paginas/cap2022_extrato_da_ata_21o_reuniao_cap_01_09_22.txt
2022,21,2022-09-01,2022-9RVGV,em diligência,mei_ei,dados/fontes_web/paginas/cap2022_extrato_da_ata_21o_reuniao_cap_01_09_22.txt
2022,21,2022-09-01,2022-W3TL3,em diligência,osc,dados/fontes_web/paginas/cap2022_extrato_da_ata_21o_reuniao_cap_01_09_22.txt
2022,22,2022-09-15,2022-R4GNW,habilitado,indeterminado,dados/fontes_web/paginas/cap2022_extrato_da_ata_22o_reuniao_cap_15_09_22.docx.txt
2022,22,2022-09-15,2022-KSSWD,habilitado,indeterminado,dados/fontes_web/paginas/cap2022_extrato_da_ata_22o_reuniao_cap_15_09_22.docx.txt
2022,22,2022-09-15,2022-0PP25,habilitado,indeterminado,dados/fontes_web/paginas/cap2022_extrato_da_ata_22o_reuniao_cap_15_09_22.docx.txt
2022,22,2022-09-15,2022-9RVGV,habilitado,mei_ei,dados/fontes_web/paginas/cap2022_extrato_da_ata_22o_reuniao_cap_15_09_22.docx.txt
2022,22,2022-09-15,2022-W3TL3,habilitado,osc,dados/fontes_web/paginas/cap2022_extrato_da_ata_22o_reuniao_cap_15_09_22.docx.txt
2022,22,2022-09-15,2022-49MMM,habilitado,empresa_provavel,dados/fontes_web/paginas/cap2022_extrato_da_ata_22o_reuniao_cap_15_09_22.docx.txt
2022,22,2022-09-15,2022-65X12,em diligência,osc,dados/fontes_web/paginas/cap2022_extrato_da_ata_22o_reuniao_cap_15_09_22.docx.txt
2022,23,2022-09-22,2022-05G2G,em diligência,empresa_sufixo,dados/fontes_web/paginas/cap2022_extrato_da_ata_23o_reuniao_cap_22_09_22.txt
2022,23,2022-09-22,2022-Z2R6J,em diligência,mei_ei,dados/fontes_web/paginas/cap2022_extrato_da_ata_23o_reuniao_cap_22_09_22.txt
2022,23,2022-09-22,2022-NCX4M,em diligência,osc,dados/fontes_web/paginas/cap2022_extrato_da_ata_23o_reuniao_cap_22_09_22.txt
2022,24,2022-09-29,2022-Z2R6J,habilitado,mei_ei,dados/fontes_web/paginas/cap2022_extrato_da_ata_24o_reuniao_cap_29_09_22.docx.txt
2022,24,2022-09-29,2022-C89QH,em diligência,mei_ei,dados/fontes_web/paginas/cap2022_extrato_da_ata_24o_reuniao_cap_29_09_22.docx.txt
2022,24,2022-09-29,2022-3BGVB,em diligência,osc,dados/fontes_web/paginas/cap2022_extrato_da_ata_24o_reuniao_cap_29_09_22.docx.txt
2022,24,2022-09-29,2022-R9T5S,em diligência,osc,dados/fontes_web/paginas/cap2022_extrato_da_ata_24o_reuniao_cap_29_09_22.docx.txt
2022,24,2022-09-29,2022-L7DPN,inabilitado,indeterminado,dados/fontes_web/paginas/cap2022_extrato_da_ata_24o_reuniao_cap_29_09_22.docx.txt
2022,25,2022-10-06,2022-9NT8C,habilitado,mei_ei,dados/fontes_web/paginas/cap2022_extrato_da_ata_25o_reuniao_cap_06_10_22.txt
2022,25,2022-10-06,2022-PC04X,habilitado,empresa_sufixo,dados/fontes_web/paginas/cap2022_extrato_da_ata_25o_reuniao_cap_06_10_22.txt
2022,25,2022-10-06,2022-NCX4M,em diligência,osc,dados/fontes_web/paginas/cap2022_extrato_da_ata_25o_reuniao_cap_06_10_22.txt
2022,25,2022-10-06,2022-5LSK9,em diligência,mei_ei,dados/fontes_web/paginas/cap2022_extrato_da_ata_25o_reuniao_cap_06_10_22.txt
2022,25,2022-10-06,2022-CP09H,em diligência,osc,dados/fontes_web/paginas/cap2022_extrato_da_ata_25o_reuniao_cap_06_10_22.txt
2022,25,2022-10-06,2022-HW4LJ,em diligência,empresa_sufixo,dados/fontes_web/paginas/cap2022_extrato_da_ata_25o_reuniao_cap_06_10_22.txt
2022,26,2022-10-20,2022-05G2G,habilitado,empresa_sufixo,dados/fontes_web/paginas/cap2022_extrato_da_ata_26o_reuniao_cap_20_10_22.txt
2022,26,2022-10-20,2022-3Q613,habilitado,empresa_sufixo,dados/fontes_web/paginas/cap2022_extrato_da_ata_26o_reuniao_cap_20_10_22.txt
2022,26,2022-10-20,2022-HR8RT,em diligência,osc,dados/fontes_web/paginas/cap2022_extrato_da_ata_26o_reuniao_cap_20_10_22.txt
2022,26,2022-10-20,2022-R9T5S,em diligência,osc,dados/fontes_web/paginas/cap2022_extrato_da_ata_26o_reuniao_cap_20_10_22.txt
2022,26,2022-10-20,2022-65X12,em diligência,osc,dados/fontes_web/paginas/cap2022_extrato_da_ata_26o_reuniao_cap_20_10_22.txt
2022,27,2022-10-27,2022-NCX4M,habilitado,osc,dados/fontes_web/paginas/cap2022_extrato_da_ata_27o_reuniao_cap_27_10_22.txt
2022,27,2022-10-27,2022-CP09H,habilitado,osc,dados/fontes_web/paginas/cap2022_extrato_da_ata_27o_reuniao_cap_27_10_22.txt
2022,27,2022-10-27,2022-MFF4T,habilitado,mei_ei,dados/fontes_web/paginas/cap2022_extrato_da_ata_27o_reuniao_cap_27_10_22.txt
2022,27,2022-10-27,2022-B072J,em diligência,empresa_sufixo,dados/fontes_web/paginas/cap2022_extrato_da_ata_27o_reuniao_cap_27_10_22.txt
2022,27,2022-10-27,2022-9BD9G,em diligência,empresa_sufixo,dados/fontes_web/paginas/cap2022_extrato_da_ata_27o_reuniao_cap_27_10_22.txt
2022,28,2022-11-03,2022-HR8RT,habilitado,osc,dados/fontes_web/paginas/cap2022_extrato_da_ata_28o_reuniao_cap_03_11_22.txt
2022,28,2022-11-03,2022-C89QH,em diligência,mei_ei,dados/fontes_web/paginas/cap2022_extrato_da_ata_28o_reuniao_cap_03_11_22.txt
2022,28,2022-11-03,2022-CSTK7,em diligência,grupo_artistico,dados/fontes_web/paginas/cap2022_extrato_da_ata_28o_reuniao_cap_03_11_22.txt
2022,28,2022-11-03,2022-TNZCX,em diligência,osc,dados/fontes_web/paginas/cap2022_extrato_da_ata_28o_reuniao_cap_03_11_22.txt
2022,28,2022-11-03,2022-75JCS,em diligência,mei_ei,dados/fontes_web/paginas/cap2022_extrato_da_ata_28o_reuniao_cap_03_11_22.txt
2022,28,2022-11-03,2022-HW4LJ,inabilitado,empresa_sufixo,dados/fontes_web/paginas/cap2022_extrato_da_ata_28o_reuniao_cap_03_11_22.txt
2022,29,2022-11-10,2022-1MLZT,habilitado,indeterminado,dados/fontes_web/paginas/cap2022_extrato_da_ata_29o_reuniao_cap_10_11_22.txt
2022,29,2022-11-10,2022-NCX4M,habilitado,osc,dados/fontes_web/paginas/cap2022_extrato_da_ata_29o_reuniao_cap_10_11_22.txt
2022,29,2022-11-10,2022-2LCF5,em diligência,empresa_provavel,dados/fontes_web/paginas/cap2022_extrato_da_ata_29o_reuniao_cap_10_11_22.txt
2022,29,2022-11-10,2022-XZH1V,em diligência,osc,dados/fontes_web/paginas/cap2022_extrato_da_ata_29o_reuniao_cap_10_11_22.txt
2022,29,2022-11-10,2022-W21MB,em diligência,osc,dados/fontes_web/paginas/cap2022_extrato_da_ata_29o_reuniao_cap_10_11_22.txt
2022,30,2022-11-17,2022-C89QH,habilitado,mei_ei,dados/fontes_web/paginas/cap2022_extrato_da_ata_30o_reuniao_cap_17_11_22.txt
2022,30,2022-11-17,2022-65X12,habilitado,osc,dados/fontes_web/paginas/cap2022_extrato_da_ata_30o_reuniao_cap_17_11_22.txt
2022,30,2022-11-17,2022-Z9ZRC,em diligência,mei_ei,dados/fontes_web/paginas/cap2022_extrato_da_ata_30o_reuniao_cap_17_11_22.txt
2022,30,2022-11-17,2022-19NNC,em diligência,empresa_sufixo,dados/fontes_web/paginas/cap2022_extrato_da_ata_30o_reuniao_cap_17_11_22.txt
2022,30,2022-11-17,2022-83B3M,em diligência,empresa_sufixo,dados/fontes_web/paginas/cap2022_extrato_da_ata_30o_reuniao_cap_17_11_22.txt
2022,32,2022-12-01,2022-2LCF5,habilitado,empresa_provavel,dados/fontes_web/paginas/cap2022_extrato_da_ata_32o_reuniao_cap_01_12_22.txt
2022,32,2022-12-01,2022-XJ2XH,habilitado,empresa_provavel,dados/fontes_web/paginas/cap2022_extrato_da_ata_32o_reuniao_cap_01_12_22.txt
2022,32,2022-12-01,2022-64KD3,em diligência,empresa_sufixo,dados/fontes_web/paginas/cap2022_extrato_da_ata_32o_reuniao_cap_01_12_22.txt
2022,32,2022-12-01,2022-9BD9G,em diligência,empresa_sufixo,dados/fontes_web/paginas/cap2022_extrato_da_ata_32o_reuniao_cap_01_12_22.txt
2022,32,2022-12-01,2022-WT7BW,em diligência,empresa_sufixo,dados/fontes_web/paginas/cap2022_extrato_da_ata_32o_reuniao_cap_01_12_22.txt
2022,32,2022-12-01,2022-T58GX,em diligência,empresa_sufixo,dados/fontes_web/paginas/cap2022_extrato_da_ata_32o_reuniao_cap_01_12_22.txt
2022,33,2022-12-08,2022-64KD3,habilitado,empresa_sufixo,dados/fontes_web/paginas/cap2022_extrato_da_ata_33o_reuniao_cap_08_12_22.txt
2022,33,2022-12-08,2022-83B3M,habilitado,empresa_sufixo,dados/fontes_web/paginas/cap2022_extrato_da_ata_33o_reuniao_cap_08_12_22.txt
2022,33,2022-12-08,2022-JBZVN,habilitado,osc,dados/fontes_web/paginas/cap2022_extrato_da_ata_33o_reuniao_cap_08_12_22.txt
2022,33,2022-12-08,2022-220W3,habilitado,osc,dados/fontes_web/paginas/cap2022_extrato_da_ata_33o_reuniao_cap_08_12_22.txt
2022,33,2022-12-08,2022-B072J,em diligência,empresa_sufixo,dados/fontes_web/paginas/cap2022_extrato_da_ata_33o_reuniao_cap_08_12_22.txt
2022,33,2022-12-08,2022-5949M,em diligência,empresa_sufixo,dados/fontes_web/paginas/cap2022_extrato_da_ata_33o_reuniao_cap_08_12_22.txt
2022,33,2022-12-08,2022-J3DGX,em diligência,empresa_sufixo,dados/fontes_web/paginas/cap2022_extrato_da_ata_33o_reuniao_cap_08_12_22.txt
2022,33,2022-12-08,2022-7D9CX,em diligência,osc,dados/fontes_web/paginas/cap2022_extrato_da_ata_33o_reuniao_cap_08_12_22.txt
2022,34,2022-12-15,2022-9BD9G,habilitado,empresa_sufixo,dados/fontes_web/paginas/cap2022_extrato_da_ata_34o_reuniao_cap_15_12_22_2.txt
2022,34,2022-12-15,2022-19NNC,habilitado,empresa_sufixo,dados/fontes_web/paginas/cap2022_extrato_da_ata_34o_reuniao_cap_15_12_22_2.txt
2022,34,2022-12-15,2022-C4V42,habilitado,osc,dados/fontes_web/paginas/cap2022_extrato_da_ata_34o_reuniao_cap_15_12_22_2.txt
2022,34,2022-12-15,2022-Z2KZF,habilitado,empresa_sufixo,dados/fontes_web/paginas/cap2022_extrato_da_ata_34o_reuniao_cap_15_12_22_2.txt
2022,34,2022-12-15,2022-6C05R,em diligência,grupo_artistico,dados/fontes_web/paginas/cap2022_extrato_da_ata_34o_reuniao_cap_15_12_22_2.txt
2022,34,2022-12-15,2022-8LMZ7,em diligência,mei_ei,dados/fontes_web/paginas/cap2022_extrato_da_ata_34o_reuniao_cap_15_12_22_2.txt
2022,35,2022-12-22,2022-1810C,habilitado,mei_ei,dados/fontes_web/paginas/cap2022_extrato_da_ata_35o_reuniao_cap_22_12_22.txt
2022,35,2022-12-22,2022-0GW77,em diligência,empresa_sufixo,dados/fontes_web/paginas/cap2022_extrato_da_ata_35o_reuniao_cap_22_12_22.txt
2022,35,2022-12-22,2022-B6CR0,em diligência,grupo_artistico,dados/fontes_web/paginas/cap2022_extrato_da_ata_35o_reuniao_cap_22_12_22.txt
2023,1,2023-02-03,2022-0GW77,habilitado,empresa_sufixo,dados/fontes_web/paginas/cap2023_extrato_da_ata_1o_reuniao_cap_03_02_23.txt
2023,1,2023-02-03,2022-B6CR0,habilitado,grupo_artistico,dados/fontes_web/paginas/cap2023_extrato_da_ata_1o_reuniao_cap_03_02_23.txt
2023,1,2023-02-03,2022-CSTK7,habilitado,grupo_artistico,dados/fontes_web/paginas/cap2023_extrato_da_ata_1o_reuniao_cap_03_02_23.txt
2023,1,2023-02-03,2022-2ZKZG,habilitado,osc,dados/fontes_web/paginas/cap2023_extrato_da_ata_1o_reuniao_cap_03_02_23.txt
2023,1,2023-02-03,2022-PKJ52,habilitado,osc,dados/fontes_web/paginas/cap2023_extrato_da_ata_1o_reuniao_cap_03_02_23.txt
2023,1,2023-02-03,2022-CC9TK,em diligência,empresa_sufixo,dados/fontes_web/paginas/cap2023_extrato_da_ata_1o_reuniao_cap_03_02_23.txt
2023,1,2023-02-03,2022-6C05R,inabilitado,sem proponente no extrato,dados/fontes_web/paginas/cap2023_extrato_da_ata_1o_reuniao_cap_03_02_23.txt
2023,1,2023-02-03,2022-B072J,inabilitado,empresa_sufixo,dados/fontes_web/paginas/cap2023_extrato_da_ata_1o_reuniao_cap_03_02_23.txt
2023,2,2023-02-09,2022-92247,habilitado,empresa_sufixo,dados/fontes_web/paginas/cap2023_extrato_da_ata_2o_reuniao_cap_09_02_23.txt
2023,2,2023-02-09,2022-8LMZ7,habilitado,mei_ei,dados/fontes_web/paginas/cap2023_extrato_da_ata_2o_reuniao_cap_09_02_23.txt
2023,2,2023-02-09,2022-7D9CX,habilitado,osc,dados/fontes_web/paginas/cap2023_extrato_da_ata_2o_reuniao_cap_09_02_23.txt
2023,2,2023-02-09,2022-RTPHL,habilitado,osc,dados/fontes_web/paginas/cap2023_extrato_da_ata_2o_reuniao_cap_09_02_23.txt
2023,2,2023-02-09,2022-5KQ5X,em diligência,osc,dados/fontes_web/paginas/cap2023_extrato_da_ata_2o_reuniao_cap_09_02_23.txt
2023,3,2023-02-16,2022-5949M,em diligência,empresa_sufixo,dados/fontes_web/paginas/cap2023_extrato_da_ata_3o_reuniao_cap_16_02_23_1.txt
2023,3,2023-02-16,2022-D7K3C,em diligência,grupo_artistico,dados/fontes_web/paginas/cap2023_extrato_da_ata_3o_reuniao_cap_16_02_23_1.txt
2023,4,2023-03-02,2022-TDB4J,em diligência,empresa_sufixo,dados/fontes_web/paginas/cap2023_extrato_da_ata_de_reuniao_da_04a_reuniao_da_comissao_de_avaliacao_permanente_inscritos_no_ambito_da_lei_de_incen.txt
2023,4,2023-03-02,2022-MH6GF,em diligência,mei_ei,dados/fontes_web/paginas/cap2023_extrato_da_ata_de_reuniao_da_04a_reuniao_da_comissao_de_avaliacao_permanente_inscritos_no_ambito_da_lei_de_incen.txt
2023,4,2023-03-02,2022-QNZ17,em diligência,empresa_sufixo,dados/fontes_web/paginas/cap2023_extrato_da_ata_de_reuniao_da_04a_reuniao_da_comissao_de_avaliacao_permanente_inscritos_no_ambito_da_lei_de_incen.txt
2023,4,2023-03-02,2022-BC2RW,inabilitado,empresa_sufixo,dados/fontes_web/paginas/cap2023_extrato_da_ata_de_reuniao_da_04a_reuniao_da_comissao_de_avaliacao_permanente_inscritos_no_ambito_da_lei_de_incen.txt
2023,4,2023-03-02,2022-NRS09,inabilitado,empresa_sufixo,dados/fontes_web/paginas/cap2023_extrato_da_ata_de_reuniao_da_04a_reuniao_da_comissao_de_avaliacao_permanente_inscritos_no_ambito_da_lei_de_incen.txt
2023,4,2023-03-02,2022-C0FXX,inabilitado,empresa_sufixo,dados/fontes_web/paginas/cap2023_extrato_da_ata_de_reuniao_da_04a_reuniao_da_comissao_de_avaliacao_permanente_inscritos_no_ambito_da_lei_de_incen.txt
2023,5,2023-03-09,2022-CC9TK,em diligência,empresa_sufixo,dados/fontes_web/paginas/cap2023_extrato_da_ata_de_reuniao_da_05a_reuniao_da_comissao_de_avaliacao_permanente.txt
2023,5,2023-03-09,2022-8KN40,em diligência,empresa_sufixo,dados/fontes_web/paginas/cap2023_extrato_da_ata_de_reuniao_da_05a_reuniao_da_comissao_de_avaliacao_permanente.txt
2023,5,2023-03-09,2022-CBTLT,em diligência,empresa_sufixo,dados/fontes_web/paginas/cap2023_extrato_da_ata_de_reuniao_da_05a_reuniao_da_comissao_de_avaliacao_permanente.txt
2023,5,2023-03-09,2022-QSLH9,inabilitado,empresa_sufixo,dados/fontes_web/paginas/cap2023_extrato_da_ata_de_reuniao_da_05a_reuniao_da_comissao_de_avaliacao_permanente.txt
2023,6,2023-03-16,2022-CC9TK,habilitado,empresa_sufixo,dados/fontes_web/paginas/cap2023_extrato_da_ata_6o_reuniao_cap_16_03_23.txt
2023,6,2023-03-16,2022-B0CCP,habilitado,empresa_sufixo,dados/fontes_web/paginas/cap2023_extrato_da_ata_6o_reuniao_cap_16_03_23.txt
2023,6,2023-03-16,2022-DRBWG,habilitado,osc,dados/fontes_web/paginas/cap2023_extrato_da_ata_6o_reuniao_cap_16_03_23.txt
2023,6,2023-03-16,2022-61S2R,em diligência,empresa_sufixo,dados/fontes_web/paginas/cap2023_extrato_da_ata_6o_reuniao_cap_16_03_23.txt
2023,6,2023-03-16,2022-FJR20,em diligência,empresa_sufixo,dados/fontes_web/paginas/cap2023_extrato_da_ata_6o_reuniao_cap_16_03_23.txt
2023,6,2023-03-16,2022-HZM71,em diligência,empresa_sufixo,dados/fontes_web/paginas/cap2023_extrato_da_ata_6o_reuniao_cap_16_03_23.txt
2023,7,2023-03-23,2022-5949M,habilitado,empresa_sufixo,dados/fontes_web/paginas/cap2023_extrato_da_ata_7o_reuniao_cap_23_03_23.txt
2023,7,2023-03-23,2022-D7K3C,habilitado,grupo_artistico,dados/fontes_web/paginas/cap2023_extrato_da_ata_7o_reuniao_cap_23_03_23.txt
2023,7,2023-03-23,2022-185J7,habilitado,mei_ei,dados/fontes_web/paginas/cap2023_extrato_da_ata_7o_reuniao_cap_23_03_23.txt
2023,7,2023-03-23,2023-PH2D3,habilitado,osc,dados/fontes_web/paginas/cap2023_extrato_da_ata_7o_reuniao_cap_23_03_23.txt
2023,7,2023-03-23,2022-S4TPC,em diligência,mei_ei,dados/fontes_web/paginas/cap2023_extrato_da_ata_7o_reuniao_cap_23_03_23.txt
2023,7,2023-03-23,2022-JTL99,em diligência,osc,dados/fontes_web/paginas/cap2023_extrato_da_ata_7o_reuniao_cap_23_03_23.txt
2023,7,2023-03-23,2022-BDWKG,em diligência,empresa_sufixo,dados/fontes_web/paginas/cap2023_extrato_da_ata_7o_reuniao_cap_23_03_23.txt
2023,8,2023-03-30,2022-61S2R,habilitado,empresa_sufixo,dados/fontes_web/paginas/cap2023_extrato_da_ata_8o_reuniao_cap_30_03_23.txt
2023,8,2023-03-30,2022-MH6GF,habilitado,mei_ei,dados/fontes_web/paginas/cap2023_extrato_da_ata_8o_reuniao_cap_30_03_23.txt
2023,8,2023-03-30,2022-HZM71,habilitado,empresa_sufixo,dados/fontes_web/paginas/cap2023_extrato_da_ata_8o_reuniao_cap_30_03_23.txt
2023,8,2023-03-30,2022-ZZBV5,em diligência,osc,dados/fontes_web/paginas/cap2023_extrato_da_ata_8o_reuniao_cap_30_03_23.txt
2023,8,2023-03-30,2022-40RJ2,em diligência,osc,dados/fontes_web/paginas/cap2023_extrato_da_ata_8o_reuniao_cap_30_03_23.txt
2023,8,2023-03-30,2022-FJR20,inabilitado,empresa_sufixo,dados/fontes_web/paginas/cap2023_extrato_da_ata_8o_reuniao_cap_30_03_23.txt
2023,9,2023-04-13,2022-T58GX,habilitado,empresa_sufixo,dados/fontes_web/paginas/cap2023_extrato_da_ata_9o_reuniao_cap_13_04_23.txt
2023,9,2023-04-13,2022-QNZ17,habilitado,empresa_sufixo,dados/fontes_web/paginas/cap2023_extrato_da_ata_9o_reuniao_cap_13_04_23.txt
2023,9,2023-04-13,2022-8KN40,habilitado,empresa_sufixo,dados/fontes_web/paginas/cap2023_extrato_da_ata_9o_reuniao_cap_13_04_23.txt
2023,9,2023-04-13,2022-WT5FZ,habilitado,mei_ei,dados/fontes_web/paginas/cap2023_extrato_da_ata_9o_reuniao_cap_13_04_23.txt
2023,9,2023-04-13,2022-BH1S5,em diligência,empresa_provavel,dados/fontes_web/paginas/cap2023_extrato_da_ata_9o_reuniao_cap_13_04_23.txt
2023,9,2023-04-13,2022-1557P,em diligência,empresa_sufixo,dados/fontes_web/paginas/cap2023_extrato_da_ata_9o_reuniao_cap_13_04_23.txt
2023,9,2023-04-13,2022-CD23H,em diligência,empresa_sufixo,dados/fontes_web/paginas/cap2023_extrato_da_ata_9o_reuniao_cap_13_04_23.txt
2023,10,2023-04-20,2022-FJR20,recurso contra inabilitação (apreciado),empresa_sufixo,dados/fontes_web/paginas/cap2023_extrato_da_ata_10o_reuniao_cap_20_04_23.txt
2023,10,2023-04-20,2022-JTL99,habilitado,osc,dados/fontes_web/paginas/cap2023_extrato_da_ata_10o_reuniao_cap_20_04_23.txt
2023,10,2023-04-20,2022-6C05R,em diligência,grupo_artistico,dados/fontes_web/paginas/cap2023_extrato_da_ata_10o_reuniao_cap_20_04_23.txt
2023,10,2023-04-20,2022-GHF1N,em diligência,mei_ei,dados/fontes_web/paginas/cap2023_extrato_da_ata_10o_reuniao_cap_20_04_23.txt
2023,10,2023-04-20,2023-LGC1J,em diligência,osc,dados/fontes_web/paginas/cap2023_extrato_da_ata_10o_reuniao_cap_20_04_23.txt
2023,10,2023-04-20,2022-25G80,em diligência,empresa_sufixo,dados/fontes_web/paginas/cap2023_extrato_da_ata_10o_reuniao_cap_20_04_23.txt
2023,10,2023-04-20,2022-GSFLL,em diligência,mei_ei,dados/fontes_web/paginas/cap2023_extrato_da_ata_10o_reuniao_cap_20_04_23.txt
2023,11,2023-04-27,2022-BC2RW,recurso contra inabilitação (apreciado),empresa_sufixo,dados/fontes_web/paginas/cap2023_extrato_da_ata_11o_reuniao_cap_27_04_23.txt
2023,11,2023-04-27,2022-40RJ2,habilitado,osc,dados/fontes_web/paginas/cap2023_extrato_da_ata_11o_reuniao_cap_27_04_23.txt
2023,11,2023-04-27,2022-1557P,habilitado,empresa_sufixo,dados/fontes_web/paginas/cap2023_extrato_da_ata_11o_reuniao_cap_27_04_23.txt
2023,11,2023-04-27,2022-S4TPC,habilitado,mei_ei,dados/fontes_web/paginas/cap2023_extrato_da_ata_11o_reuniao_cap_27_04_23.txt
2023,11,2023-04-27,2022-ZZBV5,em diligência,osc,dados/fontes_web/paginas/cap2023_extrato_da_ata_11o_reuniao_cap_27_04_23.txt
2023,12,2023-05-04,2023-LGC1J,habilitado,osc,dados/fontes_web/paginas/cap2023_extrato_da_ata_12o_reuniao_cap_04_05_23.txt
2023,12,2023-05-04,2022-R4K8H,habilitado,osc,dados/fontes_web/paginas/cap2023_extrato_da_ata_12o_reuniao_cap_04_05_23.txt
2023,12,2023-05-04,2022-8S91R,habilitado,empresa_sufixo,dados/fontes_web/paginas/cap2023_extrato_da_ata_12o_reuniao_cap_04_05_23.txt
2023,12,2023-05-04,2022-NLCS2,em diligência,osc,dados/fontes_web/paginas/cap2023_extrato_da_ata_12o_reuniao_cap_04_05_23.txt
2023,12,2023-05-04,2022-71DTP,em diligência,empresa_provavel,dados/fontes_web/paginas/cap2023_extrato_da_ata_12o_reuniao_cap_04_05_23.txt
2023,12,2023-05-04,2022-N6F17,em diligência,mei_ei,dados/fontes_web/paginas/cap2023_extrato_da_ata_12o_reuniao_cap_04_05_23.txt
2023,12,2023-05-04,2022-CR61F,em diligência,empresa_provavel,dados/fontes_web/paginas/cap2023_extrato_da_ata_12o_reuniao_cap_04_05_23.txt
2023,12,2023-05-04,2022-HH970,em diligência,empresa_sufixo,dados/fontes_web/paginas/cap2023_extrato_da_ata_12o_reuniao_cap_04_05_23.txt
2023,13,2023-05-11,2023-MZ120,habilitado,empresa_sufixo,dados/fontes_web/paginas/cap2023_extrato_da_ata_13o_reuniao_cap_11_05_23.txt
2023,13,2023-05-11,2022-CD23H,habilitado,empresa_sufixo,dados/fontes_web/paginas/cap2023_extrato_da_ata_13o_reuniao_cap_11_05_23.txt
2023,13,2023-05-11,2022-GHF1N,habilitado,mei_ei,dados/fontes_web/paginas/cap2023_extrato_da_ata_13o_reuniao_cap_11_05_23.txt
2023,13,2023-05-11,2022-D2WNQ,em diligência,mei_ei,dados/fontes_web/paginas/cap2023_extrato_da_ata_13o_reuniao_cap_11_05_23.txt
2023,13,2023-05-11,2022-H5V02,em diligência,empresa_sufixo,dados/fontes_web/paginas/cap2023_extrato_da_ata_13o_reuniao_cap_11_05_23.txt
2023,13,2023-05-11,2022-KWQZJ,em diligência,empresa_sufixo,dados/fontes_web/paginas/cap2023_extrato_da_ata_13o_reuniao_cap_11_05_23.txt
2023,13,2023-05-11,2022-6XZW4,em diligência,empresa_sufixo,dados/fontes_web/paginas/cap2023_extrato_da_ata_13o_reuniao_cap_11_05_23.txt
2023,13,2023-05-11,2022-BH1S5,inabilitado,empresa_provavel,dados/fontes_web/paginas/cap2023_extrato_da_ata_13o_reuniao_cap_11_05_23.txt
2023,14,2023-05-18,2022-ZZBV5,habilitado,osc,dados/fontes_web/paginas/cap2023_extrato_da_ata_14o_reuniao_cap_18_05_23.txt
2023,14,2023-05-18,2022-HH970,habilitado,empresa_sufixo,dados/fontes_web/paginas/cap2023_extrato_da_ata_14o_reuniao_cap_18_05_23.txt
2023,14,2023-05-18,2022-FJR20,em diligência,empresa_sufixo,dados/fontes_web/paginas/cap2023_extrato_da_ata_14o_reuniao_cap_18_05_23.txt
2023,14,2023-05-18,2022-9J68F,em diligência,empresa_sufixo,dados/fontes_web/paginas/cap2023_extrato_da_ata_14o_reuniao_cap_18_05_23.txt
2023,15,2023-05-25,2022-CR61F,habilitado,empresa_provavel,dados/fontes_web/paginas/cap2023_extrato_da_ata_15a_reuniao_cap__25_05_23.txt
2023,15,2023-05-25,2023-5F2QL,em diligência,osc,dados/fontes_web/paginas/cap2023_extrato_da_ata_15a_reuniao_cap__25_05_23.txt
2023,15,2023-05-25,2022-595FN,em diligência,empresa_sufixo,dados/fontes_web/paginas/cap2023_extrato_da_ata_15a_reuniao_cap__25_05_23.txt
2023,15,2023-05-25,2022-JPMGJ,em diligência,empresa_sufixo,dados/fontes_web/paginas/cap2023_extrato_da_ata_15a_reuniao_cap__25_05_23.txt
2023,15,2023-05-25,2022-H1FMV,em diligência,mei_ei,dados/fontes_web/paginas/cap2023_extrato_da_ata_15a_reuniao_cap__25_05_23.txt
2023,15,2023-05-25,2022-DVCCG,em diligência,empresa_provavel,dados/fontes_web/paginas/cap2023_extrato_da_ata_15a_reuniao_cap__25_05_23.txt
2023,16,2023-06-01,2023-5F2QL,habilitado,osc,dados/fontes_web/paginas/cap2023_extrato_da_ata_16o_reuniao_cap_01_06_23.txt
2023,16,2023-06-01,2022-FJR20,habilitado,empresa_sufixo,dados/fontes_web/paginas/cap2023_extrato_da_ata_16o_reuniao_cap_01_06_23.txt
2023,16,2023-06-01,2022-6XZW4,habilitado,empresa_sufixo,dados/fontes_web/paginas/cap2023_extrato_da_ata_16o_reuniao_cap_01_06_23.txt
2023,16,2023-06-01,2023-Z3J6P,em diligência,empresa_sufixo,dados/fontes_web/paginas/cap2023_extrato_da_ata_16o_reuniao_cap_01_06_23.txt
2023,16,2023-06-01,2022-2QL0F,em diligência,osc,dados/fontes_web/paginas/cap2023_extrato_da_ata_16o_reuniao_cap_01_06_23.txt
2023,17,2023-06-15,2023-Z3J6P,em diligência,empresa_sufixo,dados/fontes_web/paginas/cap2023_extrato_da_ata_17o_reuniao_cap_15_06_23.txt
2023,17,2023-06-15,2023-JXCJ3,em diligência,osc,dados/fontes_web/paginas/cap2023_extrato_da_ata_17o_reuniao_cap_15_06_23.txt
2023,17,2023-06-15,2022-W21MB,em diligência,osc,dados/fontes_web/paginas/cap2023_extrato_da_ata_17o_reuniao_cap_15_06_23.txt
2023,17,2023-06-15,2022-MH58P,em diligência,mei_ei,dados/fontes_web/paginas/cap2023_extrato_da_ata_17o_reuniao_cap_15_06_23.txt
2023,17,2023-06-15,2023-XG9JG,inabilitado,empresa_sufixo,dados/fontes_web/paginas/cap2023_extrato_da_ata_17o_reuniao_cap_15_06_23.txt
2023,17,2023-06-15,2022-TDB4J,inabilitado,empresa_sufixo,dados/fontes_web/paginas/cap2023_extrato_da_ata_17o_reuniao_cap_15_06_23.txt
2023,18,2023-06-22,2023-Z3J6P,habilitado,empresa_sufixo,dados/fontes_web/paginas/cap2023_extrato_da_ata_18o_reuniao_cap_22_06_23.txt
2023,18,2023-06-22,2023-JXCJ3,habilitado,osc,dados/fontes_web/paginas/cap2023_extrato_da_ata_18o_reuniao_cap_22_06_23.txt
2023,18,2023-06-22,2022-BDWKG,habilitado,empresa_sufixo,dados/fontes_web/paginas/cap2023_extrato_da_ata_18o_reuniao_cap_22_06_23.txt
2023,18,2023-06-22,2022-7C0QL,em diligência,empresa_sufixo,dados/fontes_web/paginas/cap2023_extrato_da_ata_18o_reuniao_cap_22_06_23.txt
2023,18,2023-06-22,2022-NLCS2,em diligência,osc,dados/fontes_web/paginas/cap2023_extrato_da_ata_18o_reuniao_cap_22_06_23.txt
2023,18,2023-06-22,2022-H0SNV,em diligência,empresa_sufixo,dados/fontes_web/paginas/cap2023_extrato_da_ata_18o_reuniao_cap_22_06_23.txt
2023,18,2023-06-22,2022-XLQ1B,em diligência,empresa_sufixo,dados/fontes_web/paginas/cap2023_extrato_da_ata_18o_reuniao_cap_22_06_23.txt
2023,18,2023-06-22,2022-9GH8X,em diligência,grupo_artistico,dados/fontes_web/paginas/cap2023_extrato_da_ata_18o_reuniao_cap_22_06_23.txt
2023,19,2023-06-29,2022-HC6PC,habilitado,empresa_sufixo,dados/fontes_web/paginas/cap2023_extrato_da_ata_19o_reuniao_cap_29_06_23.txt
2023,19,2023-06-29,2022-0SN3K,habilitado,osc,dados/fontes_web/paginas/cap2023_extrato_da_ata_19o_reuniao_cap_29_06_23.txt
2023,19,2023-06-29,2022-595FN,em diligência,empresa_sufixo,dados/fontes_web/paginas/cap2023_extrato_da_ata_19o_reuniao_cap_29_06_23.txt
2023,19,2023-06-29,2023-99NV8,em diligência,mei_ei,dados/fontes_web/paginas/cap2023_extrato_da_ata_19o_reuniao_cap_29_06_23.txt
2023,19,2023-06-29,2023-RVPM7,em diligência,osc,dados/fontes_web/paginas/cap2023_extrato_da_ata_19o_reuniao_cap_29_06_23.txt
2023,19,2023-06-29,2023-R3WJX,em diligência,empresa_sufixo,dados/fontes_web/paginas/cap2023_extrato_da_ata_19o_reuniao_cap_29_06_23.txt
2023,19,2023-06-29,2022-TPG5Z,em diligência,grupo_artistico,dados/fontes_web/paginas/cap2023_extrato_da_ata_19o_reuniao_cap_29_06_23.txt
2023,20,2023-07-06,2022-NLCS2,habilitado,osc,dados/fontes_web/paginas/cap2023_extrato_da_ata_20o_reuniao_cap_06_07_23.txt
2023,20,2023-07-06,2022-DVCCG,habilitado,empresa_provavel,dados/fontes_web/paginas/cap2023_extrato_da_ata_20o_reuniao_cap_06_07_23.txt
2023,20,2023-07-06,2022-CBTLT,habilitado,empresa_sufixo,dados/fontes_web/paginas/cap2023_extrato_da_ata_20o_reuniao_cap_06_07_23.txt
2023,20,2023-07-06,2023-KTH9X,em diligência,empresa_provavel,dados/fontes_web/paginas/cap2023_extrato_da_ata_20o_reuniao_cap_06_07_23.txt
2023,20,2023-07-06,2023-GJ366,em diligência,empresa_sufixo,dados/fontes_web/paginas/cap2023_extrato_da_ata_20o_reuniao_cap_06_07_23.txt
2023,20,2023-07-06,2023-2PLX7,em diligência,osc,dados/fontes_web/paginas/cap2023_extrato_da_ata_20o_reuniao_cap_06_07_23.txt
2023,20,2023-07-06,2022-660J2,em diligência,empresa_sufixo,dados/fontes_web/paginas/cap2023_extrato_da_ata_20o_reuniao_cap_06_07_23.txt
2023,21,2023-07-13,2022-BH1S5,recurso contra inabilitação (apreciado),empresa_provavel,dados/fontes_web/paginas/cap2023_extrato_da_ata_21o_reuniao_cap_13_07_23.txt
2023,21,2023-07-13,2022-TDB4J,recurso contra inabilitação (apreciado),empresa_sufixo,dados/fontes_web/paginas/cap2023_extrato_da_ata_21o_reuniao_cap_13_07_23.txt
2023,21,2023-07-13,2022-6C05R,habilitado,grupo_artistico,dados/fontes_web/paginas/cap2023_extrato_da_ata_21o_reuniao_cap_13_07_23.txt
2023,21,2023-07-13,2022-MH58P,habilitado,mei_ei,dados/fontes_web/paginas/cap2023_extrato_da_ata_21o_reuniao_cap_13_07_23.txt
2023,21,2023-07-13,2022-VVS3B,habilitado,empresa_sufixo,dados/fontes_web/paginas/cap2023_extrato_da_ata_21o_reuniao_cap_13_07_23.txt
2023,21,2023-07-13,2022-JWJTQ,inabilitado,grupo_artistico,dados/fontes_web/paginas/cap2023_extrato_da_ata_21o_reuniao_cap_13_07_23.txt
2023,22,2023-07-20,2023-XG9JG,recurso contra inabilitação (apreciado),empresa_sufixo,dados/fontes_web/paginas/cap2023_extrato_da_ata_22o_reuniao_cap_20_07_23.txt
2023,22,2023-07-20,2022-KWQZJ,habilitado,empresa_sufixo,dados/fontes_web/paginas/cap2023_extrato_da_ata_22o_reuniao_cap_20_07_23.txt
2023,22,2023-07-20,2022-H1FMV,habilitado,mei_ei,dados/fontes_web/paginas/cap2023_extrato_da_ata_22o_reuniao_cap_20_07_23.txt
2023,22,2023-07-20,2022-M8QTV,habilitado,empresa_sufixo,dados/fontes_web/paginas/cap2023_extrato_da_ata_22o_reuniao_cap_20_07_23.txt
2023,22,2023-07-20,2022-5KQ5X,em diligência,osc,dados/fontes_web/paginas/cap2023_extrato_da_ata_22o_reuniao_cap_20_07_23.txt
2023,22,2023-07-20,2022-N6F17,em diligência,mei_ei,dados/fontes_web/paginas/cap2023_extrato_da_ata_22o_reuniao_cap_20_07_23.txt
2023,22,2023-07-20,2023-FK5W3,em diligência,indeterminado,dados/fontes_web/paginas/cap2023_extrato_da_ata_22o_reuniao_cap_20_07_23.txt
2023,22,2023-07-20,2022-2NDS4,em diligência,mei_ei,dados/fontes_web/paginas/cap2023_extrato_da_ata_22o_reuniao_cap_20_07_23.txt
2023,22,2023-07-20,2022-DQK61,em diligência,empresa_sufixo,dados/fontes_web/paginas/cap2023_extrato_da_ata_22o_reuniao_cap_20_07_23.txt
2023,23,2023-07-27,2023-99NV8,habilitado,mei_ei,dados/fontes_web/paginas/cap2023_extrato_da_ata_23o_reuniao_cap_27_07_23-1.txt
2023,23,2023-07-27,2023-R3WJX,habilitado,empresa_sufixo,dados/fontes_web/paginas/cap2023_extrato_da_ata_23o_reuniao_cap_27_07_23-1.txt
2023,23,2023-07-27,2022-D2WNQ,em diligência,mei_ei,dados/fontes_web/paginas/cap2023_extrato_da_ata_23o_reuniao_cap_27_07_23-1.txt
2023,23,2023-07-27,2023-GJ366,em diligência,empresa_sufixo,dados/fontes_web/paginas/cap2023_extrato_da_ata_23o_reuniao_cap_27_07_23-1.txt
2023,23,2023-07-27,2023-5000S,em diligência,osc,dados/fontes_web/paginas/cap2023_extrato_da_ata_23o_reuniao_cap_27_07_23-1.txt
2023,23,2023-07-27,2022-G4S2Z,em diligência,mei_ei,dados/fontes_web/paginas/cap2023_extrato_da_ata_23o_reuniao_cap_27_07_23-1.txt
2023,24,2023-08-03,2023-KTH9X,habilitado,empresa_provavel,dados/fontes_web/paginas/cap2023_extrato_da_ata_24o_reuniao_cap_03_08_23.txt
2023,24,2023-08-03,2022-W21MB,habilitado,osc,dados/fontes_web/paginas/cap2023_extrato_da_ata_24o_reuniao_cap_03_08_23.txt
2023,24,2023-08-03,2022-7C0QL,habilitado,empresa_sufixo,dados/fontes_web/paginas/cap2023_extrato_da_ata_24o_reuniao_cap_03_08_23.txt
2023,24,2023-08-03,2022-BH1S5,em diligência,empresa_provavel,dados/fontes_web/paginas/cap2023_extrato_da_ata_24o_reuniao_cap_03_08_23.txt
2023,24,2023-08-03,2022-Q20XS,inabilitado,indeterminado,dados/fontes_web/paginas/cap2023_extrato_da_ata_24o_reuniao_cap_03_08_23.txt
2023,24,2023-08-03,2022-HR8RT,inabilitado,osc,dados/fontes_web/paginas/cap2023_extrato_da_ata_24o_reuniao_cap_03_08_23.txt
2023,25,2023-08-10,2023-MJHMK,habilitado,empresa_sufixo,dados/fontes_web/paginas/cap2023_extrato_da_ata_25o_reuniao_cap_10_08_23.txt
2023,25,2023-08-10,2023-GJ366,habilitado,empresa_sufixo,dados/fontes_web/paginas/cap2023_extrato_da_ata_25o_reuniao_cap_10_08_23.txt
2023,25,2023-08-10,2022-08G6P,em diligência,empresa_sufixo,dados/fontes_web/paginas/cap2023_extrato_da_ata_25o_reuniao_cap_10_08_23.txt
2023,25,2023-08-10,2022-C2367,em diligência,mei_ei,dados/fontes_web/paginas/cap2023_extrato_da_ata_25o_reuniao_cap_10_08_23.txt
2023,25,2023-08-10,2023-RC4LK,em diligência,osc,dados/fontes_web/paginas/cap2023_extrato_da_ata_25o_reuniao_cap_10_08_23.txt
2023,25,2023-08-10,2023-4MWGM,em diligência,osc,dados/fontes_web/paginas/cap2023_extrato_da_ata_25o_reuniao_cap_10_08_23.txt
2023,25,2023-08-10,2022-MTZZ4,inabilitado,empresa_sufixo,dados/fontes_web/paginas/cap2023_extrato_da_ata_25o_reuniao_cap_10_08_23.txt
2023,25,2023-08-10,2023-XZ42B,inabilitado,grupo_artistico,dados/fontes_web/paginas/cap2023_extrato_da_ata_25o_reuniao_cap_10_08_23.txt
2023,26,2023-08-24,2023-K1BQH,habilitado,empresa_sufixo,dados/fontes_web/paginas/cap2023_extrato_da_ata_26o_reuniao_cap_24_08_23.txt
2023,26,2023-08-24,2023-NB5P3,em diligência,osc,dados/fontes_web/paginas/cap2023_extrato_da_ata_26o_reuniao_cap_24_08_23.txt
2023,26,2023-08-24,2023-VSJGD,em diligência,empresa_sufixo,dados/fontes_web/paginas/cap2023_extrato_da_ata_26o_reuniao_cap_24_08_23.txt
2023,26,2023-08-24,2022-H0SNV,em diligência,empresa_sufixo,dados/fontes_web/paginas/cap2023_extrato_da_ata_26o_reuniao_cap_24_08_23.txt
2023,26,2023-08-24,2023-8ZC4P,em diligência,osc,dados/fontes_web/paginas/cap2023_extrato_da_ata_26o_reuniao_cap_24_08_23.txt
2023,26,2023-08-24,2023-QRXZ8,inabilitado,empresa_sufixo,dados/fontes_web/paginas/cap2023_extrato_da_ata_26o_reuniao_cap_24_08_23.txt
2023,26,2023-08-24,2023-WBC2N,inabilitado,osc,dados/fontes_web/paginas/cap2023_extrato_da_ata_26o_reuniao_cap_24_08_23.txt
2023,27,2023-08-31,2022-G4S2Z,habilitado,mei_ei,dados/fontes_web/paginas/cap2023_extrato_da_ata_27o_reuniao_cap_31_08_23.txt
2023,27,2023-08-31,2022-XLQ1B,habilitado,empresa_sufixo,dados/fontes_web/paginas/cap2023_extrato_da_ata_27o_reuniao_cap_31_08_23.txt
2023,27,2023-08-31,2023-PMCBV,habilitado,mei_ei,dados/fontes_web/paginas/cap2023_extrato_da_ata_27o_reuniao_cap_31_08_23.txt
2023,27,2023-08-31,2023-08G7S,habilitado,mei_ei,dados/fontes_web/paginas/cap2023_extrato_da_ata_27o_reuniao_cap_31_08_23.txt
2023,27,2023-08-31,2022-5KQ5X,em diligência,osc,dados/fontes_web/paginas/cap2023_extrato_da_ata_27o_reuniao_cap_31_08_23.txt
2023,27,2023-08-31,2023-QM38R,em diligência,grupo_artistico,dados/fontes_web/paginas/cap2023_extrato_da_ata_27o_reuniao_cap_31_08_23.txt
2023,27,2023-08-31,2023-4ZD16,em diligência,osc,dados/fontes_web/paginas/cap2023_extrato_da_ata_27o_reuniao_cap_31_08_23.txt
2023,27,2023-08-31,2023-DMN9M,inabilitado,empresa_sufixo,dados/fontes_web/paginas/cap2023_extrato_da_ata_27o_reuniao_cap_31_08_23.txt
2023,28,2023-09-14,2023-RC4LK,habilitado,osc,dados/fontes_web/paginas/cap2023_extrato_da_ata_28o_reuniao_cap_14_09_23.txt
2023,28,2023-09-14,2023-BLDNJ,habilitado,empresa_sufixo,dados/fontes_web/paginas/cap2023_extrato_da_ata_28o_reuniao_cap_14_09_23.txt
2023,28,2023-09-14,2023-08G7S,habilitado,osc,dados/fontes_web/paginas/cap2023_extrato_da_ata_28o_reuniao_cap_14_09_23.txt
2023,28,2023-09-14,2023-R7GC8,em diligência,osc,dados/fontes_web/paginas/cap2023_extrato_da_ata_28o_reuniao_cap_14_09_23.txt
2023,28,2023-09-14,2023-FK5W3,em diligência,osc,dados/fontes_web/paginas/cap2023_extrato_da_ata_28o_reuniao_cap_14_09_23.txt
2023,28,2023-09-14,2023-S55BB,em diligência,empresa_provavel,dados/fontes_web/paginas/cap2023_extrato_da_ata_28o_reuniao_cap_14_09_23.txt
2023,28,2023-09-14,2023-1J09J,em diligência,empresa_sufixo,dados/fontes_web/paginas/cap2023_extrato_da_ata_28o_reuniao_cap_14_09_23.txt
2023,28,2023-09-14,2023-6LZGM,em diligência,empresa_sufixo,dados/fontes_web/paginas/cap2023_extrato_da_ata_28o_reuniao_cap_14_09_23.txt
2023,29,2023-09-21,2023-RVPM7,habilitado,osc,dados/fontes_web/paginas/cap2023_extrato_da_ata_29o_reuniao_cap_21_09_23.txt
2023,29,2023-09-21,2023-G9CPF,habilitado,indeterminado,dados/fontes_web/paginas/cap2023_extrato_da_ata_29o_reuniao_cap_21_09_23.txt
2023,29,2023-09-21,2023-SK4MC,em diligência,osc,dados/fontes_web/paginas/cap2023_extrato_da_ata_29o_reuniao_cap_21_09_23.txt
2023,29,2023-09-21,2022-N6F17,em diligência,indeterminado,dados/fontes_web/paginas/cap2023_extrato_da_ata_29o_reuniao_cap_21_09_23.txt
2023,29,2023-09-21,2023-4QZTD,em diligência,indeterminado,dados/fontes_web/paginas/cap2023_extrato_da_ata_29o_reuniao_cap_21_09_23.txt
2023,29,2023-09-21,2023-1J09J,em diligência,empresa_provavel,dados/fontes_web/paginas/cap2023_extrato_da_ata_29o_reuniao_cap_21_09_23.txt
2023,30,2023-09-28,2022-H0SNV,habilitado,empresa_sufixo,dados/fontes_web/paginas/cap2023_extrato_da_ata_30o_reuniao_cap_28_09_23.txt
2023,30,2023-09-28,2023-VSJGD,habilitado,empresa_sufixo,dados/fontes_web/paginas/cap2023_extrato_da_ata_30o_reuniao_cap_28_09_23.txt
2023,30,2023-09-28,2023-S55BB,habilitado,empresa_provavel,dados/fontes_web/paginas/cap2023_extrato_da_ata_30o_reuniao_cap_28_09_23.txt
2023,30,2023-09-28,2023-ZGFNB,em diligência,osc,dados/fontes_web/paginas/cap2023_extrato_da_ata_30o_reuniao_cap_28_09_23.txt
2023,30,2023-09-28,2023-TV1JV,em diligência,empresa_sufixo,dados/fontes_web/paginas/cap2023_extrato_da_ata_30o_reuniao_cap_28_09_23.txt
2023,30,2023-09-28,2023-9P01C,inabilitado,empresa_sufixo,dados/fontes_web/paginas/cap2023_extrato_da_ata_30o_reuniao_cap_28_09_23.txt
2023,30,2023-09-28,2023-H460B,inabilitado,osc,dados/fontes_web/paginas/cap2023_extrato_da_ata_30o_reuniao_cap_28_09_23.txt
2023,31,2023-10-05,2023-8Z0GK,habilitado,empresa_sufixo,dados/fontes_web/paginas/cap2023_extrato_da_ata_31a_reuniao_cap_05_10_23.txt
2023,31,2023-10-05,2023-4TB56,habilitado,empresa_sufixo,dados/fontes_web/paginas/cap2023_extrato_da_ata_31a_reuniao_cap_05_10_23.txt
2023,31,2023-10-05,2022-595FN,habilitado,empresa_sufixo,dados/fontes_web/paginas/cap2023_extrato_da_ata_31a_reuniao_cap_05_10_23.txt
2023,31,2023-10-05,2023-4MWGM,habilitado,osc,dados/fontes_web/paginas/cap2023_extrato_da_ata_31a_reuniao_cap_05_10_23.txt
2023,31,2023-10-05,2023-8N872,em diligência,empresa_provavel,dados/fontes_web/paginas/cap2023_extrato_da_ata_31a_reuniao_cap_05_10_23.txt
2023,31,2023-10-05,2023-1J09J,em diligência,empresa_sufixo,dados/fontes_web/paginas/cap2023_extrato_da_ata_31a_reuniao_cap_05_10_23.txt
2023,31,2023-10-05,2023-P5V2P,em diligência,osc,dados/fontes_web/paginas/cap2023_extrato_da_ata_31a_reuniao_cap_05_10_23.txt
2023,32,2023-10-19,2023-4ZD16,habilitado,osc,dados/fontes_web/paginas/cap2023_extrato_da_ata_32o_reuniao_cap_19_10_23.txt
2023,32,2023-10-19,2023-NB5P3,habilitado,osc,dados/fontes_web/paginas/cap2023_extrato_da_ata_32o_reuniao_cap_19_10_23.txt
2023,32,2023-10-19,2022-BH1S5,habilitado,empresa_provavel,dados/fontes_web/paginas/cap2023_extrato_da_ata_32o_reuniao_cap_19_10_23.txt
2023,32,2023-10-19,2023-TV1JV,habilitado,empresa_sufixo,dados/fontes_web/paginas/cap2023_extrato_da_ata_32o_reuniao_cap_19_10_23.txt
2023,32,2023-10-19,2023-WXS00,habilitado,empresa_sufixo,dados/fontes_web/paginas/cap2023_extrato_da_ata_32o_reuniao_cap_19_10_23.txt
2023,32,2023-10-19,2023-111GB,inabilitado,mei_ei,dados/fontes_web/paginas/cap2023_extrato_da_ata_32o_reuniao_cap_19_10_23.txt
2023,33,2023-10-26,2022-C2367,habilitado,mei_ei,dados/fontes_web/paginas/cap2023_extrato_da_ata_33o_reuniao_cap_26_10_23.txt
2023,33,2023-10-26,2023-1J09J,habilitado,empresa_sufixo,dados/fontes_web/paginas/cap2023_extrato_da_ata_33o_reuniao_cap_26_10_23.txt
2023,33,2023-10-26,2023-9CL2D,habilitado,empresa_sufixo,dados/fontes_web/paginas/cap2023_extrato_da_ata_33o_reuniao_cap_26_10_23.txt
2023,33,2023-10-26,2023-BWFJ7,habilitado,empresa_sufixo,dados/fontes_web/paginas/cap2023_extrato_da_ata_33o_reuniao_cap_26_10_23.txt
2023,33,2023-10-26,2023-9TV0S,em diligência,osc,dados/fontes_web/paginas/cap2023_extrato_da_ata_33o_reuniao_cap_26_10_23.txt
2023,33,2023-10-26,2023-SK4MC,em diligência,osc,dados/fontes_web/paginas/cap2023_extrato_da_ata_33o_reuniao_cap_26_10_23.txt
2023,34,2023-11-09,2023-WQW4G,habilitado,empresa_sufixo,dados/fontes_web/paginas/cap2023_extrato_da_ata_34o_reuniao_cap_09_11_23.txt
2023,34,2023-11-09,2023-8N872,habilitado,empresa_sufixo,dados/fontes_web/paginas/cap2023_extrato_da_ata_34o_reuniao_cap_09_11_23.txt
2023,34,2023-11-09,2023-674P6,habilitado,osc,dados/fontes_web/paginas/cap2023_extrato_da_ata_34o_reuniao_cap_09_11_23.txt
2023,34,2023-11-09,2023-NBL4R,habilitado,osc,dados/fontes_web/paginas/cap2023_extrato_da_ata_34o_reuniao_cap_09_11_23.txt
2023,34,2023-11-09,2022-2QL0F,habilitado,osc,dados/fontes_web/paginas/cap2023_extrato_da_ata_34o_reuniao_cap_09_11_23.txt
2023,34,2023-11-09,2023-FK5W3,habilitado,osc,dados/fontes_web/paginas/cap2023_extrato_da_ata_34o_reuniao_cap_09_11_23.txt
2023,34,2023-11-09,2023-ZZB43,em diligência,empresa_sufixo,dados/fontes_web/paginas/cap2023_extrato_da_ata_34o_reuniao_cap_09_11_23.txt
2023,34,2023-11-09,2023-H7C7G,em diligência,mei_ei,dados/fontes_web/paginas/cap2023_extrato_da_ata_34o_reuniao_cap_09_11_23.txt
2023,34,2023-11-09,2023-1PRSJ,em diligência,osc,dados/fontes_web/paginas/cap2023_extrato_da_ata_34o_reuniao_cap_09_11_23.txt
2023,34,2023-11-09,2023-72GQM,em diligência,osc,dados/fontes_web/paginas/cap2023_extrato_da_ata_34o_reuniao_cap_09_11_23.txt
2023,35,2023-11-16,2023-GNGTZ,em diligência,empresa_sufixo,dados/fontes_web/paginas/cap2023_extrato_da_ata_35o_reuniao_cap_16_11_23.txt
2023,35,2023-11-16,2022-08G6P,em diligência,empresa_sufixo,dados/fontes_web/paginas/cap2023_extrato_da_ata_35o_reuniao_cap_16_11_23.txt
2023,35,2023-11-16,2023-WMPXZ,em diligência,empresa_provavel,dados/fontes_web/paginas/cap2023_extrato_da_ata_35o_reuniao_cap_16_11_23.txt
2023,35,2023-11-16,2023-QQ6B5,em diligência,osc,dados/fontes_web/paginas/cap2023_extrato_da_ata_35o_reuniao_cap_16_11_23.txt
2023,35,2023-11-16,2023-VM876,em diligência,empresa_sufixo,dados/fontes_web/paginas/cap2023_extrato_da_ata_35o_reuniao_cap_16_11_23.txt
2023,35,2023-11-16,2022-D2WNQ,inabilitado,mei_ei,dados/fontes_web/paginas/cap2023_extrato_da_ata_35o_reuniao_cap_16_11_23.txt
2023,35,2023-11-16,2023-D25TC,inabilitado,mei_ei,dados/fontes_web/paginas/cap2023_extrato_da_ata_35o_reuniao_cap_16_11_23.txt
2023,35,2023-11-16,2023-D886K,inabilitado,mei_ei,dados/fontes_web/paginas/cap2023_extrato_da_ata_35o_reuniao_cap_16_11_23.txt
2023,36,2023-11-23,2023-42TC3,habilitado,osc,dados/fontes_web/paginas/cap2023_extrato_da_ata_36o_reuniao_cap_23_11_23.txt
2023,36,2023-11-23,2023-WTBGJ,habilitado,empresa_provavel,dados/fontes_web/paginas/cap2023_extrato_da_ata_36o_reuniao_cap_23_11_23.txt
2023,36,2023-11-23,2022-660J2,habilitado,empresa_sufixo,dados/fontes_web/paginas/cap2023_extrato_da_ata_36o_reuniao_cap_23_11_23.txt
2023,36,2023-11-23,2023-7S305,habilitado,osc,dados/fontes_web/paginas/cap2023_extrato_da_ata_36o_reuniao_cap_23_11_23.txt
2023,36,2023-11-23,2023-VM876,habilitado,empresa_sufixo,dados/fontes_web/paginas/cap2023_extrato_da_ata_36o_reuniao_cap_23_11_23.txt
2023,36,2023-11-23,2023-MB46K,em diligência,osc,dados/fontes_web/paginas/cap2023_extrato_da_ata_36o_reuniao_cap_23_11_23.txt
2023,36,2023-11-23,2023-LC19F,em diligência,empresa_sufixo,dados/fontes_web/paginas/cap2023_extrato_da_ata_36o_reuniao_cap_23_11_23.txt
2023,36,2023-11-23,2023-4QZTD,inabilitado,indeterminado,dados/fontes_web/paginas/cap2023_extrato_da_ata_36o_reuniao_cap_23_11_23.txt
2023,37,2023-11-30,2022-2NDS4,habilitado,mei_ei,dados/fontes_web/paginas/cap2023_extrato_da_ata_37o_reuniao_cap_30_11_23.txt
2023,37,2023-11-30,2022-TPG5Z,habilitado,grupo_artistico,dados/fontes_web/paginas/cap2023_extrato_da_ata_37o_reuniao_cap_30_11_23.txt
2023,37,2023-11-30,2023-XP8G3,habilitado,empresa_provavel,dados/fontes_web/paginas/cap2023_extrato_da_ata_37o_reuniao_cap_30_11_23.txt
2023,37,2023-11-30,2023-5XV0S,habilitado,osc,dados/fontes_web/paginas/cap2023_extrato_da_ata_37o_reuniao_cap_30_11_23.txt
2023,37,2023-11-30,2023-VV8MK,em diligência,osc,dados/fontes_web/paginas/cap2023_extrato_da_ata_37o_reuniao_cap_30_11_23.txt
2023,37,2023-11-30,2023-PRGRB,em diligência,empresa_sufixo,dados/fontes_web/paginas/cap2023_extrato_da_ata_37o_reuniao_cap_30_11_23.txt
2023,37,2023-11-30,2023-M6Q4C,em diligência,empresa_provavel,dados/fontes_web/paginas/cap2023_extrato_da_ata_37o_reuniao_cap_30_11_23.txt
2023,37,2023-11-30,2023-BPTXX,em diligência,grupo_artistico,dados/fontes_web/paginas/cap2023_extrato_da_ata_37o_reuniao_cap_30_11_23.txt
2023,38,2023-12-08,2023-QQ6B5,habilitado,osc,dados/fontes_web/paginas/cap2023_extrato_da_ata_38o_reuniao_cap_08_12_23.txt
2023,38,2023-12-08,2023-5S87C,habilitado,empresa_provavel,dados/fontes_web/paginas/cap2023_extrato_da_ata_38o_reuniao_cap_08_12_23.txt
2023,38,2023-12-08,2023-72GQM,habilitado,osc,dados/fontes_web/paginas/cap2023_extrato_da_ata_38o_reuniao_cap_08_12_23.txt
2023,38,2023-12-08,2023-F8CC5,habilitado,empresa_sufixo,dados/fontes_web/paginas/cap2023_extrato_da_ata_38o_reuniao_cap_08_12_23.txt
2023,38,2023-12-08,2023-RT9Q4,habilitado,empresa_sufixo,dados/fontes_web/paginas/cap2023_extrato_da_ata_38o_reuniao_cap_08_12_23.txt
2023,38,2023-12-08,2023-KNQFG,habilitado,osc,dados/fontes_web/paginas/cap2023_extrato_da_ata_38o_reuniao_cap_08_12_23.txt
2023,38,2023-12-08,2023-MQSDZ,em diligência,osc,dados/fontes_web/paginas/cap2023_extrato_da_ata_38o_reuniao_cap_08_12_23.txt
2024,1,2024-02-01,2023-SK4MC,habilitado,osc,dados/fontes_web/paginas/cap2024_extrato_da_ata_1o_reuniao_cap_01_02_24.txt
2024,1,2024-02-01,2023-VV8MK,habilitado,osc,dados/fontes_web/paginas/cap2024_extrato_da_ata_1o_reuniao_cap_01_02_24.txt
2024,1,2024-02-01,2023-B236K,habilitado,osc,dados/fontes_web/paginas/cap2024_extrato_da_ata_1o_reuniao_cap_01_02_24.txt
2024,1,2024-02-01,2023-DJRN3,em diligência,osc,dados/fontes_web/paginas/cap2024_extrato_da_ata_1o_reuniao_cap_01_02_24.txt
2024,1,2024-02-01,2023-6V806,em diligência,osc,dados/fontes_web/paginas/cap2024_extrato_da_ata_1o_reuniao_cap_01_02_24.txt
2024,1,2024-02-01,2023-M6Q4C,em diligência,empresa_provavel,dados/fontes_web/paginas/cap2024_extrato_da_ata_1o_reuniao_cap_01_02_24.txt
2024,2,2024-02-08,2023-MQSDZ,habilitado,osc,dados/fontes_web/paginas/cap2024_extrato_da_ata_de_reuniao_da_2a_reuniao_da_comissao_de_avaliacao_permanente.txt
2024,2,2024-02-08,2022-08G6P,habilitado,empresa_sufixo,dados/fontes_web/paginas/cap2024_extrato_da_ata_de_reuniao_da_2a_reuniao_da_comissao_de_avaliacao_permanente.txt
2024,2,2024-02-08,2022-5KQ5X,habilitado,osc,dados/fontes_web/paginas/cap2024_extrato_da_ata_de_reuniao_da_2a_reuniao_da_comissao_de_avaliacao_permanente.txt
2024,2,2024-02-08,2023-ZZB43,habilitado,empresa_sufixo,dados/fontes_web/paginas/cap2024_extrato_da_ata_de_reuniao_da_2a_reuniao_da_comissao_de_avaliacao_permanente.txt
2024,2,2024-02-08,2023-BPTXX,habilitado,grupo_artistico,dados/fontes_web/paginas/cap2024_extrato_da_ata_de_reuniao_da_2a_reuniao_da_comissao_de_avaliacao_permanente.txt
2024,2,2024-02-08,2023-D7T2H,habilitado,empresa_sufixo,dados/fontes_web/paginas/cap2024_extrato_da_ata_de_reuniao_da_2a_reuniao_da_comissao_de_avaliacao_permanente.txt
2024,2,2024-02-08,2023-9TV0S,habilitado,osc,dados/fontes_web/paginas/cap2024_extrato_da_ata_de_reuniao_da_2a_reuniao_da_comissao_de_avaliacao_permanente.txt
2024,2,2024-02-08,2023-7ND2S,em diligência,empresa_sufixo,dados/fontes_web/paginas/cap2024_extrato_da_ata_de_reuniao_da_2a_reuniao_da_comissao_de_avaliacao_permanente.txt
2024,2,2024-02-08,2023-PRGRB,em diligência,empresa_sufixo,dados/fontes_web/paginas/cap2024_extrato_da_ata_de_reuniao_da_2a_reuniao_da_comissao_de_avaliacao_permanente.txt
2024,3,2024-02-22,2023-7ND2S,habilitado,empresa_sufixo,dados/fontes_web/paginas/cap2024_extrato_da_ata_3o_reuniao_cap_22_02_24.txt
2024,3,2024-02-22,2023-69GRL,habilitado,empresa_sufixo,dados/fontes_web/paginas/cap2024_extrato_da_ata_3o_reuniao_cap_22_02_24.txt
2024,3,2024-02-22,2023-M6Q4C,habilitado,empresa_provavel,dados/fontes_web/paginas/cap2024_extrato_da_ata_3o_reuniao_cap_22_02_24.txt
2024,3,2024-02-22,2023-1FDSB,em diligência,osc,dados/fontes_web/paginas/cap2024_extrato_da_ata_3o_reuniao_cap_22_02_24.txt
2024,3,2024-02-22,2023-B9WNP,em diligência,osc,dados/fontes_web/paginas/cap2024_extrato_da_ata_3o_reuniao_cap_22_02_24.txt
2024,3,2024-02-22,2023-6RPHV,em diligência,osc,dados/fontes_web/paginas/cap2024_extrato_da_ata_3o_reuniao_cap_22_02_24.txt
2024,3,2024-02-22,2023-5QBHT,em diligência,osc,dados/fontes_web/paginas/cap2024_extrato_da_ata_3o_reuniao_cap_22_02_24.txt
2024,3,2024-02-22,2023-HPN9B,em diligência,empresa_sufixo,dados/fontes_web/paginas/cap2024_extrato_da_ata_3o_reuniao_cap_22_02_24.txt
2024,4,2024-02-29,2023-GNGTZ,habilitado,empresa_sufixo,dados/fontes_web/paginas/cap2024_extrato_da_ata_4o_reuniao_cap_29_02_24.txt
2024,4,2024-02-29,2023-N1HRJ,habilitado,osc,dados/fontes_web/paginas/cap2024_extrato_da_ata_4o_reuniao_cap_29_02_24.txt
2024,4,2024-02-29,2023-K4ZQ5,habilitado,grupo_artistico,dados/fontes_web/paginas/cap2024_extrato_da_ata_4o_reuniao_cap_29_02_24.txt
2024,4,2024-02-29,2023-PRGRB,habilitado,empresa_sufixo,dados/fontes_web/paginas/cap2024_extrato_da_ata_4o_reuniao_cap_29_02_24.txt
2024,4,2024-02-29,2023-1J09J,habilitado,empresa_sufixo,dados/fontes_web/paginas/cap2024_extrato_da_ata_4o_reuniao_cap_29_02_24.txt
2024,4,2024-02-29,2023-LC19F,em diligência,empresa_sufixo,dados/fontes_web/paginas/cap2024_extrato_da_ata_4o_reuniao_cap_29_02_24.txt
2024,4,2024-02-29,2023-4Z9J3,em diligência,osc,dados/fontes_web/paginas/cap2024_extrato_da_ata_4o_reuniao_cap_29_02_24.txt
2024,4,2024-02-29,2023-XPZLT,em diligência,osc,dados/fontes_web/paginas/cap2024_extrato_da_ata_4o_reuniao_cap_29_02_24.txt
2024,4,2024-02-29,2023-L11TR,em diligência,osc,dados/fontes_web/paginas/cap2024_extrato_da_ata_4o_reuniao_cap_29_02_24.txt
2024,4,2024-02-29,2023-59ZWP,inabilitado,empresa_sufixo,dados/fontes_web/paginas/cap2024_extrato_da_ata_4o_reuniao_cap_29_02_24.txt
2024,5,2024-03-07,2023-KQRL6,habilitado,osc,dados/fontes_web/paginas/cap2024_extrato_da_ata_5o_reuniao_cap_07_03_24-1.txt
2024,5,2024-03-07,2023-NK2V6,habilitado,osc,dados/fontes_web/paginas/cap2024_extrato_da_ata_5o_reuniao_cap_07_03_24-1.txt
2024,5,2024-03-07,2023-B9WNP,habilitado,osc,dados/fontes_web/paginas/cap2024_extrato_da_ata_5o_reuniao_cap_07_03_24-1.txt
2024,5,2024-03-07,2023-3WLPF,habilitado,indeterminado,dados/fontes_web/paginas/cap2024_extrato_da_ata_5o_reuniao_cap_07_03_24-1.txt
2024,5,2024-03-07,2023-P5WLN,em diligência,osc,dados/fontes_web/paginas/cap2024_extrato_da_ata_5o_reuniao_cap_07_03_24-1.txt
2024,5,2024-03-07,2023-016K3,em diligência,empresa_sufixo,dados/fontes_web/paginas/cap2024_extrato_da_ata_5o_reuniao_cap_07_03_24-1.txt
2024,5,2024-03-07,2023-3C8S4,em diligência,osc,dados/fontes_web/paginas/cap2024_extrato_da_ata_5o_reuniao_cap_07_03_24-1.txt
2024,5,2024-03-07,2023-ZSHMR,inabilitado,empresa_sufixo,dados/fontes_web/paginas/cap2024_extrato_da_ata_5o_reuniao_cap_07_03_24-1.txt
2024,6,2024-03-14,2023-KQRL6,habilitado,osc,dados/fontes_web/paginas/cap2024_extrato_da_ata_6o_reuniao_cap_14_03_24.txt
2024,6,2024-03-14,2023-L11TR,habilitado,osc,dados/fontes_web/paginas/cap2024_extrato_da_ata_6o_reuniao_cap_14_03_24.txt
2024,6,2024-03-14,2023-5QBHT,habilitado,osc,dados/fontes_web/paginas/cap2024_extrato_da_ata_6o_reuniao_cap_14_03_24.txt
2024,6,2024-03-14,2023-6V806,habilitado,osc,dados/fontes_web/paginas/cap2024_extrato_da_ata_6o_reuniao_cap_14_03_24.txt
2024,6,2024-03-14,2023-5X79T,em diligência,empresa_sufixo,dados/fontes_web/paginas/cap2024_extrato_da_ata_6o_reuniao_cap_14_03_24.txt
2024,6,2024-03-14,2023-D8NHK,em diligência,osc,dados/fontes_web/paginas/cap2024_extrato_da_ata_6o_reuniao_cap_14_03_24.txt
2024,6,2024-03-14,2023-V96V9,em diligência,empresa_sufixo,dados/fontes_web/paginas/cap2024_extrato_da_ata_6o_reuniao_cap_14_03_24.txt
2024,6,2024-03-14,2023-3RCKP,em diligência,osc,dados/fontes_web/paginas/cap2024_extrato_da_ata_6o_reuniao_cap_14_03_24.txt
2024,6,2024-03-14,2023-GXJLN,em diligência,empresa_sufixo,dados/fontes_web/paginas/cap2024_extrato_da_ata_6o_reuniao_cap_14_03_24.txt
2024,6,2024-03-14,2023-5G6XC,em diligência,indeterminado,dados/fontes_web/paginas/cap2024_extrato_da_ata_6o_reuniao_cap_14_03_24.txt
2024,6,2024-03-14,2023-W2HXT,inabilitado,osc,dados/fontes_web/paginas/cap2024_extrato_da_ata_6o_reuniao_cap_14_03_24.txt
2024,7,2024-03-21,2023-DJRN3,habilitado,osc,dados/fontes_web/paginas/cap2024_extrato_da_ata_7o_reuniao_cap_21_03_24.txt
2024,7,2024-03-21,2023-KBQDW,habilitado,empresa_sufixo,dados/fontes_web/paginas/cap2024_extrato_da_ata_7o_reuniao_cap_21_03_24.txt
2024,7,2024-03-21,2023-900QG,habilitado,osc,dados/fontes_web/paginas/cap2024_extrato_da_ata_7o_reuniao_cap_21_03_24.txt
2024,7,2024-03-21,2023-JRW61,em diligência,empresa_sufixo,dados/fontes_web/paginas/cap2024_extrato_da_ata_7o_reuniao_cap_21_03_24.txt
2024,7,2024-03-21,2023-D2859,em diligência,osc,dados/fontes_web/paginas/cap2024_extrato_da_ata_7o_reuniao_cap_21_03_24.txt
2024,7,2024-03-21,2023-35WCT,em diligência,indeterminado,dados/fontes_web/paginas/cap2024_extrato_da_ata_7o_reuniao_cap_21_03_24.txt
2024,7,2024-03-21,2023-SSDN6,em diligência,indeterminado,dados/fontes_web/paginas/cap2024_extrato_da_ata_7o_reuniao_cap_21_03_24.txt
2024,7,2024-03-21,2023-KZHXT,em diligência,empresa_sufixo,dados/fontes_web/paginas/cap2024_extrato_da_ata_7o_reuniao_cap_21_03_24.txt
2024,8,2024-03-28,2023-MX64B,habilitado,empresa_sufixo,dados/fontes_web/paginas/cap2024_extrato_da_ata_8o_reuniao_cap_28_03_24.txt
2024,8,2024-03-28,2023-3RCKP,habilitado,osc,dados/fontes_web/paginas/cap2024_extrato_da_ata_8o_reuniao_cap_28_03_24.txt
2024,8,2024-03-28,2023-GXJLN,habilitado,empresa_sufixo,dados/fontes_web/paginas/cap2024_extrato_da_ata_8o_reuniao_cap_28_03_24.txt
2024,8,2024-03-28,2023-SMP5M,em diligência,grupo_artistico,dados/fontes_web/paginas/cap2024_extrato_da_ata_8o_reuniao_cap_28_03_24.txt
2024,8,2024-03-28,2023-R7GC8,em diligência,osc,dados/fontes_web/paginas/cap2024_extrato_da_ata_8o_reuniao_cap_28_03_24.txt
2024,8,2024-03-28,2023-CV6RH,em diligência,osc,dados/fontes_web/paginas/cap2024_extrato_da_ata_8o_reuniao_cap_28_03_24.txt
2024,8,2024-03-28,2023-DDSJJ,em diligência,osc,dados/fontes_web/paginas/cap2024_extrato_da_ata_8o_reuniao_cap_28_03_24.txt
2024,9,2024-04-04,2023-5X79T,habilitado,empresa_sufixo,dados/fontes_web/paginas/cap2024_extrato_da_ata_9o_reuniao_cap_04_04_24.txt
2024,9,2024-04-04,2023-HPN9B,habilitado,empresa_sufixo,dados/fontes_web/paginas/cap2024_extrato_da_ata_9o_reuniao_cap_04_04_24.txt
2024,9,2024-04-04,2023-6RPHV,em diligência,empresa_provavel,dados/fontes_web/paginas/cap2024_extrato_da_ata_9o_reuniao_cap_04_04_24.txt
2024,9,2024-04-04,2023-Z6TXV,em diligência,osc,dados/fontes_web/paginas/cap2024_extrato_da_ata_9o_reuniao_cap_04_04_24.txt
2024,9,2024-04-04,2023-K799N,em diligência,osc,dados/fontes_web/paginas/cap2024_extrato_da_ata_9o_reuniao_cap_04_04_24.txt
2024,9,2024-04-04,2023-RZJ4L,em diligência,osc,dados/fontes_web/paginas/cap2024_extrato_da_ata_9o_reuniao_cap_04_04_24.txt
2024,9,2024-04-04,2023-83NRF,em diligência,empresa_provavel,dados/fontes_web/paginas/cap2024_extrato_da_ata_9o_reuniao_cap_04_04_24.txt
2024,9,2024-04-04,2023-016K3,inabilitado,empresa_sufixo,dados/fontes_web/paginas/cap2024_extrato_da_ata_9o_reuniao_cap_04_04_24.txt
2024,10,2024-04-18,2023-1FDSB,habilitado,osc,dados/fontes_web/paginas/cap2024_extrato_da_ata_10o_reuniao_cap_18_04_24.txt
2024,10,2024-04-18,2023-GH3Z0,habilitado,indeterminado,dados/fontes_web/paginas/cap2024_extrato_da_ata_10o_reuniao_cap_18_04_24.txt
2024,10,2024-04-18,2023-K799N,habilitado,osc,dados/fontes_web/paginas/cap2024_extrato_da_ata_10o_reuniao_cap_18_04_24.txt
2024,10,2024-04-18,2023-XPZLT,habilitado,osc,dados/fontes_web/paginas/cap2024_extrato_da_ata_10o_reuniao_cap_18_04_24.txt
2024,10,2024-04-18,2023-LC19F,habilitado,empresa_sufixo,dados/fontes_web/paginas/cap2024_extrato_da_ata_10o_reuniao_cap_18_04_24.txt
2024,10,2024-04-18,2023-H4HW1,habilitado,empresa_provavel,dados/fontes_web/paginas/cap2024_extrato_da_ata_10o_reuniao_cap_18_04_24.txt
2024,10,2024-04-18,2023-4Z9J3,em diligência,osc,dados/fontes_web/paginas/cap2024_extrato_da_ata_10o_reuniao_cap_18_04_24.txt
2024,10,2024-04-18,2023-PCDF2,em diligência,osc,dados/fontes_web/paginas/cap2024_extrato_da_ata_10o_reuniao_cap_18_04_24.txt
2024,10,2024-04-18,2023-BD58D,em diligência,empresa_provavel,dados/fontes_web/paginas/cap2024_extrato_da_ata_10o_reuniao_cap_18_04_24.txt
2024,11,2024-04-25,2023-SCGXC,habilitado,osc,dados/fontes_web/paginas/cap2024_extrato_da_ata_11o_reuniao_cap_25_04_24.txt
2024,11,2024-04-25,2023-BL62F,habilitado,empresa_sufixo,dados/fontes_web/paginas/cap2024_extrato_da_ata_11o_reuniao_cap_25_04_24.txt
2024,11,2024-04-25,2024-HGG9K,habilitado,osc,dados/fontes_web/paginas/cap2024_extrato_da_ata_11o_reuniao_cap_25_04_24.txt
2024,11,2024-04-25,2024-G4CVM,habilitado,osc,dados/fontes_web/paginas/cap2024_extrato_da_ata_11o_reuniao_cap_25_04_24.txt
2024,11,2024-04-25,2024-FPDG3,habilitado,empresa_sufixo,dados/fontes_web/paginas/cap2024_extrato_da_ata_11o_reuniao_cap_25_04_24.txt
2024,11,2024-04-25,2023-QCBWF,em diligência,grupo_artistico,dados/fontes_web/paginas/cap2024_extrato_da_ata_11o_reuniao_cap_25_04_24.txt
2024,11,2024-04-25,2023-57VCH,em diligência,indeterminado,dados/fontes_web/paginas/cap2024_extrato_da_ata_11o_reuniao_cap_25_04_24.txt
2024,11,2024-04-25,2023-3C8S4,não avaliado,osc,dados/fontes_web/paginas/cap2024_extrato_da_ata_11o_reuniao_cap_25_04_24.txt
2024,11,2024-04-25,2023-P5WLN,não avaliado,osc,dados/fontes_web/paginas/cap2024_extrato_da_ata_11o_reuniao_cap_25_04_24.txt
2024,11,2024-04-25,2023-2VK76,não avaliado,empresa_sufixo,dados/fontes_web/paginas/cap2024_extrato_da_ata_11o_reuniao_cap_25_04_24.txt
2024,11,2024-04-25,2024-TZR5W,não avaliado,osc,dados/fontes_web/paginas/cap2024_extrato_da_ata_11o_reuniao_cap_25_04_24.txt
2024,12,2024-05-02,2024-R7H5X,habilitado,osc,dados/fontes_web/paginas/cap2024_extrato_da_ata_12o_reuniao_cap_02_05_24.txt
2024,12,2024-05-02,2023-4Z9J3,habilitado,osc,dados/fontes_web/paginas/cap2024_extrato_da_ata_12o_reuniao_cap_02_05_24.txt
2024,12,2024-05-02,2023-DDSJJ,habilitado,osc,dados/fontes_web/paginas/cap2024_extrato_da_ata_12o_reuniao_cap_02_05_24.txt
2024,12,2024-05-02,2024-17HKP,habilitado,osc,dados/fontes_web/paginas/cap2024_extrato_da_ata_12o_reuniao_cap_02_05_24.txt
2024,12,2024-05-02,2024-8XRF4,habilitado,empresa_sufixo,dados/fontes_web/paginas/cap2024_extrato_da_ata_12o_reuniao_cap_02_05_24.txt
2024,12,2024-05-02,2023-P5WLN,habilitado,osc,dados/fontes_web/paginas/cap2024_extrato_da_ata_12o_reuniao_cap_02_05_24.txt
2024,12,2024-05-02,2023-83NRF,em diligência,empresa_provavel,dados/fontes_web/paginas/cap2024_extrato_da_ata_12o_reuniao_cap_02_05_24.txt
2024,12,2024-05-02,2023-2VK76,em diligência,empresa_sufixo,dados/fontes_web/paginas/cap2024_extrato_da_ata_12o_reuniao_cap_02_05_24.txt
2024,12,2024-05-02,2024-TZR5W,em diligência,osc,dados/fontes_web/paginas/cap2024_extrato_da_ata_12o_reuniao_cap_02_05_24.txt
2024,12,2024-05-02,2023-3C8S4,em diligência,osc,dados/fontes_web/paginas/cap2024_extrato_da_ata_12o_reuniao_cap_02_05_24.txt
2024,13,2024-05-09,2023-SMP5M,habilitado,grupo_artistico,dados/fontes_web/paginas/cap2024_extrato_da_ata_13o_reuniao_cap_09_05_24.txt
2024,13,2024-05-09,2023-CV6RH,habilitado,osc,dados/fontes_web/paginas/cap2024_extrato_da_ata_13o_reuniao_cap_09_05_24.txt
2024,13,2024-05-09,2023-5G6XC,habilitado,indeterminado,dados/fontes_web/paginas/cap2024_extrato_da_ata_13o_reuniao_cap_09_05_24.txt
2024,13,2024-05-09,2024-0VL47,habilitado,osc,dados/fontes_web/paginas/cap2024_extrato_da_ata_13o_reuniao_cap_09_05_24.txt
2024,13,2024-05-09,2023-D2859,em diligência,osc,dados/fontes_web/paginas/cap2024_extrato_da_ata_13o_reuniao_cap_09_05_24.txt
2024,13,2024-05-09,2024-KN5MZ,em diligência,osc,dados/fontes_web/paginas/cap2024_extrato_da_ata_13o_reuniao_cap_09_05_24.txt
2024,13,2024-05-09,2024-GG084,em diligência,empresa_sufixo,dados/fontes_web/paginas/cap2024_extrato_da_ata_13o_reuniao_cap_09_05_24.txt
2024,13,2024-05-09,2024-67724,inabilitado,osc,dados/fontes_web/paginas/cap2024_extrato_da_ata_13o_reuniao_cap_09_05_24.txt
2024,13,2024-05-09,2024-1WDT3,inabilitado,osc,dados/fontes_web/paginas/cap2024_extrato_da_ata_13o_reuniao_cap_09_05_24.txt
2024,13,2024-05-09,2023-5V13M,não avaliado,osc,dados/fontes_web/paginas/cap2024_extrato_da_ata_13o_reuniao_cap_09_05_24.txt
2024,13,2024-05-09,2024-LNTS6,não avaliado,empresa_sufixo,dados/fontes_web/paginas/cap2024_extrato_da_ata_13o_reuniao_cap_09_05_24.txt
2024,14,2024-05-16,2023-JRW61,habilitado,empresa_sufixo,dados/fontes_web/paginas/cap2024_extrato_da_ata_14o_reuniao_cap_16_05_24.txt
2024,14,2024-05-16,2024-L3FN9,habilitado,empresa_sufixo,dados/fontes_web/paginas/cap2024_extrato_da_ata_14o_reuniao_cap_16_05_24.txt
2024,14,2024-05-16,2023-BN9ZP,habilitado,empresa_provavel,dados/fontes_web/paginas/cap2024_extrato_da_ata_14o_reuniao_cap_16_05_24.txt
2024,14,2024-05-16,2024-SS2BT,habilitado,empresa_provavel,dados/fontes_web/paginas/cap2024_extrato_da_ata_14o_reuniao_cap_16_05_24.txt
2024,14,2024-05-16,2024-LNTS6,em diligência,empresa_sufixo,dados/fontes_web/paginas/cap2024_extrato_da_ata_14o_reuniao_cap_16_05_24.txt
2024,14,2024-05-16,2023-5V13M,em diligência,osc,dados/fontes_web/paginas/cap2024_extrato_da_ata_14o_reuniao_cap_16_05_24.txt
2024,14,2024-05-16,2023-0HB19,em diligência,empresa_sufixo,dados/fontes_web/paginas/cap2024_extrato_da_ata_14o_reuniao_cap_16_05_24.txt
2024,14,2024-05-16,2023-CS62C,em diligência,osc,dados/fontes_web/paginas/cap2024_extrato_da_ata_14o_reuniao_cap_16_05_24.txt
2024,14,2024-05-16,2023-RZJ4L,não avaliado,osc,dados/fontes_web/paginas/cap2024_extrato_da_ata_14o_reuniao_cap_16_05_24.txt
2024,14,2024-05-16,2024-PM31K,não avaliado,empresa_sufixo,dados/fontes_web/paginas/cap2024_extrato_da_ata_14o_reuniao_cap_16_05_24.txt
2024,14,2024-05-16,2023-BKLZN,não avaliado,osc,dados/fontes_web/paginas/cap2024_extrato_da_ata_14o_reuniao_cap_16_05_24.txt
2024,15,2024-06-06,2023-3C8S4,habilitado,osc,dados/fontes_web/paginas/cap2024_extrato_da_ata_15o_reuniao_cap_06_06_2024.txt
2024,15,2024-06-06,2023-BKLZN,habilitado,osc,dados/fontes_web/paginas/cap2024_extrato_da_ata_15o_reuniao_cap_06_06_2024.txt
2024,15,2024-06-06,2024-2C95T,habilitado,empresa_sufixo,dados/fontes_web/paginas/cap2024_extrato_da_ata_15o_reuniao_cap_06_06_2024.txt
2024,15,2024-06-06,2023-KZHXT,em diligência,empresa_sufixo,dados/fontes_web/paginas/cap2024_extrato_da_ata_15o_reuniao_cap_06_06_2024.txt
2024,15,2024-06-06,2024-PM31K,em diligência,empresa_sufixo,dados/fontes_web/paginas/cap2024_extrato_da_ata_15o_reuniao_cap_06_06_2024.txt
2024,15,2024-06-06,2024-Q2470,em diligência,empresa_sufixo,dados/fontes_web/paginas/cap2024_extrato_da_ata_15o_reuniao_cap_06_06_2024.txt
2024,15,2024-06-06,2024-2B0N1,em diligência,empresa_sufixo,dados/fontes_web/paginas/cap2024_extrato_da_ata_15o_reuniao_cap_06_06_2024.txt
2024,15,2024-06-06,2024-H1240,em diligência,osc,dados/fontes_web/paginas/cap2024_extrato_da_ata_15o_reuniao_cap_06_06_2024.txt
2024,15,2024-06-06,2023-57VCH,não avaliado,indeterminado,dados/fontes_web/paginas/cap2024_extrato_da_ata_15o_reuniao_cap_06_06_2024.txt
2024,15,2024-06-06,2023-RZJ4L,não avaliado,osc,dados/fontes_web/paginas/cap2024_extrato_da_ata_15o_reuniao_cap_06_06_2024.txt
2024,15,2024-06-06,2023-6J2XG,não avaliado,empresa_sufixo,dados/fontes_web/paginas/cap2024_extrato_da_ata_15o_reuniao_cap_06_06_2024.txt
2024,16,2024-06-13,2024-TZR5W,habilitado,osc,dados/fontes_web/paginas/cap2024_extrato_da_ata_16o_reuniao_cap_13_06_2024.txt
2024,16,2024-06-13,2023-BD58D,habilitado,empresa_provavel,dados/fontes_web/paginas/cap2024_extrato_da_ata_16o_reuniao_cap_13_06_2024.txt
2024,16,2024-06-13,2023-6RPHV,habilitado,empresa_provavel,dados/fontes_web/paginas/cap2024_extrato_da_ata_16o_reuniao_cap_13_06_2024.txt
2024,16,2024-06-13,2023-RZJ4L,habilitado,osc,dados/fontes_web/paginas/cap2024_extrato_da_ata_16o_reuniao_cap_13_06_2024.txt
2024,16,2024-06-13,2023-PCDF2,em diligência,osc,dados/fontes_web/paginas/cap2024_extrato_da_ata_16o_reuniao_cap_13_06_2024.txt
2024,16,2024-06-13,2023-57VCH,em diligência,indeterminado,dados/fontes_web/paginas/cap2024_extrato_da_ata_16o_reuniao_cap_13_06_2024.txt
2024,16,2024-06-13,2023-TQ8C9,não avaliado,osc,dados/fontes_web/paginas/cap2024_extrato_da_ata_16o_reuniao_cap_13_06_2024.txt
2024,16,2024-06-13,2023-7P3XB,não avaliado,osc,dados/fontes_web/paginas/cap2024_extrato_da_ata_16o_reuniao_cap_13_06_2024.txt
2024,16,2024-06-13,2023-9RT9Q,não avaliado,empresa_sufixo,dados/fontes_web/paginas/cap2024_extrato_da_ata_16o_reuniao_cap_13_06_2024.txt
2024,16,2024-06-13,2024-QCSM5,não avaliado,empresa_sufixo,dados/fontes_web/paginas/cap2024_extrato_da_ata_16o_reuniao_cap_13_06_2024.txt
2024,16,2024-06-13,2024-TR4L1,não avaliado,osc,dados/fontes_web/paginas/cap2024_extrato_da_ata_16o_reuniao_cap_13_06_2024.txt
2024,16,2024-06-13,2024-MS3QJ,não avaliado,empresa_sufixo,dados/fontes_web/paginas/cap2024_extrato_da_ata_16o_reuniao_cap_13_06_2024.txt
2024,16,2024-06-13,2024-KN5MZ,não avaliado,osc,dados/fontes_web/paginas/cap2024_extrato_da_ata_16o_reuniao_cap_13_06_2024.txt
2024,16,2024-06-13,2023-LZSX4,não avaliado,mei_ei,dados/fontes_web/paginas/cap2024_extrato_da_ata_16o_reuniao_cap_13_06_2024.txt
2024,17,2024-06-20,2024-KN5MZ,habilitado,osc,dados/fontes_web/paginas/cap2024_extrato_da_ata_17o_reuniao_cap_20_06_2024.txt
2024,17,2024-06-20,2023-QCBWF,habilitado,grupo_artistico,dados/fontes_web/paginas/cap2024_extrato_da_ata_17o_reuniao_cap_20_06_2024.txt
2024,17,2024-06-20,2023-TQ8C9,em diligência,osc,dados/fontes_web/paginas/cap2024_extrato_da_ata_17o_reuniao_cap_20_06_2024.txt
2024,17,2024-06-20,2023-7P3XB,em diligência,osc,dados/fontes_web/paginas/cap2024_extrato_da_ata_17o_reuniao_cap_20_06_2024.txt
2024,17,2024-06-20,2023-9RT9Q,em diligência,empresa_sufixo,dados/fontes_web/paginas/cap2024_extrato_da_ata_17o_reuniao_cap_20_06_2024.txt
2024,17,2024-06-20,2024-TR4L1,em diligência,osc,dados/fontes_web/paginas/cap2024_extrato_da_ata_17o_reuniao_cap_20_06_2024.txt
2024,17,2024-06-20,2023-LZSX4,em diligência,mei_ei,dados/fontes_web/paginas/cap2024_extrato_da_ata_17o_reuniao_cap_20_06_2024.txt
2024,17,2024-06-20,2024-GG084,em diligência,empresa_sufixo,dados/fontes_web/paginas/cap2024_extrato_da_ata_17o_reuniao_cap_20_06_2024.txt
2024,17,2024-06-20,2024-MS3QJ,não avaliado,empresa_sufixo,dados/fontes_web/paginas/cap2024_extrato_da_ata_17o_reuniao_cap_20_06_2024.txt
2024,17,2024-06-20,2023-D2859,não avaliado,osc,dados/fontes_web/paginas/cap2024_extrato_da_ata_17o_reuniao_cap_20_06_2024.txt
2024,17,2024-06-20,2023-6J2XG,inabilitado,empresa_sufixo,dados/fontes_web/paginas/cap2024_extrato_da_ata_17o_reuniao_cap_20_06_2024.txt
2024,17,2024-06-20,2024-QCSM5,inabilitado,empresa_sufixo,dados/fontes_web/paginas/cap2024_extrato_da_ata_17o_reuniao_cap_20_06_2024.txt
2024,18,2024-06-27,2024-MS3QJ,habilitado,empresa_sufixo,dados/fontes_web/paginas/cap2024_extrato_da_ata_18o_reuniao_cap_27_06_2024_1.txt
2024,18,2024-06-27,2023-D2859,habilitado,osc,dados/fontes_web/paginas/cap2024_extrato_da_ata_18o_reuniao_cap_27_06_2024_1.txt
2024,18,2024-06-27,2023-83NRF,habilitado,empresa_provavel,dados/fontes_web/paginas/cap2024_extrato_da_ata_18o_reuniao_cap_27_06_2024_1.txt
2024,18,2024-06-27,2023-57VCH,habilitado,indeterminado,dados/fontes_web/paginas/cap2024_extrato_da_ata_18o_reuniao_cap_27_06_2024_1.txt
2024,18,2024-06-27,2023-QM38R,habilitado,grupo_artistico,dados/fontes_web/paginas/cap2024_extrato_da_ata_18o_reuniao_cap_27_06_2024_1.txt
2024,18,2024-06-27,2023-6HNH7,em diligência,empresa_sufixo,dados/fontes_web/paginas/cap2024_extrato_da_ata_18o_reuniao_cap_27_06_2024_1.txt
2024,18,2024-06-27,2024-9VDTT,em diligência,empresa_sufixo,dados/fontes_web/paginas/cap2024_extrato_da_ata_18o_reuniao_cap_27_06_2024_1.txt
2024,18,2024-06-27,2023-T72M5,em diligência,osc,dados/fontes_web/paginas/cap2024_extrato_da_ata_18o_reuniao_cap_27_06_2024_1.txt
2024,18,2024-06-27,2023-5V13M,em diligência,osc,dados/fontes_web/paginas/cap2024_extrato_da_ata_18o_reuniao_cap_27_06_2024_1.txt
2024,18,2024-06-27,2023-DSMSP,em diligência,empresa_provavel,dados/fontes_web/paginas/cap2024_extrato_da_ata_18o_reuniao_cap_27_06_2024_1.txt
2024,18,2024-06-27,2023-TR13H,em diligência,indeterminado,dados/fontes_web/paginas/cap2024_extrato_da_ata_18o_reuniao_cap_27_06_2024_1.txt
2024,18,2024-06-27,2023-0J1G1,não avaliado,empresa_provavel,dados/fontes_web/paginas/cap2024_extrato_da_ata_18o_reuniao_cap_27_06_2024_1.txt
2024,18,2024-06-27,2023-4MJCT,não avaliado,grupo_artistico,dados/fontes_web/paginas/cap2024_extrato_da_ata_18o_reuniao_cap_27_06_2024_1.txt
2024,18,2024-06-27,2023-F8KH9,não avaliado,osc,dados/fontes_web/paginas/cap2024_extrato_da_ata_18o_reuniao_cap_27_06_2024_1.txt
2024,18,2024-06-27,2024-SS2BT,inabilitado,empresa_provavel,dados/fontes_web/paginas/cap2024_extrato_da_ata_18o_reuniao_cap_27_06_2024_1.txt
2024,19,2024-07-04,2023-0J1G1,habilitado,empresa_provavel,dados/fontes_web/paginas/cap2024_extrato_da_ata_19o_reuniao_cap_04_07_2024.txt
2024,19,2024-07-04,2023-4MJCT,habilitado,grupo_artistico,dados/fontes_web/paginas/cap2024_extrato_da_ata_19o_reuniao_cap_04_07_2024.txt
2024,19,2024-07-04,2023-D8NHK,habilitado,osc,dados/fontes_web/paginas/cap2024_extrato_da_ata_19o_reuniao_cap_04_07_2024.txt
2024,19,2024-07-04,2024-2B0N1,habilitado,empresa_sufixo,dados/fontes_web/paginas/cap2024_extrato_da_ata_19o_reuniao_cap_04_07_2024.txt
2024,19,2024-07-04,2023-0NZB3,em diligência,empresa_sufixo,dados/fontes_web/paginas/cap2024_extrato_da_ata_19o_reuniao_cap_04_07_2024.txt
2024,19,2024-07-04,2023-KZHXT,não avaliado,empresa_sufixo,dados/fontes_web/paginas/cap2024_extrato_da_ata_19o_reuniao_cap_04_07_2024.txt
2024,19,2024-07-04,2023-CS62C,não avaliado,osc,dados/fontes_web/paginas/cap2024_extrato_da_ata_19o_reuniao_cap_04_07_2024.txt
2024,19,2024-07-04,2024-LNTS6,não avaliado,empresa_sufixo,dados/fontes_web/paginas/cap2024_extrato_da_ata_19o_reuniao_cap_04_07_2024.txt
2024,19,2024-07-04,2023-P78XD,não avaliado,empresa_sufixo,dados/fontes_web/paginas/cap2024_extrato_da_ata_19o_reuniao_cap_04_07_2024.txt
2024,19,2024-07-04,2023-HJF7P,não avaliado,osc,dados/fontes_web/paginas/cap2024_extrato_da_ata_19o_reuniao_cap_04_07_2024.txt
2024,19,2024-07-04,2024-0GZ3G,não avaliado,empresa_provavel,dados/fontes_web/paginas/cap2024_extrato_da_ata_19o_reuniao_cap_04_07_2024.txt
2024,19,2024-07-04,2023-F8KH9,inabilitado,osc,dados/fontes_web/paginas/cap2024_extrato_da_ata_19o_reuniao_cap_04_07_2024.txt
2024,20,2024-07-11,2023-KZHXT,habilitado,empresa_sufixo,dados/fontes_web/paginas/cap2024_extrato_da_ata_20o_reuniao_cap_11_07_2024.txt
2024,20,2024-07-11,2024-LNTS6,habilitado,empresa_sufixo,dados/fontes_web/paginas/cap2024_extrato_da_ata_20o_reuniao_cap_11_07_2024.txt
2024,20,2024-07-11,2023-9RT9Q,habilitado,empresa_sufixo,dados/fontes_web/paginas/cap2024_extrato_da_ata_20o_reuniao_cap_11_07_2024.txt
2024,20,2024-07-11,2023-HJF7P,habilitado,osc,dados/fontes_web/paginas/cap2024_extrato_da_ata_20o_reuniao_cap_11_07_2024.txt
2024,20,2024-07-11,2024-0GZ3G,em diligência,empresa_provavel,dados/fontes_web/paginas/cap2024_extrato_da_ata_20o_reuniao_cap_11_07_2024.txt
2024,20,2024-07-11,2023-P78XD,em diligência,empresa_sufixo,dados/fontes_web/paginas/cap2024_extrato_da_ata_20o_reuniao_cap_11_07_2024.txt
2024,20,2024-07-11,2023-6NSLP,em diligência,empresa_sufixo,dados/fontes_web/paginas/cap2024_extrato_da_ata_20o_reuniao_cap_11_07_2024.txt
2024,20,2024-07-11,2023-4PQBF,em diligência,empresa_sufixo,dados/fontes_web/paginas/cap2024_extrato_da_ata_20o_reuniao_cap_11_07_2024.txt
2024,20,2024-07-11,2023-CW3PC,em diligência,indeterminado,dados/fontes_web/paginas/cap2024_extrato_da_ata_20o_reuniao_cap_11_07_2024.txt
2024,20,2024-07-11,2023-CS62C,não avaliado,osc,dados/fontes_web/paginas/cap2024_extrato_da_ata_20o_reuniao_cap_11_07_2024.txt
2024,20,2024-07-11,2023-HTCD1,não avaliado,indeterminado,dados/fontes_web/paginas/cap2024_extrato_da_ata_20o_reuniao_cap_11_07_2024.txt
2024,20,2024-07-11,2023-N7X79,não avaliado,empresa_sufixo,dados/fontes_web/paginas/cap2024_extrato_da_ata_20o_reuniao_cap_11_07_2024.txt
2024,20,2024-07-11,2024-SFCLQ,não avaliado,empresa_sufixo,dados/fontes_web/paginas/cap2024_extrato_da_ata_20o_reuniao_cap_11_07_2024.txt
2024,21,2024-07-18,2024-SFCLQ,habilitado,empresa_sufixo,dados/fontes_web/paginas/cap2024_extrato_da_ata_21o_reuniao_cap_18_07_2024.txt
2024,21,2024-07-18,2024-Q2470,habilitado,empresa_sufixo,dados/fontes_web/paginas/cap2024_extrato_da_ata_21o_reuniao_cap_18_07_2024.txt
2024,21,2024-07-18,2024-PM31K,habilitado,empresa_sufixo,dados/fontes_web/paginas/cap2024_extrato_da_ata_21o_reuniao_cap_18_07_2024.txt
2024,21,2024-07-18,2023-CS62C,em diligência,osc,dados/fontes_web/paginas/cap2024_extrato_da_ata_21o_reuniao_cap_18_07_2024.txt
2024,21,2024-07-18,2023-N7X79,em diligência,empresa_sufixo,dados/fontes_web/paginas/cap2024_extrato_da_ata_21o_reuniao_cap_18_07_2024.txt
2024,21,2024-07-18,2023-ZSRLX,em diligência,mei_ei,dados/fontes_web/paginas/cap2024_extrato_da_ata_21o_reuniao_cap_18_07_2024.txt
2024,21,2024-07-18,2023-7F9L1,em diligência,empresa_sufixo,dados/fontes_web/paginas/cap2024_extrato_da_ata_21o_reuniao_cap_18_07_2024.txt
2024,21,2024-07-18,2023-M66CV,em diligência,osc,dados/fontes_web/paginas/cap2024_extrato_da_ata_21o_reuniao_cap_18_07_2024.txt
2024,21,2024-07-18,2023-PCDF2,não avaliado,osc,dados/fontes_web/paginas/cap2024_extrato_da_ata_21o_reuniao_cap_18_07_2024.txt
2024,21,2024-07-18,2023-CX9TC,não avaliado,osc,dados/fontes_web/paginas/cap2024_extrato_da_ata_21o_reuniao_cap_18_07_2024.txt
2024,21,2024-07-18,2023-Z8S67,não avaliado,osc,dados/fontes_web/paginas/cap2024_extrato_da_ata_21o_reuniao_cap_18_07_2024.txt
2024,21,2024-07-18,2023-W7MJ2,não avaliado,empresa_sufixo,dados/fontes_web/paginas/cap2024_extrato_da_ata_21o_reuniao_cap_18_07_2024.txt
2024,21,2024-07-18,2023-HTCD1,inabilitado,indeterminado,dados/fontes_web/paginas/cap2024_extrato_da_ata_21o_reuniao_cap_18_07_2024.txt
2024,22,2024-07-25,2023-PCDF2,habilitado,osc,dados/fontes_web/paginas/cap2024_extrato_da_ata_da_22o_reuniao_cap_25_07_2024.txt
2024,22,2024-07-25,2023-DSMSP,habilitado,empresa_provavel,dados/fontes_web/paginas/cap2024_extrato_da_ata_da_22o_reuniao_cap_25_07_2024.txt
2024,22,2024-07-25,2023-0NZB3,habilitado,empresa_sufixo,dados/fontes_web/paginas/cap2024_extrato_da_ata_da_22o_reuniao_cap_25_07_2024.txt
2024,22,2024-07-25,2023-Z1JBG,habilitado,empresa_provavel,dados/fontes_web/paginas/cap2024_extrato_da_ata_da_22o_reuniao_cap_25_07_2024.txt
2024,22,2024-07-25,2023-W7MJ2,em diligência,empresa_sufixo,dados/fontes_web/paginas/cap2024_extrato_da_ata_da_22o_reuniao_cap_25_07_2024.txt
2024,22,2024-07-25,2023-Z8S67,em diligência,osc,dados/fontes_web/paginas/cap2024_extrato_da_ata_da_22o_reuniao_cap_25_07_2024.txt
2024,22,2024-07-25,2023-CX9TC,em diligência,osc,dados/fontes_web/paginas/cap2024_extrato_da_ata_da_22o_reuniao_cap_25_07_2024.txt
2024,22,2024-07-25,2023-S8M3P,não avaliado,empresa_sufixo,dados/fontes_web/paginas/cap2024_extrato_da_ata_da_22o_reuniao_cap_25_07_2024.txt
2024,22,2024-07-25,2023-W81V3,inabilitado,empresa_sufixo,dados/fontes_web/paginas/cap2024_extrato_da_ata_da_22o_reuniao_cap_25_07_2024.txt
2024,22,2024-07-25,2023-V1FTF,inabilitado,empresa_sufixo,dados/fontes_web/paginas/cap2024_extrato_da_ata_da_22o_reuniao_cap_25_07_2024.txt
2024,23,2024-08-01,2024-9VDTT,habilitado,empresa_sufixo,dados/fontes_web/paginas/cap2024_extrato_da_ata_da_23o_reuniao_cap_01_08_2024.txt
2024,23,2024-08-01,2024-GG084,habilitado,empresa_sufixo,dados/fontes_web/paginas/cap2024_extrato_da_ata_da_23o_reuniao_cap_01_08_2024.txt
2024,23,2024-08-01,2023-LZSX4,habilitado,mei_ei,dados/fontes_web/paginas/cap2024_extrato_da_ata_da_23o_reuniao_cap_01_08_2024.txt
2024,23,2024-08-01,2023-J53ZF,habilitado,mei_ei,dados/fontes_web/paginas/cap2024_extrato_da_ata_da_23o_reuniao_cap_01_08_2024.txt
2024,23,2024-08-01,2024-ZDJJM,habilitado,empresa_sufixo,dados/fontes_web/paginas/cap2024_extrato_da_ata_da_23o_reuniao_cap_01_08_2024.txt
2024,23,2024-08-01,2024-X6HWG,em diligência,osc,dados/fontes_web/paginas/cap2024_extrato_da_ata_da_23o_reuniao_cap_01_08_2024.txt
2024,23,2024-08-01,2023-S8M3P,não avaliado,empresa_sufixo,dados/fontes_web/paginas/cap2024_extrato_da_ata_da_23o_reuniao_cap_01_08_2024.txt
2024,23,2024-08-01,2023-7P3XB,não avaliado,osc,dados/fontes_web/paginas/cap2024_extrato_da_ata_da_23o_reuniao_cap_01_08_2024.txt
2024,23,2024-08-01,2024-H1240,não avaliado,osc,dados/fontes_web/paginas/cap2024_extrato_da_ata_da_23o_reuniao_cap_01_08_2024.txt
2024,23,2024-08-01,2024-T2F8L,não avaliado,osc,dados/fontes_web/paginas/cap2024_extrato_da_ata_da_23o_reuniao_cap_01_08_2024.txt
2024,23,2024-08-01,2023-ZDX55,inabilitado,osc,dados/fontes_web/paginas/cap2024_extrato_da_ata_da_23o_reuniao_cap_01_08_2024.txt
2024,24,2024-08-08,2023-7P3XB,habilitado,osc,dados/fontes_web/paginas/cap2024_extrato_da_ata_da_24o_reuniao_cap_08_08_2024.txt
2024,24,2024-08-08,2023-CS62C,em diligência,osc,dados/fontes_web/paginas/cap2024_extrato_da_ata_da_24o_reuniao_cap_08_08_2024.txt
2024,24,2024-08-08,2023-T72M5,em diligência,osc,dados/fontes_web/paginas/cap2024_extrato_da_ata_da_24o_reuniao_cap_08_08_2024.txt
2024,24,2024-08-08,2023-SR4BP,em diligência,indeterminado,dados/fontes_web/paginas/cap2024_extrato_da_ata_da_24o_reuniao_cap_08_08_2024.txt
2024,24,2024-08-08,2024-WCJ53,em diligência,osc,dados/fontes_web/paginas/cap2024_extrato_da_ata_da_24o_reuniao_cap_08_08_2024.txt
2024,24,2024-08-08,2024-T2F8L,não avaliado,osc,dados/fontes_web/paginas/cap2024_extrato_da_ata_da_24o_reuniao_cap_08_08_2024.txt
2024,24,2024-08-08,2023-5V13M,não avaliado,osc,dados/fontes_web/paginas/cap2024_extrato_da_ata_da_24o_reuniao_cap_08_08_2024.txt
2024,24,2024-08-08,2024-5GVJJ,não avaliado,empresa_sufixo,dados/fontes_web/paginas/cap2024_extrato_da_ata_da_24o_reuniao_cap_08_08_2024.txt
2024,24,2024-08-08,2023-S8M3P,inabilitado,empresa_sufixo,dados/fontes_web/paginas/cap2024_extrato_da_ata_da_24o_reuniao_cap_08_08_2024.txt
2024,24,2024-08-08,2024-H1240,inabilitado,osc,dados/fontes_web/paginas/cap2024_extrato_da_ata_da_24o_reuniao_cap_08_08_2024.txt
2024,25,2024-08-15,2023-5V13M,habilitado,osc,dados/fontes_web/paginas/cap2024_extrato_da_ata_da_25o_reuniao_cap_15_08_2024.txt
2024,25,2024-08-15,2024-518VD,habilitado,empresa_sufixo,dados/fontes_web/paginas/cap2024_extrato_da_ata_da_25o_reuniao_cap_15_08_2024.txt
2024,25,2024-08-15,2024-5GVJJ,em diligência,empresa_sufixo,dados/fontes_web/paginas/cap2024_extrato_da_ata_da_25o_reuniao_cap_15_08_2024.txt
2024,25,2024-08-15,2023-CX9TC,em diligência,osc,dados/fontes_web/paginas/cap2024_extrato_da_ata_da_25o_reuniao_cap_15_08_2024.txt
2024,25,2024-08-15,2024-0GZ3G,em diligência,empresa_provavel,dados/fontes_web/paginas/cap2024_extrato_da_ata_da_25o_reuniao_cap_15_08_2024.txt
2024,25,2024-08-15,2024-VWLGS,em diligência,mei_ei,dados/fontes_web/paginas/cap2024_extrato_da_ata_da_25o_reuniao_cap_15_08_2024.txt
2024,25,2024-08-15,2024-0QFT9,em diligência,empresa_sufixo,dados/fontes_web/paginas/cap2024_extrato_da_ata_da_25o_reuniao_cap_15_08_2024.txt
2024,25,2024-08-15,2024-LMF2Z,em diligência,osc,dados/fontes_web/paginas/cap2024_extrato_da_ata_da_25o_reuniao_cap_15_08_2024.txt
2024,25,2024-08-15,2024-L3MTX,em diligência,empresa_provavel,dados/fontes_web/paginas/cap2024_extrato_da_ata_da_25o_reuniao_cap_15_08_2024.txt
2024,25,2024-08-15,2023-V29BR,não avaliado,empresa_sufixo,dados/fontes_web/paginas/cap2024_extrato_da_ata_da_25o_reuniao_cap_15_08_2024.txt
2024,25,2024-08-15,2024-T2F8L,inabilitado,osc,dados/fontes_web/paginas/cap2024_extrato_da_ata_da_25o_reuniao_cap_15_08_2024.txt
2024,25,2024-08-15,2024-TR4L1,inabilitado,osc,dados/fontes_web/paginas/cap2024_extrato_da_ata_da_25o_reuniao_cap_15_08_2024.txt
2024,26,2024-08-22,2023-V29BR,habilitado,empresa_sufixo,dados/fontes_web/paginas/cap2024_extrato_da_ata_da_26o_reuniao_cap_22_08_2024.txt
2024,26,2024-08-22,2023-6NSLP,habilitado,empresa_sufixo,dados/fontes_web/paginas/cap2024_extrato_da_ata_da_26o_reuniao_cap_22_08_2024.txt
2024,26,2024-08-22,2023-TQ8C9,habilitado,osc,dados/fontes_web/paginas/cap2024_extrato_da_ata_da_26o_reuniao_cap_22_08_2024.txt
2024,26,2024-08-22,2023-4PQBF,habilitado,empresa_sufixo,dados/fontes_web/paginas/cap2024_extrato_da_ata_da_26o_reuniao_cap_22_08_2024.txt
2024,26,2024-08-22,2023-T72M5,habilitado,osc,dados/fontes_web/paginas/cap2024_extrato_da_ata_da_26o_reuniao_cap_22_08_2024.txt
2024,26,2024-08-22,2023-6HNH7,habilitado,empresa_sufixo,dados/fontes_web/paginas/cap2024_extrato_da_ata_da_26o_reuniao_cap_22_08_2024.txt
2024,26,2024-08-22,2023-P78XD,não avaliado,empresa_sufixo,dados/fontes_web/paginas/cap2024_extrato_da_ata_da_26o_reuniao_cap_22_08_2024.txt
2024,27,2024-08-29,2023-P78XD,habilitado,empresa_sufixo,dados/fontes_web/paginas/cap2024_extrato_da_ata_da_27o_reuniao_cap_29_08_2024-1.txt
2024,27,2024-08-29,2024-0GZ3G,habilitado,empresa_provavel,dados/fontes_web/paginas/cap2024_extrato_da_ata_da_27o_reuniao_cap_29_08_2024-1.txt
2024,27,2024-08-29,2023-M66CV,em diligência,osc,dados/fontes_web/paginas/cap2024_extrato_da_ata_da_27o_reuniao_cap_29_08_2024-1.txt
2024,27,2024-08-29,2023-G9CPF,alteração em apreciação,indeterminado,dados/fontes_web/paginas/cap2024_extrato_da_ata_da_27o_reuniao_cap_29_08_2024-1.txt
2024,27,2024-08-29,2023-7F9L1,não avaliado,empresa_sufixo,dados/fontes_web/paginas/cap2024_extrato_da_ata_da_27o_reuniao_cap_29_08_2024-1.txt
2024,27,2024-08-29,2023-N7X79,não avaliado,empresa_sufixo,dados/fontes_web/paginas/cap2024_extrato_da_ata_da_27o_reuniao_cap_29_08_2024-1.txt
2024,28,2024-09-12,2024-0QFT9,habilitado,empresa_sufixo,dados/fontes_web/paginas/cap2024_extrato_da_ata_da_28o_reuniao_cap_12_09_2024_1_1.txt
2024,28,2024-09-12,2023-CS62C,habilitado,osc,dados/fontes_web/paginas/cap2024_extrato_da_ata_da_28o_reuniao_cap_12_09_2024_1_1.txt
2024,28,2024-09-12,2024-X6HWG,habilitado,osc,dados/fontes_web/paginas/cap2024_extrato_da_ata_da_28o_reuniao_cap_12_09_2024_1_1.txt
2024,28,2024-09-12,2023-R7GC8,habilitado,osc,dados/fontes_web/paginas/cap2024_extrato_da_ata_da_28o_reuniao_cap_12_09_2024_1_1.txt
2024,28,2024-09-12,2023-0HB19,habilitado,empresa_sufixo,dados/fontes_web/paginas/cap2024_extrato_da_ata_da_28o_reuniao_cap_12_09_2024_1_1.txt
2024,28,2024-09-12,2023-7F9L1,em diligência,empresa_sufixo,dados/fontes_web/paginas/cap2024_extrato_da_ata_da_28o_reuniao_cap_12_09_2024_1_1.txt
2024,28,2024-09-12,2023-CX9TC,em diligência,osc,dados/fontes_web/paginas/cap2024_extrato_da_ata_da_28o_reuniao_cap_12_09_2024_1_1.txt
2024,28,2024-09-12,2023-Z8S67,não avaliado,osc,dados/fontes_web/paginas/cap2024_extrato_da_ata_da_28o_reuniao_cap_12_09_2024_1_1.txt
2024,28,2024-09-12,2023-N7X79,inabilitado,empresa_sufixo,dados/fontes_web/paginas/cap2024_extrato_da_ata_da_28o_reuniao_cap_12_09_2024_1_1.txt
2024,28,2024-09-12,2023-W7MJ2,inabilitado,empresa_sufixo,dados/fontes_web/paginas/cap2024_extrato_da_ata_da_28o_reuniao_cap_12_09_2024_1_1.txt
2024,29,2024-09-26,2024-5GVJJ,habilitado,empresa_sufixo,dados/fontes_web/paginas/cap2024__extrato_da_ata_da_29o_reuniao_cap_26_09_2024.docx.txt
2024,29,2024-09-26,2024-VWLGS,habilitado,mei_ei,dados/fontes_web/paginas/cap2024__extrato_da_ata_da_29o_reuniao_cap_26_09_2024.docx.txt
2024,29,2024-09-26,2023-Z8S67,em diligência,osc,dados/fontes_web/paginas/cap2024__extrato_da_ata_da_29o_reuniao_cap_26_09_2024.docx.txt
2024,29,2024-09-26,2024-LMF2Z,em diligência,osc,dados/fontes_web/paginas/cap2024__extrato_da_ata_da_29o_reuniao_cap_26_09_2024.docx.txt
2024,29,2024-09-26,2024-L3MTX,não avaliado,empresa_provavel,dados/fontes_web/paginas/cap2024__extrato_da_ata_da_29o_reuniao_cap_26_09_2024.docx.txt
2024,30,2024-10-10,2024-L3MTX,habilitado,empresa_provavel,dados/fontes_web/paginas/cap2024_extrato_da_ata_da_30o_reuniao_cap_10_10_2024.txt
2024,30,2024-10-10,2023-Z8S67,habilitado,osc,dados/fontes_web/paginas/cap2024_extrato_da_ata_da_30o_reuniao_cap_10_10_2024.txt
2024,30,2024-10-10,2023-M66CV,habilitado,osc,dados/fontes_web/paginas/cap2024_extrato_da_ata_da_30o_reuniao_cap_10_10_2024.txt
2024,30,2024-10-10,2024-WCJ53,em diligência,osc,dados/fontes_web/paginas/cap2024_extrato_da_ata_da_30o_reuniao_cap_10_10_2024.txt
2024,30,2024-10-10,2024-HT8QP,em diligência,osc,dados/fontes_web/paginas/cap2024_extrato_da_ata_da_30o_reuniao_cap_10_10_2024.txt
2024,30,2024-10-10,2024-D8SGC,em diligência,empresa_sufixo,dados/fontes_web/paginas/cap2024_extrato_da_ata_da_30o_reuniao_cap_10_10_2024.txt
2024,31,2024-10-24,2023-7F9L1,habilitado,empresa_sufixo,dados/fontes_web/paginas/cap2024_extrato_da_ata_da_31o_reuniao_cap_24_10_2024.txt
2024,31,2024-10-24,2024-WCJ53,habilitado,osc,dados/fontes_web/paginas/cap2024_extrato_da_ata_da_31o_reuniao_cap_24_10_2024.txt
2024,31,2024-10-24,2024-B7ZFZ,habilitado,osc,dados/fontes_web/paginas/cap2024_extrato_da_ata_da_31o_reuniao_cap_24_10_2024.txt
2024,31,2024-10-24,2024-VM90J,habilitado,osc,dados/fontes_web/paginas/cap2024_extrato_da_ata_da_31o_reuniao_cap_24_10_2024.txt
2024,31,2024-10-24,2024-L44FD,em diligência,osc,dados/fontes_web/paginas/cap2024_extrato_da_ata_da_31o_reuniao_cap_24_10_2024.txt
2024,31,2024-10-24,2024-1V0QR,em diligência,empresa_sufixo,dados/fontes_web/paginas/cap2024_extrato_da_ata_da_31o_reuniao_cap_24_10_2024.txt
2024,32,2024-11-07,2024-XDJHX,habilitado,empresa_sufixo,dados/fontes_web/paginas/cap2024_extrato_da_ata_da_32o_reuniao_cap_07_11_2024.txt
2024,32,2024-11-07,2024-1V0QR,em diligência,empresa_sufixo,dados/fontes_web/paginas/cap2024_extrato_da_ata_da_32o_reuniao_cap_07_11_2024.txt
2024,32,2024-11-07,2024-HT8QP,em diligência,osc,dados/fontes_web/paginas/cap2024_extrato_da_ata_da_32o_reuniao_cap_07_11_2024.txt
2024,32,2024-11-07,2024-D8SGC,em diligência,empresa_sufixo,dados/fontes_web/paginas/cap2024_extrato_da_ata_da_32o_reuniao_cap_07_11_2024.txt
2024,32,2024-11-07,2024-7862T,não avaliado,osc,dados/fontes_web/paginas/cap2024_extrato_da_ata_da_32o_reuniao_cap_07_11_2024.txt
2024,33,2024-11-21,2024-1V0QR,habilitado,empresa_sufixo,dados/fontes_web/paginas/cap2024_extrato_da_ata_da_33o_reuniao_cap_21_11_2024.txt
2024,33,2024-11-21,2024-D8SGC,habilitado,empresa_sufixo,dados/fontes_web/paginas/cap2024_extrato_da_ata_da_33o_reuniao_cap_21_11_2024.txt
2024,33,2024-11-21,2024-HT8QP,habilitado,osc,dados/fontes_web/paginas/cap2024_extrato_da_ata_da_33o_reuniao_cap_21_11_2024.txt
2024,33,2024-11-21,2024-LMF2Z,habilitado,osc,dados/fontes_web/paginas/cap2024_extrato_da_ata_da_33o_reuniao_cap_21_11_2024.txt
2024,33,2024-11-21,2024-L44FD,habilitado,osc,dados/fontes_web/paginas/cap2024_extrato_da_ata_da_33o_reuniao_cap_21_11_2024.txt
2024,33,2024-11-21,2024-7862T,habilitado,osc,dados/fontes_web/paginas/cap2024_extrato_da_ata_da_33o_reuniao_cap_21_11_2024.txt
2025,1,2025-01-29,2024-HZSBS,habilitado,osc,dados/fontes_web/paginas/cap2025_extrato_da_ata_1o_reuniao_cap_29_01_2025.txt
2025,2,2025-02-27,2024-8TB7C,habilitado,osc,dados/fontes_web/paginas/cap2025_extrato_da_ata_2o_reuniao_cap_27_02_2025.txt
2025,2,2025-02-27,2024-C8CZK,inabilitado,empresa_sufixo,dados/fontes_web/paginas/cap2025_extrato_da_ata_2o_reuniao_cap_27_02_2025.txt
2025,3,2025-03-20,2025-BJXHC,habilitado,osc,dados/fontes_web/paginas/cap2025_extrato_da_ata_3o_reuniao_cap_20_03_2025.docx.txt
2025,3,2025-03-20,2025-SXX99,em diligência,osc,dados/fontes_web/paginas/cap2025_extrato_da_ata_3o_reuniao_cap_20_03_2025.docx.txt
2025,3,2025-03-20,2024-840C1,não avaliado,osc,dados/fontes_web/paginas/cap2025_extrato_da_ata_3o_reuniao_cap_20_03_2025.docx.txt
2025,3,2025-03-20,2024-9S205,não avaliado,empresa_sufixo,dados/fontes_web/paginas/cap2025_extrato_da_ata_3o_reuniao_cap_20_03_2025.docx.txt
2025,3,2025-03-20,2024-RWZ4Z,não avaliado,empresa_sufixo,dados/fontes_web/paginas/cap2025_extrato_da_ata_3o_reuniao_cap_20_03_2025.docx.txt
2025,4,2025-03-27,2025-SXX99,habilitado,osc,dados/fontes_web/paginas/cap2025_extrato_da_ata_4o_reuniao_cap_27_03_2025.docx.txt
2025,4,2025-03-27,2024-840C1,habilitado,osc,dados/fontes_web/paginas/cap2025_extrato_da_ata_4o_reuniao_cap_27_03_2025.docx.txt
2025,4,2025-03-27,2025-RD193,em diligência,osc,dados/fontes_web/paginas/cap2025_extrato_da_ata_4o_reuniao_cap_27_03_2025.docx.txt
2025,4,2025-03-27,2024-RWZ4Z,em diligência,empresa_sufixo,dados/fontes_web/paginas/cap2025_extrato_da_ata_4o_reuniao_cap_27_03_2025.docx.txt
2025,4,2025-03-27,2024-9S205,em diligência,empresa_sufixo,dados/fontes_web/paginas/cap2025_extrato_da_ata_4o_reuniao_cap_27_03_2025.docx.txt
2025,5,2025-04-10,2025-6TW8N,habilitado,osc,dados/fontes_web/paginas/cap2025_extrato_da_ata_5o_reuniao_cap_10_04_2025.docx.txt
2025,5,2025-04-10,2025-QW9S1,habilitado,osc,dados/fontes_web/paginas/cap2025_extrato_da_ata_5o_reuniao_cap_10_04_2025.docx.txt
2025,5,2025-04-10,2025-WVN92,inabilitado,empresa_sufixo,dados/fontes_web/paginas/cap2025_extrato_da_ata_5o_reuniao_cap_10_04_2025.docx.txt
2025,6,2025-04-22,2024-9S205,habilitado,empresa_sufixo,dados/fontes_web/paginas/cap2025_extrato_da_ata_6o_reuniao_cap_22_04_2025.docx.txt
2025,6,2025-04-22,2025-C1KRL,habilitado,empresa_sufixo,dados/fontes_web/paginas/cap2025_extrato_da_ata_6o_reuniao_cap_22_04_2025.docx.txt
2025,6,2025-04-22,2025-RD193,habilitado,osc,dados/fontes_web/paginas/cap2025_extrato_da_ata_6o_reuniao_cap_22_04_2025.docx.txt
2025,7,2025-05-08,2025-DV11N,habilitado,empresa_sufixo,dados/fontes_web/paginas/cap2025_extrato_da_ata_7o_reuniao_cap_08_05_2025.docx.txt
2025,7,2025-05-08,2024-FW54R,não avaliado,empresa_sufixo,dados/fontes_web/paginas/cap2025_extrato_da_ata_7o_reuniao_cap_08_05_2025.docx.txt
2025,8,2025-05-15,2025-RC8N2,habilitado,osc,dados/fontes_web/paginas/cap2025_extrato_da_ata_8o_reuniao_cap_15_05_2025.docx.txt
2025,8,2025-05-15,2025-VNDD9,em diligência,osc,dados/fontes_web/paginas/cap2025_extrato_da_ata_8o_reuniao_cap_15_05_2025.docx.txt
2025,8,2025-05-15,2025-FW54R,não avaliado,empresa_sufixo,dados/fontes_web/paginas/cap2025_extrato_da_ata_8o_reuniao_cap_15_05_2025.docx.txt
2025,8,2025-05-15,2025-3XG6Z,não avaliado,empresa_provavel,dados/fontes_web/paginas/cap2025_extrato_da_ata_8o_reuniao_cap_15_05_2025.docx.txt
2025,8,2025-05-15,2025-SPKTB,não avaliado,empresa_sufixo,dados/fontes_web/paginas/cap2025_extrato_da_ata_8o_reuniao_cap_15_05_2025.docx.txt
2025,9,2025-05-29,2025-FW54R,em diligência,empresa_sufixo,dados/fontes_web/paginas/cap2025_extrato_da_ata_9o_reuniao_cap_29_05_2025.docx.txt
2025,9,2025-05-29,2025-3XG6Z,não avaliado,empresa_provavel,dados/fontes_web/paginas/cap2025_extrato_da_ata_9o_reuniao_cap_29_05_2025.docx.txt
2025,9,2025-05-29,2025-SPKTB,não avaliado,empresa_sufixo,dados/fontes_web/paginas/cap2025_extrato_da_ata_9o_reuniao_cap_29_05_2025.docx.txt
2025,9,2025-05-29,2025-3N7CD,não avaliado,osc,dados/fontes_web/paginas/cap2025_extrato_da_ata_9o_reuniao_cap_29_05_2025.docx.txt
2025,9,2025-05-29,2024-PZ6LZ,não avaliado,osc,dados/fontes_web/paginas/cap2025_extrato_da_ata_9o_reuniao_cap_29_05_2025.docx.txt
2025,10,2025-06-05,2025-3XG6Z,em diligência,empresa_provavel,dados/fontes_web/paginas/cap2025_extrato_da_ata_10o_reuniao_cap_05_06_2025.docx.txt
2025,10,2025-06-05,2024-PZ6LZ,em diligência,osc,dados/fontes_web/paginas/cap2025_extrato_da_ata_10o_reuniao_cap_05_06_2025.docx.txt
2025,10,2025-06-05,2025-C788C,em diligência,empresa_sufixo,dados/fontes_web/paginas/cap2025_extrato_da_ata_10o_reuniao_cap_05_06_2025.docx.txt
2025,10,2025-06-05,2025-SPKTB,não avaliado,empresa_sufixo,dados/fontes_web/paginas/cap2025_extrato_da_ata_10o_reuniao_cap_05_06_2025.docx.txt
2025,10,2025-06-05,2025-3N7CD,não avaliado,osc,dados/fontes_web/paginas/cap2025_extrato_da_ata_10o_reuniao_cap_05_06_2025.docx.txt
2025,10,2025-06-05,2025-L4NWB,inabilitado,indeterminado,dados/fontes_web/paginas/cap2025_extrato_da_ata_10o_reuniao_cap_05_06_2025.docx.txt
2025,11,2025-06-12,2025-SPKTB,habilitado,empresa_sufixo,dados/fontes_web/paginas/cap2025_extrato_da_ata_11o_reuniao_cap_12_06_2025.docx.txt
2025,11,2025-06-12,2025-3N7CD,habilitado,osc,dados/fontes_web/paginas/cap2025_extrato_da_ata_11o_reuniao_cap_12_06_2025.docx.txt
2025,11,2025-06-12,2025-SB2J8,em diligência,indeterminado,dados/fontes_web/paginas/cap2025_extrato_da_ata_11o_reuniao_cap_12_06_2025.docx.txt
2025,12,2025-07-03,2024-74QM3,habilitado,empresa_sufixo,dados/fontes_web/paginas/cap2025_extrato_da_ata_12o_reuniao_cap_03_07_2025.docx.txt
2025,12,2025-07-03,2024-PZ6LZ,habilitado,osc,dados/fontes_web/paginas/cap2025_extrato_da_ata_12o_reuniao_cap_03_07_2025.docx.txt
2025,12,2025-07-03,2025-FW54R,habilitado,empresa_sufixo,dados/fontes_web/paginas/cap2025_extrato_da_ata_12o_reuniao_cap_03_07_2025.docx.txt
2025,12,2025-07-03,2025-S1RSD,em diligência,empresa_sufixo,dados/fontes_web/paginas/cap2025_extrato_da_ata_12o_reuniao_cap_03_07_2025.docx.txt
2025,12,2025-07-03,2025-C788C,não avaliado,empresa_sufixo,dados/fontes_web/paginas/cap2025_extrato_da_ata_12o_reuniao_cap_03_07_2025.docx.txt
2025,12,2025-07-03,2025-3XG6Z,não avaliado,empresa_provavel,dados/fontes_web/paginas/cap2025_extrato_da_ata_12o_reuniao_cap_03_07_2025.docx.txt
2025,12,2025-07-03,2025-X0X9Q,inabilitado,osc,dados/fontes_web/paginas/cap2025_extrato_da_ata_12o_reuniao_cap_03_07_2025.docx.txt
2025,13,2025-07-17,2025-C788C,habilitado,empresa_sufixo,dados/fontes_web/paginas/cap2025_extrato_da_ata_13o_reuniao_cap_17_07_2025.docx.txt
2025,13,2025-07-17,2025-VNDD9,habilitado,osc,dados/fontes_web/paginas/cap2025_extrato_da_ata_13o_reuniao_cap_17_07_2025.docx.txt
2025,13,2025-07-17,2025-3XG6Z,não avaliado,empresa_provavel,dados/fontes_web/paginas/cap2025_extrato_da_ata_13o_reuniao_cap_17_07_2025.docx.txt
2025,13,2025-07-17,2025-T38L6,não avaliado,empresa_sufixo,dados/fontes_web/paginas/cap2025_extrato_da_ata_13o_reuniao_cap_17_07_2025.docx.txt
2025,14,2025-08-07,2025-3XG6Z,habilitado,empresa_provavel,dados/fontes_web/paginas/cap2025_extrato_da_ata_14o_reuniao_cap_07_08_2025.docx_3_-1.txt
2025,14,2025-08-07,2025-XHP83,habilitado,grupo_artistico,dados/fontes_web/paginas/cap2025_extrato_da_ata_14o_reuniao_cap_07_08_2025.docx_3_-1.txt
2025,14,2025-08-07,2025-T38L6,em diligência,empresa_sufixo,dados/fontes_web/paginas/cap2025_extrato_da_ata_14o_reuniao_cap_07_08_2025.docx_3_-1.txt
2025,15,2025-08-21,2025-S1RSD,não avaliado,empresa_sufixo,dados/fontes_web/paginas/cap2025_extrato_da_ata_15o_reuniao_cap_21_08_2025.docx_1.txt
2025,15,2025-08-21,2025-4ZDJQ,não avaliado,empresa_sufixo,dados/fontes_web/paginas/cap2025_extrato_da_ata_15o_reuniao_cap_21_08_2025.docx_1.txt
2025,15,2025-08-21,2025-JG98D,não avaliado,empresa_sufixo,dados/fontes_web/paginas/cap2025_extrato_da_ata_15o_reuniao_cap_21_08_2025.docx_1.txt
2025,15,2025-08-21,2025-8K72R,não avaliado,empresa_provavel,dados/fontes_web/paginas/cap2025_extrato_da_ata_15o_reuniao_cap_21_08_2025.docx_1.txt
2025,16,2025-08-28,2025-4ZDJQ,habilitado,empresa_sufixo,dados/fontes_web/paginas/cap2025_extrato_da_ata_16o_reuniao_cap_28_08_2025.docx.txt
2025,16,2025-08-28,2025-8K72R,habilitado,empresa_provavel,dados/fontes_web/paginas/cap2025_extrato_da_ata_16o_reuniao_cap_28_08_2025.docx.txt
2025,16,2025-08-28,2025-S1RSD,em diligência,empresa_sufixo,dados/fontes_web/paginas/cap2025_extrato_da_ata_16o_reuniao_cap_28_08_2025.docx.txt
2025,16,2025-08-28,2025-QPLHP,em diligência,osc,dados/fontes_web/paginas/cap2025_extrato_da_ata_16o_reuniao_cap_28_08_2025.docx.txt
2025,16,2025-08-28,2025-JG98D,não avaliado,empresa_sufixo,dados/fontes_web/paginas/cap2025_extrato_da_ata_16o_reuniao_cap_28_08_2025.docx.txt
2025,16,2025-08-28,2025-SB2JB,não avaliado,indeterminado,dados/fontes_web/paginas/cap2025_extrato_da_ata_16o_reuniao_cap_28_08_2025.docx.txt
2025,16,2025-08-28,2025-D6V78,inabilitado,indeterminado,dados/fontes_web/paginas/cap2025_extrato_da_ata_16o_reuniao_cap_28_08_2025.docx.txt
2025,17,2025-09-11,2025-JG98D,habilitado,empresa_sufixo,dados/fontes_web/paginas/cap2025_extrato_da_ata_17o_reuniao_cap_11_09_2025.docx.txt
2025,17,2025-09-11,2025-SB2J8,em diligência,indeterminado,dados/fontes_web/paginas/cap2025_extrato_da_ata_17o_reuniao_cap_11_09_2025.docx.txt
2025,17,2025-09-11,2025-Q68VW,não avaliado,osc,dados/fontes_web/paginas/cap2025_extrato_da_ata_17o_reuniao_cap_11_09_2025.docx.txt
2025,17,2025-09-11,2025-KR0XF,não avaliado,indeterminado,dados/fontes_web/paginas/cap2025_extrato_da_ata_17o_reuniao_cap_11_09_2025.docx.txt
2025,18,2025-09-18,2025-Q68VW,em diligência,osc,dados/fontes_web/paginas/cap2025_extrato_da_ata_18o_reuniao_cap_18_09_2025.docx.txt
2025,18,2025-09-18,2025-MV874,em diligência,empresa_sufixo,dados/fontes_web/paginas/cap2025_extrato_da_ata_18o_reuniao_cap_18_09_2025.docx.txt
2025,18,2025-09-18,2025-5JNTV,não avaliado,osc,dados/fontes_web/paginas/cap2025_extrato_da_ata_18o_reuniao_cap_18_09_2025.docx.txt
2025,18,2025-09-18,2025-2MXGB,não avaliado,osc,dados/fontes_web/paginas/cap2025_extrato_da_ata_18o_reuniao_cap_18_09_2025.docx.txt
2025,18,2025-09-18,2025-KR0XF,inabilitado,indeterminado,dados/fontes_web/paginas/cap2025_extrato_da_ata_18o_reuniao_cap_18_09_2025.docx.txt
2025,19,2025-10-02,2025-4V24B,habilitado,grupo_artistico,dados/fontes_web/paginas/cap2025_extrato_da_ata_19o_reuniao_cap_02_10_2025.docx.txt
2025,19,2025-10-02,2025-11MBF,habilitado,empresa_sufixo,dados/fontes_web/paginas/cap2025_extrato_da_ata_19o_reuniao_cap_02_10_2025.docx.txt
2025,19,2025-10-02,2025-5JNTV,em diligência,osc,dados/fontes_web/paginas/cap2025_extrato_da_ata_19o_reuniao_cap_02_10_2025.docx.txt
2025,19,2025-10-02,2025-2MXGB,em diligência,osc,dados/fontes_web/paginas/cap2025_extrato_da_ata_19o_reuniao_cap_02_10_2025.docx.txt
2025,19,2025-10-02,2025-Q68VW,não avaliado,osc,dados/fontes_web/paginas/cap2025_extrato_da_ata_19o_reuniao_cap_02_10_2025.docx.txt
2025,19,2025-10-02,2025-7TBJS,não avaliado,empresa_sufixo,dados/fontes_web/paginas/cap2025_extrato_da_ata_19o_reuniao_cap_02_10_2025.docx.txt
2025,20,2025-10-09,2025-Q68VW,habilitado,osc,dados/fontes_web/paginas/cap2025_extrato_da_ata_20o_reuniao_cap_09_10_2025.docx.txt
2025,20,2025-10-09,2025-QPLHP,em diligência,osc,dados/fontes_web/paginas/cap2025_extrato_da_ata_20o_reuniao_cap_09_10_2025.docx.txt
2025,20,2025-10-09,2025-7TBJS,não avaliado,empresa_sufixo,dados/fontes_web/paginas/cap2025_extrato_da_ata_20o_reuniao_cap_09_10_2025.docx.txt
2025,20,2025-10-09,2025-JLXSW,não avaliado,empresa_sufixo,dados/fontes_web/paginas/cap2025_extrato_da_ata_20o_reuniao_cap_09_10_2025.docx.txt
2025,20,2025-10-09,2025-XLB5J,não avaliado,empresa_sufixo,dados/fontes_web/paginas/cap2025_extrato_da_ata_20o_reuniao_cap_09_10_2025.docx.txt
2025,21,2025-10-16,2025-S1RSD,habilitado,empresa_sufixo,dados/fontes_web/paginas/cap2025_extrato_da_ata_21o_reuniao_cap_16_10_2025._1.txt
2025,21,2025-10-16,2025-1VZQW,em diligência,osc,dados/fontes_web/paginas/cap2025_extrato_da_ata_21o_reuniao_cap_16_10_2025._1.txt
2025,21,2025-10-16,2025-7TBJS,não avaliado,empresa_sufixo,dados/fontes_web/paginas/cap2025_extrato_da_ata_21o_reuniao_cap_16_10_2025._1.txt
2025,21,2025-10-16,2025-JLXSW,não avaliado,empresa_sufixo,dados/fontes_web/paginas/cap2025_extrato_da_ata_21o_reuniao_cap_16_10_2025._1.txt
2025,21,2025-10-16,2025-XLB5J,não avaliado,empresa_sufixo,dados/fontes_web/paginas/cap2025_extrato_da_ata_21o_reuniao_cap_16_10_2025._1.txt
2025,21,2025-10-16,2025-W7NB3,não avaliado,empresa_sufixo,dados/fontes_web/paginas/cap2025_extrato_da_ata_21o_reuniao_cap_16_10_2025._1.txt
2025,21,2025-10-16,2025-TGK24,inabilitado,osc,dados/fontes_web/paginas/cap2025_extrato_da_ata_21o_reuniao_cap_16_10_2025._1.txt
2025,22,2025-10-23,2025-JLXSW,habilitado,empresa_sufixo,dados/fontes_web/paginas/cap2025_extrato_da_ata_22o_reuniao_cap_23_10_2025.txt
2025,22,2025-10-23,2025-XLB5J,habilitado,empresa_sufixo,dados/fontes_web/paginas/cap2025_extrato_da_ata_22o_reuniao_cap_23_10_2025.txt
2025,22,2025-10-23,2025-SB2J8,em diligência,indeterminado,dados/fontes_web/paginas/cap2025_extrato_da_ata_22o_reuniao_cap_23_10_2025.txt
2025,22,2025-10-23,2025-HC308,não avaliado,empresa_sufixo,dados/fontes_web/paginas/cap2025_extrato_da_ata_22o_reuniao_cap_23_10_2025.txt
2025,22,2025-10-23,2025-5JNTV,não avaliado,osc,dados/fontes_web/paginas/cap2025_extrato_da_ata_22o_reuniao_cap_23_10_2025.txt
2025,22,2025-10-23,2025-BK3F3,não avaliado,empresa_provavel,dados/fontes_web/paginas/cap2025_extrato_da_ata_22o_reuniao_cap_23_10_2025.txt
2025,22,2025-10-23,2025-ZH8K7,não avaliado,osc,dados/fontes_web/paginas/cap2025_extrato_da_ata_22o_reuniao_cap_23_10_2025.txt
2025,22,2025-10-23,2025-W3JHC,não avaliado,empresa_sufixo,dados/fontes_web/paginas/cap2025_extrato_da_ata_22o_reuniao_cap_23_10_2025.txt
2025,22,2025-10-23,2025-W7NB3,inabilitado,empresa_sufixo,dados/fontes_web/paginas/cap2025_extrato_da_ata_22o_reuniao_cap_23_10_2025.txt
2025,23,2025-10-31,2025-7TBJS,habilitado,empresa_sufixo,dados/fontes_web/paginas/cap2025_extrato_da_ata_23o_reuniao_cap_31_10_2025.txt
2025,23,2025-10-31,2025-HC308,habilitado,empresa_sufixo,dados/fontes_web/paginas/cap2025_extrato_da_ata_23o_reuniao_cap_31_10_2025.txt
2025,23,2025-10-31,2025-5D2MW,habilitado,osc,dados/fontes_web/paginas/cap2025_extrato_da_ata_23o_reuniao_cap_31_10_2025.txt
2025,23,2025-10-31,2025-M0VHQ,habilitado,indeterminado,dados/fontes_web/paginas/cap2025_extrato_da_ata_23o_reuniao_cap_31_10_2025.txt
2025,23,2025-10-31,2025-L5ZGN,em diligência,osc,dados/fontes_web/paginas/cap2025_extrato_da_ata_23o_reuniao_cap_31_10_2025.txt
2025,23,2025-10-31,2025-W3JHC,não avaliado,empresa_sufixo,dados/fontes_web/paginas/cap2025_extrato_da_ata_23o_reuniao_cap_31_10_2025.txt
2025,23,2025-10-31,2025-60Q4Z,não avaliado,mei_ei,dados/fontes_web/paginas/cap2025_extrato_da_ata_23o_reuniao_cap_31_10_2025.txt
2025,23,2025-10-31,2025-ZH8K7,inabilitado,osc,dados/fontes_web/paginas/cap2025_extrato_da_ata_23o_reuniao_cap_31_10_2025.txt
2025,24,2025-11-06,2025-BK3F3,habilitado,empresa_provavel,dados/fontes_web/paginas/cap2025_extrato_da_ata_24o_reuniao_cap_06_11_2025.docx.txt
2025,24,2025-11-06,2025-60Q4Z,habilitado,mei_ei,dados/fontes_web/paginas/cap2025_extrato_da_ata_24o_reuniao_cap_06_11_2025.docx.txt
2025,24,2025-11-06,2025-688GH,habilitado,empresa_sufixo,dados/fontes_web/paginas/cap2025_extrato_da_ata_24o_reuniao_cap_06_11_2025.docx.txt
2025,24,2025-11-06,2025-X1BSB,habilitado,empresa_sufixo,dados/fontes_web/paginas/cap2025_extrato_da_ata_24o_reuniao_cap_06_11_2025.docx.txt
2025,24,2025-11-06,2025-W3JHC,não avaliado,empresa_sufixo,dados/fontes_web/paginas/cap2025_extrato_da_ata_24o_reuniao_cap_06_11_2025.docx.txt
2025,24,2025-11-06,2025-FW5PL,não avaliado,mei_ei,dados/fontes_web/paginas/cap2025_extrato_da_ata_24o_reuniao_cap_06_11_2025.docx.txt
2025,24,2025-11-06,2025-5JNTV,inabilitado,osc,dados/fontes_web/paginas/cap2025_extrato_da_ata_24o_reuniao_cap_06_11_2025.docx.txt
2025,24,2025-11-06,2025-9NP0X,inabilitado,empresa_provavel,dados/fontes_web/paginas/cap2025_extrato_da_ata_24o_reuniao_cap_06_11_2025.docx.txt
2025,24,2025-11-06,2025-16GN2,inabilitado,osc,dados/fontes_web/paginas/cap2025_extrato_da_ata_24o_reuniao_cap_06_11_2025.docx.txt
2025,25,2025-11-13,2025-W3JHC,habilitado,empresa_sufixo,dados/fontes_web/paginas/cap2025_extrato_da_ata_25o_reuniao_cap_13_11_2025.txt
2025,25,2025-11-13,2025-FW5PL,habilitado,mei_ei,dados/fontes_web/paginas/cap2025_extrato_da_ata_25o_reuniao_cap_13_11_2025.txt
2025,25,2025-11-13,2025-Z2F1D,habilitado,osc,dados/fontes_web/paginas/cap2025_extrato_da_ata_25o_reuniao_cap_13_11_2025.txt
2025,25,2025-11-13,2025-DCRC9,em diligência,osc,dados/fontes_web/paginas/cap2025_extrato_da_ata_25o_reuniao_cap_13_11_2025.txt
2025,25,2025-11-13,2025-9TD2B,em diligência,mei_ei,dados/fontes_web/paginas/cap2025_extrato_da_ata_25o_reuniao_cap_13_11_2025.txt
2025,25,2025-11-13,2025-BNHCX,em diligência,empresa_sufixo,dados/fontes_web/paginas/cap2025_extrato_da_ata_25o_reuniao_cap_13_11_2025.txt
2025,25,2025-11-13,2025-DG4T8,não avaliado,osc,dados/fontes_web/paginas/cap2025_extrato_da_ata_25o_reuniao_cap_13_11_2025.txt
2025,25,2025-11-13,2025-NK2K5,não avaliado,mei_ei,dados/fontes_web/paginas/cap2025_extrato_da_ata_25o_reuniao_cap_13_11_2025.txt
2025,25,2025-11-13,2025-HJ1PF,não avaliado,empresa_sufixo,dados/fontes_web/paginas/cap2025_extrato_da_ata_25o_reuniao_cap_13_11_2025.txt
2025,26,2025-11-27,2025-L5ZGN,habilitado,osc,dados/fontes_web/paginas/cap2025_extrato_da_ata_26o_reuniao_cap_27_11_2025.txt
2025,26,2025-11-27,2025-1VZQW,habilitado,osc,dados/fontes_web/paginas/cap2025_extrato_da_ata_26o_reuniao_cap_27_11_2025.txt
2025,26,2025-11-27,2025-J4R03,habilitado,osc,dados/fontes_web/paginas/cap2025_extrato_da_ata_26o_reuniao_cap_27_11_2025.txt
2025,26,2025-11-27,2025-NK2K5,em diligência,mei_ei,dados/fontes_web/paginas/cap2025_extrato_da_ata_26o_reuniao_cap_27_11_2025.txt
2025,26,2025-11-27,2025-HJ1PF,em diligência,empresa_sufixo,dados/fontes_web/paginas/cap2025_extrato_da_ata_26o_reuniao_cap_27_11_2025.txt
2025,26,2025-11-27,2025-75FLW,em diligência,osc,dados/fontes_web/paginas/cap2025_extrato_da_ata_26o_reuniao_cap_27_11_2025.txt
2025,26,2025-11-27,2025-M644N,em diligência,osc,dados/fontes_web/paginas/cap2025_extrato_da_ata_26o_reuniao_cap_27_11_2025.txt
2025,26,2025-11-27,2025-DG4T8,não avaliado,osc,dados/fontes_web/paginas/cap2025_extrato_da_ata_26o_reuniao_cap_27_11_2025.txt
2025,26,2025-11-27,2025-2MXGB,não avaliado,osc,dados/fontes_web/paginas/cap2025_extrato_da_ata_26o_reuniao_cap_27_11_2025.txt
2025,26,2025-11-27,2025-TRTMG,não avaliado,osc,dados/fontes_web/paginas/cap2025_extrato_da_ata_26o_reuniao_cap_27_11_2025.txt
2025,26,2025-11-27,2025-6MRS2,não avaliado,osc,dados/fontes_web/paginas/cap2025_extrato_da_ata_26o_reuniao_cap_27_11_2025.txt
2025,26,2025-11-27,2025-Q0PB1,não avaliado,indeterminado,dados/fontes_web/paginas/cap2025_extrato_da_ata_26o_reuniao_cap_27_11_2025.txt
2025,27,2025-12-04,2025-DG4T8,habilitado,osc,dados/fontes_web/paginas/cap2025_extrato_da_ata_27o_reuniao_cap_04_12_2025.txt
2025,27,2025-12-04,2025-2MXGB,habilitado,osc,dados/fontes_web/paginas/cap2025_extrato_da_ata_27o_reuniao_cap_04_12_2025.txt
2025,27,2025-12-04,2025-TRTMG,habilitado,osc,dados/fontes_web/paginas/cap2025_extrato_da_ata_27o_reuniao_cap_04_12_2025.txt
2025,27,2025-12-04,2025-6MRS2,habilitado,osc,dados/fontes_web/paginas/cap2025_extrato_da_ata_27o_reuniao_cap_04_12_2025.txt
2025,27,2025-12-04,2025-Q041P,habilitado,empresa_provavel,dados/fontes_web/paginas/cap2025_extrato_da_ata_27o_reuniao_cap_04_12_2025.txt
2025,27,2025-12-04,2025-M0JJ1,habilitado,osc,dados/fontes_web/paginas/cap2025_extrato_da_ata_27o_reuniao_cap_04_12_2025.txt
2025,27,2025-12-04,2025-Z42VL,habilitado,osc,dados/fontes_web/paginas/cap2025_extrato_da_ata_27o_reuniao_cap_04_12_2025.txt
2025,27,2025-12-04,2025-QPLHP,habilitado,osc,dados/fontes_web/paginas/cap2025_extrato_da_ata_27o_reuniao_cap_04_12_2025.txt
2025,27,2025-12-04,2025-BLC51,habilitado,osc,dados/fontes_web/paginas/cap2025_extrato_da_ata_27o_reuniao_cap_04_12_2025.txt
2025,27,2025-12-04,2025-9TD2B,habilitado,mei_ei,dados/fontes_web/paginas/cap2025_extrato_da_ata_27o_reuniao_cap_04_12_2025.txt
2025,27,2025-12-04,2025-Q0PB1,inabilitado,indeterminado,dados/fontes_web/paginas/cap2025_extrato_da_ata_27o_reuniao_cap_04_12_2025.txt
2025,28,2025-12-11,2025-TGL66,habilitado,osc,dados/fontes_web/paginas/cap2025_extrato_da_ata_28o_reuniao_cap_11_12_2025.txt
2025,28,2025-12-11,2025-G5V62,habilitado,osc,dados/fontes_web/paginas/cap2025_extrato_da_ata_28o_reuniao_cap_11_12_2025.txt
2025,28,2025-12-11,2025-FZTLW,habilitado,mei_ei,dados/fontes_web/paginas/cap2025_extrato_da_ata_28o_reuniao_cap_11_12_2025.txt
2025,28,2025-12-11,2025-R0CZP,habilitado,empresa_sufixo,dados/fontes_web/paginas/cap2025_extrato_da_ata_28o_reuniao_cap_11_12_2025.txt
2025,28,2025-12-11,2025-0RV3W,habilitado,empresa_provavel,dados/fontes_web/paginas/cap2025_extrato_da_ata_28o_reuniao_cap_11_12_2025.txt
2025,28,2025-12-11,2025-WV98F,habilitado,osc,dados/fontes_web/paginas/cap2025_extrato_da_ata_28o_reuniao_cap_11_12_2025.txt
2025,28,2025-12-11,2025-1MT75,habilitado,osc,dados/fontes_web/paginas/cap2025_extrato_da_ata_28o_reuniao_cap_11_12_2025.txt
2025,28,2025-12-11,2025-QXK9H,habilitado,osc,dados/fontes_web/paginas/cap2025_extrato_da_ata_28o_reuniao_cap_11_12_2025.txt
2025,28,2025-12-11,2025-FXX9C,habilitado,empresa_sufixo,dados/fontes_web/paginas/cap2025_extrato_da_ata_28o_reuniao_cap_11_12_2025.txt
2025,28,2025-12-11,2025-XXWKZ,em diligência,osc,dados/fontes_web/paginas/cap2025_extrato_da_ata_28o_reuniao_cap_11_12_2025.txt
2025,28,2025-12-11,2025-T5H46,em diligência,osc,dados/fontes_web/paginas/cap2025_extrato_da_ata_28o_reuniao_cap_11_12_2025.txt
2025,28,2025-12-11,2025-NZM6G,inabilitado,osc,dados/fontes_web/paginas/cap2025_extrato_da_ata_28o_reuniao_cap_11_12_2025.txt
2025,29,2025-12-18,2025-0G2ZD,habilitado,empresa_sufixo,dados/fontes_web/paginas/cap2025_extrato_da_ata_29o_reuniao_cap_18_12_2025.txt
2025,29,2025-12-18,2025-7QZ1X,habilitado,osc,dados/fontes_web/paginas/cap2025_extrato_da_ata_29o_reuniao_cap_18_12_2025.txt
2025,29,2025-12-18,2025-75FLW,habilitado,osc,dados/fontes_web/paginas/cap2025_extrato_da_ata_29o_reuniao_cap_18_12_2025.txt
2025,29,2025-12-18,2025-V9F70,habilitado,osc,dados/fontes_web/paginas/cap2025_extrato_da_ata_29o_reuniao_cap_18_12_2025.txt
2025,29,2025-12-18,2025-KCGPL,em diligência,empresa_sufixo,dados/fontes_web/paginas/cap2025_extrato_da_ata_29o_reuniao_cap_18_12_2025.txt
2025,29,2025-12-18,2025-QRD7Z,em diligência,empresa_provavel,dados/fontes_web/paginas/cap2025_extrato_da_ata_29o_reuniao_cap_18_12_2025.txt
2025,29,2025-12-18,2025-GRD95,em diligência,empresa_sufixo,dados/fontes_web/paginas/cap2025_extrato_da_ata_29o_reuniao_cap_18_12_2025.txt
2025,29,2025-12-18,2025-SJQ9R,em diligência,empresa_sufixo,dados/fontes_web/paginas/cap2025_extrato_da_ata_29o_reuniao_cap_18_12_2025.txt
2025,29,2025-12-18,2025-Z13BW,não avaliado,mei_ei,dados/fontes_web/paginas/cap2025_extrato_da_ata_29o_reuniao_cap_18_12_2025.txt
2025,29,2025-12-18,2025-B2PQC,não avaliado,empresa_provavel,dados/fontes_web/paginas/cap2025_extrato_da_ata_29o_reuniao_cap_18_12_2025.txt
2026,1,2026-01-22,2025-Z13BW,habilitado,mei_ei,dados/fontes_web/paginas/cap2026_extrato_da_ata_01o_reuniao_cap_22_01_2026.txt
2026,1,2026-01-22,2025-KCGPL,habilitado,empresa_sufixo,dados/fontes_web/paginas/cap2026_extrato_da_ata_01o_reuniao_cap_22_01_2026.txt
2026,1,2026-01-22,2025-QRD7Z,habilitado,empresa_provavel,dados/fontes_web/paginas/cap2026_extrato_da_ata_01o_reuniao_cap_22_01_2026.txt
2026,1,2026-01-22,2025-SB2J8,habilitado,indeterminado,dados/fontes_web/paginas/cap2026_extrato_da_ata_01o_reuniao_cap_22_01_2026.txt
2026,1,2026-01-22,2024-7NZLF,habilitado,empresa_sufixo,dados/fontes_web/paginas/cap2026_extrato_da_ata_01o_reuniao_cap_22_01_2026.txt
2026,1,2026-01-22,2024-454L8,habilitado,empresa_sufixo,dados/fontes_web/paginas/cap2026_extrato_da_ata_01o_reuniao_cap_22_01_2026.txt
2026,1,2026-01-22,2024-TS5HB,habilitado,osc,dados/fontes_web/paginas/cap2026_extrato_da_ata_01o_reuniao_cap_22_01_2026.txt
2026,1,2026-01-22,2025-49GXP,habilitado,empresa_provavel,dados/fontes_web/paginas/cap2026_extrato_da_ata_01o_reuniao_cap_22_01_2026.txt
2026,1,2026-01-22,2025-5TD7H,habilitado,osc,dados/fontes_web/paginas/cap2026_extrato_da_ata_01o_reuniao_cap_22_01_2026.txt
2026,1,2026-01-22,2025-77BHP,em diligência,osc,dados/fontes_web/paginas/cap2026_extrato_da_ata_01o_reuniao_cap_22_01_2026.txt
2026,1,2026-01-22,2025-B2PQC,não avaliado,empresa_provavel,dados/fontes_web/paginas/cap2026_extrato_da_ata_01o_reuniao_cap_22_01_2026.txt
2026,1,2026-01-22,2025-3XG6Z,não avaliado,empresa_provavel,dados/fontes_web/paginas/cap2026_extrato_da_ata_01o_reuniao_cap_22_01_2026.txt
2026,2,2026-01-29,2025-B2PQC,habilitado,empresa_provavel,dados/fontes_web/paginas/cap2026_extrato_da_ata_02o_reuniao_cap_29_01_2026.txt
2026,2,2026-01-29,2025-77BHP,habilitado,osc,dados/fontes_web/paginas/cap2026_extrato_da_ata_02o_reuniao_cap_29_01_2026.txt
2026,2,2026-01-29,2025-90TBK,habilitado,empresa_sufixo,dados/fontes_web/paginas/cap2026_extrato_da_ata_02o_reuniao_cap_29_01_2026.txt
2026,2,2026-01-29,2025-M644N,habilitado,osc,dados/fontes_web/paginas/cap2026_extrato_da_ata_02o_reuniao_cap_29_01_2026.txt
2026,2,2026-01-29,2025-SJQ9R,habilitado,empresa_sufixo,dados/fontes_web/paginas/cap2026_extrato_da_ata_02o_reuniao_cap_29_01_2026.txt
2026,2,2026-01-29,2025-T5H46,habilitado,osc,dados/fontes_web/paginas/cap2026_extrato_da_ata_02o_reuniao_cap_29_01_2026.txt
2026,2,2026-01-29,2025-HJ1PF,habilitado,empresa_sufixo,dados/fontes_web/paginas/cap2026_extrato_da_ata_02o_reuniao_cap_29_01_2026.txt
2026,2,2026-01-29,2025-NK2K5,habilitado,mei_ei,dados/fontes_web/paginas/cap2026_extrato_da_ata_02o_reuniao_cap_29_01_2026.txt
2026,2,2026-01-29,2025-XKQD2,habilitado,osc,dados/fontes_web/paginas/cap2026_extrato_da_ata_02o_reuniao_cap_29_01_2026.txt
2026,2,2026-01-29,2025-G3RNR,em diligência,osc,dados/fontes_web/paginas/cap2026_extrato_da_ata_02o_reuniao_cap_29_01_2026.txt
2026,2,2026-01-29,2025-BNHCX,em diligência,empresa_sufixo,dados/fontes_web/paginas/cap2026_extrato_da_ata_02o_reuniao_cap_29_01_2026.txt
2026,2,2026-01-29,2025-GRD95,em diligência,empresa_sufixo,dados/fontes_web/paginas/cap2026_extrato_da_ata_02o_reuniao_cap_29_01_2026.txt
2026,2,2026-01-29,2025-3XG6Z,alteração indeferida,empresa_provavel,dados/fontes_web/paginas/cap2026_extrato_da_ata_02o_reuniao_cap_29_01_2026.txt
2026,3,2026-02-05,2025-G3RNR,habilitado,osc,dados/fontes_web/paginas/cap2026_extrato_da_ata_03o_reuniao_cap_05_02_2026.txt
2026,3,2026-02-05,2025-4CV2N,habilitado,empresa_provavel,dados/fontes_web/paginas/cap2026_extrato_da_ata_03o_reuniao_cap_05_02_2026.txt
2026,3,2026-02-05,2025-5N8X1,habilitado,osc,dados/fontes_web/paginas/cap2026_extrato_da_ata_03o_reuniao_cap_05_02_2026.txt
2026,3,2026-02-05,2025-L58Z5,habilitado,empresa_sufixo,dados/fontes_web/paginas/cap2026_extrato_da_ata_03o_reuniao_cap_05_02_2026.txt
2026,3,2026-02-05,2025-3JR65,habilitado,empresa_provavel,dados/fontes_web/paginas/cap2026_extrato_da_ata_03o_reuniao_cap_05_02_2026.txt
2026,3,2026-02-05,2025-FPC7P,habilitado,grupo_artistico,dados/fontes_web/paginas/cap2026_extrato_da_ata_03o_reuniao_cap_05_02_2026.txt
2026,3,2026-02-05,2025-33P6C,em diligência,empresa_provavel,dados/fontes_web/paginas/cap2026_extrato_da_ata_03o_reuniao_cap_05_02_2026.txt
2026,3,2026-02-05,2025-X1KG0,não avaliado,osc,dados/fontes_web/paginas/cap2026_extrato_da_ata_03o_reuniao_cap_05_02_2026.txt
2026,3,2026-02-05,2025-RM1D1,não avaliado,empresa_sufixo,dados/fontes_web/paginas/cap2026_extrato_da_ata_03o_reuniao_cap_05_02_2026.txt
2026,3,2026-02-05,2025-CSZT8,não avaliado,osc,dados/fontes_web/paginas/cap2026_extrato_da_ata_03o_reuniao_cap_05_02_2026.txt
2026,3,2026-02-05,2025-LJ7X2,não avaliado,osc,dados/fontes_web/paginas/cap2026_extrato_da_ata_03o_reuniao_cap_05_02_2026.txt
2026,3,2026-02-05,2025-1BPCP,não avaliado,osc,dados/fontes_web/paginas/cap2026_extrato_da_ata_03o_reuniao_cap_05_02_2026.txt
2026,3,2026-02-05,2025-K1235,não avaliado,osc,dados/fontes_web/paginas/cap2026_extrato_da_ata_03o_reuniao_cap_05_02_2026.txt
2026,4,2026-02-12,2025-RM1D1,habilitado,empresa_sufixo,dados/fontes_web/paginas/cap2026_extrato_da_ata_04o_reuniao_cap_12_02_2026.docx.txt
2026,4,2026-02-12,2025-CSZT8,habilitado,osc,dados/fontes_web/paginas/cap2026_extrato_da_ata_04o_reuniao_cap_12_02_2026.docx.txt
2026,4,2026-02-12,2025-LJ7X2,habilitado,osc,dados/fontes_web/paginas/cap2026_extrato_da_ata_04o_reuniao_cap_12_02_2026.docx.txt
2026,4,2026-02-12,2025-1BPCP,habilitado,osc,dados/fontes_web/paginas/cap2026_extrato_da_ata_04o_reuniao_cap_12_02_2026.docx.txt
2026,4,2026-02-12,2025-K1235,habilitado,osc,dados/fontes_web/paginas/cap2026_extrato_da_ata_04o_reuniao_cap_12_02_2026.docx.txt
2026,4,2026-02-12,2025-GRD95,habilitado,empresa_sufixo,dados/fontes_web/paginas/cap2026_extrato_da_ata_04o_reuniao_cap_12_02_2026.docx.txt
2026,4,2026-02-12,2025-NC3C3,habilitado,osc,dados/fontes_web/paginas/cap2026_extrato_da_ata_04o_reuniao_cap_12_02_2026.docx.txt
2026,4,2026-02-12,2025-V0HCH,habilitado,osc,dados/fontes_web/paginas/cap2026_extrato_da_ata_04o_reuniao_cap_12_02_2026.docx.txt
2026,4,2026-02-12,2025-JM8G8,habilitado,osc,dados/fontes_web/paginas/cap2026_extrato_da_ata_04o_reuniao_cap_12_02_2026.docx.txt
2026,4,2026-02-12,2025-XJ6C2,habilitado,osc,dados/fontes_web/paginas/cap2026_extrato_da_ata_04o_reuniao_cap_12_02_2026.docx.txt
2026,4,2026-02-12,2025-R38F3,habilitado,osc,dados/fontes_web/paginas/cap2026_extrato_da_ata_04o_reuniao_cap_12_02_2026.docx.txt
2026,4,2026-02-12,2025-KHZVZ,habilitado,empresa_sufixo,dados/fontes_web/paginas/cap2026_extrato_da_ata_04o_reuniao_cap_12_02_2026.docx.txt
2026,4,2026-02-12,2025-X1KG0,em diligência,osc,dados/fontes_web/paginas/cap2026_extrato_da_ata_04o_reuniao_cap_12_02_2026.docx.txt
2026,4,2026-02-12,2025-51382,não avaliado,osc,dados/fontes_web/paginas/cap2026_extrato_da_ata_04o_reuniao_cap_12_02_2026.docx.txt
2026,4,2026-02-12,2025-JMNCJ,não avaliado,indeterminado,dados/fontes_web/paginas/cap2026_extrato_da_ata_04o_reuniao_cap_12_02_2026.docx.txt
2026,6,2026-03-05,2025-51382,habilitado,osc,dados/fontes_web/paginas/cap2026_extrato_da_ata_06o_reuniao_cap_05_03_2026.txt
2026,6,2026-03-05,2025-BNHCX,habilitado,empresa_sufixo,dados/fontes_web/paginas/cap2026_extrato_da_ata_06o_reuniao_cap_05_03_2026.txt
2026,6,2026-03-05,2025-VRWDM,habilitado,empresa_sufixo,dados/fontes_web/paginas/cap2026_extrato_da_ata_06o_reuniao_cap_05_03_2026.txt
2026,6,2026-03-05,2025-4T6CX,habilitado,empresa_sufixo,dados/fontes_web/paginas/cap2026_extrato_da_ata_06o_reuniao_cap_05_03_2026.txt
2026,6,2026-03-05,2025-7K1FV,em diligência,mei_ei,dados/fontes_web/paginas/cap2026_extrato_da_ata_06o_reuniao_cap_05_03_2026.txt
2026,6,2026-03-05,2025-PRFJ3,inabilitado,empresa_sufixo,dados/fontes_web/paginas/cap2026_extrato_da_ata_06o_reuniao_cap_05_03_2026.txt
2026,6,2026-03-05,2025-F5K2T,inabilitado,empresa_sufixo,dados/fontes_web/paginas/cap2026_extrato_da_ata_06o_reuniao_cap_05_03_2026.txt
2026,6,2026-03-05,2025-M7TDH,inabilitado,osc,dados/fontes_web/paginas/cap2026_extrato_da_ata_06o_reuniao_cap_05_03_2026.txt
2026,6,2026-03-05,2025-JMNCJ,não avaliado,indeterminado,dados/fontes_web/paginas/cap2026_extrato_da_ata_06o_reuniao_cap_05_03_2026.txt
2026,6,2026-03-05,2025-DCRC9,não avaliado,osc,dados/fontes_web/paginas/cap2026_extrato_da_ata_06o_reuniao_cap_05_03_2026.txt
2026,6,2026-03-05,2025-FH60M,não avaliado,osc,dados/fontes_web/paginas/cap2026_extrato_da_ata_06o_reuniao_cap_05_03_2026.txt
2026,6,2026-03-05,2025-MZZ51,não avaliado,empresa_sufixo,dados/fontes_web/paginas/cap2026_extrato_da_ata_06o_reuniao_cap_05_03_2026.txt
2026,6,2026-03-05,2025-2M4DV,não avaliado,empresa_sufixo,dados/fontes_web/paginas/cap2026_extrato_da_ata_06o_reuniao_cap_05_03_2026.txt
2026,7,2026-03-12,2025-FH60M,habilitado,osc,dados/fontes_web/paginas/cap2026_extrato_da_ata_07o_reuniao_cap_12_03_2026.txt
2026,7,2026-03-12,2025-2M4DV,habilitado,empresa_sufixo,dados/fontes_web/paginas/cap2026_extrato_da_ata_07o_reuniao_cap_12_03_2026.txt
2026,7,2026-03-12,2025-XBV4P,habilitado,empresa_sufixo,dados/fontes_web/paginas/cap2026_extrato_da_ata_07o_reuniao_cap_12_03_2026.txt
2026,7,2026-03-12,2025-J6GZF,habilitado,empresa_sufixo,dados/fontes_web/paginas/cap2026_extrato_da_ata_07o_reuniao_cap_12_03_2026.txt
2026,7,2026-03-12,2025-8JPM7,habilitado,empresa_provavel,dados/fontes_web/paginas/cap2026_extrato_da_ata_07o_reuniao_cap_12_03_2026.txt
2026,7,2026-03-12,2025-MZZ51,em diligência,empresa_sufixo,dados/fontes_web/paginas/cap2026_extrato_da_ata_07o_reuniao_cap_12_03_2026.txt
2026,7,2026-03-12,2025-W5GFP,em diligência,empresa_sufixo,dados/fontes_web/paginas/cap2026_extrato_da_ata_07o_reuniao_cap_12_03_2026.txt
2026,7,2026-03-12,2025-8CCBJ,em diligência,osc,dados/fontes_web/paginas/cap2026_extrato_da_ata_07o_reuniao_cap_12_03_2026.txt
2026,7,2026-03-12,2025-3HH9K,em diligência,empresa_sufixo,dados/fontes_web/paginas/cap2026_extrato_da_ata_07o_reuniao_cap_12_03_2026.txt
2026,7,2026-03-12,2025-JMNCJ,inabilitado,indeterminado,dados/fontes_web/paginas/cap2026_extrato_da_ata_07o_reuniao_cap_12_03_2026.txt
2026,7,2026-03-12,2025-DCRC9,não avaliado,osc,dados/fontes_web/paginas/cap2026_extrato_da_ata_07o_reuniao_cap_12_03_2026.txt
2026,7,2026-03-12,2025-L2ZQD,não avaliado,empresa_sufixo,dados/fontes_web/paginas/cap2026_extrato_da_ata_07o_reuniao_cap_12_03_2026.txt
2026,7,2026-03-12,2025-KR0XF,não avaliado,indeterminado,dados/fontes_web/paginas/cap2026_extrato_da_ata_07o_reuniao_cap_12_03_2026.txt
2026,8,2026-03-19,2025-DCRC9,habilitado,osc,dados/fontes_web/paginas/cap2026_extrato_da_ata_08o_reuniao_cap_19_03_2026.txt
2026,8,2026-03-19,2025-00C1Z,habilitado,empresa_sufixo,dados/fontes_web/paginas/cap2026_extrato_da_ata_08o_reuniao_cap_19_03_2026.txt
2026,8,2026-03-19,2025-FFQ31,habilitado,osc,dados/fontes_web/paginas/cap2026_extrato_da_ata_08o_reuniao_cap_19_03_2026.txt
2026,8,2026-03-19,2025-KR0XF,em diligência,indeterminado,dados/fontes_web/paginas/cap2026_extrato_da_ata_08o_reuniao_cap_19_03_2026.txt
2026,8,2026-03-19,2025-TKM3J,em diligência,osc,dados/fontes_web/paginas/cap2026_extrato_da_ata_08o_reuniao_cap_19_03_2026.txt
2026,8,2026-03-19,2025-B7SJZ,em diligência,osc,dados/fontes_web/paginas/cap2026_extrato_da_ata_08o_reuniao_cap_19_03_2026.txt
2026,8,2026-03-19,2025-090C2,inabilitado,indeterminado,dados/fontes_web/paginas/cap2026_extrato_da_ata_08o_reuniao_cap_19_03_2026.txt
2026,8,2026-03-19,2025-L2ZQD,não avaliado,empresa_sufixo,dados/fontes_web/paginas/cap2026_extrato_da_ata_08o_reuniao_cap_19_03_2026.txt
2026,8,2026-03-19,2025-9TB08,não avaliado,osc,dados/fontes_web/paginas/cap2026_extrato_da_ata_08o_reuniao_cap_19_03_2026.txt
2026,8,2026-03-19,2025-CNFWC,não avaliado,empresa_sufixo,dados/fontes_web/paginas/cap2026_extrato_da_ata_08o_reuniao_cap_19_03_2026.txt
2026,8,2026-03-19,2025-34FH0,não avaliado,empresa_sufixo,dados/fontes_web/paginas/cap2026_extrato_da_ata_08o_reuniao_cap_19_03_2026.txt
2026,8,2026-03-19,2025-71SD9,não avaliado,osc,dados/fontes_web/paginas/cap2026_extrato_da_ata_08o_reuniao_cap_19_03_2026.txt
2026,8,2026-03-19,2025-T178P,não avaliado,osc,dados/fontes_web/paginas/cap2026_extrato_da_ata_08o_reuniao_cap_19_03_2026.txt
2026,9,2026-03-26,2025-L2ZQD,habilitado,empresa_sufixo,dados/fontes_web/paginas/cap2026_extrato_da_ata_09o_reuniao_cap_26_03_2026.txt
2026,9,2026-03-26,2025-34FH0,habilitado,empresa_sufixo,dados/fontes_web/paginas/cap2026_extrato_da_ata_09o_reuniao_cap_26_03_2026.txt
2026,9,2026-03-26,2025-PHW93,habilitado,empresa_sufixo,dados/fontes_web/paginas/cap2026_extrato_da_ata_09o_reuniao_cap_26_03_2026.txt
2026,9,2026-03-26,2025-33P6C,em diligência,empresa_provavel,dados/fontes_web/paginas/cap2026_extrato_da_ata_09o_reuniao_cap_26_03_2026.txt
2026,9,2026-03-26,2025-RK2BJ,em diligência,empresa_sufixo,dados/fontes_web/paginas/cap2026_extrato_da_ata_09o_reuniao_cap_26_03_2026.txt
2026,9,2026-03-26,2025-7NPG5,em diligência,empresa_sufixo,dados/fontes_web/paginas/cap2026_extrato_da_ata_09o_reuniao_cap_26_03_2026.txt
2026,9,2026-03-26,2025-9TB08,inabilitado,osc,dados/fontes_web/paginas/cap2026_extrato_da_ata_09o_reuniao_cap_26_03_2026.txt
2026,9,2026-03-26,2025-71SD9,inabilitado,osc,dados/fontes_web/paginas/cap2026_extrato_da_ata_09o_reuniao_cap_26_03_2026.txt
2026,9,2026-03-26,2025-CNFWC,não avaliado,empresa_sufixo,dados/fontes_web/paginas/cap2026_extrato_da_ata_09o_reuniao_cap_26_03_2026.txt
2026,9,2026-03-26,2025-T178P,não avaliado,osc,dados/fontes_web/paginas/cap2026_extrato_da_ata_09o_reuniao_cap_26_03_2026.txt
2026,9,2026-03-26,2025-4N56R,não avaliado,osc,dados/fontes_web/paginas/cap2026_extrato_da_ata_09o_reuniao_cap_26_03_2026.txt
2026,9,2026-03-26,2025-DZ8W2,não avaliado,osc,dados/fontes_web/paginas/cap2026_extrato_da_ata_09o_reuniao_cap_26_03_2026.txt
2026,10,2026-04-09,2025-CNFWC,habilitado,empresa_sufixo,dados/fontes_web/paginas/cap2026_extrato_da_ata_10o_reuniao_cap_09_04_2026.txt
2026,10,2026-04-09,2025-T178P,habilitado,osc,dados/fontes_web/paginas/cap2026_extrato_da_ata_10o_reuniao_cap_09_04_2026.txt
2026,10,2026-04-09,2025-B7SJZ,habilitado,osc,dados/fontes_web/paginas/cap2026_extrato_da_ata_10o_reuniao_cap_09_04_2026.txt
2026,10,2026-04-09,2025-9T9WD,habilitado,indeterminado,dados/fontes_web/paginas/cap2026_extrato_da_ata_10o_reuniao_cap_09_04_2026.txt
2026,10,2026-04-09,2025-J7NGB,habilitado,empresa_sufixo,dados/fontes_web/paginas/cap2026_extrato_da_ata_10o_reuniao_cap_09_04_2026.txt
2026,10,2026-04-09,2025-HFKGT,habilitado,osc,dados/fontes_web/paginas/cap2026_extrato_da_ata_10o_reuniao_cap_09_04_2026.txt
2026,10,2026-04-09,2025-9R9X2,habilitado,empresa_sufixo,dados/fontes_web/paginas/cap2026_extrato_da_ata_10o_reuniao_cap_09_04_2026.txt
2026,10,2026-04-09,2025-DZ8W2,em diligência,osc,dados/fontes_web/paginas/cap2026_extrato_da_ata_10o_reuniao_cap_09_04_2026.txt
2026,10,2026-04-09,2025-X1KG0,em diligência,osc,dados/fontes_web/paginas/cap2026_extrato_da_ata_10o_reuniao_cap_09_04_2026.txt
2026,10,2026-04-09,2025-LHW3M,em diligência,empresa_sufixo,dados/fontes_web/paginas/cap2026_extrato_da_ata_10o_reuniao_cap_09_04_2026.txt
2026,10,2026-04-09,2025-QR8HV,em diligência,osc,dados/fontes_web/paginas/cap2026_extrato_da_ata_10o_reuniao_cap_09_04_2026.txt
2026,10,2026-04-09,2025-4N56R,não avaliado,osc,dados/fontes_web/paginas/cap2026_extrato_da_ata_10o_reuniao_cap_09_04_2026.txt
2026,10,2026-04-09,2025-45Z60,não avaliado,empresa_sufixo,dados/fontes_web/paginas/cap2026_extrato_da_ata_10o_reuniao_cap_09_04_2026.txt
2026,11,2026-04-16,2025-7K1FV,habilitado,mei_ei,dados/fontes_web/paginas/cap2026_extrato_da_ata_11o_reuniao_cap_16_04_2026.txt
2026,11,2026-04-16,2026-3LXT7,habilitado,osc,dados/fontes_web/paginas/cap2026_extrato_da_ata_11o_reuniao_cap_16_04_2026.txt
2026,11,2026-04-16,2025-RZ6SH,habilitado,mei_ei,dados/fontes_web/paginas/cap2026_extrato_da_ata_11o_reuniao_cap_16_04_2026.txt
2026,11,2026-04-16,2025-KG7TS,em diligência,empresa_sufixo,dados/fontes_web/paginas/cap2026_extrato_da_ata_11o_reuniao_cap_16_04_2026.txt
2026,11,2026-04-16,2025-4N56R,não avaliado,osc,dados/fontes_web/paginas/cap2026_extrato_da_ata_11o_reuniao_cap_16_04_2026.txt
2026,11,2026-04-16,2025-45Z60,não avaliado,empresa_sufixo,dados/fontes_web/paginas/cap2026_extrato_da_ata_11o_reuniao_cap_16_04_2026.txt
2026,11,2026-04-16,2025-W5GFP,não avaliado,empresa_sufixo,dados/fontes_web/paginas/cap2026_extrato_da_ata_11o_reuniao_cap_16_04_2026.txt
2026,11,2026-04-16,2025-0N164,não avaliado,empresa_sufixo,dados/fontes_web/paginas/cap2026_extrato_da_ata_11o_reuniao_cap_16_04_2026.txt
2026,11,2026-04-16,2025-58RFR,não avaliado,osc,dados/fontes_web/paginas/cap2026_extrato_da_ata_11o_reuniao_cap_16_04_2026.txt
2026,12,2026-04-30,2025-QR8HV,habilitado,osc,dados/fontes_web/paginas/cap2026_extrato-da-ata-12o-reuniao-cap-30_04_2026.txt
2026,12,2026-04-30,2025-CFX7G,habilitado,mei_ei,dados/fontes_web/paginas/cap2026_extrato-da-ata-12o-reuniao-cap-30_04_2026.txt
2026,12,2026-04-30,2025-HMWCM,habilitado,osc,dados/fontes_web/paginas/cap2026_extrato-da-ata-12o-reuniao-cap-30_04_2026.txt
2026,12,2026-04-30,2025-L9896,habilitado,empresa_sufixo,dados/fontes_web/paginas/cap2026_extrato-da-ata-12o-reuniao-cap-30_04_2026.txt
2026,12,2026-04-30,2025-4N56R,inabilitado,osc,dados/fontes_web/paginas/cap2026_extrato-da-ata-12o-reuniao-cap-30_04_2026.txt
2026,12,2026-04-30,2025-W5GFP,inabilitado,empresa_sufixo,dados/fontes_web/paginas/cap2026_extrato-da-ata-12o-reuniao-cap-30_04_2026.txt
2026,12,2026-04-30,2025-45Z60,não avaliado,empresa_sufixo,dados/fontes_web/paginas/cap2026_extrato-da-ata-12o-reuniao-cap-30_04_2026.txt
2026,12,2026-04-30,2025-0N164,não avaliado,empresa_sufixo,dados/fontes_web/paginas/cap2026_extrato-da-ata-12o-reuniao-cap-30_04_2026.txt
2026,12,2026-04-30,2025-58RFR,não avaliado,osc,dados/fontes_web/paginas/cap2026_extrato-da-ata-12o-reuniao-cap-30_04_2026.txt
2026,12,2026-04-30,2025-TH8J5,não avaliado,osc,dados/fontes_web/paginas/cap2026_extrato-da-ata-12o-reuniao-cap-30_04_2026.txt
2026,12,2026-04-30,2025-WBCHT,não avaliado,osc,dados/fontes_web/paginas/cap2026_extrato-da-ata-12o-reuniao-cap-30_04_2026.txt
2026,13,2026-05-07,2025-X1KG0,habilitado,osc,dados/fontes_web/paginas/cap2026_extrato-da-ata-13o-reuniao-cap-07_05_2026.txt
2026,13,2026-05-07,2025-RK2BJ,habilitado,empresa_sufixo,dados/fontes_web/paginas/cap2026_extrato-da-ata-13o-reuniao-cap-07_05_2026.txt
2026,13,2026-05-07,2025-58RFR,habilitado,osc,dados/fontes_web/paginas/cap2026_extrato-da-ata-13o-reuniao-cap-07_05_2026.txt
2026,13,2026-05-07,2026-BXDB7,habilitado,empresa_sufixo,dados/fontes_web/paginas/cap2026_extrato-da-ata-13o-reuniao-cap-07_05_2026.txt
2026,13,2026-05-07,2025-45Z60,inabilitado,empresa_sufixo,dados/fontes_web/paginas/cap2026_extrato-da-ata-13o-reuniao-cap-07_05_2026.txt
2026,13,2026-05-07,2025-0N164,inabilitado,empresa_sufixo,dados/fontes_web/paginas/cap2026_extrato-da-ata-13o-reuniao-cap-07_05_2026.txt
2026,13,2026-05-07,2025-TH8J5,não avaliado,osc,dados/fontes_web/paginas/cap2026_extrato-da-ata-13o-reuniao-cap-07_05_2026.txt
2026,13,2026-05-07,2025-WBCHT,não avaliado,osc,dados/fontes_web/paginas/cap2026_extrato-da-ata-13o-reuniao-cap-07_05_2026.txt
2026,14,2026-05-14,2025-GXTFK,habilitado,empresa_provavel,dados/fontes_web/paginas/cap2026_extrato-da-ata-14o-reuniao-cap-14_05_2026.txt
2026,14,2026-05-14,2025-C1XPG,habilitado,empresa_sufixo,dados/fontes_web/paginas/cap2026_extrato-da-ata-14o-reuniao-cap-14_05_2026.txt
2026,14,2026-05-14,2025-BN12V,em diligência,empresa_sufixo,dados/fontes_web/paginas/cap2026_extrato-da-ata-14o-reuniao-cap-14_05_2026.txt
2026,14,2026-05-14,2025-33P6C,não avaliado,empresa_provavel,dados/fontes_web/paginas/cap2026_extrato-da-ata-14o-reuniao-cap-14_05_2026.txt
2026,14,2026-05-14,2025-LHW3M,não avaliado,empresa_sufixo,dados/fontes_web/paginas/cap2026_extrato-da-ata-14o-reuniao-cap-14_05_2026.txt
2026,14,2026-05-14,2025-TH8J5,não avaliado,osc,dados/fontes_web/paginas/cap2026_extrato-da-ata-14o-reuniao-cap-14_05_2026.txt
2026,14,2026-05-14,2025-WBCHT,não avaliado,osc,dados/fontes_web/paginas/cap2026_extrato-da-ata-14o-reuniao-cap-14_05_2026.txt
2026,14,2026-05-14,2026-QRPF8,não avaliado,mei_ei,dados/fontes_web/paginas/cap2026_extrato-da-ata-14o-reuniao-cap-14_05_2026.txt
2026,14,2026-05-14,2025-4CG5D,não avaliado,osc,dados/fontes_web/paginas/cap2026_extrato-da-ata-14o-reuniao-cap-14_05_2026.txt
2026,15,2026-05-28,2025-33P6C,habilitado,empresa_provavel,dados/fontes_web/paginas/cap2026_extrato-da-ata-15o-reuniao-cap-28_05_2026.txt
2026,15,2026-05-28,2025-LHW3M,habilitado,empresa_sufixo,dados/fontes_web/paginas/cap2026_extrato-da-ata-15o-reuniao-cap-28_05_2026.txt
2026,15,2026-05-28,2025-DZ8W2,habilitado,osc,dados/fontes_web/paginas/cap2026_extrato-da-ata-15o-reuniao-cap-28_05_2026.txt
2026,15,2026-05-28,2026-QRPF8,em diligência,mei_ei,dados/fontes_web/paginas/cap2026_extrato-da-ata-15o-reuniao-cap-28_05_2026.txt
2026,15,2026-05-28,2026-TWJD2,em diligência,empresa_sufixo,dados/fontes_web/paginas/cap2026_extrato-da-ata-15o-reuniao-cap-28_05_2026.txt
2026,15,2026-05-28,2025-TH8J5,não avaliado,osc,dados/fontes_web/paginas/cap2026_extrato-da-ata-15o-reuniao-cap-28_05_2026.txt
2026,15,2026-05-28,2025-WBCHT,não avaliado,osc,dados/fontes_web/paginas/cap2026_extrato-da-ata-15o-reuniao-cap-28_05_2026.txt
2026,15,2026-05-28,2025-KG7TS,não avaliado,empresa_sufixo,dados/fontes_web/paginas/cap2026_extrato-da-ata-15o-reuniao-cap-28_05_2026.txt
2026,15,2026-05-28,2025-4CG5D,não avaliado,osc,dados/fontes_web/paginas/cap2026_extrato-da-ata-15o-reuniao-cap-28_05_2026.txt
2026,15,2026-05-28,2026-DWH2S,não avaliado,mei_ei,dados/fontes_web/paginas/cap2026_extrato-da-ata-15o-reuniao-cap-28_05_2026.txt
2026,15,2026-05-28,2026-4RSGS,não avaliado,empresa_sufixo,dados/fontes_web/paginas/cap2026_extrato-da-ata-15o-reuniao-cap-28_05_2026.txt
2026,15,2026-05-28,2025-70M5F,não avaliado,osc,dados/fontes_web/paginas/cap2026_extrato-da-ata-15o-reuniao-cap-28_05_2026.txt
2026,16,2026-06-11,2025-WBCHT,habilitado,osc,dados/fontes_web/paginas/cap2026_extrato-da-ata-16o-reuniao-cap-11_06_2026.txt
2026,16,2026-06-11,2025-7NPG5,habilitado,empresa_sufixo,dados/fontes_web/paginas/cap2026_extrato-da-ata-16o-reuniao-cap-11_06_2026.txt
2026,16,2026-06-11,2026-F1ZDQ,habilitado,osc,dados/fontes_web/paginas/cap2026_extrato-da-ata-16o-reuniao-cap-11_06_2026.txt
2026,16,2026-06-11,2026-VZMTQ,habilitado,osc,dados/fontes_web/paginas/cap2026_extrato-da-ata-16o-reuniao-cap-11_06_2026.txt
2026,16,2026-06-11,2025-TH8J5,em diligência,osc,dados/fontes_web/paginas/cap2026_extrato-da-ata-16o-reuniao-cap-11_06_2026.txt
2026,16,2026-06-11,2025-70M5F,em diligência,osc,dados/fontes_web/paginas/cap2026_extrato-da-ata-16o-reuniao-cap-11_06_2026.txt
2026,16,2026-06-11,2026-QRPF8,inabilitado,mei_ei,dados/fontes_web/paginas/cap2026_extrato-da-ata-16o-reuniao-cap-11_06_2026.txt
2026,16,2026-06-11,2025-KG7TS,não avaliado,empresa_sufixo,dados/fontes_web/paginas/cap2026_extrato-da-ata-16o-reuniao-cap-11_06_2026.txt
2026,16,2026-06-11,2025-4CG5D,não avaliado,osc,dados/fontes_web/paginas/cap2026_extrato-da-ata-16o-reuniao-cap-11_06_2026.txt
2026,16,2026-06-11,2026-DWH2S,não avaliado,mei_ei,dados/fontes_web/paginas/cap2026_extrato-da-ata-16o-reuniao-cap-11_06_2026.txt
2026,16,2026-06-11,2026-4RSGS,não avaliado,empresa_sufixo,dados/fontes_web/paginas/cap2026_extrato-da-ata-16o-reuniao-cap-11_06_2026.txt
2026,17,2026-06-18,2026-B4JW8,habilitado,mei_ei,dados/fontes_web/paginas/cap2026_extrato-da-ata-17o-reuniao-cap-18_06_2026.txt
2026,17,2026-06-18,2025-HKBPD,em diligência,indeterminado,dados/fontes_web/paginas/cap2026_extrato-da-ata-17o-reuniao-cap-18_06_2026.txt
2026,17,2026-06-18,2025-4CG5D,inabilitado,osc,dados/fontes_web/paginas/cap2026_extrato-da-ata-17o-reuniao-cap-18_06_2026.txt
2026,17,2026-06-18,2026-DWH2S,inabilitado,mei_ei,dados/fontes_web/paginas/cap2026_extrato-da-ata-17o-reuniao-cap-18_06_2026.txt
2026,17,2026-06-18,2026-4RSGS,inabilitado,empresa_sufixo,dados/fontes_web/paginas/cap2026_extrato-da-ata-17o-reuniao-cap-18_06_2026.txt
2026,17,2026-06-18,2025-KG7TS,não avaliado,empresa_sufixo,dados/fontes_web/paginas/cap2026_extrato-da-ata-17o-reuniao-cap-18_06_2026.txt
2026,18,2026-06-25,2025-70M5F,habilitado,osc,dados/fontes_web/paginas/cap2026_extrato-da-ata-18o-reuniao-cap-25_06_2026.txt
2026,18,2026-06-25,2025-BN12V,habilitado,empresa_sufixo,dados/fontes_web/paginas/cap2026_extrato-da-ata-18o-reuniao-cap-25_06_2026.txt
2026,18,2026-06-25,2025-KG7TS,não avaliado,empresa_sufixo,dados/fontes_web/paginas/cap2026_extrato-da-ata-18o-reuniao-cap-25_06_2026.txt
2026,18,2026-06-25,2026-TWJD2,não avaliado,empresa_sufixo,dados/fontes_web/paginas/cap2026_extrato-da-ata-18o-reuniao-cap-25_06_2026.txt
2026,18,2026-06-25,2026-S5D5T,não avaliado,empresa_provavel,dados/fontes_web/paginas/cap2026_extrato-da-ata-18o-reuniao-cap-25_06_2026.txt
2026,18,2026-06-25,2026-W7TBM,não avaliado,empresa_sufixo,dados/fontes_web/paginas/cap2026_extrato-da-ata-18o-reuniao-cap-25_06_2026.txt
2026,19,2026-07-09,2026-TWJD2,habilitado,empresa_sufixo,dados/fontes_web/paginas/cap2026_extrato-da-ata-19o-reuniao-cap-09_07_2026.txt
2026,19,2026-07-09,2026-NNC7R,habilitado,osc,dados/fontes_web/paginas/cap2026_extrato-da-ata-19o-reuniao-cap-09_07_2026.txt
2026,19,2026-07-09,2026-S5D5T,em diligência,empresa_provavel,dados/fontes_web/paginas/cap2026_extrato-da-ata-19o-reuniao-cap-09_07_2026.txt
2026,19,2026-07-09,2026-W7TBM,em diligência,empresa_sufixo,dados/fontes_web/paginas/cap2026_extrato-da-ata-19o-reuniao-cap-09_07_2026.txt
2026,19,2026-07-09,2025-KG7TS,não avaliado,empresa_sufixo,dados/fontes_web/paginas/cap2026_extrato-da-ata-19o-reuniao-cap-09_07_2026.txt
2026,19,2026-07-09,2026-WGKTT,não avaliado,empresa_sufixo,dados/fontes_web/paginas/cap2026_extrato-da-ata-19o-reuniao-cap-09_07_2026.txt
2026,20,2026-07-23,2026-WGKTT,habilitado,empresa_sufixo,dados/fontes_web/paginas/cap2026_extrato-da-ata-20o-reuniao-cap-23_07_2026.txt
2026,20,2026-07-23,2026-W7TBM,habilitado,empresa_sufixo,dados/fontes_web/paginas/cap2026_extrato-da-ata-20o-reuniao-cap-23_07_2026.txt
2026,20,2026-07-23,2025-8CCBJ,em diligência,osc,dados/fontes_web/paginas/cap2026_extrato-da-ata-20o-reuniao-cap-23_07_2026.txt
2026,20,2026-07-23,2026-FK2ST,em diligência,empresa_sufixo,dados/fontes_web/paginas/cap2026_extrato-da-ata-20o-reuniao-cap-23_07_2026.txt
2026,20,2026-07-23,2026-SCKNF,em diligência,empresa_sufixo,dados/fontes_web/paginas/cap2026_extrato-da-ata-20o-reuniao-cap-23_07_2026.txt
2026,20,2026-07-23,2025-KG7TS,inabilitado,empresa_sufixo,dados/fontes_web/paginas/cap2026_extrato-da-ata-20o-reuniao-cap-23_07_2026.txt
2026,20,2026-07-23,2025-Q4QZD,não avaliado,osc,dados/fontes_web/paginas/cap2026_extrato-da-ata-20o-reuniao-cap-23_07_2026.txt
2026,21,2026-08-06,2026-SCKNF,habilitado,empresa_sufixo,dados/fontes_web/paginas/cap2026_extrato-da-ata-21o-reuniao-cap-06_08_2026.txt
2026,21,2026-08-06,2026-NZ9D3,habilitado,indeterminado,dados/fontes_web/paginas/cap2026_extrato-da-ata-21o-reuniao-cap-06_08_2026.txt
2026,21,2026-08-06,2026-5PBHL,habilitado,empresa_sufixo,dados/fontes_web/paginas/cap2026_extrato-da-ata-21o-reuniao-cap-06_08_2026.txt
2026,21,2026-08-06,2025-TH8J5,em diligência,osc,dados/fontes_web/paginas/cap2026_extrato-da-ata-21o-reuniao-cap-06_08_2026.txt
2026,21,2026-08-06,2026-TQMK8,em diligência,empresa_provavel,dados/fontes_web/paginas/cap2026_extrato-da-ata-21o-reuniao-cap-06_08_2026.txt
2026,21,2026-08-06,2025-Q4QZD,não avaliado,osc,dados/fontes_web/paginas/cap2026_extrato-da-ata-21o-reuniao-cap-06_08_2026.txt
2026,21,2026-08-06,2025-HKBPD,não avaliado,indeterminado,dados/fontes_web/paginas/cap2026_extrato-da-ata-21o-reuniao-cap-06_08_2026.txt
2026,21,2026-08-06,2026-H43VR,não avaliado,indeterminado,dados/fontes_web/paginas/cap2026_extrato-da-ata-21o-reuniao-cap-06_08_2026.txt
2026,22,2026-08-20,2026-TQMK8,habilitado,empresa_provavel,dados/fontes_web/paginas/cap2026_extrato-da-ata-22o-reuniao-cap-20_08_2026.txt
2026,22,2026-08-20,2025-Q4QZD,em diligência,osc,dados/fontes_web/paginas/cap2026_extrato-da-ata-22o-reuniao-cap-20_08_2026.txt
2026,22,2026-08-20,2025-HKBPD,em diligência,indeterminado,dados/fontes_web/paginas/cap2026_extrato-da-ata-22o-reuniao-cap-20_08_2026.txt
2026,22,2026-08-20,2026-H43VR,em diligência,indeterminado,dados/fontes_web/paginas/cap2026_extrato-da-ata-22o-reuniao-cap-20_08_2026.txt
2026,22,2026-08-20,2026-W18B1,em diligência,empresa_sufixo,dados/fontes_web/paginas/cap2026_extrato-da-ata-22o-reuniao-cap-20_08_2026.txt
2026,22,2026-08-20,2026-F77LH,não avaliado,empresa_provavel,dados/fontes_web/paginas/cap2026_extrato-da-ata-22o-reuniao-cap-20_08_2026.txt
2026,22,2026-08-20,2026-7BHMQ,não avaliado,empresa_sufixo,dados/fontes_web/paginas/cap2026_extrato-da-ata-22o-reuniao-cap-20_08_2026.txt
2026,22,2026-08-20,2026-9T9CZ,não avaliado,osc,dados/fontes_web/paginas/cap2026_extrato-da-ata-22o-reuniao-cap-20_08_2026.txt
2026,23,2026-08-27,2026-F77LH,em diligência,empresa_provavel,dados/fontes_web/paginas/cap2026_extrato-da-ata-23o-reuniao-cap-27_08_2026.txt
2026,23,2026-08-27,2026-7BHMQ,em diligência,empresa_sufixo,dados/fontes_web/paginas/cap2026_extrato-da-ata-23o-reuniao-cap-27_08_2026.txt
2026,23,2026-08-27,2026-S5D5T,em diligência,empresa_provavel,dados/fontes_web/paginas/cap2026_extrato-da-ata-23o-reuniao-cap-27_08_2026.txt
2026,23,2026-08-27,2026-9T9CZ,não avaliado,osc,dados/fontes_web/paginas/cap2026_extrato-da-ata-23o-reuniao-cap-27_08_2026.txt
2026,24,2026-09-03,2026-9T9CZ,habilitado,osc,dados/fontes_web/paginas/cap2026_extrato-da-ata-24o-reuniao-cap-03_09_2026.txt
2026,24,2026-09-03,2026-FK2ST,habilitado,empresa_sufixo,dados/fontes_web/paginas/cap2026_extrato-da-ata-24o-reuniao-cap-03_09_2026.txt
2026,24,2026-09-03,2026-X4H2N,não avaliado,empresa_sufixo,dados/fontes_web/paginas/cap2026_extrato-da-ata-24o-reuniao-cap-03_09_2026.txt
2026,24,2026-09-03,2025-8CCBJ,não avaliado,osc,dados/fontes_web/paginas/cap2026_extrato-da-ata-24o-reuniao-cap-03_09_2026.txt
2026,25,2026-09-17,2025-Q4QZD,habilitado,osc,dados/fontes_web/paginas/cap2026_extrato-da-ata-25o-reuniao-cap-17_09_2026.txt
2026,25,2026-09-17,2026-KC2QK,habilitado,empresa_sufixo,dados/fontes_web/paginas/cap2026_extrato-da-ata-25o-reuniao-cap-17_09_2026.txt
2026,25,2026-09-17,2026-7BHMQ,habilitado,empresa_sufixo,dados/fontes_web/paginas/cap2026_extrato-da-ata-25o-reuniao-cap-17_09_2026.txt
2026,25,2026-09-17,2025-TH8J5,habilitado,osc,dados/fontes_web/paginas/cap2026_extrato-da-ata-25o-reuniao-cap-17_09_2026.txt
2026,25,2026-09-17,2026-X4H2N,em diligência,empresa_provavel,dados/fontes_web/paginas/cap2026_extrato-da-ata-25o-reuniao-cap-17_09_2026.txt
2026,25,2026-09-17,2025-8CCBJ,inabilitado,osc,dados/fontes_web/paginas/cap2026_extrato-da-ata-25o-reuniao-cap-17_09_2026.txt
2026,25,2026-09-17,2026-0K0VG,não avaliado,empresa_sufixo,dados/fontes_web/paginas/cap2026_extrato-da-ata-25o-reuniao-cap-17_09_2026.txt
2026,25,2026-09-17,2026-L9TWB,não avaliado,indeterminado,dados/fontes_web/paginas/cap2026_extrato-da-ata-25o-reuniao-cap-17_09_2026.txt
2026,26,2026-09-24,2026-7JRS6,habilitado,empresa_provavel,dados/fontes_web/paginas/cap2026_extrato-da-ata-26o-reuniao-cap-24_09_2026.txt
2026,26,2026-09-24,2026-HG4JS,em diligência,empresa_sufixo,dados/fontes_web/paginas/cap2026_extrato-da-ata-26o-reuniao-cap-24_09_2026.txt
2026,26,2026-09-24,2026-0K0VG,inabilitado,empresa_sufixo,dados/fontes_web/paginas/cap2026_extrato-da-ata-26o-reuniao-cap-24_09_2026.txt
2026,26,2026-09-24,2026-L9TWB,inabilitado,osc,dados/fontes_web/paginas/cap2026_extrato-da-ata-26o-reuniao-cap-24_09_2026.txt
2026,26,2026-09-24,2026-H43VR,não avaliado,indeterminado,dados/fontes_web/paginas/cap2026_extrato-da-ata-26o-reuniao-cap-24_09_2026.txt
2026,26,2026-09-24,2026-9S79Q,não avaliado,osc,dados/fontes_web/paginas/cap2026_extrato-da-ata-26o-reuniao-cap-24_09_2026.txt
