id,url,status,content_type,bytes,sha256,coletado_utc,arquivo
busca:arts_grant_rd,regression discontinuity arts council grants effect on cultural organizations,200,application/json,16821,f44d6069857d127683883ab14477a898d4ea230af64f8c2bc75b9e604f6a2142,2026-09-24T19:51:12Z,dados/fontes_web/buscas/arts_grant_rd.json
busca:barros_lima_2017,Barros Lima Avaliacao de impacto de programas sociais por que para que e quando fazer,200,application/json,12399,85cb477f6533395ba873ab4e94f9fa5bcaffd119a52034a60e43273147df3062,2026-09-24T00:28:06Z,dados/fontes_web/buscas/barros_lima_2017.json
busca:baumol_bowen_1966,Baumol Bowen Performing arts the economic dilemma 1966 Twentieth Century Fund,200,application/json,8110,7a444fe59df7adfa0c3c1a395b4009d02134ad24c71fd04f7a83109dd4a44f82,2026-09-24T00:27:53Z,dados/fontes_web/buscas/baumol_bowen_1966.json
busca:belem_donadone_2013,Belem Donadone A Lei Rouanet e a construcao do mercado de patrocinios culturais NORUS 2013,200,application/json,2660,503bf2553881e77d7f0813b7a6bf18d23228d1ee48b24e02cf55b5721b6045d5,2026-09-24T00:29:04Z,dados/fontes_web/buscas/belem_donadone_2013.json
busca:braz_2023_rouanet,Braz Ribeiro Gonçalves A Lei Rouanet é um bom negócio revisão bibliográfica incentivo fiscal Cultura Agenda Política,200,application/json,12280,e11608222728f9912a7e980db01837b338d4e6f331c29ccc06cb5f4fcab88d5f,2026-09-24T00:43:33Z,dados/fontes_web/buscas/braz_2023_rouanet.json
busca:brooks_2004,Brooks In search of true public arts support Public Budgeting and Finance 2004,200,application/json,8487,1a26863b2a6be4c0b22d719b80057b35a5102cbf8c9df09008fea3403f431286,2026-09-24T00:29:05Z,dados/fontes_web/buscas/brooks_2004.json
busca:cultural_tax_incentive_eval,tax incentives for culture corporate sponsorship impact evaluation,200,application/json,8232,c0ef3202fd8f88db1e15d5ee07335d19b383a3f3cd005ca6bf32d956fe667aff,2026-09-24T19:51:14Z,dados/fontes_web/buscas/cultural_tax_incentive_eval.json
busca:examiner_design_eligibility,examiner assignment leniency instrumental variable program eligibility,200,application/json,8601,b9ab36973459fc88a0466e0e5ffb12d00c763e9ad23bfc2d8f63579a356cf785,2026-09-24T19:51:16Z,dados/fontes_web/buscas/examiner_design_eligibility.json
busca:feld_ohare_schuster_1983,Feld O'Hare Schuster Patrons despite themselves taxpayers and arts policy 1983,200,application/json,11849,e381550edd890126907d7afc19142a2745df88fcbf602a38f9ccd87125b9e66a,2026-09-24T00:27:55Z,dados/fontes_web/buscas/feld_ohare_schuster_1983.json
busca:gertler_2018,Avaliacao de impacto na pratica segunda edicao Gertler Martinez Premand Rawlings Vermeersch 2018,200,application/json,2751,f6d3f89ef474067b8fdb4b8f5f077235bf42a80f9641c710ad935d4b4b97dd8e,2026-09-24T00:28:57Z,dados/fontes_web/buscas/gertler_2018.json
busca:incentivo_cultura_icms_avaliacao,lei de incentivo à cultura ICMS avaliação de impacto Brasil,200,application/json,11685,45df085fa0a9778e65cfa3765c0a9ef6dbad3be8cd2bb49523d05d3d9779d732,2026-09-24T19:51:20Z,dados/fontes_web/buscas/incentivo_cultura_icms_avaliacao.json
busca:mcfadden_1974,McFadden Conditional logit analysis of qualitative choice behavior Frontiers in Econometrics 1974,200,application/json,8650,ed2058820ad208ec5c93ad7f3acf558aa9960f1b6c0c60d024fc15456171f924,2026-09-24T01:21:38Z,dados/fontes_web/buscas/mcfadden_1974.json
busca:menezes_pinto_2017,Avaliacao economica de projetos sociais Menezes Filho Pinto Fundacao Itau Social 2017,200,application/json,2548,83cd453f76c07a415cf845ba6c236db1c990f4138d37862fc370d80ef0625633,2026-09-24T00:28:23Z,dados/fontes_web/buscas/menezes_pinto_2017.json
busca:os_cataguases,Lei Municipal de Incentivo à Cultura quais os efeitos inclusivos e democráticos na produção cultural local Organizações & Sociedade,200,application/json,2975,93dc4f809ed26de6c5f6a2f45bf6475667693feec9732630327f6ac4e1a06f69,2026-09-24T00:43:01Z,dados/fontes_web/buscas/os_cataguases.json
busca:peer_review_funding_effect,effect of research grant funding peer review scores regression discontinuity,200,application/json,7773,35b4949f6317a842787fe474ebf59bac99e7a23234535765f711d4ceb009faf5,2026-09-24T19:51:23Z,dados/fontes_web/buscas/peer_review_funding_effect.json
busca:public_goods_culture_private_choice,private provision of public goods corporate sponsorship arts crowding out,200,application/json,10497,2a928f5f72655c80049c3fef2019fe6c17bece27120d1924631adfd61613b05d,2026-09-24T19:51:19Z,dados/fontes_web/buscas/public_goods_culture_private_choice.json
busca:schuster_2006,Schuster Tax incentives in cultural policy Handbook of the Economics of Art and Culture 2006,200,application/json,8494,cee709912b257ae773d4aa178b898947026c8b8946f2acbb544134fe757f2579,2026-09-24T00:27:59Z,dados/fontes_web/buscas/schuster_2006.json
busca:silva_2017_td2280,Silva Financiamento cultural no Brasil contemporaneo Ipea Texto para Discussao 2280,200,application/json,2688,5ac834deae281bc91c73844b2d692ca7800b4dd596993d5216490b2b28dfb04e,2026-09-24T00:28:55Z,dados/fontes_web/buscas/silva_2017_td2280.json
busca:throsby_1994,Throsby The production and consumption of the arts a view of cultural economics 1994,200,application/json,8141,9a7bd64ef27963221b3a116e452a22cc3a2880381143cb398fcb23ee04f6f00f,2026-09-24T00:27:57Z,dados/fontes_web/buscas/throsby_1994.json
busca:williams_2020_validade_externa,Williams External validity and policy adaptation: from impact evaluation to policy design World Bank Research Observer 2020,200,application/json,2748,83fdd6c1a3a71d36a2eba1a891ce7ef2784369cc5b57ccc74a0c1f0643b40c53,2026-09-24T03:33:22Z,dados/fontes_web/buscas/williams_2020_validade_externa.json
cap2022_extrato_da_ata_01_reuniao_cap_16_03_22.docx-1,https://secult.es.gov.br/media/001/Extrato%20da%20ATA%2001%20REUNI%C3%83O%20CAP%2016_03_22.docx-1.pdf,200,application/pdf,54927,d3e0655769267b34775d9ca44f82e6b1b3595c006228d9eaed6ff07d824ec51c,2026-09-27T03:26:44Z,dados/fontes_web/paginas/cap2022_extrato_da_ata_01_reuniao_cap_16_03_22.docx-1.txt
cap2022_extrato_da_ata_02_reuniao_cap_31_03_22.docx-1,https://secult.es.gov.br/media/001/Extrato%20da%20ATA%2002%20REUNI%C3%83O%20CAP%2031_03_22.docx-1.pdf,200,application/pdf,56164,8a46bf9cec45114ac6c513fd14f05393c9cd3ed2f97008e8016551a2ff41e77a,2026-09-27T03:26:47Z,dados/fontes_web/paginas/cap2022_extrato_da_ata_02_reuniao_cap_31_03_22.docx-1.txt
cap2022_extrato_da_ata_03_reuniao_cap_06_04_22.docx-1,https://secult.es.gov.br/media/001/Extrato%20da%20ATA%2003%20REUNI%C3%83O%20CAP%2006_04_22.docx-1.pdf,200,application/pdf,55598,7790d3244f89b04a1635e780950f78b986edeec5c46c99d8ef496dbd73501911,2026-09-27T03:26:49Z,dados/fontes_web/paginas/cap2022_extrato_da_ata_03_reuniao_cap_06_04_22.docx-1.txt
cap2022_extrato_da_ata_04_reuniao_cap_14_04_22.docx,https://secult.es.gov.br/media/001/Extrato%20da%20ATA%2004%20REUNI%C3%83O%20CAP%2014_04_22.docx.pdf,200,application/pdf,55865,2c03199063a68445bf53da7214b3f32e7670440e861a48d477f05bbd5627a3f7,2026-09-27T03:26:51Z,dados/fontes_web/paginas/cap2022_extrato_da_ata_04_reuniao_cap_14_04_22.docx.txt
cap2022_extrato_da_ata_05_reuniao_cap_20_04_22.docx,https://secult.es.gov.br/media/2022/Extrato%20da%20ATA%2005%20REUNI%C3%83O%20CAP%2020_04_22.docx.pdf,200,application/pdf,56978,26c272c3b06e966a16ac4a930b12112b572c246025af136eef0064677fa7bd0a,2026-09-27T03:26:53Z,dados/fontes_web/paginas/cap2022_extrato_da_ata_05_reuniao_cap_20_04_22.docx.txt
cap2022_extrato_da_ata_06_reuniao_cap_28_04_22.docx,https://secult.es.gov.br/media/2022/Extrato%20da%20ATA%2006%20REUNI%C3%83O%20CAP%2028_04_22.docx.pdf,200,application/pdf,57487,3427ce92fba0e9000b44ea9428ccaa281c0eaac47da9484f5faa47b585e9f4d1,2026-09-27T03:26:54Z,dados/fontes_web/paginas/cap2022_extrato_da_ata_06_reuniao_cap_28_04_22.docx.txt
cap2022_extrato_da_ata_07_reuniao_cap_05_05_22.docx,https://secult.es.gov.br/media/2022/Extrato%20da%20ATA%2007%20REUNI%C3%83O%20CAP%2005_05_22.docx.pdf,200,application/pdf,55922,b74c73a8fdbfdaeff88667801030bd15fbca85fef20d16f2747ecd915be2a379,2026-09-27T03:26:57Z,dados/fontes_web/paginas/cap2022_extrato_da_ata_07_reuniao_cap_05_05_22.docx.txt
cap2022_extrato_da_ata_08_reuniao_cap_12_05_22.docx,https://secult.es.gov.br/media/2022/Extrato%20da%20ATA%2008%20REUNI%C3%83O%20CAP%2012_05_22.docx.pdf,200,application/pdf,57392,26257a3f9630298045c0c469b26f11c1fd2161adb8fedd7f8ea0ac588192c000,2026-09-27T03:26:59Z,dados/fontes_web/paginas/cap2022_extrato_da_ata_08_reuniao_cap_12_05_22.docx.txt
cap2022_extrato_da_ata_09_reuniao_cap_26_05_22.docx,https://secult.es.gov.br/media/2022/Extrato%20da%20ATA%2009%20REUNI%C3%83O%20CAP%2026_05_22.docx.pdf,200,application/pdf,58054,5c8bdff3dce0c6a7c7c0f375d16331e01e2e87fd8257e0c832956c1afc15b646,2026-09-27T03:27:01Z,dados/fontes_web/paginas/cap2022_extrato_da_ata_09_reuniao_cap_26_05_22.docx.txt
cap2022_extrato_da_ata_10_reuniao_cap_02_06_22.docx_1,https://secult.es.gov.br/media/001/Extrato%20da%20ATA%2010%20REUNI%C3%83O%20CAP%2002_06_22.docx%20%281%29.pdf,200,application/pdf,57632,b5591664b51be13d77f25efb16431b68098f493fbdab7db8db24897186102bbf,2026-09-27T03:27:03Z,dados/fontes_web/paginas/cap2022_extrato_da_ata_10_reuniao_cap_02_06_22.docx_1.txt
cap2022_extrato_da_ata_11_reuniao_cap_09_06_22.docx,https://secult.es.gov.br/media/001/Extrato%20da%20ATA%2011%20REUNI%C3%83O%20CAP%2009_06_22.docx.pdf,200,application/pdf,56125,fc6a49d37c8540dfdcee53002b09042e8ae523d217201d10faa3b98ca303296f,2026-09-27T03:27:05Z,dados/fontes_web/paginas/cap2022_extrato_da_ata_11_reuniao_cap_09_06_22.docx.txt
cap2022_extrato_da_ata_12_reuniao_cap_15_06_22.docx,https://secult.es.gov.br/media/001/Extrato%20da%20ATA%2012%20REUNI%C3%83O%20CAP%2015_06_22.docx.pdf,200,application/pdf,54880,d3e74cdc8756f6ffddd0a0a282d7b0a4a9aa87ea14a2412d6a340d98e3c73068,2026-09-27T03:27:07Z,dados/fontes_web/paginas/cap2022_extrato_da_ata_12_reuniao_cap_15_06_22.docx.txt
cap2022_extrato_da_ata_13_reuniao_cap_23_06_22.docx,https://secult.es.gov.br/media/001/Extrato%20da%20ATA%2013%20REUNI%C3%83O%20CAP%2023_06_22.docx.pdf,200,application/pdf,51679,fee2145b1ba5b587da4ce9849764a03fd5e8d93f49bee576b078d0927671de40,2026-09-27T03:27:08Z,dados/fontes_web/paginas/cap2022_extrato_da_ata_13_reuniao_cap_23_06_22.docx.txt
cap2022_extrato_da_ata_14_reuniao_cap_30_06_2022,https://secult.es.gov.br/media/001/Extrato%20da%20ATA%2014%20REUNI%C3%83O%20CAP%2030_06_2022.pdf,200,application/pdf,57896,dc9afdac7dc6fef1300a8eb7238fe9f4301f2c699f8f61409e08bf7cdd780595,2026-09-27T03:27:11Z,dados/fontes_web/paginas/cap2022_extrato_da_ata_14_reuniao_cap_30_06_2022.txt
cap2022_extrato_da_ata_15_reuniao_cap_14_07_22.docx,https://secult.es.gov.br/media/001/Extrato%20da%20ATA%2015%20REUNI%C3%83O%20CAP%2014_07_22.docx.pdf,200,application/pdf,56608,920e200965fa3ad37f08ea898e3a63d0593d072fcab332d46369de73fa412cc4,2026-09-27T03:27:13Z,dados/fontes_web/paginas/cap2022_extrato_da_ata_15_reuniao_cap_14_07_22.docx.txt
cap2022_extrato_da_ata_16o_reuniao_cap,https://secult.es.gov.br/media/001/Extrato%20da%20ATA%2016%C2%BA%20REUNI%C3%83O%20CAP.pdf,200,application/pdf,54761,98c8aa97837e7f169cd820e785af427053c05f6e09175870b8bfd154e80f9fb8,2026-09-27T03:27:14Z,dados/fontes_web/paginas/cap2022_extrato_da_ata_16o_reuniao_cap.txt
cap2022_extrato_da_ata_17o_reuniao_cap_04_08_22_1,https://secult.es.gov.br/media/001/Extrato%20da%20ATA%2017%C2%BA%20REUNI%C3%83O%20CAP%2004_08_22%20%281%29.pdf,200,application/pdf,55492,08d2f5c2c7b17f164b0439d85d97d5e8da85932dffc6e9257b65161aa40b98a1,2026-09-27T03:27:16Z,dados/fontes_web/paginas/cap2022_extrato_da_ata_17o_reuniao_cap_04_08_22_1.txt
cap2022_extrato_da_ata_18o_reuniao_cap_11_08_22.docx,https://secult.es.gov.br/media/001/Extrato%20da%20ATA%2018%C2%BA%20REUNI%C3%83O%20CAP%2011_08_22.docx.pdf,200,application/pdf,56979,ff45660835fcf508856d280bfe7d0ae7fab1714e6bd88991776e31fb107f9f19,2026-09-27T03:27:18Z,dados/fontes_web/paginas/cap2022_extrato_da_ata_18o_reuniao_cap_11_08_22.docx.txt
cap2022_extrato_da_ata_19o_reuniao_cap_18_08_22_1,https://secult.es.gov.br/media/001/Extrato%20da%20ATA%2019%C2%BA%20REUNI%C3%83O%20CAP%2018_08_22%20%281%29.pdf,200,application/pdf,58616,cc2b97ea0b1b078b2cd2d36d10b0767c4cf12eb48bf74262add002b279a62385,2026-09-27T03:27:20Z,dados/fontes_web/paginas/cap2022_extrato_da_ata_19o_reuniao_cap_18_08_22_1.txt
cap2022_extrato_da_ata_20o_reuniao_cap_25_08_22.docx,https://secult.es.gov.br/media/001/Extrato%20da%20ATA%2020%C2%BA%20REUNI%C3%83O%20CAP%2025_08_22.docx.pdf,200,application/pdf,57359,29397722a542e05284ed591f6cd52b9fd0e743a12510919d5be020d427da9728,2026-09-27T03:27:22Z,dados/fontes_web/paginas/cap2022_extrato_da_ata_20o_reuniao_cap_25_08_22.docx.txt
cap2022_extrato_da_ata_21o_reuniao_cap_01_09_22,https://secult.es.gov.br/media/001/Extrato%20da%20ATA%2021%C2%BA%20REUNI%C3%83O%20CAP%2001_09_22.pdf,200,application/pdf,58239,9e12b03da1243cbc4e68a34515e0d6e4f548abfd0ab485d51f5f637e7f7de795,2026-09-27T03:27:23Z,dados/fontes_web/paginas/cap2022_extrato_da_ata_21o_reuniao_cap_01_09_22.txt
cap2022_extrato_da_ata_22o_reuniao_cap_15_09_22.docx,https://secult.es.gov.br/media/2022/Extrato%20da%20ATA%2022%C2%BA%20REUNI%C3%83O%20CAP%2015_09_22.docx.pdf,200,application/pdf,59181,386843648cda53adf9746540075193427347a1d2889da0c6bfc42dc6697b1b93,2026-09-27T03:27:25Z,dados/fontes_web/paginas/cap2022_extrato_da_ata_22o_reuniao_cap_15_09_22.docx.txt
cap2022_extrato_da_ata_23o_reuniao_cap_22_09_22,https://secult.es.gov.br/media/2022/Extrato%20da%20ATA%2023%C2%BA%20REUNI%C3%83O%20CAP%2022_09_22.pdf,200,application/pdf,55728,7bfdf05f85e80db5246405443524ef714decf45d29e28c4b34f8199a94310322,2026-09-27T03:27:27Z,dados/fontes_web/paginas/cap2022_extrato_da_ata_23o_reuniao_cap_22_09_22.txt
cap2022_extrato_da_ata_24o_reuniao_cap_29_09_22.docx,https://secult.es.gov.br/media/001/Extrato%20da%20ATA%2024%C2%BA%20REUNI%C3%83O%20CAP%2029_09_22.docx.pdf,200,application/pdf,57602,c3662017dba511738c326641e82b2d6bb934167a1871b8e0e168b710bc4328f4,2026-09-27T03:27:29Z,dados/fontes_web/paginas/cap2022_extrato_da_ata_24o_reuniao_cap_29_09_22.docx.txt
cap2022_extrato_da_ata_25o_reuniao_cap_06_10_22,https://secult.es.gov.br/media/001/Extrato%20da%20ATA%2025%C2%BA%20REUNI%C3%83O%20CAP%2006_10_22.pdf,200,application/pdf,57464,8df8d76b236b683099411716f1deaf0d679e12ac8ee219b82c1f15b59c5a0421,2026-09-27T03:27:31Z,dados/fontes_web/paginas/cap2022_extrato_da_ata_25o_reuniao_cap_06_10_22.txt
cap2022_extrato_da_ata_26o_reuniao_cap_20_10_22,https://secult.es.gov.br/media/2022/Extrato%20da%20ATA%2026%C2%BA%20REUNI%C3%83O%20CAP%2020_10_22.pdf,200,application/pdf,57408,abc7a111204272da571c57fa0803d10b649dbc08b8ccf4e5b0eae920c628b32d,2026-09-27T03:27:32Z,dados/fontes_web/paginas/cap2022_extrato_da_ata_26o_reuniao_cap_20_10_22.txt
cap2022_extrato_da_ata_27o_reuniao_cap_27_10_22,https://secult.es.gov.br/media/001/Extrato%20da%20ATA%2027%C2%BA%20REUNI%C3%83O%20CAP%2027_10_22.pdf,200,application/pdf,56495,90e4a071facc0f27d641c57c1fd0d6a4fbece737f8d87665bb92f5eaac6c449c,2026-09-27T03:27:34Z,dados/fontes_web/paginas/cap2022_extrato_da_ata_27o_reuniao_cap_27_10_22.txt
cap2022_extrato_da_ata_28o_reuniao_cap_03_11_22,https://secult.es.gov.br/media/001/Extrato%20da%20ATA%2028%C2%BA%20REUNI%C3%83O%20CAP%2003_11_22.pdf,200,application/pdf,58175,d01698d7d399fb7b59791cfe3c2d0b138123277b1d8bae00cfab88ee7fd88864,2026-09-27T03:27:37Z,dados/fontes_web/paginas/cap2022_extrato_da_ata_28o_reuniao_cap_03_11_22.txt
cap2022_extrato_da_ata_29o_reuniao_cap_10_11_22,https://secult.es.gov.br/media/001/Extrato%20da%20ATA%2029%C2%BA%20REUNI%C3%83O%20CAP%2010_11_22.pdf,200,application/pdf,55384,24329097b64a48f61d4b85ffdf99019fa335ce2eaf8e244d652815f2fcd51962,2026-09-27T03:27:38Z,dados/fontes_web/paginas/cap2022_extrato_da_ata_29o_reuniao_cap_10_11_22.txt
cap2022_extrato_da_ata_30o_reuniao_cap_17_11_22,https://secult.es.gov.br/media/001/Extrato%20da%20ATA%2030%C2%BA%20REUNI%C3%83O%20CAP%2017_11_22.pdf,200,application/pdf,56775,991af07a5266d982c42d717b42736e8dfc037a3fa6c530ce6a30cb83ec7ac04d,2026-09-27T03:27:40Z,dados/fontes_web/paginas/cap2022_extrato_da_ata_30o_reuniao_cap_17_11_22.txt
cap2022_extrato_da_ata_32o_reuniao_cap_01_12_22,https://secult.es.gov.br/media/001/Extrato%20da%20ATA%2032%C2%BA%20REUNI%C3%83O%20CAP%2001_12_22.pdf,200,application/pdf,57336,89e16ce639a731ccb08f469397f9d7de220bdcabeb3aec045a5acce05c4b5a4c,2026-09-27T03:27:42Z,dados/fontes_web/paginas/cap2022_extrato_da_ata_32o_reuniao_cap_01_12_22.txt
cap2022_extrato_da_ata_33o_reuniao_cap_08_12_22,https://secult.es.gov.br/media/001/Extrato%20da%20ATA%2033%C2%BA%20REUNI%C3%83O%20CAP%2008_12_22.pdf,200,application/pdf,58179,ec42427567c6accfa639edcd4578e87049f40100941bc8996ea6156553e175bf,2026-09-27T03:27:44Z,dados/fontes_web/paginas/cap2022_extrato_da_ata_33o_reuniao_cap_08_12_22.txt
cap2022_extrato_da_ata_34o_reuniao_cap_15_12_22_2,https://secult.es.gov.br/media/2022/Extrato%20da%20ATA%2034%C2%BA%20REUNI%C3%83O%20CAP%2015_12_22%20%282%29.pdf,200,application/pdf,57243,0f84e7280a622aa9cc27f29aa0a7559511af8f616fe36b5c461e5f2aed7534c3,2026-09-27T03:27:46Z,dados/fontes_web/paginas/cap2022_extrato_da_ata_34o_reuniao_cap_15_12_22_2.txt
cap2022_extrato_da_ata_35o_reuniao_cap_22_12_22,https://secult.es.gov.br/media/001/Extrato%20da%20ATA%2035%C2%BA%20REUNI%C3%83O%20CAP%2022_12_22.pdf,200,application/pdf,56241,1cfe706fc23eb8ff7242ffb8067b2181b7e3ae12748d755b80914fe6e9bdfbea,2026-09-27T03:27:48Z,dados/fontes_web/paginas/cap2022_extrato_da_ata_35o_reuniao_cap_22_12_22.txt
cap2022_indice,https://secult.es.gov.br/GrupodeArquivos/comissao-de-avaliacao-de-projetos-cap,200,text/html; charset=utf-8,240317,3d34e3b7d68cc44ff599805b2e40f59af4a4032c1d5fabfc6b44840ab94ea3ce,2026-09-27T03:26:42Z,dados/fontes_web/paginas/cap2022_indice.txt
cap2023_calendario_de_reunioes_cap_2023__39o_reuniao-1,https://secult.es.gov.br/media/2023/Calendario%20de%20reuni%C3%B5es%20CAP%202023_%2039%C2%BA%20reuni%C3%A3o-1.pdf,200,application/pdf,71563,7e1713cd55d25711b67ffe9eb8fe1971a843af2ea7dd3bab3e90907d982eb489,2026-09-27T03:29:01Z,dados/fontes_web/paginas/cap2023_calendario_de_reunioes_cap_2023__39o_reuniao-1.txt
cap2023_extrato_da_ata_10o_reuniao_cap_20_04_23,https://secult.es.gov.br/media/2023/Extrato%20da%20ATA%2010%C2%BA%20REUNI%C3%83O%20CAP%2020_04_23.pdf,200,application/pdf,83186,f2e7b35aca4de50e4cf22ab49fd4edb9e694700d18aaa2b980e98d200c2bdcfd,2026-09-27T03:28:08Z,dados/fontes_web/paginas/cap2023_extrato_da_ata_10o_reuniao_cap_20_04_23.txt
cap2023_extrato_da_ata_11o_reuniao_cap_27_04_23,https://secult.es.gov.br/media/2023/Extrato%20da%20ATA%2011%C2%BA%20REUNI%C3%83O%20CAP%2027_04_23.pdf,200,application/pdf,82124,f4f6b22a6caa02e8735ad9843ffbf1bd9e41f8de5ae6442eccfadecd3a16c546,2026-09-27T03:28:10Z,dados/fontes_web/paginas/cap2023_extrato_da_ata_11o_reuniao_cap_27_04_23.txt
cap2023_extrato_da_ata_12o_reuniao_cap_04_05_23,https://secult.es.gov.br/media/PDF/Extrato%20da%20ATA%2012%C2%BA%20REUNI%C3%83O%20CAP%2004_05_23.pdf,200,application/pdf,82989,36e5aa50082c592197269fc7784730f96a222c676aad85881ae55b77783b6c18,2026-09-27T03:28:12Z,dados/fontes_web/paginas/cap2023_extrato_da_ata_12o_reuniao_cap_04_05_23.txt
cap2023_extrato_da_ata_13o_reuniao_cap_11_05_23,https://secult.es.gov.br/media/2023/Extrato%20da%20ATA%2013%C2%BA%20REUNI%C3%83O%20CAP%2011_05_23.pdf,200,application/pdf,84935,620683b03a604e45a8538a3be9592feb0835e75fce80beba2b9f17ceef9d362c,2026-09-27T03:28:14Z,dados/fontes_web/paginas/cap2023_extrato_da_ata_13o_reuniao_cap_11_05_23.txt
cap2023_extrato_da_ata_14o_reuniao_cap_18_05_23,https://secult.es.gov.br/media/PDF/Extrato%20da%20ATA%2014%C2%BA%20REUNI%C3%83O%20CAP%2018_05_23.pdf,200,application/pdf,82140,7d033b9aa983b477901f4ad889b354f79a14c7bf3ed6d017d0b0da6fef2a797d,2026-09-27T03:28:16Z,dados/fontes_web/paginas/cap2023_extrato_da_ata_14o_reuniao_cap_18_05_23.txt
cap2023_extrato_da_ata_15a_reuniao_cap__25_05_23,https://secult.es.gov.br/media/PDF/Extrato%20da%20ATA%2015%C2%AA%20REUNI%C3%83O%20CAP%20_25_05_23.pdf,200,application/pdf,82406,b8e47cd344a2d6e3d1dc1885f303e08e93dda4f05d11a62a84ff8576c8774d0a,2026-09-27T03:28:18Z,dados/fontes_web/paginas/cap2023_extrato_da_ata_15a_reuniao_cap__25_05_23.txt
cap2023_extrato_da_ata_16o_reuniao_cap_01_06_23,https://secult.es.gov.br/media/PDF/2023/Extrato%20da%20ATA%2016%C2%BA%20REUNI%C3%83O%20CAP%2001_06_23.pdf,200,application/pdf,83689,4faf5ae0b9a39cdc16358c37d47cdf3427ac0e6f043f8cf829ff5707ce246cdd,2026-09-27T03:28:19Z,dados/fontes_web/paginas/cap2023_extrato_da_ata_16o_reuniao_cap_01_06_23.txt
cap2023_extrato_da_ata_17o_reuniao_cap_15_06_23,https://secult.es.gov.br/media/PDF/2023/Extrato%20da%20ATA%2017%C2%BA%20REUNI%C3%83O%20CAP%2015_06_23.pdf,200,application/pdf,82976,bc0c38bedfb85206638df2521c697429f88e471ba43daf1cb8056bf656aecd94,2026-09-27T03:28:21Z,dados/fontes_web/paginas/cap2023_extrato_da_ata_17o_reuniao_cap_15_06_23.txt
cap2023_extrato_da_ata_18o_reuniao_cap_22_06_23,https://secult.es.gov.br/media/PDF/2023/Extrato%20da%20ATA%2018%C2%BA%20REUNI%C3%83O%20CAP%2022_06_23.pdf,200,application/pdf,83845,a7b1983beb7c8d455e7226739ab0003fe25f3c4610b31a744cd51d53f924a069,2026-09-27T03:28:23Z,dados/fontes_web/paginas/cap2023_extrato_da_ata_18o_reuniao_cap_22_06_23.txt
cap2023_extrato_da_ata_19o_reuniao_cap_29_06_23,https://secult.es.gov.br/media/PDF/2023/Extrato%20da%20ATA%2019%C2%BA%20REUNI%C3%83O%20CAP%2029_06_23.pdf,200,application/pdf,83567,d4750a77a3c56d56b3e2096ff8b4899c3cacae8a75fa602b577f747d2162c322,2026-09-27T03:28:25Z,dados/fontes_web/paginas/cap2023_extrato_da_ata_19o_reuniao_cap_29_06_23.txt
cap2023_extrato_da_ata_1o_reuniao_cap_03_02_23,https://secult.es.gov.br/media/001/Extrato%20da%20ATA%201%C2%BA%20REUNI%C3%83O%20CAP%2003_02_23.pdf,200,application/pdf,57313,459bdf67c5d42d55fe42d42dd4e907a711e31796fc470e1519386e7e3c60664b,2026-09-27T03:27:51Z,dados/fontes_web/paginas/cap2023_extrato_da_ata_1o_reuniao_cap_03_02_23.txt
cap2023_extrato_da_ata_20o_reuniao_cap_06_07_23,https://secult.es.gov.br/media/PDF/2023/Extrato%20da%20ATA%2020%C2%BA%20REUNI%C3%83O%20CAP%2006_07_23.pdf,200,application/pdf,82868,f8c4122555ddcab42e85a21d85f4e66f50c0099cef25a625b0404cd18e2381f4,2026-09-27T03:28:27Z,dados/fontes_web/paginas/cap2023_extrato_da_ata_20o_reuniao_cap_06_07_23.txt
cap2023_extrato_da_ata_21o_reuniao_cap_13_07_23,https://secult.es.gov.br/media/PDF/Extrato%20da%20ATA%2021%C2%BA%20REUNI%C3%83O%20CAP%2013_07_23.pdf,200,application/pdf,82776,02376d22510f4e0ed917dafc36b78636cf1891c5d1c2529b83140c67ee4f85c5,2026-09-27T03:28:28Z,dados/fontes_web/paginas/cap2023_extrato_da_ata_21o_reuniao_cap_13_07_23.txt
cap2023_extrato_da_ata_22o_reuniao_cap_20_07_23,https://secult.es.gov.br/media/PDF/2023/Extrato%20da%20ATA%2022%C2%BA%20REUNI%C3%83O%20CAP%2020_07_23.pdf,200,application/pdf,145755,507a1b005c7443872e33e4f56129726239a192f252bbcf516f3a7b20c38c4401,2026-09-27T03:28:30Z,dados/fontes_web/paginas/cap2023_extrato_da_ata_22o_reuniao_cap_20_07_23.txt
cap2023_extrato_da_ata_23o_reuniao_cap_27_07_23-1,https://secult.es.gov.br/media/PDF/2023/Extrato%20da%20ATA%2023%C2%BA%20REUNI%C3%83O%20CAP%2027_07_23-1.pdf,200,application/pdf,83721,cf523257a017deb7f2a71ffcf26b7f0a9d2fa72411d5e190a2fbe4e7e1def482,2026-09-27T03:28:32Z,dados/fontes_web/paginas/cap2023_extrato_da_ata_23o_reuniao_cap_27_07_23-1.txt
cap2023_extrato_da_ata_24o_reuniao_cap_03_08_23,https://secult.es.gov.br/media/PDF/2023/Extrato%20da%20ATA%2024%C2%BA%20REUNI%C3%83O%20CAP%2003_08_23.pdf,200,application/pdf,83547,d7a650a03cb84d36052aa1fa513f8d97c2f79c017f0be75f37ee72e16e042b0a,2026-09-27T03:28:34Z,dados/fontes_web/paginas/cap2023_extrato_da_ata_24o_reuniao_cap_03_08_23.txt
cap2023_extrato_da_ata_25o_reuniao_cap_10_08_23,https://secult.es.gov.br/media/PDF/2023/Extrato%20da%20ATA%2025%C2%BA%20REUNI%C3%83O%20CAP%2010_08_23.pdf,200,application/pdf,85440,03b8d96e02138624f60b045501709c00340deb798672ab1ef5078866bd8d09d4,2026-09-27T03:28:36Z,dados/fontes_web/paginas/cap2023_extrato_da_ata_25o_reuniao_cap_10_08_23.txt
cap2023_extrato_da_ata_26o_reuniao_cap_24_08_23,https://secult.es.gov.br/media/PDF/2023/Extrato%20da%20ATA%2026%C2%BA%20REUNI%C3%83O%20CAP%2024_08_23.pdf,200,application/pdf,83934,f66b800f7a71e70cdb1bcb8379d1b348e0b9bf3786566fbf56577c680de3cfff,2026-09-27T03:28:38Z,dados/fontes_web/paginas/cap2023_extrato_da_ata_26o_reuniao_cap_24_08_23.txt
cap2023_extrato_da_ata_27o_reuniao_cap_31_08_23,https://secult.es.gov.br/media/2023/Extrato%20da%20ATA%2027%C2%BA%20REUNI%C3%83O%20CAP%2031_08_23.pdf,200,application/pdf,84497,0d981b593ef4dcab8f89ecfe9e8d7cc5a4912e23286fc9bba93a296d26971042,2026-09-27T03:28:40Z,dados/fontes_web/paginas/cap2023_extrato_da_ata_27o_reuniao_cap_31_08_23.txt
cap2023_extrato_da_ata_28o_reuniao_cap_14_09_23,https://secult.es.gov.br/media/PDF/2023/Extrato%20da%20ATA%2028%C2%BA%20REUNIA%CC%83O%20CAP%2014_09_23.pdf,200,application/pdf,85385,5e1ba03ed4ed1ba69e36b677236e39aed18bd7662878f80741c53c682039910d,2026-09-27T03:28:41Z,dados/fontes_web/paginas/cap2023_extrato_da_ata_28o_reuniao_cap_14_09_23.txt
cap2023_extrato_da_ata_29o_reuniao_cap_21_09_23,https://secult.es.gov.br/media/PDF/2023/Extrato%20da%20ATA%2029%C2%BA%20REUNI%C3%83O%20CAP%2021_09_23.pdf,200,application/pdf,83284,7c99fe19e8a4390e6f75146fca267bd8c188328d6686d352539177b6a3501f99,2026-09-27T03:28:43Z,dados/fontes_web/paginas/cap2023_extrato_da_ata_29o_reuniao_cap_21_09_23.txt
cap2023_extrato_da_ata_2o_reuniao_cap_09_02_23,https://secult.es.gov.br/media/001/Extrato%20da%20ATA%202%C2%BA%20REUNI%C3%83O%20CAP%2009_02_23.pdf,200,application/pdf,57375,2996e5355ac9956abc9619b2b40270b91cfa2b0a4df687eb00e9923d85c57a34,2026-09-27T03:27:53Z,dados/fontes_web/paginas/cap2023_extrato_da_ata_2o_reuniao_cap_09_02_23.txt
cap2023_extrato_da_ata_30o_reuniao_cap_28_09_23,https://secult.es.gov.br/media/PDF/2023/Extrato%20da%20ATA%2030%C2%BA%20REUNIA%CC%83O%20CAP%2028_09_23.pdf,200,application/pdf,83448,d01a45348af1bc083db7858c526e144399a82193864ee0b57ab374fcaa3a825f,2026-09-27T03:28:45Z,dados/fontes_web/paginas/cap2023_extrato_da_ata_30o_reuniao_cap_28_09_23.txt
cap2023_extrato_da_ata_31a_reuniao_cap_05_10_23,https://secult.es.gov.br/media/PDF/2023/Extrato%20da%20ATA%2031%C2%AA%20REUNI%C3%83O%20CAP%2005_10_23.pdf,200,application/pdf,84362,83ec1dfb7de8add139d83f6acc705a3c1b29a08a8c83a1e8e24e3bb16ab99760,2026-09-27T03:28:47Z,dados/fontes_web/paginas/cap2023_extrato_da_ata_31a_reuniao_cap_05_10_23.txt
cap2023_extrato_da_ata_32o_reuniao_cap_19_10_23,https://secult.es.gov.br/media/PDF/2023/Extrato%20da%20ATA%2032%C2%BA%20REUNI%C3%83O%20CAP%2019_10_23.pdf,200,application/pdf,83224,5bd2906b532cc25d10aae3ffbab0ed9f510419435563999fec9296574ee2b79f,2026-09-27T03:28:49Z,dados/fontes_web/paginas/cap2023_extrato_da_ata_32o_reuniao_cap_19_10_23.txt
cap2023_extrato_da_ata_33o_reuniao_cap_26_10_23,https://secult.es.gov.br/media/PDF/2023/Extrato%20da%20ATA%2033%C2%BA%20REUNI%C3%83O%20CAP%2026_10_23.pdf,200,application/pdf,83759,5f6db70055a2085d6b80f371a92b7030beeb325eb7564bbc54941333cda92fda,2026-09-27T03:28:50Z,dados/fontes_web/paginas/cap2023_extrato_da_ata_33o_reuniao_cap_26_10_23.txt
cap2023_extrato_da_ata_34o_reuniao_cap_09_11_23,https://secult.es.gov.br/media/PDF/2023/Extrato%20da%20ATA%2034%C2%BA%20REUNI%C3%83O%20CAP%2009_11_23.pdf,200,application/pdf,85413,d8374f3f519763b94134f0656e44d927abecfde6e8ee115eea758927f5f09ca9,2026-09-27T03:28:52Z,dados/fontes_web/paginas/cap2023_extrato_da_ata_34o_reuniao_cap_09_11_23.txt
cap2023_extrato_da_ata_35o_reuniao_cap_16_11_23,https://secult.es.gov.br/media/2023/Extrato%20da%20ATA%2035%C2%BA%20REUNI%C3%83O%20CAP%2016_11_23.pdf,200,application/pdf,84808,fedc5843726dae21b1a61be8184a9dcb0ebd2aed91e99617171a334aa0cd8b20,2026-09-27T03:28:54Z,dados/fontes_web/paginas/cap2023_extrato_da_ata_35o_reuniao_cap_16_11_23.txt
cap2023_extrato_da_ata_36o_reuniao_cap_23_11_23,https://secult.es.gov.br/media/PDF/2023/Extrato%20da%20ATA%2036%C2%BA%20REUNI%C3%83O%20CAP%2023_11_23.pdf,200,application/pdf,84413,cca079553913d4970ca9d62b12c165678ca1d54bc4565629529433f0b6b40cf7,2026-09-27T03:28:56Z,dados/fontes_web/paginas/cap2023_extrato_da_ata_36o_reuniao_cap_23_11_23.txt
cap2023_extrato_da_ata_37o_reuniao_cap_30_11_23,https://secult.es.gov.br/media/2023/Extrato%20da%20ATA%2037%C2%BA%20REUNI%C3%83O%20CAP%2030_11_23.pdf,200,application/pdf,84618,170294a82220a2bb12b0d0a814deeca5dcd9ae63df33f597983552969aff0f25,2026-09-27T03:28:58Z,dados/fontes_web/paginas/cap2023_extrato_da_ata_37o_reuniao_cap_30_11_23.txt
cap2023_extrato_da_ata_38o_reuniao_cap_08_12_23,https://secult.es.gov.br/media/2023/Extrato%20da%20ATA%2038%C2%BA%20REUNI%C3%83O%20CAP%2008_12_23.pdf,200,application/pdf,84683,5a4ac6dd0a0cea8aeb6ae788b318f03e4cf53562d41c58ad4b313a576553b746,2026-09-27T03:28:59Z,dados/fontes_web/paginas/cap2023_extrato_da_ata_38o_reuniao_cap_08_12_23.txt
cap2023_extrato_da_ata_3o_reuniao_cap_16_02_23_1,https://secult.es.gov.br/media/001/Extrato%20da%20ATA%203%C2%BA%20REUNI%C3%83O%20CAP%2016_02_23%20%281%29.pdf,200,application/pdf,55290,820c5f3328e60f1d583e501241207881c92c6795202c55a9333b6d66b6c9d292,2026-09-27T03:27:55Z,dados/fontes_web/paginas/cap2023_extrato_da_ata_3o_reuniao_cap_16_02_23_1.txt
cap2023_extrato_da_ata_6o_reuniao_cap_16_03_23,https://secult.es.gov.br/media/001/Extrato%20da%20ATA%206%C2%BA%20REUNI%C3%83O%20CAP%2016_03_23.pdf,200,application/pdf,82999,07181e8bab1dc633c2511251038365af9340ebfaad0d485d44b38685d31fdfdc,2026-09-27T03:28:01Z,dados/fontes_web/paginas/cap2023_extrato_da_ata_6o_reuniao_cap_16_03_23.txt
cap2023_extrato_da_ata_7o_reuniao_cap_23_03_23,https://secult.es.gov.br/media/2023/Extrato%20da%20ATA%207%C2%BA%20REUNI%C3%83O%20CAP%2023_03_23.pdf,200,application/pdf,83136,8394cd9cf2e2e02585a3267abcafa1e0437c90e8c1ba4bf6a097e7bc1651f962,2026-09-27T03:28:03Z,dados/fontes_web/paginas/cap2023_extrato_da_ata_7o_reuniao_cap_23_03_23.txt
cap2023_extrato_da_ata_8o_reuniao_cap_30_03_23,https://secult.es.gov.br/media/2023/Extrato%20da%20ATA%208%C2%BA%20REUNI%C3%83O%20CAP%2030_03_23.pdf,200,application/pdf,83900,222cd6c5ef7c2a867206d659d8b0dca1a811c8dd22a49f4b49f3027f7bf36e6c,2026-09-27T03:28:05Z,dados/fontes_web/paginas/cap2023_extrato_da_ata_8o_reuniao_cap_30_03_23.txt
cap2023_extrato_da_ata_9o_reuniao_cap_13_04_23,https://secult.es.gov.br/media/2023/Extrato%20da%20ATA%209%C2%BA%20REUNI%C3%83O%20CAP%2013_04_23.pdf,200,application/pdf,82682,7049c283f80ddbcd98ae2a3589cf645838ca3bbeba84c67135408ac314860b3b,2026-09-27T03:28:07Z,dados/fontes_web/paginas/cap2023_extrato_da_ata_9o_reuniao_cap_13_04_23.txt
cap2023_extrato_da_ata_de_reuniao_da_04a_reuniao_da_comissao_de_avaliacao_permanente_inscritos_no_ambito_da_lei_de_incen,https://secult.es.gov.br/media/001/EXTRATO%20DA%20ATA%20DE%20REUNI%C3%83O%20DA%2004%C2%AA%20REUNI%C3%83O%20DA%20COMISS%C3%83O%20DE%20AVALIA%C3%87%C3%83O%20PERMANENTE%2C%20INSCRITOS%20NO%20%C3%82MBITO%20DA%20LEI%20DE%20INCENTIVO%20%C3%80%20CULTURA%20CAPIXABA.pdf,200,application/pdf,83021,8b1ea1173cf662827b37292107728f223dc6cdb775546313428abbe1dab1dc8d,2026-09-27T03:27:57Z,dados/fontes_web/paginas/cap2023_extrato_da_ata_de_reuniao_da_04a_reuniao_da_comissao_de_avaliacao_permanente_inscritos_no_ambito_da_lei_de_incen.txt
cap2023_extrato_da_ata_de_reuniao_da_05a_reuniao_da_comissao_de_avaliacao_permanente,https://secult.es.gov.br/media/001/EXTRATO%20DA%20ATA%20DE%20REUNI%C3%83O%20DA%2005%C2%AA%20REUNI%C3%83O%20DA%20COMISS%C3%83O%20DE%20AVALIA%C3%87%C3%83O%20PERMANENTE.pdf,200,application/pdf,81363,6a3196ab1a8f1b9a094d786b141c5a0fc4265023517f14487f7450b832356ee0,2026-09-27T03:27:59Z,dados/fontes_web/paginas/cap2023_extrato_da_ata_de_reuniao_da_05a_reuniao_da_comissao_de_avaliacao_permanente.txt
cap2023_indice,https://secult.es.gov.br/comissao-de-avaliacao-permanente-cap-2023,200,text/html; charset=utf-8,291436,abfd8e9e416da6188f2b7c5e4da1dee257f9334b39c178bab6660019f00a8a8a,2026-09-27T03:27:50Z,dados/fontes_web/paginas/cap2023_indice.txt
cap2024__extrato_da_ata_da_29o_reuniao_cap_26_09_2024.docx,https://secult.es.gov.br/media/2024_3/_EXTRATO%20DA%20ATA%20DA%2029%C2%BA%20REUNI%C3%83O%20CAP%2026_09_2024.docx.pdf,200,application/pdf,98062,dc17755e2c62529d8b7e572e1fa2d3ec69e97b6a353fed26f619ddabe885c9a6,2026-09-27T03:29:57Z,dados/fontes_web/paginas/cap2024__extrato_da_ata_da_29o_reuniao_cap_26_09_2024.docx.txt
cap2024_calendario_de_reunioes_-_cap_2024,https://secult.es.gov.br/media/2024_3/CALEND%C3%81RIO%20DE%20REUNI%C3%95ES%20-%20CAP%202024%20.pdf,200,application/pdf,69587,0a15ceef8111bdebd162be2b164dd13470fdef60890a1d3e69b7a7344843b927,2026-09-27T03:30:09Z,dados/fontes_web/paginas/cap2024_calendario_de_reunioes_-_cap_2024.txt
cap2024_extrato_da_ata_10o_reuniao_cap_18_04_24,https://secult.es.gov.br/media/PDF/2024/LICC/Extrato%20da%20ATA%2010%C2%BA%20REUNI%C3%83O%20CAP%2018_04_24.pdf,200,application/pdf,85253,e73fc0b23c2658051e427534e214f72da74f930c45e281a598e8d0ac7bf9ca1c,2026-09-27T03:29:22Z,dados/fontes_web/paginas/cap2024_extrato_da_ata_10o_reuniao_cap_18_04_24.txt
cap2024_extrato_da_ata_11o_reuniao_cap_25_04_24,https://secult.es.gov.br/media/PDF/2024/LICC/Extrato%20da%20ATA%2011%C2%BA%20REUNI%C3%83O%20CAP%2025_04_24.pdf,200,application/pdf,87883,686f8a9ef48db5ffa13ccb96b04eb9097ff7df95676f0cbad4d89aa868120701,2026-09-27T03:29:24Z,dados/fontes_web/paginas/cap2024_extrato_da_ata_11o_reuniao_cap_25_04_24.txt
cap2024_extrato_da_ata_12o_reuniao_cap_02_05_24,https://secult.es.gov.br/media/2024/Extrato%20da%20ATA%2012%C2%BA%20REUNI%C3%83O%20CAP%2002_05_24.pdf,200,application/pdf,87754,5a48a422026ab6494a20254f48c2f520b6edb2ae4080bc151e0cbfa884dd6a86,2026-09-27T03:29:25Z,dados/fontes_web/paginas/cap2024_extrato_da_ata_12o_reuniao_cap_02_05_24.txt
cap2024_extrato_da_ata_13o_reuniao_cap_09_05_24,https://secult.es.gov.br/media/2024/Extrato%20da%20ATA%2013%C2%BA%20REUNI%C3%83O%20CAP%2009_05_24.pdf,200,application/pdf,86474,0d2338f890b96448d4f515ca99c0dcc237d59c3fd2fd0c26793adcfa3c4fd106,2026-09-27T03:29:27Z,dados/fontes_web/paginas/cap2024_extrato_da_ata_13o_reuniao_cap_09_05_24.txt
cap2024_extrato_da_ata_14o_reuniao_cap_16_05_24,https://secult.es.gov.br/media/2024/Extrato%20da%20ATA%2014%C2%BA%20REUNIA%CC%83O%20CAP%2016_05_24.pdf,200,application/pdf,85157,f88d96611a9e5fe9df61c6ccd3fdb2d3ec7dca4f5ab1ba0d154fb31f2d157947,2026-09-27T03:29:29Z,dados/fontes_web/paginas/cap2024_extrato_da_ata_14o_reuniao_cap_16_05_24.txt
cap2024_extrato_da_ata_15o_reuniao_cap_06_06_2024,https://secult.es.gov.br/media/2024/Extrato%20da%20ATA%2015%C2%BA%20REUNI%C3%83O%20CAP%2006_06_2024.pdf,200,application/pdf,85641,f54722b90d34ccb5f86b987794d4d50cbd85a22c3cb46c46597ef9705979a138,2026-09-27T03:29:31Z,dados/fontes_web/paginas/cap2024_extrato_da_ata_15o_reuniao_cap_06_06_2024.txt
cap2024_extrato_da_ata_16o_reuniao_cap_13_06_2024,https://secult.es.gov.br/media/2024/Extrato%20da%20ATA%2016%C2%BA%20REUNI%C3%83O%20CAP%2013_06_2024.pdf,200,application/pdf,88296,a0f7a12f48440ac06463cf6086c81bbb600f6748f31a3462dc13c94b9b18f7e5,2026-09-27T03:29:32Z,dados/fontes_web/paginas/cap2024_extrato_da_ata_16o_reuniao_cap_13_06_2024.txt
cap2024_extrato_da_ata_17o_reuniao_cap_20_06_2024,https://secult.es.gov.br/media/2024/Extrato%20da%20ATA%2017%C2%BA%20REUNI%C3%83O%20CAP%2020_06_2024.pdf,200,application/pdf,88786,6028c7f9baf9625aa91fabfa7fa240d357228a2ea9a15ce3a17f2c907e58084e,2026-09-27T03:29:34Z,dados/fontes_web/paginas/cap2024_extrato_da_ata_17o_reuniao_cap_20_06_2024.txt
cap2024_extrato_da_ata_18o_reuniao_cap_27_06_2024_1,https://secult.es.gov.br/media/2024/Extrato%20da%20ATA%2018%C2%BA%20REUNI%C3%83O%20CAP%2027_06_2024%20%281%29.pdf,200,application/pdf,88370,d3462a91edb7d8a0a6441d46a340d1f501af54dc63ad54d1782940692f660373,2026-09-27T03:29:36Z,dados/fontes_web/paginas/cap2024_extrato_da_ata_18o_reuniao_cap_27_06_2024_1.txt
cap2024_extrato_da_ata_19o_reuniao_cap_04_07_2024,https://secult.es.gov.br/media/2024/Extrato%20da%20ATA%2019%C2%BA%20REUNI%C3%83O%20CAP%2004_07_2024.pdf,200,application/pdf,87928,ce61fe55a48d92cbf7ef42ff7f630a111ad2fcf8ef5232de5461b411feca23a5,2026-09-27T03:29:38Z,dados/fontes_web/paginas/cap2024_extrato_da_ata_19o_reuniao_cap_04_07_2024.txt
cap2024_extrato_da_ata_1o_reuniao_cap_01_02_24,https://secult.es.gov.br/media/2024/Extrato%20da%20ATA%201%C2%BA%20REUNI%C3%83O%20CAP%2001_02_24.pdf,200,application/pdf,83167,64ad5d90fad97f70f996ebcf4fce00a227d31316eb6a34f66e3a6fe7ac3b3840,2026-09-27T03:29:05Z,dados/fontes_web/paginas/cap2024_extrato_da_ata_1o_reuniao_cap_01_02_24.txt
cap2024_extrato_da_ata_20o_reuniao_cap_11_07_2024,https://secult.es.gov.br/media/2024/Extrato%20da%20ATA%2020%C2%BA%20REUNI%C3%83O%20CAP%2011_07_2024.pdf,200,application/pdf,87642,9a99b1202ee4589bb0990d1af5e97ddf28a6fab3a286a6427bb435d3f229225c,2026-09-27T03:29:40Z,dados/fontes_web/paginas/cap2024_extrato_da_ata_20o_reuniao_cap_11_07_2024.txt
cap2024_extrato_da_ata_21o_reuniao_cap_18_07_2024,https://secult.es.gov.br/media/2023/Extrato%20da%20ATA%2021%C2%BA%20REUNI%C3%83O%20CAP%2018_07_2024.pdf,200,application/pdf,87693,29611b3aac2ace61d62a9400deca3e76eaf0277c94773eec261c0f88d5626ecb,2026-09-27T03:29:42Z,dados/fontes_web/paginas/cap2024_extrato_da_ata_21o_reuniao_cap_18_07_2024.txt
cap2024_extrato_da_ata_3o_reuniao_cap_22_02_24,https://secult.es.gov.br/media/PDF/2024/LICC/Extrato%20da%20ATA%203%C2%BA%20REUNI%C3%83O%20CAP%2022_02_24.pdf,200,application/pdf,83668,cc9ec4c7143689c55ecd13fa90ddba4d4e31da56c9e226e73b3e0198106394ef,2026-09-27T03:29:09Z,dados/fontes_web/paginas/cap2024_extrato_da_ata_3o_reuniao_cap_22_02_24.txt
cap2024_extrato_da_ata_4o_reuniao_cap_29_02_24,https://secult.es.gov.br/media/PDF/2024/LICC/Extrato%20da%20ATA%204%C2%BA%20REUNI%C3%83O%20CAP%2029_02_24.pdf,200,application/pdf,86158,f742e5b0b918010d764fbf90e69e2ed5bc548371b43d4893acb1157b483c8ca4,2026-09-27T03:29:11Z,dados/fontes_web/paginas/cap2024_extrato_da_ata_4o_reuniao_cap_29_02_24.txt
cap2024_extrato_da_ata_5o_reuniao_cap_07_03_24-1,https://secult.es.gov.br/media/PDF/2024/LICC/Extrato%20da%20ATA%205%C2%BA%20REUNI%C3%83O%20CAP%2007_03_24-1.pdf,200,application/pdf,84570,905e77b6155ff57b356aceb6fcebf3624cc00fff9f0e582bf870da378eae8929,2026-09-27T03:29:13Z,dados/fontes_web/paginas/cap2024_extrato_da_ata_5o_reuniao_cap_07_03_24-1.txt
cap2024_extrato_da_ata_6o_reuniao_cap_14_03_24,https://secult.es.gov.br/media/PDF/2024/LICC/Extrato%20da%20ATA%206%C2%BA%20REUNI%C3%83O%20CAP%2014_03_24.pdf,200,application/pdf,85914,f97407d5e43b293def735e4184b15a10da1545b187dffa2bda13ac0d5066ce79,2026-09-27T03:29:14Z,dados/fontes_web/paginas/cap2024_extrato_da_ata_6o_reuniao_cap_14_03_24.txt
cap2024_extrato_da_ata_7o_reuniao_cap_21_03_24,https://secult.es.gov.br/media/2024/Extrato%20da%20ATA%207%C2%BA%20REUNI%C3%83O%20CAP%2021_03_24.pdf,200,application/pdf,83908,0f1a3ba8268bc5fcbff37820e8f47da64dd599c4677f548b01dbc2b513cfc86e,2026-09-27T03:29:16Z,dados/fontes_web/paginas/cap2024_extrato_da_ata_7o_reuniao_cap_21_03_24.txt
cap2024_extrato_da_ata_8o_reuniao_cap_28_03_24,https://secult.es.gov.br/media/PDF/2024/LICC/Extrato%20da%20ATA%208%C2%BA%20REUNI%C3%83O%20CAP%2028_03_24.pdf,200,application/pdf,83218,c197e1307fe9a2283cd386010997e210879f17e2338e1545af2ef3f389a51668,2026-09-27T03:29:18Z,dados/fontes_web/paginas/cap2024_extrato_da_ata_8o_reuniao_cap_28_03_24.txt
cap2024_extrato_da_ata_9o_reuniao_cap_04_04_24,https://secult.es.gov.br/media/2024/Extrato%20da%20ATA%209%C2%BA%20REUNI%C3%83O%20CAP%2004_04_24.pdf,200,application/pdf,85698,dbb0252d091a4a3e8001dc45886f148d12f58c979c990b5cc67d330430bfb1a2,2026-09-27T03:29:20Z,dados/fontes_web/paginas/cap2024_extrato_da_ata_9o_reuniao_cap_04_04_24.txt
cap2024_extrato_da_ata_da_22o_reuniao_cap_25_07_2024,https://secult.es.gov.br/media/2024/EXTRATO%20DA%20ATA%20DA%2022%C2%BA%20REUNI%C3%83O%20CAP%2025_07_2024.pdf,200,application/pdf,85471,5a2e2ce76de7257fc5299ff0093a2a28b9fe724a9a5f6a593701ee768520bcf2,2026-09-27T03:29:43Z,dados/fontes_web/paginas/cap2024_extrato_da_ata_da_22o_reuniao_cap_25_07_2024.txt
cap2024_extrato_da_ata_da_23o_reuniao_cap_01_08_2024,https://secult.es.gov.br/media/2024/EXTRATO%20DA%20ATA%20DA%2023%C2%BA%20REUNI%C3%83O%20CAP%2001_08_2024.pdf,200,application/pdf,86988,a41b1568cf879062ad7a4538e131e8463ff6fd7b9406c475cfea482bf272635b,2026-09-27T03:29:45Z,dados/fontes_web/paginas/cap2024_extrato_da_ata_da_23o_reuniao_cap_01_08_2024.txt
cap2024_extrato_da_ata_da_24o_reuniao_cap_08_08_2024,https://secult.es.gov.br/media/2024_2/Extrato%20DA%20ATA%20DA%2024%C2%BA%20REUNI%C3%83O%20CAP%2008_08_2024.pdf,200,application/pdf,86426,514cb985be586c2abeb9488feb0cb16d1c943974176a394efc2066e1c4b8f95f,2026-09-27T03:29:47Z,dados/fontes_web/paginas/cap2024_extrato_da_ata_da_24o_reuniao_cap_08_08_2024.txt
cap2024_extrato_da_ata_da_25o_reuniao_cap_15_08_2024,https://secult.es.gov.br/media/2024_2/Extrato%20da%20Ata%20da%2025%C2%BA%20REUNI%C3%83O%20CAP%2015_08_2024.pdf,200,application/pdf,87458,27080cfce5d689fb9cb9e567a3c8521ab33d0adc08300b6050099333df60df10,2026-09-27T03:29:49Z,dados/fontes_web/paginas/cap2024_extrato_da_ata_da_25o_reuniao_cap_15_08_2024.txt
cap2024_extrato_da_ata_da_26o_reuniao_cap_22_08_2024,https://secult.es.gov.br/media/2024_2/Extrato%20DA%20ATA%20DA%2026%C2%BA%20REUNI%C3%83O%20CAP%2022_08_2024.pdf,200,application/pdf,84188,1c8440bfa8b442b9b0afbc6b700d7df31f0eae630b2d3ec7dbabf8591de40b85,2026-09-27T03:29:50Z,dados/fontes_web/paginas/cap2024_extrato_da_ata_da_26o_reuniao_cap_22_08_2024.txt
cap2024_extrato_da_ata_da_27o_reuniao_cap_29_08_2024-1,https://secult.es.gov.br/media/2024_2/Extrato%20da%20ATA%20DA%2027%C2%BA%20REUNI%C3%83O%20CAP%2029_08_2024-1.pdf,200,application/pdf,83624,3e546cfb8ff4a94d67be2dfcbc530d218f3b1873b39fd3073c89916cff123b3a,2026-09-27T03:29:52Z,dados/fontes_web/paginas/cap2024_extrato_da_ata_da_27o_reuniao_cap_29_08_2024-1.txt
cap2024_extrato_da_ata_da_28o_reuniao_cap_12_09_2024_1_1,https://secult.es.gov.br/media/2024_3/EXTRATO%20DA%20ATA%20DA%2028%C2%BA%20REUNI%C3%83O%20CAP%2012_09_2024%20%281%29%20%281%29.pdf,200,application/pdf,100828,9d0eb14fc8298a270ecdf115415e24817c82524373765af6f7ff583b04cbd665,2026-09-27T03:29:55Z,dados/fontes_web/paginas/cap2024_extrato_da_ata_da_28o_reuniao_cap_12_09_2024_1_1.txt
cap2024_extrato_da_ata_da_30o_reuniao_cap_10_10_2024,https://secult.es.gov.br/media/2024_3/EXTRATO%20DA%20ATA%20DA%2030%C2%BA%20REUNI%C3%83O%20CAP%2010_10_2024.pdf,200,application/pdf,103576,daa736926268e720125224dd295a4e5b89aa4457ea7e45f1e954a5f342f8adbb,2026-09-27T03:30:00Z,dados/fontes_web/paginas/cap2024_extrato_da_ata_da_30o_reuniao_cap_10_10_2024.txt
cap2024_extrato_da_ata_da_31o_reuniao_cap_24_10_2024,https://secult.es.gov.br/media/2024_3/EXTRATO%20DA%20ATA%20DA%2031%C2%BA%20REUNI%C3%83O%20CAP%2024_10_2024.pdf,200,application/pdf,96767,e8fe7dff8a914b29a0e13baef6d7a1e478b72b1b7c6e0feb032a4f98ba917599,2026-09-27T03:30:03Z,dados/fontes_web/paginas/cap2024_extrato_da_ata_da_31o_reuniao_cap_24_10_2024.txt
cap2024_extrato_da_ata_da_32o_reuniao_cap_07_11_2024,https://secult.es.gov.br/media/2024_3/EXTRATO%20DA%20ATA%20DA%2032%C2%BA%20REUNI%C3%83O%20CAP%2007_11_2024..pdf,200,application/pdf,96440,6f5c51f5cc672ce102d9b457a837f9d1b71fd36aa8b3ff6ef29a904d59d9825b,2026-09-27T03:30:05Z,dados/fontes_web/paginas/cap2024_extrato_da_ata_da_32o_reuniao_cap_07_11_2024.txt
cap2024_extrato_da_ata_da_33o_reuniao_cap_21_11_2024,https://secult.es.gov.br/media/2024_3/EXTRATO%20DA%20ATA%20DA%2033%C2%BA%20REUNI%C3%83O%20CAP%2021_11_2024.pdf,200,application/pdf,96413,a515622c3eae5806052ade8c413e4610a32d00bc51772a7485cd900136add899,2026-09-27T03:30:07Z,dados/fontes_web/paginas/cap2024_extrato_da_ata_da_33o_reuniao_cap_21_11_2024.txt
cap2024_extrato_da_ata_de_reuniao_da_2a_reuniao_da_comissao_de_avaliacao_permanente,https://secult.es.gov.br/media/PDF/2024/LICC/EXTRATO%20DA%20ATA%20DE%20REUNI%C3%83O%20DA%202%C2%AA%20REUNI%C3%83O%20DA%20COMISS%C3%83O%20DE%20AVALIA%C3%87%C3%83O%20PERMANENTE.pdf,200,application/pdf,85034,ced4927f9e908a593a52be3016f2c49bb61da5f894822d95e7d88e52c8a40fef,2026-09-27T03:29:07Z,dados/fontes_web/paginas/cap2024_extrato_da_ata_de_reuniao_da_2a_reuniao_da_comissao_de_avaliacao_permanente.txt
cap2024_indice,https://secult.es.gov.br/cap-2024,200,text/html; charset=utf-8,281538,8a750f388dee09fc6beb17735d8e0b61985209071e67f13bafd05b63b62aa086,2026-09-27T03:29:03Z,dados/fontes_web/paginas/cap2024_indice.txt
cap2025_calendario_de_reunioes_-_cap_2025_3,https://secult.es.gov.br/media/2025/CALEND%C3%81RIO%20DE%20REUNI%C3%95ES%20-%20CAP%202025%20%283%29.pdf,200,application/pdf,55307,72841125927db076f0c6ca243e5ae35bba369ca1ca760f7397b1f4ba6e479fdb,2026-09-27T03:31:13Z,dados/fontes_web/paginas/cap2025_calendario_de_reunioes_-_cap_2025_3.txt
cap2025_extrato_da_ata_10o_reuniao_cap_05_06_2025.docx,https://secult.es.gov.br/media/2025/Extrato%20da%20ATA%2010%C2%BA%20REUNI%C3%83O%20CAP%2005_06_2025.docx.pdf,200,application/pdf,106800,2760016439806d0388d6da4f3ef0f3cb6f5f5a378be41b829364addc07399da1,2026-09-27T03:30:34Z,dados/fontes_web/paginas/cap2025_extrato_da_ata_10o_reuniao_cap_05_06_2025.docx.txt
cap2025_extrato_da_ata_11o_reuniao_cap_12_06_2025.docx,https://secult.es.gov.br/media/2025/Extrato%20da%20ATA%2011%C2%BA%20REUNI%C3%83O%20CAP%2012_06_2025.docx.pdf,200,application/pdf,96116,edb5015e6f14ba547ad716113ad3ba75822ea6e8b43c3ee7bc2f4d380cea4856,2026-09-27T03:30:36Z,dados/fontes_web/paginas/cap2025_extrato_da_ata_11o_reuniao_cap_12_06_2025.docx.txt
cap2025_extrato_da_ata_12o_reuniao_cap_03_07_2025.docx,https://secult.es.gov.br/media/2025/Extrato%20da%20ATA%2012%C2%BA%20REUNI%C3%83O%20CAP%2003_07_2025.docx.pdf,200,application/pdf,113812,70dfebc0a04ca5580b9c43b3d0ff57dd2579016759aa685109e877c1e247e5af,2026-09-27T03:30:38Z,dados/fontes_web/paginas/cap2025_extrato_da_ata_12o_reuniao_cap_03_07_2025.docx.txt
cap2025_extrato_da_ata_13o_reuniao_cap_17_07_2025.docx,https://secult.es.gov.br/media/2025/Extrato%20da%20ATA%2013%C2%BA%20REUNI%C3%83O%20CAP%2017_07_2025.docx.pdf,200,application/pdf,101677,a2700e0aabf68a241a138f0d2d8d76e7ee2be92b73f5336ebf8de06bf880f9a2,2026-09-27T03:30:40Z,dados/fontes_web/paginas/cap2025_extrato_da_ata_13o_reuniao_cap_17_07_2025.docx.txt
cap2025_extrato_da_ata_14o_reuniao_cap_07_08_2025.docx_3_-1,https://secult.es.gov.br/media/2025/Extrato%20da%20ATA%2014%C2%BA%20REUNI%C3%83O%20CAP%2007_08_2025.docx%20%283%29-1.pdf,200,application/pdf,100556,a68eea86148117cf8d54897500da9051e5092e5cd57fea95487c851ea63abf74,2026-09-27T03:30:42Z,dados/fontes_web/paginas/cap2025_extrato_da_ata_14o_reuniao_cap_07_08_2025.docx_3_-1.txt
cap2025_extrato_da_ata_15o_reuniao_cap_21_08_2025.docx_1,https://secult.es.gov.br/media/2025/Extrato%20da%20ATA%2015%C2%BA%20REUNI%C3%83O%20CAP%2021_08_2025.docx%20%281%29.pdf,200,application/pdf,101080,f84b14513a51152315fe9e9e47d5f491f8236fd209d4e9d342c9342c9946d3c8,2026-09-27T03:30:44Z,dados/fontes_web/paginas/cap2025_extrato_da_ata_15o_reuniao_cap_21_08_2025.docx_1.txt
cap2025_extrato_da_ata_16o_reuniao_cap_28_08_2025.docx,https://secult.es.gov.br/media/2025/Extrato%20da%20ATA%2016%C2%BA%20REUNI%C3%83O%20CAP%2028_08_2025.docx.pdf,200,application/pdf,98981,c66e359638de0d30f70830a1a65fc6a5508ce656669a5584bd7ee576a0b25073,2026-09-27T03:30:46Z,dados/fontes_web/paginas/cap2025_extrato_da_ata_16o_reuniao_cap_28_08_2025.docx.txt
cap2025_extrato_da_ata_17o_reuniao_cap_11_09_2025.docx,https://secult.es.gov.br/media/2025/Extrato%20da%20ATA%2017%C2%BA%20REUNI%C3%83O%20CAP%2011_09_2025.docx.pdf,200,application/pdf,97524,938ad030570e2d5fbb5e34a477f0205af217ff2e767efcef4ac73e06ca0b7f4c,2026-09-27T03:30:48Z,dados/fontes_web/paginas/cap2025_extrato_da_ata_17o_reuniao_cap_11_09_2025.docx.txt
cap2025_extrato_da_ata_18o_reuniao_cap_18_09_2025.docx,https://secult.es.gov.br/media/2025/Extrato%20da%20ATA%2018%C2%BA%20REUNI%C3%83O%20CAP%2018_09_2025.docx.pdf,200,application/pdf,97666,80d11ece4b4d70ec6bcf7dbc67e40ba56dd91dbfd68e7affd8d2600236d337d3,2026-09-27T03:30:49Z,dados/fontes_web/paginas/cap2025_extrato_da_ata_18o_reuniao_cap_18_09_2025.docx.txt
cap2025_extrato_da_ata_19o_reuniao_cap_02_10_2025.docx,https://secult.es.gov.br/media/2025/Extrato%20da%20ATA%2019%C2%BA%20REUNI%C3%83O%20CAP%2002_10_2025.docx.pdf,200,application/pdf,98516,3462df99ee143157ea07ccd93d4757cbcf31af5330dc2790736e20d610b98444,2026-09-27T03:30:51Z,dados/fontes_web/paginas/cap2025_extrato_da_ata_19o_reuniao_cap_02_10_2025.docx.txt
cap2025_extrato_da_ata_1o_reuniao_cap_29_01_2025,https://secult.es.gov.br/media/2025/Extrato%20da%20ATA%201%C2%BA%20REUNI%C3%83O%20CAP%2029_01_2025.pdf,200,application/pdf,119890,fcbc7e115985bb54a2c8c4af49bc916dedaba430112588cf76a8801112be24f0,2026-09-27T03:30:14Z,dados/fontes_web/paginas/cap2025_extrato_da_ata_1o_reuniao_cap_29_01_2025.txt
cap2025_extrato_da_ata_20o_reuniao_cap_09_10_2025.docx,https://secult.es.gov.br/media/2025/EXTRATO%20DA%20ATA%2020%C2%BA%20REUNI%C3%83O%20CAP%2009_10_2025.docx.pdf,200,application/pdf,97655,84df17187128468e10fcfad8e48d8507557389ebf7f5b2c7c236eb8ee08bbcf2,2026-09-27T03:30:53Z,dados/fontes_web/paginas/cap2025_extrato_da_ata_20o_reuniao_cap_09_10_2025.docx.txt
cap2025_extrato_da_ata_21o_reuniao_cap_16_10_2025._1,https://secult.es.gov.br/media/2025/EXTRATO%20DA%20ATA%2021%C2%BA%20REUNI%C3%83O%20CAP%2016_10_2025.%20%281%29.pdf,200,application/pdf,98592,6517f92a11bd70c9dc5250675aa69bc05f08dec7a3efb161b103665bf6116895,2026-09-27T03:30:55Z,dados/fontes_web/paginas/cap2025_extrato_da_ata_21o_reuniao_cap_16_10_2025._1.txt
cap2025_extrato_da_ata_22o_reuniao_cap_23_10_2025,https://secult.es.gov.br/media/2025/EXTRATO%20DA%20ATA%2022%C2%BA%20REUNI%C3%83O%20CAP%2023_10_2025..pdf,200,application/pdf,109548,bdb5062c8841fe46b022ee75f3265a3e1430fbd1140582f583cda44651b57679,2026-09-27T03:30:57Z,dados/fontes_web/paginas/cap2025_extrato_da_ata_22o_reuniao_cap_23_10_2025.txt
cap2025_extrato_da_ata_23o_reuniao_cap_31_10_2025,https://secult.es.gov.br/media/2025/EXTRATO%20DA%20ATA%2023%C2%BA%20REUNI%C3%83O%20CAP%2031_10_2025.pdf,200,application/pdf,101724,f0ec0b08529c9ea404240ec723130c9770920dd8712c7d99e631b1f5f7780912,2026-09-27T03:31:00Z,dados/fontes_web/paginas/cap2025_extrato_da_ata_23o_reuniao_cap_31_10_2025.txt
cap2025_extrato_da_ata_24o_reuniao_cap_06_11_2025.docx,https://secult.es.gov.br/media/2025/EXTRATO%20DA%20ATA%2024%C2%BA%20REUNI%C3%83O%20CAP%2006_11_2025.docx.pdf,200,application/pdf,102629,dffa8858a45e1e414052d8895934747a510cf24372d1a5b6bf24ff1d0b0a8915,2026-09-27T03:31:02Z,dados/fontes_web/paginas/cap2025_extrato_da_ata_24o_reuniao_cap_06_11_2025.docx.txt
cap2025_extrato_da_ata_25o_reuniao_cap_13_11_2025,https://secult.es.gov.br/media/2025/EXTRATO%20DA%20ATA%2025%C2%BA%20REUNI%C3%83O%20CAP%2013_11_2025..pdf,200,application/pdf,102182,523ea7f951c2472356915c0bb06785d809c557470d242fd9ffe18af86fdd784f,2026-09-27T03:31:04Z,dados/fontes_web/paginas/cap2025_extrato_da_ata_25o_reuniao_cap_13_11_2025.txt
cap2025_extrato_da_ata_26o_reuniao_cap_27_11_2025,https://secult.es.gov.br/media/2025/EXTRATO%20DA%20ATA%2026%C2%BA%20REUNI%C3%83O%20CAP%2027_11_2025.pdf,200,application/pdf,105730,471822478076b0a0483316f375948e7ce6c1e9f8df0a53c11d033acb9c9392c6,2026-09-27T03:31:06Z,dados/fontes_web/paginas/cap2025_extrato_da_ata_26o_reuniao_cap_27_11_2025.txt
cap2025_extrato_da_ata_27o_reuniao_cap_04_12_2025,https://secult.es.gov.br/media/2025/EXTRATO%20DA%20ATA%2027%C2%BA%20REUNI%C3%83O%20CAP%2004_12_2025.pdf,200,application/pdf,105073,6ee83f67a2c7db798860e50c5d5970db052daea1607373015a1b61c377ec88dd,2026-09-27T03:31:08Z,dados/fontes_web/paginas/cap2025_extrato_da_ata_27o_reuniao_cap_04_12_2025.txt
cap2025_extrato_da_ata_28o_reuniao_cap_11_12_2025,https://secult.es.gov.br/media/2025/EXTRATO%20DA%20ATA%2028%C2%BA%20REUNI%C3%83O%20CAP%2011_12_2025..pdf,200,application/pdf,104683,148a067845954cfd160d98e94d2b4a54eb0e4da70bed69a4f5ee101793f858ed,2026-09-27T03:31:10Z,dados/fontes_web/paginas/cap2025_extrato_da_ata_28o_reuniao_cap_11_12_2025.txt
cap2025_extrato_da_ata_29o_reuniao_cap_18_12_2025,https://secult.es.gov.br/media/2025/EXTRATO%20DA%20ATA%2029%C2%BA%20REUNI%C3%83O%20CAP%2018_12_2025.pdf,200,application/pdf,103156,108154fa743232ccc4cc9362a73c8acf08e2b06733548a3765f11e2a8cb2eca6,2026-09-27T03:31:12Z,dados/fontes_web/paginas/cap2025_extrato_da_ata_29o_reuniao_cap_18_12_2025.txt
cap2025_extrato_da_ata_2o_reuniao_cap_27_02_2025,https://secult.es.gov.br/media/2025/Extrato%20da%20ATA%202%C2%BA%20REUNI%C3%83O%20CAP%2027_02_2025.pdf,200,application/pdf,423184,d0f2f3a9ee733e322a6b1b44972d6cce9dd5009649c74e7c8f3fbc11c9663583,2026-09-27T03:30:17Z,dados/fontes_web/paginas/cap2025_extrato_da_ata_2o_reuniao_cap_27_02_2025.txt
cap2025_extrato_da_ata_3o_reuniao_cap_20_03_2025.docx,https://secult.es.gov.br/media/2025/Extrato%20da%20ATA%203%C2%BA%20REUNI%C3%83O%20CAP%2020_03_2025.docx.pdf,200,application/pdf,113696,af6f1df1d266a414ba2fc9d69f239a34f8ccf36dd5b2efec58ed279422dcc47e,2026-09-27T03:30:20Z,dados/fontes_web/paginas/cap2025_extrato_da_ata_3o_reuniao_cap_20_03_2025.docx.txt
cap2025_extrato_da_ata_4o_reuniao_cap_27_03_2025.docx,https://secult.es.gov.br/media/2025/Extrato%20da%20ATA%204%C2%BA%20REUNI%C3%83O%20CAP%2027_03_2025.docx.pdf,200,application/pdf,111856,5507af60cc5fd274d35fd26d3d0b686c6121c99b39e0ba6ac1ed2a9be72361aa,2026-09-27T03:30:22Z,dados/fontes_web/paginas/cap2025_extrato_da_ata_4o_reuniao_cap_27_03_2025.docx.txt
cap2025_extrato_da_ata_5o_reuniao_cap_10_04_2025.docx,https://secult.es.gov.br/media/2025/Extrato%20da%20ATA%205%C2%BA%20REUNI%C3%83O%20CAP%2010_04_2025.docx.pdf,200,application/pdf,108608,dfa48866a395fc62982200fb37a52c6570e1fadcf5710cbaf1b046d4b1eec044,2026-09-27T03:30:24Z,dados/fontes_web/paginas/cap2025_extrato_da_ata_5o_reuniao_cap_10_04_2025.docx.txt
cap2025_extrato_da_ata_6o_reuniao_cap_22_04_2025.docx,https://secult.es.gov.br/media/2025/Extrato%20da%20ATA%206%C2%BA%20REUNI%C3%83O%20CAP%2022_04_2025.docx.pdf,200,application/pdf,110873,cfb1304aa92905aa6c96e35b34796df6290135be612f2c32719057b768f87d3b,2026-09-27T03:30:26Z,dados/fontes_web/paginas/cap2025_extrato_da_ata_6o_reuniao_cap_22_04_2025.docx.txt
cap2025_extrato_da_ata_7o_reuniao_cap_08_05_2025.docx,https://secult.es.gov.br/media/2025/Extrato%20da%20ATA%207%C2%BA%20REUNI%C3%83O%20CAP%2008_05_2025.docx.pdf,200,application/pdf,106779,08a8506e1907364dd594200523ad1e0794ad0f5f47e9e05cecee3540d2e8c19e,2026-09-27T03:30:28Z,dados/fontes_web/paginas/cap2025_extrato_da_ata_7o_reuniao_cap_08_05_2025.docx.txt
cap2025_extrato_da_ata_8o_reuniao_cap_15_05_2025.docx,https://secult.es.gov.br/media/2025/Extrato%20da%20ATA%208%C2%BA%20REUNI%C3%83O%20CAP%2015_05_2025.docx.pdf,200,application/pdf,116008,211ff2828d8fbd29f31665aec96629ced95812b606200a87bba6447aa27e6798,2026-09-27T03:30:30Z,dados/fontes_web/paginas/cap2025_extrato_da_ata_8o_reuniao_cap_15_05_2025.docx.txt
cap2025_extrato_da_ata_9o_reuniao_cap_29_05_2025.docx,https://secult.es.gov.br/media/2025/Extrato%20da%20ATA%209%C2%BA%20REUNI%C3%83O%20CAP%2029_05_2025.docx.pdf,200,application/pdf,109634,579967060e49e909068fb5d5a3359006e693eb87de76b771de7a1f44037ab116,2026-09-27T03:30:32Z,dados/fontes_web/paginas/cap2025_extrato_da_ata_9o_reuniao_cap_29_05_2025.docx.txt
cap2025_indice,https://secult.es.gov.br/cap-2025,200,text/html; charset=utf-8,275798,b03ad68dbd281daf144e518b15447d13d2b907469696e9bf07865e9f95249635,2026-09-27T03:30:12Z,dados/fontes_web/paginas/cap2025_indice.txt
cap2026_calendario-de-reunioes-cap-2026-5,https://secult.es.gov.br/media/calendario-de-reunioes-cap-2026-5.pdf,200,application/pdf,58589,fd05f92751fbc2ba2947f667ff020338cfc160477e7a8be37d331a9e6e43813d,2026-09-27T03:31:17Z,dados/fontes_web/paginas/cap2026_calendario-de-reunioes-cap-2026-5.txt
cap2026_extrato-da-ata-12o-reuniao-cap-30_04_2026,https://secult.es.gov.br/media/extrato-da-ata-12o-reuniao-cap-30_04_2026.pdf,200,application/pdf,107405,9575fa154e8cf482a01595b0c9f8ca521cf711740f9a1272abafe6eb46717479,2026-09-27T03:31:43Z,dados/fontes_web/paginas/cap2026_extrato-da-ata-12o-reuniao-cap-30_04_2026.txt
cap2026_extrato-da-ata-13o-reuniao-cap-07_05_2026,https://secult.es.gov.br/media/2026/extrato-da-ata-13o-reuniao-cap-07_05_2026.pdf,200,application/pdf,106182,75d52b9a9b0b7cf816e80bc72818178304f73da5a253f1e2afef9e9b4f5dc084,2026-09-27T03:31:45Z,dados/fontes_web/paginas/cap2026_extrato-da-ata-13o-reuniao-cap-07_05_2026.txt
cap2026_extrato-da-ata-14o-reuniao-cap-14_05_2026,https://secult.es.gov.br/media/extrato-da-ata-14o-reuniao-cap-14_05_2026.pdf,200,application/pdf,104993,a6f5e36a2f2fc1e343ef19b249a341b2cfee49e9c75d3bb4f5d116359f632de0,2026-09-27T03:31:47Z,dados/fontes_web/paginas/cap2026_extrato-da-ata-14o-reuniao-cap-14_05_2026.txt
cap2026_extrato-da-ata-15o-reuniao-cap-28_05_2026,https://secult.es.gov.br/media/extrato-da-ata-15o-reuniao-cap-28_05_2026.pdf,200,application/pdf,107113,877c88441ba7309a10c82aed53f0af431ba93110a9dcd5609e911acd7052df9a,2026-09-27T03:31:50Z,dados/fontes_web/paginas/cap2026_extrato-da-ata-15o-reuniao-cap-28_05_2026.txt
cap2026_extrato-da-ata-16o-reuniao-cap-11_06_2026,https://secult.es.gov.br/media/006-2020%20-%20Projetos%20de%20Audiovisual/extrato-da-ata-16o-reuniao-cap-11_06_2026.pdf,200,application/pdf,107165,6e8721afc29c7c9bfd8eb0add4750019a46e544f8988ec55c62be90ad7ca57c7,2026-09-27T03:31:52Z,dados/fontes_web/paginas/cap2026_extrato-da-ata-16o-reuniao-cap-11_06_2026.txt
cap2026_extrato-da-ata-17o-reuniao-cap-18_06_2026,https://secult.es.gov.br/media/006-2020%20-%20Projetos%20de%20Audiovisual/extrato-da-ata-17o-reuniao-cap-18_06_2026.pdf,200,application/pdf,104330,dffc3874c48dbab524f5f4500c598e76b1e0a2ab641406ac526440a60a28e0dc,2026-09-27T03:31:54Z,dados/fontes_web/paginas/cap2026_extrato-da-ata-17o-reuniao-cap-18_06_2026.txt
cap2026_extrato-da-ata-18o-reuniao-cap-25_06_2026,https://secult.es.gov.br/media/006-2020%20-%20Projetos%20de%20Audiovisual/extrato-da-ata-18o-reuniao-cap-25_06_2026.pdf,200,application/pdf,104580,fdaf1a54a64bd31cd3dcc7430b284586bd6abe4b7af49192b57f666076c46a4e,2026-09-27T03:31:56Z,dados/fontes_web/paginas/cap2026_extrato-da-ata-18o-reuniao-cap-25_06_2026.txt
cap2026_extrato-da-ata-19o-reuniao-cap-09_07_2026,https://secult.es.gov.br/media/006-2020%20-%20Projetos%20de%20Audiovisual/extrato-da-ata-19o-reuniao-cap-09_07_2026.pdf,200,application/pdf,103456,5dfce566c1f41b5a4801f8e87e052d73d54c0d392b9ce4a3215add6b08470fac,2026-09-27T03:31:58Z,dados/fontes_web/paginas/cap2026_extrato-da-ata-19o-reuniao-cap-09_07_2026.txt
cap2026_extrato-da-ata-20o-reuniao-cap-23_07_2026,https://secult.es.gov.br/media/extrato-da-ata-20o-reuniao-cap-23_07_2026.pdf,200,application/pdf,105117,2e53d8f6b55f18c33b28e39ca81e182602e56d2a33e928203e21bb43ef9673c5,2026-09-27T03:32:00Z,dados/fontes_web/paginas/cap2026_extrato-da-ata-20o-reuniao-cap-23_07_2026.txt
cap2026_extrato-da-ata-21o-reuniao-cap-06_08_2026,https://secult.es.gov.br/media/001/extrato-da-ata-21o-reuniao-cap-06_08_2026.pdf,200,application/pdf,104579,25bdbb67d958e9dc481bc830f5e3f5c49a8e852dc5102d28072e2d0d092c9fac,2026-09-27T03:32:01Z,dados/fontes_web/paginas/cap2026_extrato-da-ata-21o-reuniao-cap-06_08_2026.txt
cap2026_extrato-da-ata-22o-reuniao-cap-20_08_2026,https://secult.es.gov.br/media/001/extrato-da-ata-22o-reuniao-cap-20_08_2026.pdf,200,application/pdf,105931,b71934540404f74c6a997850ffcda2551e125479334f6e062804a529d413a81b,2026-09-27T03:32:03Z,dados/fontes_web/paginas/cap2026_extrato-da-ata-22o-reuniao-cap-20_08_2026.txt
cap2026_extrato-da-ata-23o-reuniao-cap-27_08_2026,https://secult.es.gov.br/media/2026/extrato-da-ata-23o-reuniao-cap-27_08_2026.pdf,200,application/pdf,102707,f756ca90ba75bde1add9149ca29146dd7bab2f755c9609fb26a3c267ca50c2be,2026-09-27T03:32:05Z,dados/fontes_web/paginas/cap2026_extrato-da-ata-23o-reuniao-cap-27_08_2026.txt
cap2026_extrato-da-ata-24o-reuniao-cap-03_09_2026,https://secult.es.gov.br/media/001/extrato-da-ata-24o-reuniao-cap-03_09_2026.pdf,200,application/pdf,102251,d35e7ad75b452f4a3bb98b51514c571af83c8b27e8c911a7395860549ce584c0,2026-09-27T03:32:07Z,dados/fontes_web/paginas/cap2026_extrato-da-ata-24o-reuniao-cap-03_09_2026.txt
cap2026_extrato-da-ata-25o-reuniao-cap-17_09_2026,https://secult.es.gov.br/media/extrato-da-ata-25o-reuniao-cap-17_09_2026.pdf,200,application/pdf,107314,3d466a6b15957d59175a33adffe721c41946dabecabb640d16472fd2a6f2fce2,2026-09-27T03:32:09Z,dados/fontes_web/paginas/cap2026_extrato-da-ata-25o-reuniao-cap-17_09_2026.txt
cap2026_extrato-da-ata-26o-reuniao-cap-24_09_2026,https://secult.es.gov.br/media/extrato-da-ata-26o-reuniao-cap-24_09_2026.pdf,200,application/pdf,103769,9cf97ba8ff5b9182f3718e656058cce067ea786050e567073b0c981664fbe565,2026-09-27T03:32:11Z,dados/fontes_web/paginas/cap2026_extrato-da-ata-26o-reuniao-cap-24_09_2026.txt
cap2026_extrato_da_ata_01o_reuniao_cap_22_01_2026,https://secult.es.gov.br/media/2026/EXTRATO%20DA%20ATA%2001%C2%BA%20REUNI%C3%83O%20CAP%2022_01_2026..pdf,200,application/pdf,109115,c54e24a3403e83e3efc5f60be81aeb60be4e9c87b1ea5fb416d6450f273638b7,2026-09-27T03:31:22Z,dados/fontes_web/paginas/cap2026_extrato_da_ata_01o_reuniao_cap_22_01_2026.txt
cap2026_extrato_da_ata_02o_reuniao_cap_29_01_2026,https://secult.es.gov.br/media/014/EXTRATO%20DA%20ATA%2002%C2%BA%20REUNI%C3%83O%20CAP%2029_01_2026..pdf,200,application/pdf,109749,510a3ac9ae29282a686f0c51c8919e9c1177d2c9e0c614f9ad6078dddfd87a9b,2026-09-27T03:31:24Z,dados/fontes_web/paginas/cap2026_extrato_da_ata_02o_reuniao_cap_29_01_2026.txt
cap2026_extrato_da_ata_03o_reuniao_cap_05_02_2026,https://secult.es.gov.br/media/2026/EXTRATO%20DA%20ATA%2003%C2%BA%20REUNI%C3%83O%20CAP%2005_02_2026..pdf,200,application/pdf,110390,26c2ae19bf8cad247d98e38e712ffdb57d05f0b8d892f02219169442e481bef6,2026-09-27T03:31:26Z,dados/fontes_web/paginas/cap2026_extrato_da_ata_03o_reuniao_cap_05_02_2026.txt
cap2026_extrato_da_ata_04o_reuniao_cap_12_02_2026.docx,https://secult.es.gov.br/media/2026/EXTRATO%20DA%20ATA%2004%C2%BA%20REUNI%C3%83O%20CAP%2012_02_2026.docx.pdf,200,application/pdf,113297,ac93802ecd76b1bcbffb778a39c758032fc42ea3070084a0df92fb6748c198f7,2026-09-27T03:31:28Z,dados/fontes_web/paginas/cap2026_extrato_da_ata_04o_reuniao_cap_12_02_2026.docx.txt
cap2026_extrato_da_ata_05o_reuniao_cap_26_02_2026,https://secult.es.gov.br/media/2026/EXTRATO%20DA%20ATA%2005%C2%BA%20REUNI%C3%83O%20CAP%2026_02_2026..pdf,200,application/pdf,88438,b0cb1566d1b7c8e8268bb13163d8deb95a2be4e0453ccd383e750d0172ab504d,2026-09-27T03:31:30Z,dados/fontes_web/paginas/cap2026_extrato_da_ata_05o_reuniao_cap_26_02_2026.txt
cap2026_extrato_da_ata_06o_reuniao_cap_05_03_2026,https://secult.es.gov.br/media/2026/EXTRATO%20DA%20ATA%2006%C2%BA%20REUNI%C3%83O%20CAP%2005_03_2026..pdf,200,application/pdf,110074,a9ebc835fb03e9b1cef2208ecb15889e33b9599a994ca13108b5a4fa1ce2eaec,2026-09-27T03:31:32Z,dados/fontes_web/paginas/cap2026_extrato_da_ata_06o_reuniao_cap_05_03_2026.txt
cap2026_extrato_da_ata_07o_reuniao_cap_12_03_2026,https://secult.es.gov.br/media/2026/EXTRATO%20DA%20ATA%2007%C2%BA%20REUNI%C3%83O%20CAP%2012_03_2026..pdf,200,application/pdf,110040,c418126e0fefa0a7406f316d8d64a58728abfef945b75aa8871795240a57c080,2026-09-27T03:31:34Z,dados/fontes_web/paginas/cap2026_extrato_da_ata_07o_reuniao_cap_12_03_2026.txt
cap2026_extrato_da_ata_08o_reuniao_cap_19_03_2026,https://secult.es.gov.br/media/2026/EXTRATO%20DA%20ATA%2008%C2%BA%20REUNI%C3%83O%20CAP%2019_03_2026..pdf,200,application/pdf,111058,674895d150c88b866eba9b875951dbde5a391051a0f85946e2ea9ea5fda2694b,2026-09-27T03:31:36Z,dados/fontes_web/paginas/cap2026_extrato_da_ata_08o_reuniao_cap_19_03_2026.txt
cap2026_extrato_da_ata_09o_reuniao_cap_26_03_2026,https://secult.es.gov.br/media/2026/EXTRATO%20DA%20ATA%2009%C2%BA%20REUNI%C3%83O%20CAP%2026_03_2026..pdf,200,application/pdf,109754,32b4d8798a08fdcfd6be42353ee557e02a172e502b0b2044cc72050e0173abd5,2026-09-27T03:31:38Z,dados/fontes_web/paginas/cap2026_extrato_da_ata_09o_reuniao_cap_26_03_2026.txt
cap2026_extrato_da_ata_10o_reuniao_cap_09_04_2026,https://secult.es.gov.br/media/2026/EXTRATO%20DA%20ATA%2010%C2%BA%20REUNI%C3%83O%20CAP%2009_04_2026..pdf,200,application/pdf,108456,40e2209c99080be3a36eb1b3d6f347f6e184682477f034471d22a9cac3ad384d,2026-09-27T03:31:40Z,dados/fontes_web/paginas/cap2026_extrato_da_ata_10o_reuniao_cap_09_04_2026.txt
cap2026_extrato_da_ata_11o_reuniao_cap_16_04_2026,https://secult.es.gov.br/media/2026/EXTRATO%20DA%20ATA%2011%C2%BA%20REUNI%C3%83O%20CAP%2016_04_2026..pdf,200,application/pdf,107033,9d06118cd5b6f37ca483811aad0b3463ff75ebbc5c55c50ec15f31c3230b06e3,2026-09-27T03:31:41Z,dados/fontes_web/paginas/cap2026_extrato_da_ata_11o_reuniao_cap_16_04_2026.txt
cap2026_indice,https://secult.es.gov.br/cap-2026,200,text/html; charset=utf-8,268977,5ccac59bf1cfb93d75e3e2cae80f37cb4321bd36422e2264d361b8e8e786daf9,2026-09-27T03:31:15Z,dados/fontes_web/paginas/cap2026_indice.txt
cap2026_portaria-no-127-2026-designacao-cap,https://secult.es.gov.br/media/001/portaria-no-127-2026-designacao-cap.pdf,200,application/pdf,1144487,ea277ba6394aec9dfeab588f4041387c5cb34d25d0a508752ffae999df7ec27f,2026-09-27T03:31:20Z,dados/fontes_web/paginas/cap2026_portaria-no-127-2026-designacao-cap.txt
dadosgov_cnpj,https://dados.gov.br/dados/conjuntos-dados/cadastro-nacional-da-pessoa-juridica---cnpj,200,text/html,9632,0f0d9a071a79dc6bf4617f5a2ff26ac0985be719deb69e3044c3c7531c1e1ef4,2026-09-24T19:55:54Z,dados/fontes_web/paginas/dadosgov_cnpj.txt
doi:10.1002/jae.2508,https://api.crossref.org/works/10.1002/jae.2508,200,application/json,2963,4e38326321236da4b5e0ebc3f175dcc3212a786da294f72a7007d8db95bea108,2026-09-24T00:26:26Z,dados/fontes_web/doi/10.1002_jae.2508.json
doi:10.1002/jae.2969,https://api.crossref.org/works/10.1002/jae.2969,200,application/json,2888,cd13a102bb4d27895798e98f0fea2d093c6987ad1ffbfd66942308cd2236f71c,2026-09-24T00:26:27Z,dados/fontes_web/doi/10.1002_jae.2969.json
doi:10.1002/nml.21102,https://api.crossref.org/works/10.1002/nml.21102,200,application/json,2159,6d97316f9ad92de1e2bdc6eb030baf2c6de0378fcc86dac2de1748af1427bca0,2026-09-24T00:26:28Z,dados/fontes_web/doi/10.1002_nml.21102.json
doi:10.1002/nvsm.1432,https://api.crossref.org/works/10.1002/nvsm.1432,200,application/json,4070,2d8823db537235b67b54a0562d2a308c7410b5e4c42c8bc407e68c99be834343,2026-09-24T00:26:29Z,dados/fontes_web/doi/10.1002_nvsm.1432.json
doi:10.1007/s10824-016-9281-x,https://api.crossref.org/works/10.1007/s10824-016-9281-x,200,application/json,1517,b0e3c747b92bc223e9581e90ce21e842abaa2a855e557fcceb38bf7a470fd4f2,2026-09-24T00:26:30Z,dados/fontes_web/doi/10.1007_s10824-016-9281-x.json
doi:10.1016/0047-2727(86)90024-1,https://api.crossref.org/works/10.1016/0047-2727(86)90024-1,200,application/json,1416,d7987ad4d0ebbd88eaf572795f3e15e4bf2c91ca9e4c0e258209f1bfcd669fb1,2026-09-24T01:21:37Z,dados/fontes_web/doi/10.1016_0047-2727_86_90024-1.json
doi:10.1016/S1573-4471(07)04061-2,https://api.crossref.org/works/10.1016/S1573-4471(07)04061-2,200,application/json,1512,d5efd610263504cd517ad2dddfe890bf2b1c06e62144f907b26ed4489559c10f,2026-09-24T00:26:31Z,dados/fontes_web/doi/10.1016_s1573-4471_07_04061-2.json
doi:10.1016/S1574-0676(06)01036-2,https://api.crossref.org/works/10.1016/S1574-0676(06)01036-2,200,application/json,1274,4639b281ab9d2a1335d0cdc6bc51dcde7f2f3d84294ac363bd3d95fd1329888f,2026-09-24T00:51:08Z,dados/fontes_web/doi/10.1016_s1574-0676_06_01036-2.json
doi:10.1016/j.cct.2006.05.007,https://api.crossref.org/works/10.1016/j.cct.2006.05.007,200,application/json,1358,c44b6a1ca80a471d623f7b52c45487bbae2600eb4ce4affd9eb1b2c9c4d57556,2026-09-24T00:26:31Z,dados/fontes_web/doi/10.1016_j.cct.2006.05.007.json
doi:10.1016/j.ecolecon.2025.108884,https://api.crossref.org/works/10.1016/j.ecolecon.2025.108884,200,application/json,1456,39f61f65b96a9af75916fda2fadc3d56367184fc3f8390d1901491d2ca944fe1,2026-09-24T00:26:32Z,dados/fontes_web/doi/10.1016_j.ecolecon.2025.108884.json
doi:10.1016/j.econlet.2015.10.035,https://api.crossref.org/works/10.1016/j.econlet.2015.10.035,200,application/json,1443,d0c65856d5b1f6a6e871e1dcee3cb7b73aa2de741eb213f0c7f6d9b3c30fd33d,2026-09-24T00:26:33Z,dados/fontes_web/doi/10.1016_j.econlet.2015.10.035.json
doi:10.1016/j.jdeveco.2012.01.002,https://api.crossref.org/works/10.1016/j.jdeveco.2012.01.002,200,application/json,1285,50bef5f8184b161831775842fede58a76243bc05078e941d1f5b16e8a1061f19,2026-09-24T00:26:34Z,dados/fontes_web/doi/10.1016_j.jdeveco.2012.01.002.json
doi:10.1016/j.jdeveco.2020.102458,https://api.crossref.org/works/10.1016/j.jdeveco.2020.102458,200,application/json,1412,38ff73d791f7f9554efc60e850220c7bd432a2924d0e0ba32ef0ad168836c4d4,2026-09-24T00:26:35Z,dados/fontes_web/doi/10.1016_j.jdeveco.2020.102458.json
doi:10.1016/j.jeconom.2004.04.011,https://api.crossref.org/works/10.1016/j.jeconom.2004.04.011,200,application/json,1378,79d2734cc1e401462a81462d2d9722ea17e03cfbe4bda17f384f05da180d1d74,2026-09-24T00:26:36Z,dados/fontes_web/doi/10.1016_j.jeconom.2004.04.011.json
doi:10.1016/j.jeconom.2007.05.001,https://api.crossref.org/works/10.1016/j.jeconom.2007.05.001,200,application/json,1338,fd1925233d7767c7a8d5d83b16a05efb6e697438b6b846c67c06262c4b18d75e,2026-09-24T00:26:36Z,dados/fontes_web/doi/10.1016_j.jeconom.2007.05.001.json
doi:10.1016/j.jeconom.2007.05.005,https://api.crossref.org/works/10.1016/j.jeconom.2007.05.005,200,application/json,1312,62568cd9e7d45a864aa7cfc0135905b968fc699c400a1439bee33d79e421d4a4,2026-09-24T00:26:37Z,dados/fontes_web/doi/10.1016_j.jeconom.2007.05.005.json
doi:10.1016/j.jeconom.2020.04.024,https://api.crossref.org/works/10.1016/j.jeconom.2020.04.024,200,application/json,1398,db3d867be28347951952221f4376e126ceb7fe14f63c5d661daa8ea782d3a03e,2026-09-24T00:26:38Z,dados/fontes_web/doi/10.1016_j.jeconom.2020.04.024.json
doi:10.1016/j.jeconom.2020.06.003,https://api.crossref.org/works/10.1016/j.jeconom.2020.06.003,200,application/json,1340,316ca589b046a71d85f40ca2c73f7ca74512dab6838b60fc1ed567fd47f86335,2026-09-24T00:26:39Z,dados/fontes_web/doi/10.1016_j.jeconom.2020.06.003.json
doi:10.1016/j.jeconom.2020.09.006,https://api.crossref.org/works/10.1016/j.jeconom.2020.09.006,200,application/json,1405,98efdbdd641313674ca31bd1481b1c08e9b64f57d950ab11e354861763fd1af1,2026-09-24T00:26:40Z,dados/fontes_web/doi/10.1016_j.jeconom.2020.09.006.json
doi:10.1016/j.jeconom.2020.10.012,https://api.crossref.org/works/10.1016/j.jeconom.2020.10.012,200,application/json,2193,62b0909a885519a97e6154eb66cb5d2370212627ab344212cb2150af8374a3a6,2026-09-24T00:26:40Z,dados/fontes_web/doi/10.1016_j.jeconom.2020.10.012.json
doi:10.1016/j.jeconom.2020.12.001,https://api.crossref.org/works/10.1016/j.jeconom.2020.12.001,200,application/json,1357,4c1979124c40216d8cddebc8f62d2797f56b8f60f8e34a6b74f2025310e678e2,2026-09-24T00:26:41Z,dados/fontes_web/doi/10.1016_j.jeconom.2020.12.001.json
doi:10.1016/j.jeconom.2021.03.014,https://api.crossref.org/works/10.1016/j.jeconom.2021.03.014,200,application/json,1267,44bd4c87adf4da6cae37fd4d989054b5f65fc6995675e43293778c2e9d05a600,2026-09-24T00:26:42Z,dados/fontes_web/doi/10.1016_j.jeconom.2021.03.014.json
doi:10.1016/j.jeconom.2022.04.001,https://api.crossref.org/works/10.1016/j.jeconom.2022.04.001,200,application/json,2198,0d4aa0154bb069604924e25c8addf3e0ff23bf01a3673fb532bcb9b8a4ec3057,2026-09-24T00:26:43Z,dados/fontes_web/doi/10.1016_j.jeconom.2022.04.001.json
doi:10.1016/j.jeconom.2023.03.008,https://api.crossref.org/works/10.1016/j.jeconom.2023.03.008,200,application/json,1630,f0e76aeb8bcc5c6535099e0d27ab819f12aff66d797939ea49dc05400441da64,2026-09-24T00:26:43Z,dados/fontes_web/doi/10.1016_j.jeconom.2023.03.008.json
doi:10.1016/j.jfineco.2022.01.004,https://api.crossref.org/works/10.1016/j.jfineco.2022.01.004,200,application/json,2193,6303e231badb301cc8a980292e45257f105be7f7806db2f9dfe10d124ee51ae1,2026-09-24T00:26:44Z,dados/fontes_web/doi/10.1016_j.jfineco.2022.01.004.json
doi:10.1016/j.jpubeco.2011.05.005,https://api.crossref.org/works/10.1016/j.jpubeco.2011.05.005,200,application/json,1377,93b8e89d30d96e96bd27aadff405642ea2619e9d6f2c2a9efff5f063d7cace32,2026-09-24T19:51:10Z,dados/fontes_web/doi/10.1016_j.jpubeco.2011.05.005.json
doi:10.1016/j.jpubeco.2024.105123,https://api.crossref.org/works/10.1016/j.jpubeco.2024.105123,200,application/json,1702,4b9e4c59ce30d1b689e4e866ed1d9473ef5d8b04e5557ecec0038868da306803,2026-09-24T00:26:45Z,dados/fontes_web/doi/10.1016_j.jpubeco.2024.105123.json
doi:10.1016/j.regsciurbeco.2019.06.002,https://api.crossref.org/works/10.1016/j.regsciurbeco.2019.06.002,200,application/json,1380,dc851266fdd6869d47abbe566022fd61638ca76f415386eb4badc2c2d7d5a568,2026-09-24T00:26:46Z,dados/fontes_web/doi/10.1016_j.regsciurbeco.2019.06.002.json
doi:10.1017/9781009441896,https://api.crossref.org/works/10.1017/9781009441896,200,application/json,2825,68cfab48e4bc219aa794f2155d1a1cae40b930f75fd648ce89576b0111b9545d,2026-09-24T00:26:47Z,dados/fontes_web/doi/10.1017_9781009441896.json
doi:10.1017/9781108684606,https://api.crossref.org/works/10.1017/9781108684606,200,application/json,3158,004b7708fa8f13ff35c238e9a8328ee7bcd922337b12a86fbedd3c28593f4c52,2026-09-24T00:26:48Z,dados/fontes_web/doi/10.1017_9781108684606.json
doi:10.1023/A:1007653328733,https://api.crossref.org/works/10.1023/A:1007653328733,200,application/json,1410,fc6f3cc44f44fccff17959456331fc09dfb4f2ebf027688d1528f74b80a20d85,2026-09-24T00:26:48Z,dados/fontes_web/doi/10.1023_a_1007653328733.json
doi:10.1023/B:JCEC.0000009823.76834.64,https://api.crossref.org/works/10.1023/B:JCEC.0000009823.76834.64,200,application/json,1539,205cbdd183e83c5f24e53fd4836c97f01aa354390fdc99795bd74cbd5eb4de01,2026-09-24T00:26:49Z,dados/fontes_web/doi/10.1023_b_jcec.0000009823.76834.64.json
doi:10.1037/1082-989X.2.2.173,https://api.crossref.org/works/10.1037/1082-989X.2.2.173,200,application/json,1295,af64375616c8ed74c4b8540559128b8c56bb6f8307c04c8b66d94bb5c1d155d0,2026-09-24T00:26:50Z,dados/fontes_web/doi/10.1037_1082-989x.2.2.173.json
doi:10.1080/00913367.1998.10673539,https://api.crossref.org/works/10.1080/00913367.1998.10673539,200,application/json,1981,e5f55c37a313d4de0505edba3de1dd88ce3f0fbf0e93b67e934a0abcba1e5ea3,2026-09-24T01:42:42Z,dados/fontes_web/doi/10.1080_00913367.1998.10673539.json
doi:10.1080/01621459.1996.10476902,https://api.crossref.org/works/10.1080/01621459.1996.10476902,200,application/json,2961,c7bcc3a1cf0a4d8ee0858b2c961df0e01975ea42c1f0ef538b58054158779bf8,2026-09-24T00:26:51Z,dados/fontes_web/doi/10.1080_01621459.1996.10476902.json
doi:10.1080/01621459.2019.1635480,https://api.crossref.org/works/10.1080/01621459.2019.1635480,200,application/json,2248,8abb86e4cc16cc05a0e4ff94559a6973da69626751e465f2030c17d5d9145fc8,2026-09-24T00:26:52Z,dados/fontes_web/doi/10.1080_01621459.2019.1635480.json
doi:10.1080/01621459.2021.1929245,https://api.crossref.org/works/10.1080/01621459.2021.1929245,200,application/json,2947,5a689e8be5fc0c0ea8db61d277623883a02d09d410d91c7ab8b79d0380cd7bbc,2026-09-24T00:26:52Z,dados/fontes_web/doi/10.1080_01621459.2021.1929245.json
doi:10.1080/07350015.2019.1668795,https://api.crossref.org/works/10.1080/07350015.2019.1668795,200,application/json,2477,1e7b227098a5ddc4282cca3631571af49cb95a549fe98eddc39cdf9593894fae,2026-09-24T00:26:53Z,dados/fontes_web/doi/10.1080_07350015.2019.1668795.json
doi:10.1080/09548963.2026.2616230,https://api.crossref.org/works/10.1080/09548963.2026.2616230,200,application/json,2451,2d60ad11df63d723fb74fcd93e72f121a43016f8eb8983e5604c32c0f402dc07,2026-09-24T14:35:41Z,dados/fontes_web/doi/10.1080_09548963.2026.2616230.json
doi:10.1080/10286632.2017.1420791,https://api.crossref.org/works/10.1080/10286632.2017.1420791,200,application/json,2622,ed60cb03fe913b5816c38c6c0d64dbf30b907184c83988bf4b803a02b60687cc,2026-09-24T14:35:32Z,dados/fontes_web/doi/10.1080_10286632.2017.1420791.json
doi:10.1080/10286632.2018.1514031,https://api.crossref.org/works/10.1080/10286632.2018.1514031,200,application/json,2493,9285bf493203b4334e3b4cb6eef5d1800acf2d3c2ed53f049015f35723edc191,2026-09-24T14:35:32Z,dados/fontes_web/doi/10.1080_10286632.2018.1514031.json
doi:10.1080/10286632.2025.2454580,https://api.crossref.org/works/10.1080/10286632.2025.2454580,200,application/json,2676,d13cc0b511683a939fe92c85714fa5bcb8826866dd81298d15cdd2db0854f51a,2026-09-24T00:26:54Z,dados/fontes_web/doi/10.1080_10286632.2025.2454580.json
doi:10.1080/17510694.2017.1318255,https://api.crossref.org/works/10.1080/17510694.2017.1318255,200,application/json,2636,414512fcbed3d49fa9826c33cd99b1ea43f216f8e792fef716a73519ce63da42,2026-09-24T14:35:35Z,dados/fontes_web/doi/10.1080_17510694.2017.1318255.json
doi:10.1080/17510694.2023.2203397,https://api.crossref.org/works/10.1080/17510694.2023.2203397,200,application/json,3425,9316ebf61da4870a4a3d2ce1bd088066e8e9dfad1b0203f245b7798f2fbf47ab,2026-09-24T14:35:40Z,dados/fontes_web/doi/10.1080_17510694.2023.2203397.json
doi:10.1080/19439342.2016.1244555,https://api.crossref.org/works/10.1080/19439342.2016.1244555,200,application/json,2233,6b0e0835344aab2c6165b1513e8637f88e8578b2069f3aa84c23282d147f432a,2026-09-24T00:26:55Z,dados/fontes_web/doi/10.1080_19439342.2016.1244555.json
doi:10.1086/296420,https://api.crossref.org/works/10.1086/296420,200,application/json,1925,0251360e1de2ca0916ade3fc28e57d0e2694a48bad23245a94e702d95b9af75a,2026-09-24T01:42:40Z,dados/fontes_web/doi/10.1086_296420.json
doi:10.1093/biomet/70.1.41,https://api.crossref.org/works/10.1093/biomet/70.1.41,200,application/json,2058,9fd340902f3fe348492a8d3b5a83a07581bd534786605247938a6244eac943ae,2026-09-24T00:26:56Z,dados/fontes_web/doi/10.1093_biomet_70.1.41.json
doi:10.1093/ectj/utac017,https://api.crossref.org/works/10.1093/ectj/utac017,200,application/json,2793,60814887fbb340d52678806f4620743b43e17b88ffb1cb215a7ec51aaa63803f,2026-09-24T00:26:56Z,dados/fontes_web/doi/10.1093_ectj_utac017.json
doi:10.1093/ije/dyl129,https://api.crossref.org/works/10.1093/ije/dyl129,200,application/json,3306,3c7e352fcaa59e1f9ac146c0d8acefc2bc10958d2671fbcf8fbea17ddcaa9dc9,2026-09-24T00:43:01Z,dados/fontes_web/doi/10.1093_ije_dyl129.json
doi:10.1093/jopart/muu009,https://api.crossref.org/works/10.1093/jopart/muu009,200,application/json,2899,315a679c3133a5138be28d66c56a201ef4432a4ae5bae42af460fd9bf282f556,2026-09-24T01:42:41Z,dados/fontes_web/doi/10.1093_jopart_muu009.json
doi:10.1093/pan/mpt024,https://api.crossref.org/works/10.1093/pan/mpt024,200,application/json,3841,bb9155d379e7789996cea5b7d2f48b20c694639bb37b8ae48048b277adb14196,2026-09-24T01:21:32Z,dados/fontes_web/doi/10.1093_pan_mpt024.json
doi:10.1093/qje/qjz013,https://api.crossref.org/works/10.1093/qje/qjz013,200,application/json,3683,664bb584548eb3879a87c39e627cb654df700d0a9efcfbbea779170d4a84f3dc,2026-09-24T01:42:36Z,dados/fontes_web/doi/10.1093_qje_qjz013.json
doi:10.1093/restud/rdad018,https://api.crossref.org/works/10.1093/restud/rdad018,200,application/json,3463,a6922d8b5f7d348bf0dd44ce59da7c9c110efe573f3ca31db3ce20c01bc3366f,2026-09-24T00:26:57Z,dados/fontes_web/doi/10.1093_restud_rdad018.json
doi:10.1093/restud/rdae007,https://api.crossref.org/works/10.1093/restud/rdae007,200,application/json,3814,3de19a65bf59e546bee21231db5b83c6ca957c231da62f27e78df71b7b24a155,2026-09-24T00:26:58Z,dados/fontes_web/doi/10.1093_restud_rdae007.json
doi:10.1093/restud/rdy034,https://api.crossref.org/works/10.1093/restud/rdy034,200,application/json,2444,3549a3a69cc50b8559379a4ed157d17dc68bc8f3ec01a52e4a1334e628a5b4a1,2026-09-24T19:51:12Z,dados/fontes_web/doi/10.1093_restud_rdy034.json
doi:10.1093/wbro/lkaa004,https://api.crossref.org/works/10.1093/wbro/lkaa004,200,application/json,4199,7398f572481fe69e87fb2b277745886ed48d274127d70a56f04e099961d6ee3b,2026-09-24T03:30:27Z,dados/fontes_web/doi/10.1093_wbro_lkaa004.json
doi:10.1093/wbro/lky010,https://api.crossref.org/works/10.1093/wbro/lky010,200,application/json,4054,0414f669b60e263b0656593fb9490fb19228226bdbcd3cc54fa22e5b08f19646,2026-09-24T03:38:30Z,dados/fontes_web/doi/10.1093_wbro_lky010.json
doi:10.1108/AFR-10-2018-0087,https://api.crossref.org/works/10.1108/AFR-10-2018-0087,200,application/json,5923,ecd9b2d4a57b7b981aea89e2bbec586e9022c288dd73fe2d029a199b09b76294,2026-09-24T00:26:59Z,dados/fontes_web/doi/10.1108_afr-10-2018-0087.json
doi:10.1108/INMR-11-2020-0167,https://api.crossref.org/works/10.1108/INMR-11-2020-0167,200,application/json,5114,c6549c33169a2c1b72d6126b2a923560772c08c9eaf3cb36e3e7a55ef009084b,2026-09-24T14:35:28Z,dados/fontes_web/doi/10.1108_inmr-11-2020-0167.json
doi:10.1108/JSMA-04-2018-0029,https://api.crossref.org/works/10.1108/JSMA-04-2018-0029,200,application/json,4559,afbe84fdc9c9fe6597bc04fefec58582eb0a2e26d4755a69ecf8006350c17fb0,2026-09-24T14:35:27Z,dados/fontes_web/doi/10.1108_jsma-04-2018-0029.json
doi:10.1111/ajps.12116,https://api.crossref.org/works/10.1111/ajps.12116,200,application/json,2440,af593cafb3e0c065192ce145e44acc01245fbe00f8181b352f90355ad01f6b5b,2026-09-24T00:27:00Z,dados/fontes_web/doi/10.1111_ajps.12116.json
doi:10.1111/blar.12637,https://api.crossref.org/works/10.1111/blar.12637,200,application/json,2822,66a97f51666296045b5a3f3b0f33e14b54a70dc4a97691f1f7a0a1f264896db1,2026-09-24T14:35:35Z,dados/fontes_web/doi/10.1111_blar.12637.json
doi:10.1111/coep.12443,https://api.crossref.org/works/10.1111/coep.12443,200,application/json,2993,717d34c3990c54cf156d6b50cbb11c433d05e60200cc1d0865733d83522e5400,2026-09-24T00:27:01Z,dados/fontes_web/doi/10.1111_coep.12443.json
doi:10.1111/ectj.12107,https://api.crossref.org/works/10.1111/ectj.12107,200,application/json,2168,beac627f950110b013ac57c1a19803225d58dd19fc48a9fb6d8d7d2893576c61,2026-09-24T00:27:01Z,dados/fontes_web/doi/10.1111_ectj.12107.json
doi:10.1111/j.0275-1100.2004.02402006.x,https://api.crossref.org/works/10.1111/j.0275-1100.2004.02402006.x,200,application/json,3326,371dd22a93b083f65c1ed2578c714ce63a023065c61750a38513b34e9b7b248b,2026-09-24T00:27:02Z,dados/fontes_web/doi/10.1111_j.0275-1100.2004.02402006.x.json
doi:10.1111/j.1467-6419.2007.00527.x,https://api.crossref.org/works/10.1111/j.1467-6419.2007.00527.x,200,application/json,4041,f3591b41f3c6fe6a1ea1cbd8dea230f6e620edaa73b2426834cf8a189d7113d7,2026-09-24T00:27:03Z,dados/fontes_web/doi/10.1111_j.1467-6419.2007.00527.x.json
doi:10.1111/j.1467-8292.2007.00329.x,https://api.crossref.org/works/10.1111/j.1467-8292.2007.00329.x,200,application/json,3281,321e9ab994b18dd1ef9ee3010d829dbeee2b021ddc400eeebe6aba4e61ff2c21,2026-09-24T00:27:04Z,dados/fontes_web/doi/10.1111_j.1467-8292.2007.00329.x.json
doi:10.1111/j.1468-0262.2004.00481.x,https://api.crossref.org/works/10.1111/j.1468-0262.2004.00481.x,200,application/json,2493,0a53bc22ba2506ffd8c24726bdde39c0923b7407741dd283ae39b9d3e5274dd8,2026-09-24T00:27:05Z,dados/fontes_web/doi/10.1111_j.1468-0262.2004.00481.x.json
doi:10.1111/j.1468-0262.2004.00530.x,https://api.crossref.org/works/10.1111/j.1468-0262.2004.00530.x,200,application/json,2956,9136911e5543b583171f459dbf10367f194cf8a9eb5799ea47285c4749174bf2,2026-09-24T01:21:38Z,dados/fontes_web/doi/10.1111_j.1468-0262.2004.00530.x.json
doi:10.1111/j.1468-0262.2005.00594.x,https://api.crossref.org/works/10.1111/j.1468-0262.2005.00594.x,200,application/json,2142,58736a2780482701fc1e25e631dff508c4328168a7fa587f7c8c441f8d0488e1,2026-09-24T01:21:35Z,dados/fontes_web/doi/10.1111_j.1468-0262.2005.00594.x.json
doi:10.1111/j.1468-0262.2006.00655.x,https://api.crossref.org/works/10.1111/j.1468-0262.2006.00655.x,200,application/json,2603,0bab056e2c32423d01a213d9862717bf8956949f2aab47209f503b643240da39,2026-09-24T00:27:05Z,dados/fontes_web/doi/10.1111_j.1468-0262.2006.00655.x.json
doi:10.1111/joes.12363,https://api.crossref.org/works/10.1111/joes.12363,200,application/json,3187,2b438e4470e71fbc9c756ddac37f75a5087684cd5ef0a7d9a6573c70022e5fbc,2026-09-24T00:27:06Z,dados/fontes_web/doi/10.1111_joes.12363.json
doi:10.1111/joes.12692,https://api.crossref.org/works/10.1111/joes.12692,200,application/json,3339,479f21233dd396c4e2d35af07231cc4a77b0cdbb403281d4ee3f031d0181c34b,2026-09-24T00:27:07Z,dados/fontes_web/doi/10.1111_joes.12692.json
doi:10.1111/jors.12485,https://api.crossref.org/works/10.1111/jors.12485,200,application/json,3460,57372ed990a0932a730657e417b566cc3046303d6a3833ddba1ed4834d84da79,2026-09-24T00:27:08Z,dados/fontes_web/doi/10.1111_jors.12485.json
doi:10.1111/pirs.12728,https://api.crossref.org/works/10.1111/pirs.12728,200,application/json,2148,561ffbedc6be3a5c4a0e793d99ce1c25fd17938b60ad31b58b78839abf564cb9,2026-09-24T00:27:09Z,dados/fontes_web/doi/10.1111_pirs.12728.json
doi:10.1146/annurev-resource-121517-033306,https://api.crossref.org/works/10.1146/annurev-resource-121517-033306,200,application/json,4169,78f1293db91a30f0ec564d88d4ece89dd3160f61749598349967a1a269183180,2026-09-24T19:51:11Z,dados/fontes_web/doi/10.1146_annurev-resource-121517-033306.json
doi:10.1162/003355304772839588,https://api.crossref.org/works/10.1162/003355304772839588,200,application/json,2820,ab4de467d96701d0b932671767bb61b2881779c18207a9ad0cf3f61d4e605488,2026-09-24T00:27:10Z,dados/fontes_web/doi/10.1162_003355304772839588.json
doi:10.1162/003465304323023651,https://api.crossref.org/works/10.1162/003465304323023651,200,application/json,2814,88e367681899c1e051c049a8ecd093bb7ba68afbd27c30ed124ee2331fa2c831,2026-09-24T00:27:10Z,dados/fontes_web/doi/10.1162_003465304323023651.json
doi:10.1162/REST_a_00049,https://api.crossref.org/works/10.1162/REST_a_00049,200,application/json,2109,1f806d5c2846a547e32613f5130fe66bb98a4fe38bc861147b7ef48eddfd0e3e,2026-09-24T00:27:11Z,dados/fontes_web/doi/10.1162_rest_a_00049.json
doi:10.1162/rest.90.3.414,https://api.crossref.org/works/10.1162/rest.90.3.414,200,application/json,2213,4227e4e09815f50cdc313d21aafd0cc79754f76d3d8bd4acb18de9bbc45245ee,2026-09-24T00:27:12Z,dados/fontes_web/doi/10.1162_rest.90.3.414.json
doi:10.1162/rest_a_00716,https://api.crossref.org/works/10.1162/rest_a_00716,200,application/json,2253,f5c49c973577ecf41b53377a5a033bce956772c111389366427a0c7f83eeff00,2026-09-24T00:27:13Z,dados/fontes_web/doi/10.1162_rest_a_00716.json
doi:10.1162/rest_a_00759,https://api.crossref.org/works/10.1162/rest_a_00759,200,application/json,2666,18391ec398f386a00baa92a0f2c89d067a28637c0fe1f87db3125ae5ba743289,2026-09-24T00:27:14Z,dados/fontes_web/doi/10.1162_rest_a_00759.json
doi:10.1177/0193841X9501900504,https://api.crossref.org/works/10.1177/0193841X9501900504,200,application/json,2334,c9f2c3e7a692ec2578fc4a02e991b4ccb257e205452c185ef1e5f2088be23b17,2026-09-24T00:27:14Z,dados/fontes_web/doi/10.1177_0193841x9501900504.json
doi:10.1177/0275074016651958,https://api.crossref.org/works/10.1177/0275074016651958,200,application/json,3354,5416f092312b546fd1b4513a36b59fb9fba5e6cc9c0f014af840f78e1627fc21,2026-09-24T00:27:15Z,dados/fontes_web/doi/10.1177_0275074016651958.json
doi:10.1177/0899764013487800,https://api.crossref.org/works/10.1177/0899764013487800,200,application/json,3510,1f7407f856fb019962e29e0b111d262f1a2908ac554d90977b1bdda6bf6631bc,2026-09-24T00:27:16Z,dados/fontes_web/doi/10.1177_0899764013487800.json
doi:10.1177/1356389015605198,https://api.crossref.org/works/10.1177/1356389015605198,200,application/json,3127,855b7831f771eed52458422fc860e1d13f9ea2b15cc2a18796d0daa154acdb29,2026-09-24T02:16:45Z,dados/fontes_web/doi/10.1177_1356389015605198.json
doi:10.1177/1536867X19830877,https://api.crossref.org/works/10.1177/1536867X19830877,200,application/json,4521,053bfe442dc02653af0277e955014ca5de51c9f4e5a402cc05ad3239d7d275f4,2026-09-24T00:27:17Z,dados/fontes_web/doi/10.1177_1536867x19830877.json
doi:10.1177/1745691614551642,https://api.crossref.org/works/10.1177/1745691614551642,200,application/json,3215,7c4ca1677a5dafd595613eceb2d7394f371394012d7f7638e1ae43d8ca7588f2,2026-09-24T00:27:18Z,dados/fontes_web/doi/10.1177_1745691614551642.json
doi:10.1198/jasa.2009.ap08746,https://api.crossref.org/works/10.1198/jasa.2009.ap08746,200,application/json,2743,f3c7795404f1079416be5167c10f17b78e6428a985bb867026518569e722d0d7,2026-09-24T00:27:18Z,dados/fontes_web/doi/10.1198_jasa.2009.ap08746.json
doi:10.1257/000282803321455188,https://api.crossref.org/works/10.1257/000282803321455188,200,application/json,2643,140a495cb8f62366240b0e0600de77f270272c51fe399669fdf5974ea02dcf43,2026-09-24T00:27:19Z,dados/fontes_web/doi/10.1257_000282803321455188.json
doi:10.1257/aer.103.5.1797,https://api.crossref.org/works/10.1257/aer.103.5.1797,200,application/json,2971,628292137b1d91801d97b959238c4a2c4bd4d9d868735a96beea7cf17dd7c8d5,2026-09-24T19:51:08Z,dados/fontes_web/doi/10.1257_aer.103.5.1797.json
doi:10.1257/aer.20121493,https://api.crossref.org/works/10.1257/aer.20121493,200,application/json,2995,b4345f367a710296d5edf96151223883e492eea5cbf0c41d8b1372f47cacdbc9,2026-09-24T01:42:37Z,dados/fontes_web/doi/10.1257_aer.20121493.json
doi:10.1257/aer.20161503,https://api.crossref.org/works/10.1257/aer.20161503,200,application/json,3429,8595b1145b2f4e43325b9fe71d9aa7321a16daea7481b275d6e9967a52b8c601,2026-09-24T19:51:09Z,dados/fontes_web/doi/10.1257_aer.20161503.json
doi:10.1257/aer.20180615,https://api.crossref.org/works/10.1257/aer.20180615,200,application/json,3062,f93d43cda0d85b0410a7a2a18eee4d6f0056e5ac34b94c69620853ea2bafd55b,2026-09-24T01:42:39Z,dados/fontes_web/doi/10.1257_aer.20180615.json
doi:10.1257/aer.20181169,https://api.crossref.org/works/10.1257/aer.20181169,200,application/json,2554,a996099f4c44a3b96733bd8b91a18394c5f2bbcfbad9dace95f6c1897de90563,2026-09-24T00:27:20Z,dados/fontes_web/doi/10.1257_aer.20181169.json
doi:10.1257/aer.20190159,https://api.crossref.org/works/10.1257/aer.20190159,200,application/json,3034,ff9c24944fe8e2e0984026e6a76d74a449fb32d4309ed851154fc8b91030c7b7,2026-09-24T00:27:21Z,dados/fontes_web/doi/10.1257_aer.20190159.json
doi:10.1257/aer.20201860,https://api.crossref.org/works/10.1257/aer.20201860,200,application/json,2687,eaaa9ac9b22a7abc706f49593e734de63c4a2d4b9a7b4d5329a80b70303c964c,2026-09-24T19:51:09Z,dados/fontes_web/doi/10.1257_aer.20201860.json
doi:10.1257/app.20150421,https://api.crossref.org/works/10.1257/app.20150421,200,application/json,2585,16df5b16bba30bd6d49749fb5bb636507a4cfca234f3f0a850dc8ed6a7557aa9,2026-09-24T19:51:11Z,dados/fontes_web/doi/10.1257_app.20150421.json
doi:10.1257/jel.20191450,https://api.crossref.org/works/10.1257/jel.20191450,200,application/json,2757,47dcc7e1fe1773bf151f70931e6204c236df28bb0f4a2868bc71583f4f6bb49e,2026-09-24T00:27:22Z,dados/fontes_web/doi/10.1257_jel.20191450.json
doi:10.1257/jel.47.1.5,https://api.crossref.org/works/10.1257/jel.47.1.5,200,application/json,3110,d474a7e057c5446b0af75f4634ba8bd306408840d27eb0fadbaa8d0a1f947f39,2026-09-24T00:27:22Z,dados/fontes_web/doi/10.1257_jel.47.1.5.json
doi:10.1257/jel.48.2.281,https://api.crossref.org/works/10.1257/jel.48.2.281,200,application/json,2520,ef23918f1315aae3449d10cc63db1c987605bd7ca42a93d699af7a335d643d00,2026-09-24T00:27:23Z,dados/fontes_web/doi/10.1257_jel.48.2.281.json
doi:10.1257/jep.25.3.17,https://api.crossref.org/works/10.1257/jep.25.3.17,200,application/json,2478,8c740577f10e657180cb62c1ee67ec7836fedadcdc8294c4512aed4b96fd6073,2026-09-24T01:42:35Z,dados/fontes_web/doi/10.1257_jep.25.3.17.json
doi:10.1257/jep.31.2.3,https://api.crossref.org/works/10.1257/jep.31.2.3,200,application/json,3314,7d7198f9058aea96a0da2ad5b662e8ed0715e670438168779eb408dec8e1554b,2026-09-24T00:27:24Z,dados/fontes_web/doi/10.1257_jep.31.2.3.json
doi:10.1257/pol.20180076,https://api.crossref.org/works/10.1257/pol.20180076,200,application/json,2906,d492dc05b95ccbba2943c71634b4b5e00b327f18d5774376fc6797bbd2b8c4c9,2026-09-24T01:42:37Z,dados/fontes_web/doi/10.1257_pol.20180076.json
doi:10.1257/pol.3.1.54,https://api.crossref.org/works/10.1257/pol.3.1.54,200,application/json,2807,aeeea7aafced49a38866011eafdd75538adf1fe982e869748ba7ab13153e9679,2026-09-24T01:42:38Z,dados/fontes_web/doi/10.1257_pol.3.1.54.json
doi:10.1287/mnsc.2023.4928,https://api.crossref.org/works/10.1287/mnsc.2023.4928,200,application/json,5126,c6c09d589198ef5ce1341bf7548ed41330898b399c399efc4fa6c644bf2c925b,2026-09-24T00:27:25Z,dados/fontes_web/doi/10.1287_mnsc.2023.4928.json
doi:10.1332/251569119X15675896589688,https://api.crossref.org/works/10.1332/251569119X15675896589688,200,application/json,3921,31d507eb1d70a74c39c825690c53a45aa8b8624c73a558b29deef5c2ef986030,2026-09-24T00:27:26Z,dados/fontes_web/doi/10.1332_251569119x15675896589688.json
doi:10.1348/000711010X502733,https://api.crossref.org/works/10.1348/000711010X502733,200,application/json,2845,3058f55362017435ed45eef0bb3f0ed10f416c7b4f215a16540581597d302e3e,2026-09-24T00:27:26Z,dados/fontes_web/doi/10.1348_000711010x502733.json
doi:10.1371/journal.pone.0132590,https://api.crossref.org/works/10.1371/journal.pone.0132590,200,application/json,4417,2f46d765a92ddd5f2dc117d6bf8809b1afc4ee110a4022ca108ef2640adc872c,2026-09-24T00:27:27Z,dados/fontes_web/doi/10.1371_journal.pone.0132590.json
doi:10.15210/norus.v1i1.2761,https://api.crossref.org/works/10.15210/norus.v1i1.2761,404,application/json,2088,2427589e58e289c3f6ba8736d4ebd9d86c146e35943bd05495fc06440b3b640b,2026-09-27T03:21:58Z,dados/fontes_web/doi/10.15210_norus.v1i1.2761.json
doi:10.15448/1980-864X.2022.1.41746,https://api.crossref.org/works/10.15448/1980-864X.2022.1.41746,200,application/json,4618,f9422f0535dacf0697180bb553affa53d83867f2ae6075f01e007f37e19a0c2a,2026-09-24T14:35:36Z,dados/fontes_web/doi/10.15448_1980-864x.2022.1.41746.json
doi:10.1590/0034-7612156363,https://api.crossref.org/works/10.1590/0034-7612156363,200,application/json,3880,0707463be0f9f6fcadb434859fcd2ee127035f5c5aa3bab920812fffc4184732,2026-09-24T14:35:42Z,dados/fontes_web/doi/10.1590_0034-7612156363.json
doi:10.1590/0034-7612162254,https://api.crossref.org/works/10.1590/0034-7612162254,200,application/json,3483,68d9889a7176836f9af1fbcb816cc5a4d3386bc0b7cdb0f4fae71990be48dfa6,2026-09-24T00:27:29Z,dados/fontes_web/doi/10.1590_0034-7612162254.json
doi:10.1590/0104-530X3832-20,https://api.crossref.org/works/10.1590/0104-530X3832-20,200,application/json,4817,d96cabf42956c40862f3223000a498a8de247f1165ad637d257f1887a0d1acb6,2026-09-24T14:35:30Z,dados/fontes_web/doi/10.1590_0104-530x3832-20.json
doi:10.1590/1807-01912018243622,https://api.crossref.org/works/10.1590/1807-01912018243622,200,application/json,3257,d642372c7fe284d08b0fe1ae16b41c0775aa4f6955633288d44733ad367a4bad,2026-09-24T14:35:39Z,dados/fontes_web/doi/10.1590_1807-01912018243622.json
doi:10.1590/S0011-52582013000200004,https://api.crossref.org/works/10.1590/S0011-52582013000200004,200,application/json,3114,348671776d1a0af5f24220b09698cabfc47da2d3a0e0bfbc4b682660477b1911,2026-09-24T00:27:30Z,dados/fontes_web/doi/10.1590_s0011-52582013000200004.json
doi:10.1590/S0034-75901997000400005,https://api.crossref.org/works/10.1590/S0034-75901997000400005,200,application/json,2785,49971703ae1fb4b1a657201f223503a2d92797c0c98c06a960a0368614cb7e1a,2026-09-24T00:27:31Z,dados/fontes_web/doi/10.1590_s0034-75901997000400005.json
doi:10.1590/S0102-69922014000100011,https://api.crossref.org/works/10.1590/S0102-69922014000100011,200,application/json,2800,c96e814589a790a33c95c1f2b3802e1ba5cce4a782979bd449fe3583a12224a5,2026-09-24T14:35:33Z,dados/fontes_web/doi/10.1590_s0102-69922014000100011.json
doi:10.1590/S0102-88392001000200011,https://api.crossref.org/works/10.1590/S0102-88392001000200011,200,application/json,1823,0bd878d5671f31e1ba259a39475688ca3d73cfcb89bd71c1d1fbb6c91f101b1c,2026-09-24T00:27:31Z,dados/fontes_web/doi/10.1590_s0102-88392001000200011.json
doi:10.1590/S0103-20702003000200007,https://api.crossref.org/works/10.1590/S0103-20702003000200007,200,application/json,1849,c1e786a3c0eebf7a26b298515d07c48271ab8a8c267ed41caba1a0e54189bab4,2026-09-24T00:27:32Z,dados/fontes_web/doi/10.1590_s0103-20702003000200007.json
doi:10.1590/S0103-49792016000300007,https://api.crossref.org/works/10.1590/S0103-49792016000300007,200,application/json,3233,426e096e1d131e4378b4b0668b3b29d826e75ed07568dfb1c8c4d40d3f00d271,2026-09-24T00:27:33Z,dados/fontes_web/doi/10.1590_s0103-49792016000300007.json
doi:10.1596/978-1-4648-0779-4,https://api.crossref.org/works/10.1596/978-1-4648-0779-4,200,application/json,3311,bf5de242e1354f28c168b8a60dfa48836cef7a42ad8ee8e220c88108574ec6e8,2026-09-24T00:27:34Z,dados/fontes_web/doi/10.1596_978-1-4648-0779-4.json
doi:10.1596/978-1-4648-0889-0,https://api.crossref.org/works/10.1596/978-1-4648-0889-0,404,application/json,130,00a84f49658eeb676bf7185b89cc5005b21b6da8aee2b0c02455ae4930fd2019,2026-09-27T03:21:59Z,dados/fontes_web/doi/10.1596_978-1-4648-0889-0.json
doi:10.17310/ntj.2009.1.03,https://api.crossref.org/works/10.17310/ntj.2009.1.03,200,application/json,2068,664d9482b0be2ad621c184ab0ffdf9e0469bef03901ad4a3074a349f7e76ed53,2026-09-24T00:27:37Z,dados/fontes_web/doi/10.17310_ntj.2009.1.03.json
doi:10.17808/des.0.1438,https://api.crossref.org/works/10.17808/des.0.1438,200,application/json,6587,0753ccfd8bfebe1590c4b80586cdac941fb3d7ebe0c94ed9fb1d68e06a7a4a94,2026-09-24T14:35:37Z,dados/fontes_web/doi/10.17808_des.0.1438.json
doi:10.18764/2178-2865.v18n1p111-124,https://api.crossref.org/works/10.18764/2178-2865.v18n1p111-124,200,application/json,6107,69fe8cb7b6d8f5e68f8e1fab05d10c3131a9bb5e814133bd7895ac8803f74797,2026-09-24T00:27:37Z,dados/fontes_web/doi/10.18764_2178-2865.v18n1p111-124.json
doi:10.20435/inter.v22i2.2965,https://api.crossref.org/works/10.20435/inter.v22i2.2965,200,application/json,3882,1b2ce59ab4ffa454b8d196c1d4ca585c36ea2418ab4190f9edcad5911dc6af26,2026-09-24T00:43:00Z,dados/fontes_web/doi/10.20435_inter.v22i2.2965.json
doi:10.2139/ssrn.3313990,https://api.crossref.org/works/10.2139/ssrn.3313990,200,application/json,2475,2058662b4c5926e59da34ee9eb39d4f74e4ac896b45de1490e9de04196799bf8,2026-09-24T00:27:38Z,dados/fontes_web/doi/10.2139_ssrn.3313990.json
doi:10.21783/rei.v5i2.314,https://api.crossref.org/works/10.21783/rei.v5i2.314,200,application/json,4936,6185f3b7ece524714c399c5249f1210edf981a109e3d434ad301c4d1616fc42c,2026-09-24T00:27:39Z,dados/fontes_web/doi/10.21783_rei.v5i2.314.json
doi:10.22347/2175-2753v13i40.3480,https://api.crossref.org/works/10.22347/2175-2753v13i40.3480,200,application/json,3298,a080694c1c23c4ff6fa493677364b4eb8b399e845ba5ac5882cea7fdebfc049c,2026-09-24T14:35:39Z,dados/fontes_web/doi/10.22347_2175-2753v13i40.3480.json
doi:10.22617/TCS179188-2,https://api.crossref.org/works/10.22617/TCS179188-2,200,application/json,1336,666ac46d9de0107d3bb2e28e34c72ac2936aa481c6faa7110ee871d724139abc,2026-09-24T00:27:40Z,dados/fontes_web/doi/10.22617_tcs179188-2.json
doi:10.2307/1925895,https://api.crossref.org/works/10.2307/1925895,200,application/json,3530,4e9e11aeb34dd322d7c5d0a933c1666bab02b8dcce08ea77a7cad58e6317a5ae,2026-09-24T01:21:33Z,dados/fontes_web/doi/10.2307_1925895.json
doi:10.2307/2234133,https://api.crossref.org/works/10.2307/2234133,200,application/json,1413,af0be8a9896d14958d199f1b462c65470dcf82215d824f686f9241527b7b86a2,2026-09-24T01:21:34Z,dados/fontes_web/doi/10.2307_2234133.json
doi:10.2307/2951620,https://api.crossref.org/works/10.2307/2951620,200,application/json,2010,6ad7c97baccc0f0f3ae65c114367078edae815ddb6780b837691fb68c1bf6245,2026-09-24T00:27:40Z,dados/fontes_web/doi/10.2307_2951620.json
doi:10.2307/2971733,https://api.crossref.org/works/10.2307/2971733,200,application/json,2993,752d888f0b690428793e736598148fd4175b2751bde8fe7e1201fb1f3dd04cbb,2026-09-24T00:27:41Z,dados/fontes_web/doi/10.2307_2971733.json
doi:10.24302/drd.v14.5320,https://api.crossref.org/works/10.24302/drd.v14.5320,200,application/json,4820,3dd2c9c749b58cf8dede384e291141f1d6a895692372e59497936e39585b82b2,2026-09-24T00:27:42Z,dados/fontes_web/doi/10.24302_drd.v14.5320.json
doi:10.3102/10769986211070625,https://api.crossref.org/works/10.3102/10769986211070625,200,application/json,3488,13441e30f69d96c00da9f603781d8300f9fbef2d51cbeb6e64c1a71b5b299972,2026-09-24T00:27:43Z,dados/fontes_web/doi/10.3102_10769986211070625.json
doi:10.3138/cjpe.230,https://api.crossref.org/works/10.3138/cjpe.230,200,application/json,2738,508ea2e07c3305ce2a6aeae61197ddc98e6145689d8a25b80efae1a64dabc055,2026-09-24T02:16:45Z,dados/fontes_web/doi/10.3138_cjpe.230.json
doi:10.3138/cjpe.31122,https://api.crossref.org/works/10.3138/cjpe.31122,200,application/json,2556,231f4ac557182d991b801de2250009f895dc4bb6893caec79a7dd2e3492adc4d,2026-09-24T00:27:44Z,dados/fontes_web/doi/10.3138_cjpe.31122.json
doi:10.3368/jhr.50.2.317,https://api.crossref.org/works/10.3368/jhr.50.2.317,200,application/json,2134,3f17c8590b471978627ed52a72fb403b0b6156b413cb272233f1a6bd107b2c67,2026-09-24T00:27:44Z,dados/fontes_web/doi/10.3368_jhr.50.2.317.json
doi:10.3368/jhr.57.3.0917-9064R2,https://api.crossref.org/works/10.3368/jhr.57.3.0917-9064R2,200,application/json,2057,503678954aac8c74b264e2599564bf0c581a06a69aa81d26a259c083e1fa5199,2026-09-24T00:27:45Z,dados/fontes_web/doi/10.3368_jhr.57.3.0917-9064r2.json
doi:10.3386/w32117,https://api.crossref.org/works/10.3386/w32117,200,application/json,2353,eb6fa1702928409d7646395e07bd693710746fadca76fbc112d62ecf97867d41,2026-09-24T00:27:46Z,dados/fontes_web/doi/10.3386_w32117.json
doi:10.38116/td2715,https://api.crossref.org/works/10.38116/td2715,200,application/json,3704,d4dcdb6255cd69bb906b3bc4bc675389d4f60b39b25808ea86a30f3672fca9f1,2026-09-24T00:27:47Z,dados/fontes_web/doi/10.38116_td2715.json
doi:10.3982/ECTA11757,https://api.crossref.org/works/10.3982/ECTA11757,200,application/json,3418,4141c6b1e013474778cbd1152311d48940aadcbb7bedec2f689a50feb1c9eda8,2026-09-24T00:27:47Z,dados/fontes_web/doi/10.3982_ecta11757.json
doi:10.3982/ECTA13288,https://api.crossref.org/works/10.3982/ECTA13288,200,application/json,3043,5b1eed077c6aa573917a2deb8292b211423f6fb9d8325554c6e91cb58cda5df3,2026-09-24T01:21:32Z,dados/fontes_web/doi/10.3982_ecta13288.json
doi:10.3982/ECTA15732,https://api.crossref.org/works/10.3982/ECTA15732,200,application/json,3245,8cdc2a549a65bc8b15a1d9b452479a292681f42dd1a533b08fbecd52e809dac4,2026-09-24T01:21:36Z,dados/fontes_web/doi/10.3982_ecta15732.json
doi:10.4025/jphyseduc.v28i1.2834,https://api.crossref.org/works/10.4025/jphyseduc.v28i1.2834,200,application/json,2058,697bbc4dc8a6617386dac98b35fbd99779fa5f165b6bfbd00c3bde05f9fbaefc,2026-09-24T14:35:29Z,dados/fontes_web/doi/10.4025_jphyseduc.v28i1.2834.json
doi:10.48550/arXiv.2105.03737,https://api.crossref.org/works/10.48550/arXiv.2105.03737,404,application/json,1560,252a4622c42ec6c4aa56e6ba164b519e300c5f2da80f0064963ad0151c51fca1,2026-09-27T03:21:59Z,dados/fontes_web/doi/10.48550_arxiv.2105.03737.json
doi:10.5102/RBPP.V11I3.7484,https://api.crossref.org/works/10.5102/RBPP.V11I3.7484,200,application/json,4138,bcb57f4fc1d77a0556e4386e16c4d1c2cd634851f442a4c3c1b7e88cf04b7dcc,2026-09-24T14:35:31Z,dados/fontes_web/doi/10.5102_rbpp.v11i3.7484.json
doi:10.5102/rbpp.v7i1.4351,https://api.crossref.org/works/10.5102/rbpp.v7i1.4351,200,application/json,2626,5c45eb40ecb0627344d7b1fe04b2d1bd0cd5f3e626da82d99ed752890477785b,2026-09-24T00:27:49Z,dados/fontes_web/doi/10.5102_rbpp.v7i1.4351.json
doi:10.5216/sec.v25.73441,https://api.crossref.org/works/10.5216/sec.v25.73441,200,application/json,3610,ec366ae7ffd742a8fe30b86289d76aab487885e7003e295ceb9b238025267245,2026-09-24T14:35:34Z,dados/fontes_web/doi/10.5216_sec.v25.73441.json
doi:10.52780/res.v30i3.20239,https://api.crossref.org/works/10.52780/res.v30i3.20239,200,application/json,3544,9328268ac3abe4c4336ebba45b7a3fcedbcf5775215116ce6bacdd205db7f0a9,2026-09-24T00:27:50Z,dados/fontes_web/doi/10.52780_res.v30i3.20239.json
doi:10.5433/2176-6665.2020v25n2p412,https://api.crossref.org/works/10.5433/2176-6665.2020v25n2p412,200,application/json,2525,46d84a62a24c21123fe318751c6aac01736b61b754bc6b4c9ccf6ac2002a5d81,2026-09-24T00:27:50Z,dados/fontes_web/doi/10.5433_2176-6665.2020v25n2p412.json
doi:10.7213/rev.dir.econ.soc.v12i3.28653,https://api.crossref.org/works/10.7213/rev.dir.econ.soc.v12i3.28653,200,application/json,3294,68877623a29e92f2691d022a5abb6e09132c39304ea0af5a19320b1c46128fbc,2026-09-24T14:35:38Z,dados/fontes_web/doi/10.7213_rev.dir.econ.soc.v12i3.28653.json
doi:10.7758/9781610448789,https://api.crossref.org/works/10.7758/9781610448789,200,application/json,1310,a9868b32a3e4f5524a4c815b7f0467c9da61302be10c58a57fd69665060c2298,2026-09-24T01:42:42Z,dados/fontes_web/doi/10.7758_9781610448789.json
doi:10.9771/pcr.v11i1.25343,https://api.crossref.org/works/10.9771/pcr.v11i1.25343,200,application/json,3050,f9eb584b42a6a0fc84e371cf6c05cfa1829ca40f39236bf0bae69c4cb21e179a,2026-09-24T00:27:51Z,dados/fontes_web/doi/10.9771_pcr.v11i1.25343.json
doi:10.9771/pcr.v9i1.15208,https://api.crossref.org/works/10.9771/pcr.v9i1.15208,200,application/json,2600,0328bdd8fa736c007bcfc2d0ad2a7b283048e9fbd05a34a7ea87688781e26dcf,2026-09-24T00:27:52Z,dados/fontes_web/doi/10.9771_pcr.v9i1.15208.json
enap_ogava_2022_registro,https://repositorio.enap.gov.br/items/e65189ba-6767-4cae-a706-b4aaa4c0ce14/full,200,text/html; charset=utf-8,507750,2fb4a07bdc4867b550f032d7804d1eac31be805545c8f4388d98ac408288e43d,2026-09-27T02:43:28Z,dados/fontes_web/paginas/enap_ogava_2022_registro.txt
enap_ogava_2022_rouanet,https://repositorio.enap.gov.br/bitstreams/1111500b-fe3f-4012-b5ae-e252b5551986/download,200,application/pdf;charset=UTF-8,3852970,1d1142a499d4d8c9a2602c1374ba7618535b96ea5cc3c6c0a9016b680255eba4,2026-09-27T02:43:26Z,dados/fontes_web/paginas/enap_ogava_2022_rouanet.txt
es_editais_cultura_2025,https://www.es.gov.br/Noticia/governo-do-estado-lanca-editais-da-cultura-2025-com-investimento-recorde-superior-a-r-34-milhoes,200,text/html; charset=utf-8,175855,b77d4df2b65ae1701a8f85b30c331b9d8ca9e59b87d7f24df3824e97dbf4bca5,2026-09-24T00:44:01Z,dados/fontes_web/paginas/es_editais_cultura_2025.txt
es_gov_aprimoramento_licc,https://www.es.gov.br/Noticia/secretaria-da-cultura-realiza-aprimoramento-da-lei-de-incentivo-a-cultura-capixaba-licc-em-dialogo-com-sociedade,200,text/html; charset=utf-8,175855,b77d4df2b65ae1701a8f85b30c331b9d8ca9e59b87d7f24df3824e97dbf4bca5,2026-09-24T00:44:52Z,dados/fontes_web/paginas/es_gov_aprimoramento_licc.txt
fjp_leic_mg_2015,https://repositorio.fjp.mg.gov.br/items/467e0560-157b-4f14-8b4b-540d01528933,403,,,,2026-09-27T03:22:10Z,
fun2025c_indice,https://secult.es.gov.br/ciclo-2025-editais,200,text/html; charset=utf-8,228630,6ad4e42bb6b1b2d61bcfe224bb41436cefd2ff3b832302804eef3a67bb5cf130,2026-09-27T03:32:17Z,dados/fontes_web/paginas/fun2025c_indice.txt
fun2025e_anexo_3_-_ficha_de_inscricao_-_curta_e_media,https://secult.es.gov.br/media/editais2025/ANEXO%203%20-%20Ficha%20de%20Inscri%C3%A7%C3%A3o%20-%20Curta%20e%20M%C3%A9dia.pdf,200,application/pdf,782440,4c4dcf4aa038bc1abac5d6bc2e0ed0d2ad3064cdeb0f7346f0bf8fe886abbd2f,2026-09-27T03:32:33Z,dados/fontes_web/paginas/fun2025e_anexo_3_-_ficha_de_inscricao_-_curta_e_media.txt
fun2025e_ata-de-comissao-julgadora-resultado-pre-selecao-29_2025,https://secult.es.gov.br/media/2026/ata-de-comissao-julgadora-resultado-pre-selecao-29_2025.pdf,200,application/pdf,315573,8c729e68684fcb46bd4b0b76abedea77b070929ccc9f8b7079cecb13e6dd8bc6,2026-09-27T03:32:41Z,dados/fontes_web/paginas/fun2025e_ata-de-comissao-julgadora-resultado-pre-selecao-29_2025.txt
fun2025e_ata-de-julgamento-de-recursos-pos-defesa-oral-29-2025,https://secult.es.gov.br/media/001/ata-de-julgamento-de-recursos-pos-defesa-oral-29-2025.pdf,200,application/pdf,236551,f7b24fecd04795a823b9b64ae001bb5aca5ad2a0acc589fbea4b9545a7d0d9de,2026-09-27T03:32:55Z,dados/fontes_web/paginas/fun2025e_ata-de-julgamento-de-recursos-pos-defesa-oral-29-2025.txt
fun2025e_ata-de-julgamento-de-recursos-pre-selecao-29-2025,https://secult.es.gov.br/media/ata-de-julgamento-de-recursos-pre-selecao-29-2025.pdf,200,application/pdf,915704,ff88cfc7506d088176782244d7c391108953bd5101448d85352a71afb5cde527,2026-09-27T03:32:44Z,dados/fontes_web/paginas/fun2025e_ata-de-julgamento-de-recursos-pre-selecao-29-2025.txt
fun2025e_ata-de-resultado-final-defesa-oral-edital-29_2025-curta-metragem,https://secult.es.gov.br/media/001/ata-de-resultado-final-defesa-oral-edital-29_2025-curta-metragem.pdf,200,application/pdf,234291,46a33d6251866ae815d6a934f490f98e4ab362ca421c9edde5d05f3c4f646b07,2026-09-27T03:32:51Z,dados/fontes_web/paginas/fun2025e_ata-de-resultado-final-defesa-oral-edital-29_2025-curta-metragem.txt
fun2025e_ato-de-convocacao-defesa-oral-edital-29_2025,https://secult.es.gov.br/media/ato-de-convocacao-defesa-oral-edital-29_2025.pdf,200,application/pdf,687492,2a9f156a2af053109f14f17dc076415d8a4428c4cfb319b2e563561c78152e82,2026-09-27T03:32:47Z,dados/fontes_web/paginas/fun2025e_ato-de-convocacao-defesa-oral-edital-29_2025.txt
fun2025e_ato-de-convocacao-final-29-2025,https://secult.es.gov.br/media/ato-de-convocacao-final-29-2025.pdf,200,application/pdf,482558,d1f283f413261dfbc7db1f7bf4327295469c4a7543428c38818b9c4e8b993594,2026-09-27T03:32:59Z,dados/fontes_web/paginas/fun2025e_ato-de-convocacao-final-29-2025.txt
fun2025e_dio-es-aviso-de-resultado-29-2025,https://secult.es.gov.br/media/001/dio-es-aviso-de-resultado-29-2025.pdf,200,application/pdf,150558,f87a8c8b22b6e5228ed5fd2921a6b7f126dcda427d7d5bc775228f9304769d79,2026-09-27T03:32:48Z,dados/fontes_web/paginas/fun2025e_dio-es-aviso-de-resultado-29-2025.txt
fun2025e_edital_29_2025_-_curta_media_diagramado,https://secult.es.gov.br/media/2025/Edital%2029%202025%20-%20Curta%20Media%20DIAGRAMADO.pdf,200,application/pdf,551182,4957acd294425dac42f95299eef6073426956a23e8df3fdf45ad572e04f0a4f4,2026-09-27T03:32:30Z,dados/fontes_web/paginas/fun2025e_edital_29_2025_-_curta_media_diagramado.txt
fun2025e_edital_29_2025_lista_definitiva_de_inscricoes_validas,https://secult.es.gov.br/media/edital2026/Edital%2029%202025_Lista%20DEFINITIVA%20de%20Inscri%C3%A7%C3%B5es%20V%C3%A1lidas.pdf,200,application/pdf,184958,4b7c2ff142c0b55f4addefd3fd755a50e80a4b1d30d2e4dd3ad048aa34b1fc46,2026-09-27T03:32:37Z,dados/fontes_web/paginas/fun2025e_edital_29_2025_lista_definitiva_de_inscricoes_validas.txt
fun2025e_extrato-dio-es-ata-julgamento-recursos-pos-defesa-oral-29-2025,https://secult.es.gov.br/media/001/extrato-dio-es-ata-julgamento-recursos-pos-defesa-oral-29-2025.pdf,200,application/pdf,168430,8d9b24db744b22236b8be4f058c9189b5167785251ff7bbbc186cb57871c3635,2026-09-27T03:32:53Z,dados/fontes_web/paginas/fun2025e_extrato-dio-es-ata-julgamento-recursos-pos-defesa-oral-29-2025.txt
fun2025e_extrato-dio-es-ato-de-convocacao-29-2025,https://secult.es.gov.br/media/extrato-dio-es-ato-de-convocacao-29-2025.pdf,200,application/pdf,136832,660a435f9bf59528408745df4a411f3850b80173e1a211972945e89875614df3,2026-09-27T03:32:57Z,dados/fontes_web/paginas/fun2025e_extrato-dio-es-ato-de-convocacao-29-2025.txt
fun2025e_indice,https://secult.es.gov.br/edital-2025,200,text/html; charset=utf-8,2527983,b2ab13d10d0e0bae913d77b4592d27a119c239926139e0bbe39cb9fb85ecc25d,2026-09-27T03:32:24Z,dados/fontes_web/paginas/fun2025e_indice.txt
fun2025e_lista_de_inscricoes_validas_e_desclassificadas_edital_29_2025,https://secult.es.gov.br/media/2026/Lista%20de%20Inscri%C3%A7%C3%B5es%20V%C3%A1lidas%20e%20Desclassificadas_Edital_29_2025.pdf,200,application/pdf,181909,7e41ca076bbd716cb955c9444a0b35dd1637676319a664df93a35cd35d2f48a2,2026-09-27T03:32:35Z,dados/fontes_web/paginas/fun2025e_lista_de_inscricoes_validas_e_desclassificadas_edital_29_2025.txt
fun2025e_portaria-comissao-julgadora-do-edital-29-2025-dio-es,https://secult.es.gov.br/media/portaria-comissao-julgadora-do-edital-29-2025-dio-es.pdf,200,application/pdf,137881,7712f301fea65a181ab74488dcbfb8fb936adf23f84bfdbb628da3d0fcd2c3f6,2026-09-27T03:32:39Z,dados/fontes_web/paginas/fun2025e_portaria-comissao-julgadora-do-edital-29-2025-dio-es.txt
fun2026_indice,https://secult.es.gov.br/editais-2026,200,text/html; charset=utf-8,290085,7ee20ef9365cce7eaea259646e7eff7ba5e26807b06c648a08b3035abfd4af7e,2026-09-27T03:33:01Z,dados/fontes_web/paginas/fun2026_indice.txt
ibge_lab_munic2021,https://agenciadenoticias.ibge.gov.br/agencia-noticias/2012-agencia-de-noticias/noticias/35787-recursos-da-lei-aldir-blanc-foram-distribuidos-por-61-1-dos-municipios-em-2021,403,,,,2026-09-27T03:22:04Z,
ibge_munic2021_periodos,https://servicodados.ibge.gov.br/api/v1/pesquisas/1/periodos,200,application/json; charset=utf-8,2711,b130a0ff5a60b7cd44f275e0013ae8c7d88d978f839d290eaf8f0bd4ecc34d04,2026-09-24T00:44:27Z,dados/fontes_web/paginas/ibge_munic2021_periodos.txt
ibge_siic_pagina,https://www.ibge.gov.br/estatisticas/multidominio/cultura-recreacao-e-esporte/9388-indicadores-culturais.html,403,,,,2026-09-27T03:22:08Z,
ibge_siic_periodos,https://servicodados.ibge.gov.br/api/v1/pesquisas/10092/periodos,200,application/json; charset=utf-8,3923,d53394b704fdde0755a941f6056e389e09f89d53d940a43aecdb524391fc2bca,2026-09-24T00:44:25Z,dados/fontes_web/paginas/ibge_siic_periodos.txt
ijsn_funcultura_10anos,https://ijsn.es.gov.br/Media/IJSN/PublicacoesAnexos/relatorios/Pesquisa_Funcultura.pdf,200,application/pdf,9164929,ab443ecec460959f88add472d54a50bd23061b2e254a5000343993558aa350a2,2026-09-24T00:44:50Z,dados/fontes_web/paginas/ijsn_funcultura_10anos.txt
ijsn_simapp_estudos,https://ijsn.es.gov.br/projetos-especiais-simapp-estudos-e-pesquisas,200,text/html; charset=utf-8,203718,906bccc2799ea496bab0bc8a9b5f32b778daaf983741f78b4c994d3a114b992d,2026-09-24T00:44:38Z,dados/fontes_web/paginas/ijsn_simapp_estudos.txt
in2022_indice,https://secult.es.gov.br/instrucao-normativa,200,text/html; charset=utf-8,234466,4bc12e279305d43941fb515f7b3f550ccc7b89c31a685248ada92d28e2b631fe,2026-09-27T03:32:13Z,dados/fontes_web/paginas/in2022_indice.txt
in2022_instru__o_normativa_licc_-_secult,https://secult.es.gov.br/media/2022/INSTRU__O_NORMATIVA_LICC_-_SECULT.pdf,200,application/pdf,524037,fd7f051485fcb86d46f149f6f8f1fb53366516aa12980caf87ce6e1e66dd899c,2026-09-27T03:32:15Z,dados/fontes_web/paginas/in2022_instru__o_normativa_licc_-_secult.txt
ipea_lab_capacidades,https://repositorio.ipea.gov.br/entities/publication/a419ef3f-73a5-46da-b4d9-b352ba3e6490,200,text/html; charset=utf-8,605302,3169ed7f4f4bbd7933154b0e3d774d26d87617b5d893bea58bcd6a20c9846084,2026-09-24T00:44:08Z,dados/fontes_web/paginas/ipea_lab_capacidades.txt
ipea_td2280,http://repositorio.ipea.gov.br/handle/11058/7523,200,text/html; charset=utf-8,591559,faf3f89907229cf7033236b9dd5b139209e5d577c6dff8fdeff6d0684bfb8f98,2026-09-24T00:44:13Z,dados/fontes_web/paginas/ipea_td2280.txt
ipea_td2280_pdf,https://repositorio.ipea.gov.br/bitstream/11058/7523/1/td_2280.pdf,200,application/pdf;charset=UTF-8,780050,bbaf93e6386fe2dedbf92b247084f2d4925da2a15f0c2a610a69db5d38621af4,2026-09-24T00:45:00Z,dados/fontes_web/paginas/ipea_td2280_pdf.txt
mapa_api_agentes_amostra,"https://mapa.cultura.es.gov.br/api/agent/find?@select=id,name,terms,type&@limit=5",200,application/json,1115,e68b03b24ff8bd777c85622eae616857167c73c85313ed7b72c12c28711c8a09,2026-09-24T01:36:09Z,dados/fontes_web/paginas/mapa_api_agentes_amostra.txt
mapa_api_agentes_campos_amostra,"https://mapa.cultura.es.gov.br/api/agent/find?@select=id,type,En_Municipio,En_Estado,documento,cnpj,cpf&@limit=5",200,application/json,747,0bcfa31cf0049e2e3a91bdd0e1710d432ba0475e00793c5af2dbeb61f3accea7,2026-09-24T15:22:43Z,dados/fontes_web/paginas/mapa_api_agentes_campos_amostra.txt
mapa_api_agentes_contagem,https://mapa.cultura.es.gov.br/api/agent/find?@select=id&@count=1,200,application/json,5,49c54ae4ec542f0f31c884866c3ab373eb960e58c0a754d8df109f254f10cbad,2026-09-24T01:54:06Z,dados/fontes_web/paginas/mapa_api_agentes_contagem.txt
mapa_api_agentes_contagem_coletivo,https://mapa.cultura.es.gov.br/api/agent/find?@select=id&type=EQ(2)&@count=1,200,application/json,4,f6142d191a2f19d20f07ba7ede424003d67a0f5987a99d150e65d93eaa44b1de,2026-09-24T01:54:10Z,dados/fontes_web/paginas/mapa_api_agentes_contagem_coletivo.txt
mapa_api_agentes_contagem_individual,https://mapa.cultura.es.gov.br/api/agent/find?@select=id&type=EQ(1)&@count=1,200,application/json,5,8074bb7d4a1f7ab9598c335d3a4b64892c7b80c042b266a69d9bb2583a7dcc7c,2026-09-24T01:54:08Z,dados/fontes_web/paginas/mapa_api_agentes_contagem_individual.txt
mapa_api_avaliacao_config_1878,"https://mapa.cultura.es.gov.br/api/evaluationMethodConfiguration/find?@select=id,type,opportunity,criteria,sections,quotas&opportunity=EQ(1878)",404,,,,2026-09-27T03:23:59Z,
mapa_api_coletivos_municipio,"https://mapa.cultura.es.gov.br/api/agent/find?@select=id,En_Municipio,En_Estado&type=EQ(2)&@limit=5000",200,application/json,192005,f791f90114ec7c9734861c276dc3d056a00768df9c601b3045be66b8ae45e887,2026-09-24T15:22:46Z,dados/fontes_web/paginas/mapa_api_coletivos_municipio.txt
mapa_api_fases_1415,"https://mapa.cultura.es.gov.br/api/opportunity/find?@select=id,name,parent,registrationFrom,registrationTo,evaluationMethodConfiguration&parent=EQ(1415)",200,application/json,873,1bdaab4c4831e2cf116241fddf7fcd164fe97e13b3e3502e16d1676dd0944251,2026-09-24T02:26:55Z,dados/fontes_web/paginas/mapa_api_fases_1415.txt
mapa_api_fases_1878,"https://mapa.cultura.es.gov.br/api/opportunity/find?@select=id,name,parent,registrationFrom,registrationTo,evaluationMethodConfiguration&parent=EQ(1878)",200,application/json,873,4dbc523674cb120f5aa1fac0f76d1e291025ec6b72a90278f77446fbe2af8137,2026-09-24T02:26:51Z,dados/fontes_web/paginas/mapa_api_fases_1878.txt
mapa_api_fases_2317,"https://mapa.cultura.es.gov.br/api/opportunity/find?@select=id,name,parent,registrationFrom,registrationTo,evaluationMethodConfiguration&parent=EQ(2317)",200,application/json,875,9a474daf406def29baa73bf2792a824045abf9e5b779de179b5c5fd09b90c30a,2026-09-24T02:26:53Z,dados/fontes_web/paginas/mapa_api_fases_2317.txt
mapa_api_fases_metodo_tipo,"https://mapa.cultura.es.gov.br/api/opportunity/find?@select=id,name,evaluationMethodConfiguration.{id,type}&id=IN(1434,1435,1896,1897,2373,2374)",200,application/json,1533,4350ae12a4c2138d46943f0ee8ea51f55a5469b152f2c1403ca2da4f4b8af9ae,2026-09-24T19:54:40Z,dados/fontes_web/paginas/mapa_api_fases_metodo_tipo.txt
mapa_api_individuais_municipio,"https://mapa.cultura.es.gov.br/api/agent/find?@select=id,En_Municipio,En_Estado&type=EQ(1)&@limit=30000",200,application/json,1692875,589a23c3ff4f78c6041987efe443893c4a33aa47373d7f68151c5b397ec5e76e,2026-09-24T15:22:50Z,dados/fontes_web/paginas/mapa_api_individuais_municipio.txt
mapa_api_inscricoes_1878,"https://mapa.cultura.es.gov.br/api/registration/find?@select=id,status&opportunity=EQ(1878)&@limit=5",200,application/json,2,4f53cda18c2baa0c0354bb5f9a3ecbe5ed12ab4d8e11ba873c2f11161202b945,2026-09-24T01:36:07Z,dados/fontes_web/paginas/mapa_api_inscricoes_1878.txt
mapa_api_metodos_avaliacao,"https://mapa.cultura.es.gov.br/api/evaluationMethodConfiguration/find?@select=id,type,opportunity&id=IN(748,749,933,934,1092,1093)",404,,,,2026-09-27T03:24:08Z,
mapa_api_oportunidade_1878,"https://mapa.cultura.es.gov.br/api/opportunity/find?@select=id,name,registrationFrom,registrationTo,status,shortDescription&id=EQ(1878)",200,application/json,916,55128b0317df506e0f4557006983f0aac7b9decacfc88b3ad48f58e99cdc5bf1,2026-09-24T01:36:05Z,dados/fontes_web/paginas/mapa_api_oportunidade_1878.txt
mapa_api_oportunidade_1878_arquivos,"https://mapa.cultura.es.gov.br/api/opportunity/find?@select=id,name,longDescription,evaluationMethodConfiguration&@files=(downloads):url,name&id=EQ(1878)",200,application/json,7119,822d1cc7032c7062a94a6b1834873c83df59a2e98590c7c22de4e8de96add6b8,2026-09-24T02:26:59Z,dados/fontes_web/paginas/mapa_api_oportunidade_1878_arquivos.txt
mapa_api_oportunidade_378,"https://mapa.cultura.es.gov.br/api/opportunity/find?@select=id,name,shortDescription,longDescription,registrationFrom,registrationTo,evaluationMethodConfiguration&@files=(downloads):url,name&id=EQ(378)",200,application/json,3704,28e9f2c73270d9626ada9cf3a69308f44c64affd24f3a3ceffc10d71a0d6f3d8,2026-09-24T02:26:57Z,dados/fontes_web/paginas/mapa_api_oportunidade_378.txt
mapa_api_oportunidades_incentivo,"https://mapa.cultura.es.gov.br/api/opportunity/find?@select=id,name,registrationFrom,registrationTo,status&name=LIKE(*INCENTIVO*CULTURA*)",200,application/json,1181,570b2bfddee24e92cc9373445359a40df7562091bb68241721e6a353780ead26,2026-09-24T01:54:05Z,dados/fontes_web/paginas/mapa_api_oportunidades_incentivo.txt
mapa_api_oportunidades_licc,"https://mapa.cultura.es.gov.br/api/opportunity/find?@select=id,name,registrationFrom,registrationTo,status,parent&name=LIKE(*LICC*)",200,application/json,2419,c76cf77bb100de8940ccdd42b03cf73325c9f6fa7ad546c4002df04a744fcab8,2026-09-24T01:54:03Z,dados/fontes_web/paginas/mapa_api_oportunidades_licc.txt
mapa_cultural_api_eventos,"https://mapa.cultura.es.gov.br/api/event/find?@select=id,name,terms,classificacaoEtaria&@limit=5",200,application/json,963,6b0b67418fbd1aa60ac55bc25a93d575f6360c533a1c4a9524798a485c4076ea,2026-09-24T01:22:02Z,dados/fontes_web/paginas/mapa_cultural_api_eventos.txt
mapa_parecer_modelo_2022,https://mapa.cultura.es.gov.br/files/opportunity/378/parecer_t%C3%A9cnico_cultural_licc_-_modelo.docx,200,application/vnd.openxmlformats-officedocument.wordprocessingml.document,411920,baf46e6c3f745a204d21891521cfba09007977e1f22d881aaa743c304c35bd9c,2026-09-27T03:24:05Z,dados/fontes_web/paginas/mapa_parecer_modelo_2022.txt
norus_belem_donadone,https://periodicos.ufpel.edu.br/index.php/NORUS/article/view/2761,200,text/html; charset=utf-8,20468,a9ea21959538617354ce2396b6933ee227e98d02a81b122293bc7aec8e822ea4,2026-09-24T00:44:20Z,dados/fontes_web/paginas/norus_belem_donadone.txt
planalto_ctn_compilado,https://www.planalto.gov.br/ccivil_03/leis/l5172compilado.htm,erro,,,,2026-09-27T03:24:42Z,
planalto_lc123,https://www.planalto.gov.br/ccivil_03/leis/lcp/lcp123.htm,erro,,,,2026-09-27T03:26:38Z,
planalto_lc_187_2021,https://www.planalto.gov.br/ccivil_03/leis/lcp/lcp187.htm,erro,,,,2026-09-27T03:25:15Z,
pmc_cluster_cv_2015,https://pmc.ncbi.nlm.nih.gov/articles/PMC4382318/,200,text/html; charset=utf-8,181644,ac2bd580db4ee8f95516b7f045bc677e277b9ab2393d50ecab331080d24383cf,2026-09-24T00:51:21Z,dados/fontes_web/paginas/pmc_cluster_cv_2015.txt
receita_cnpj_layout_antigo,https://arquivos.receitafederal.gov.br/dados/cnpj/LAYOUT_DADOS_ABERTOS_CNPJ.pdf,erro,,,,2026-09-27T03:25:50Z,
receita_cnpj_metadados,https://www.gov.br/receitafederal/dados/cnpj-metadados.pdf,200,application/pdf,59315,0a52d6bdfb61a07425e352a0e692932306a5ec9ecad682f5f9e28059e1a5fce0,2026-09-27T02:02:21Z,dados/fontes_web/paginas/receita_cnpj_metadados.txt
receita_dados_publicos_cnpj,https://www.gov.br/receitafederal/pt-br/assuntos/orientacao-tributaria/cadastros/consultas/dados-publicos-cnpj,200,text/html;charset=utf-8,56789,5f88444a0f1f6497863614896ad14d621a95f21fcf98e545a13202d282630bed,2026-09-24T19:55:52Z,dados/fontes_web/paginas/receita_dados_publicos_cnpj.txt
sage_kim_vanryzin_2014,https://journals.sagepub.com/doi/abs/10.1177/0899764013487800,403,,,,2026-09-27T03:22:06Z,
salic_api_incentivadores_es,https://api.salic.cultura.gov.br/api/v1/incentivadores?uf=ES&limit=100&format=json,200,application/json,45310,d57d263b1ef29ffc5800e3b08f01e09fb829b94f071102f96a634bc3c20ad1e5,2026-09-24T01:36:04Z,dados/fontes_web/paginas/salic_api_incentivadores_es.txt
salic_api_incentivadores_uf_es,https://api.salic.cultura.gov.br/api/v1/incentivadores?UF=ES&limit=100&format=json,200,application/json,44911,42ffca41b6aa1649f2a87605ecfb152e226261334808c9d47afea5fa6563cb5e,2026-09-24T01:54:13Z,dados/fontes_web/paginas/salic_api_incentivadores_uf_es.txt
salic_incentivador_00827783000181,https://api.salic.cultura.gov.br/api/v1/incentivadores?cgccpf=00827783000181&format=json,200,application/json,848,ba15b6de85374e6cdbed114bd121bf669cabe758c130caad4ba5b2ada012713a,2026-09-24T01:43:07Z,dados/fontes_web/paginas/salic_incentivador_00827783000181.txt
salic_incentivador_00827783000505,https://api.salic.cultura.gov.br/api/v1/incentivadores?cgccpf=00827783000505&format=json,404,,,,2026-09-27T03:22:26Z,
salic_incentivador_00827783002044,https://api.salic.cultura.gov.br/api/v1/incentivadores?cgccpf=00827783002044&format=json,404,,,,2026-09-27T03:22:30Z,
salic_incentivador_02689900000113,https://api.salic.cultura.gov.br/api/v1/incentivadores?cgccpf=02689900000113&format=json,404,,,,2026-09-27T03:22:32Z,
salic_incentivador_03380787000233,https://api.salic.cultura.gov.br/api/v1/incentivadores?cgccpf=03380787000233&format=json,404,,,,2026-09-27T03:22:35Z,
salic_incentivador_03845717000122,https://api.salic.cultura.gov.br/api/v1/incentivadores?cgccpf=03845717000122&format=json,200,application/json,822,f2adb191d44bb0c6c1f8cf077ef146a9ce2f201e057cbc46f2adbdc8a924c355,2026-09-24T01:43:34Z,dados/fontes_web/paginas/salic_incentivador_03845717000122.txt
salic_incentivador_03845717000203,https://api.salic.cultura.gov.br/api/v1/incentivadores?cgccpf=03845717000203&format=json,404,,,,2026-09-27T03:22:37Z,
salic_incentivador_03845717000556,https://api.salic.cultura.gov.br/api/v1/incentivadores?cgccpf=03845717000556&format=json,404,,,,2026-09-27T03:22:39Z,
salic_incentivador_03845717001285,https://api.salic.cultura.gov.br/api/v1/incentivadores?cgccpf=03845717001285&format=json,404,,,,2026-09-27T03:22:47Z,
salic_incentivador_03845717001366,https://api.salic.cultura.gov.br/api/v1/incentivadores?cgccpf=03845717001366&format=json,404,,,,2026-09-27T03:22:51Z,
salic_incentivador_03845717001528,https://api.salic.cultura.gov.br/api/v1/incentivadores?cgccpf=03845717001528&format=json,404,,,,2026-09-27T03:22:53Z,
salic_incentivador_03845717001609,https://api.salic.cultura.gov.br/api/v1/incentivadores?cgccpf=03845717001609&format=json,404,,,,2026-09-27T03:22:56Z,
salic_incentivador_03845717001790,https://api.salic.cultura.gov.br/api/v1/incentivadores?cgccpf=03845717001790&format=json,404,,,,2026-09-27T03:22:58Z,
salic_incentivador_03845717001870,https://api.salic.cultura.gov.br/api/v1/incentivadores?cgccpf=03845717001870&format=json,404,,,,2026-09-27T03:23:01Z,
salic_incentivador_03845717002508,https://api.salic.cultura.gov.br/api/v1/incentivadores?cgccpf=03845717002508&format=json,404,,,,2026-09-27T03:23:03Z,
salic_incentivador_03845717003571,https://api.salic.cultura.gov.br/api/v1/incentivadores?cgccpf=03845717003571&format=json,404,,,,2026-09-27T03:23:06Z,
salic_incentivador_03845717004039,https://api.salic.cultura.gov.br/api/v1/incentivadores?cgccpf=03845717004039&format=json,404,,,,2026-09-27T03:23:09Z,
salic_incentivador_04023387000152,https://api.salic.cultura.gov.br/api/v1/incentivadores?cgccpf=04023387000152&format=json,200,application/json,858,51655039726d4d83578e85b0374d2474dc68aa94e07cff28ec312286ab850772,2026-09-24T01:46:32Z,dados/fontes_web/paginas/salic_incentivador_04023387000152.txt
salic_incentivador_04330073000100,https://api.salic.cultura.gov.br/api/v1/incentivadores?cgccpf=04330073000100&format=json,404,,,,2026-09-27T03:23:11Z,
salic_incentivador_05069718000310,https://api.salic.cultura.gov.br/api/v1/incentivadores?cgccpf=05069718000310&format=json,404,,,,2026-09-27T03:23:14Z,
salic_incentivador_06248349000476,https://api.salic.cultura.gov.br/api/v1/incentivadores?cgccpf=06248349000476&format=json,404,,,,2026-09-27T03:23:17Z,
salic_incentivador_06955576000199,https://api.salic.cultura.gov.br/api/v1/incentivadores?cgccpf=06955576000199&format=json,200,application/json,844,680ded248161b0e0569136b3fb497c423c6ef0cf4bbba0ab38f1c03106793893,2026-09-24T01:47:44Z,dados/fontes_web/paginas/salic_incentivador_06955576000199.txt
salic_incentivador_07526557001181,https://api.salic.cultura.gov.br/api/v1/incentivadores?cgccpf=07526557001181&format=json,404,,,,2026-09-27T03:23:20Z,
salic_incentivador_07548056000124,https://api.salic.cultura.gov.br/api/v1/incentivadores?cgccpf=07548056000124&format=json,404,,,,2026-09-27T03:23:22Z,
salic_incentivador_08625038000161,https://api.salic.cultura.gov.br/api/v1/incentivadores?cgccpf=08625038000161&format=json,404,,,,2026-09-27T03:23:25Z,
salic_incentivador_09492311000190,https://api.salic.cultura.gov.br/api/v1/incentivadores?cgccpf=09492311000190&format=json,404,,,,2026-09-27T03:23:29Z,
salic_incentivador_11277336000112,https://api.salic.cultura.gov.br/api/v1/incentivadores?cgccpf=11277336000112&format=json,200,application/json,833,81dad27fa39bea1bd62b277ef1411136e7c2b6d3163b8a55b868beeaf080ed04,2026-09-24T01:49:04Z,dados/fontes_web/paginas/salic_incentivador_11277336000112.txt
salic_incentivador_22280114000175,https://api.salic.cultura.gov.br/api/v1/incentivadores?cgccpf=22280114000175&format=json,404,,,,2026-09-27T03:23:31Z,
salic_incentivador_27340074000808,https://api.salic.cultura.gov.br/api/v1/incentivadores?cgccpf=27340074000808&format=json,404,,,,2026-09-27T03:23:34Z,
salic_incentivador_27555390000112,https://api.salic.cultura.gov.br/api/v1/incentivadores?cgccpf=27555390000112&format=json,200,application/json,824,37f880b8df11f4cd0dc83297e87d3318067d3822781c596cea45c70171a9896f,2026-09-24T01:49:52Z,dados/fontes_web/paginas/salic_incentivador_27555390000112.txt
salic_incentivador_27555390000546,https://api.salic.cultura.gov.br/api/v1/incentivadores?cgccpf=27555390000546&format=json,404,,,,2026-09-27T03:23:37Z,
salic_incentivador_28152650000171,https://api.salic.cultura.gov.br/api/v1/incentivadores?cgccpf=28152650000171&format=json,200,application/json,854,0393db52d9cbe57748f93b34f3350bbc89325b30e9e93dc01665392d568b6a92,2026-09-24T01:50:23Z,dados/fontes_web/paginas/salic_incentivador_28152650000171.txt
salic_incentivador_31731169000145,https://api.salic.cultura.gov.br/api/v1/incentivadores?cgccpf=31731169000145&format=json,404,,,,2026-09-27T03:23:39Z,
salic_incentivador_31759699000100,https://api.salic.cultura.gov.br/api/v1/incentivadores?cgccpf=31759699000100&format=json,404,,,,2026-09-27T03:23:41Z,
salic_incentivador_31759699000282,https://api.salic.cultura.gov.br/api/v1/incentivadores?cgccpf=31759699000282&format=json,404,,,,2026-09-27T03:23:45Z,
salic_incentivador_31759699000363,https://api.salic.cultura.gov.br/api/v1/incentivadores?cgccpf=31759699000363&format=json,200,application/json,847,a59f419fad80273e44d747a4027761b52cc68c45691a6799927f170e1c6e3a7a,2026-09-24T01:51:26Z,dados/fontes_web/paginas/salic_incentivador_31759699000363.txt
salic_incentivador_31790710000196,https://api.salic.cultura.gov.br/api/v1/incentivadores?cgccpf=31790710000196&format=json,200,application/json,827,82e5c15f176bb4222ecee4ddd6ee9c65d10f3eff6f6bbde407de6f978de86171,2026-09-24T01:51:41Z,dados/fontes_web/paginas/salic_incentivador_31790710000196.txt
salic_incentivador_31819139000195,https://api.salic.cultura.gov.br/api/v1/incentivadores?cgccpf=31819139000195&format=json,404,,,,2026-09-27T03:23:47Z,
salic_incentivador_34307295000165,https://api.salic.cultura.gov.br/api/v1/incentivadores?cgccpf=34307295000165&format=json,200,application/json,848,90d022c9a56872afa20dac12f9893b64a7759827929bb76bebd1670cb8fe16c9,2026-09-24T01:52:16Z,dados/fontes_web/paginas/salic_incentivador_34307295000165.txt
salic_incentivador_39786983000179,https://api.salic.cultura.gov.br/api/v1/incentivadores?cgccpf=39786983000179&format=json,200,application/json,850,9a65c860268caedf3850f83b97f175a1d0f084cb3bc3cfce68b04b099bdfb6f3,2026-09-24T01:52:33Z,dados/fontes_web/paginas/salic_incentivador_39786983000179.txt
salic_incentivador_39786983000411,https://api.salic.cultura.gov.br/api/v1/incentivadores?cgccpf=39786983000411&format=json,404,,,,2026-09-27T03:23:49Z,
salic_incentivador_39786983001221,https://api.salic.cultura.gov.br/api/v1/incentivadores?cgccpf=39786983001221&format=json,404,,,,2026-09-27T03:23:51Z,
salic_incentivador_39786983001736,https://api.salic.cultura.gov.br/api/v1/incentivadores?cgccpf=39786983001736&format=json,404,,,,2026-09-27T03:23:53Z,
salic_incentivador_45901867000156,https://api.salic.cultura.gov.br/api/v1/incentivadores?cgccpf=45901867000156&format=json,200,application/json,832,08ea74c52d02936c0e2cf4613a6bac985ce658aaf546fb6d82a4f29839b31ef2,2026-09-24T01:53:31Z,dados/fontes_web/paginas/salic_incentivador_45901867000156.txt
salic_incentivador_45901867000318,https://api.salic.cultura.gov.br/api/v1/incentivadores?cgccpf=45901867000318&format=json,404,,,,2026-09-27T03:23:56Z,
salic_incentivador_71189278000520,https://api.salic.cultura.gov.br/api/v1/incentivadores?cgccpf=71189278000520&format=json,200,application/json,844,5584c1a4175d45dca02b2d002f5aebba243e10564a27aeba209919f5708c4acc,2026-09-24T01:54:01Z,dados/fontes_web/paginas/salic_incentivador_71189278000520.txt
scielo_inter_leic_mg,https://www.scielo.br/j/inter/a/Qxgmh663hc9XgjZrLg7FJ5P/,403,,,,2026-09-27T03:22:11Z,
sciencedirect_schuster_2006,https://www.sciencedirect.com/science/chapter/handbook/abs/pii/S1574067606010362,403,,,,2026-09-27T03:22:05Z,
secom_lpg_es,https://www.gov.br/secom/pt-br/assuntos/noticias-regionalizadas/cultura/espirito-santo-tem-r-75-8-milhoes-da-lei-paulo-gustavo-para-projetos-culturais,200,text/html;charset=utf-8,55907,55c2670fe20deb09ad60010a7b042b7ec98358464d19f7dacf482841b1edbd93,2026-09-24T00:44:03Z,dados/fontes_web/paginas/secom_lpg_es.txt
secult_amplia_25mi,https://secult.es.gov.br/governo-amplia-para-r-25-milhoes-os-recursos-destinados-a-lei-de-incentivo-a-cultura-capixaba-licc,200,text/html; charset=utf-8,171660,3999c092bf1e03d264ec75ea8130c98852add828cf6aabe62054c623cf096496,2026-09-24T00:47:20Z,dados/fontes_web/paginas/secult_amplia_25mi.txt
secult_captados_2022_pdf,https://secult.es.gov.br/media/PDF/2023/RECURSO%20FINANCEIRO%20CAPTADO%20-%202022.pdf,200,application/pdf,72817,67945f574cec16f23fb4458e13ccc5e0c82a67ca918a8f6a44be15d160c0886e,2026-09-24T00:51:27Z,dados/fontes_web/paginas/secult_captados_2022_pdf.txt
secult_captados_2023_pdf,https://secult.es.gov.br/media/2023/RECURSO%20FINANCEIRO%20CAPTADO%20-%202023.pdf,200,application/pdf,81632,3a790deed8e01b95f3677e366eb9c5c09ba2d58fd86af84cd20d8a8024da8aac,2026-09-24T00:51:29Z,dados/fontes_web/paginas/secult_captados_2023_pdf.txt
secult_captados_2024_pdf,https://secult.es.gov.br/media/2024/RECURSO%20FINANCEIRO%20CAPTADO%20-%202024%20%286%29.pdf,200,application/pdf,97308,19286bb60560325dedd49612321321a343a7ca751700975aa1198ccbc196f49b,2026-09-24T00:51:31Z,dados/fontes_web/paginas/secult_captados_2024_pdf.txt
secult_captados_2025_pdf,https://secult.es.gov.br/Media/secult/LICC/RECURSO%20FINANCEIRO%20CAPTADO%20-%202025.pdf,404,,,,2026-09-27T03:22:03Z,
secult_captados_2025_v17_pdf,https://secult.es.gov.br/media/2025/RECURSO%20FINANCEIRO%20CAPTADO%20-%202025%20%2817%29.pdf,200,application/pdf,91181,1e0ac02d4b026691384f0f80bc343cc6beb02547b9083b67bbd8f83b1421fcda,2026-09-24T00:51:33Z,dados/fontes_web/paginas/secult_captados_2025_v17_pdf.txt
secult_captados_2026_pdf,https://secult.es.gov.br/media/2026/RECURSO%20FINANCEIRO%20CAPTADO%20-%202026-2.pdf,200,application/pdf,97557,1d9e507814910e443f35fc2560a1600f0d36e63d4563e5ecb5ccb61140199879,2026-09-24T00:47:43Z,dados/fontes_web/paginas/secult_captados_2026_pdf.txt
secult_cartilha_licc_2022,https://secult.es.gov.br/media/2022/Cartilha%20de%20Lan%C3%A7amento%20-%20Licc.pdf,404,,,,2026-09-27T03:22:13Z,
secult_cec_134_licc,https://secult.es.gov.br/Not%C3%ADcia/midiateca-capixaba-e-lei-de-incentivo-a-cultura-sao-apresentadas-na-134a-reuniao-do-conselho-estadual-de-cultura,404,,,,2026-09-27T03:26:02Z,
secult_credenciamento,https://secult.es.gov.br/credenciamento,200,text/html; charset=utf-8,240870,45656c50ecc5b78f5700c696f166c0bb938293fec3593270203020c7de060501,2026-09-24T02:26:49Z,dados/fontes_web/paginas/secult_credenciamento.txt
secult_cultura_em_dados_ijsn,https://secult.es.gov.br/secult-e-ijsn-divulgam-estudo-sobre-impactos-das-politicas-culturais-capixabas-durante-o-evento-cultura-em-dados,200,text/html; charset=utf-8,172038,406b65f01c2c7ae4094c4ce28432699590620be08a87ded96c9e6a4e4aee6865,2026-09-27T03:25:59Z,dados/fontes_web/paginas/secult_cultura_em_dados_ijsn.txt
secult_cultura_em_dados_licc,https://secult.es.gov.br/cultura-em-dados-evento-apresenta-resultados-de-pesquisa-sobre-a-lei-de-incentivo-a-cultura-capixaba-licc-e-o-boletim-da-economia-criativa,200,text/html; charset=utf-8,171981,045aa775ba8526a97a2238f8f6799dbd9afa9141be94c8b4732f3912d87bb276,2026-09-24T00:44:33Z,dados/fontes_web/paginas/secult_cultura_em_dados_licc.txt
secult_dio_aviso_2025_10_14,https://secult.es.gov.br/media/2025/Extrato%20DIO%2014_10_2025.pdf,200,application/pdf,134943,3b8cf3322ebf42ed902a7b376d8a4ed5a71fac2c32802fb99c3668a601aec731,2026-09-27T03:26:04Z,dados/fontes_web/paginas/secult_dio_aviso_2025_10_14.txt
secult_edital_pareceristas_2025,https://secult.es.gov.br/media/2025/EDITAL_DE_CREDENCIAMENTO_N_0012025.pdf,200,application/pdf,326588,a08d5633ead61653128811d90000a1218f3b671ee25ac4662f5fb0689491764c,2026-09-24T03:35:06Z,dados/fontes_web/paginas/secult_edital_pareceristas_2025.txt
secult_esgas_chamada_2023,https://secult.es.gov.br/Noticia/licc-empresa-es-gas-abre-inscricoes-para-projetos-culturais-incentivados-2023,200,text/html; charset=utf-8,172038,406b65f01c2c7ae4094c4ce28432699590620be08a87ded96c9e6a4e4aee6865,2026-09-27T03:25:56Z,dados/fontes_web/paginas/secult_esgas_chamada_2023.txt
secult_grupo_legislacao,https://secult.es.gov.br/GrupodeArquivos/legislacao-licc,200,text/html; charset=utf-8,183766,26ad5f98c76d6239ecc1f163c137db87765a782d30337905be8ee9203d2c08e6,2026-09-24T00:47:22Z,dados/fontes_web/paginas/secult_grupo_legislacao.txt
secult_ijsn_estudo_impactos,https://secult.es.gov.br/secult-e-ijsn-divulgam-estudo-sobre-impactos-das-politicas-culturais-capixabas-durante-o-evento-cultura-em-dados,200,text/html; charset=utf-8,171981,045aa775ba8526a97a2238f8f6799dbd9afa9141be94c8b4732f3912d87bb276,2026-09-24T00:44:35Z,dados/fontes_web/paginas/secult_ijsn_estudo_impactos.txt
secult_in_2023,https://secult.es.gov.br/instrucao-normativa-licc-2023,200,text/html; charset=utf-8,260315,07f75f0edb3476edd9ae2d819e4cd9e39d25d2c54abb087a1f05028a4cfaa5ea,2026-09-24T00:44:31Z,dados/fontes_web/paginas/secult_in_2023.txt
secult_in_2023_pdf,https://secult.es.gov.br/media/002/Instru%C3%A7%C3%A3o%20Normativa%20001_23%20diario_oficial_2023-02-01.pdf,200,application/pdf,1480099,86c966d02835ce31625c6ae40d8bdf877a3e5c425a883e923338c86d2032a8b6,2026-09-24T00:47:30Z,dados/fontes_web/paginas/secult_in_2023_pdf.txt
secult_in_2024,https://secult.es.gov.br/instrucao-normativa-licc-2024,200,text/html; charset=utf-8,262230,93add0a8df4ad3209358a72a57e6ca20c67b56bd7fcb05684e7eba2411ef0c72,2026-09-24T00:43:54Z,dados/fontes_web/paginas/secult_in_2024.txt
secult_in_2024_pdf,https://secult.es.gov.br/media/LICC_2024/Instrucao%20Normativa%2001_2024%20_diario_oficial_2024-02-01.pdf,200,application/pdf,282438,ee203efa215b1114a64ce0d45ee9d5409f63e77501c3e7d5c49b1f94322a1f79,2026-09-24T00:47:32Z,dados/fontes_web/paginas/secult_in_2024_pdf.txt
secult_in_2025,https://secult.es.gov.br/instrucao-normativa-licc-2025-2,200,text/html; charset=utf-8,201100,ccd4bdb84ebd5666e26bdbf925537ce6d4b634c17b730c144c365d4a9a4f93ed,2026-09-24T00:43:56Z,dados/fontes_web/paginas/secult_in_2025.txt
secult_in_2026,https://secult.es.gov.br/instrucao-normativa-licc-2026,200,text/html; charset=utf-8,242299,48e72e8a3b68b820ae5af0e651b4a24529b8f88cc08746de4952075c6e063a7b,2026-09-24T00:43:58Z,dados/fontes_web/paginas/secult_in_2026.txt
secult_legislacao_licc,https://secult.es.gov.br/legislacao-licc,200,text/html; charset=utf-8,224323,688b1f96d0a6ce0952b538e353ac4addfca87c397dba4443bffbbea231a6c5b4,2026-09-24T00:43:51Z,dados/fontes_web/paginas/secult_legislacao_licc.txt
secult_licc,https://secult.es.gov.br/licc,200,text/html; charset=utf-8,219015,65d24c7656e2e2d23f0b62323da91d0ded24b2ca332e39f7a67aaaf2885e02d8,2026-09-24T00:45:02Z,dados/fontes_web/paginas/secult_licc.txt
secult_licc_2026_inscricoes,https://secult.es.gov.br/Noticia/licc-2026-inscricoes-para-projetos-culturais-estao-abertas,200,text/html; charset=utf-8,171981,045aa775ba8526a97a2238f8f6799dbd9afa9141be94c8b4732f3912d87bb276,2026-09-24T00:47:27Z,dados/fontes_web/paginas/secult_licc_2026_inscricoes.txt
secult_licc_pareceristas,https://secult.es.gov.br/LICC,200,text/html; charset=utf-8,219044,9afce6390414ddbf2fde443fabb5dd85237d53181a3b85fea17313fcf70d1b6b,2026-09-24T02:26:47Z,dados/fontes_web/paginas/secult_licc_pareceristas.txt
secult_lista_habilitados,https://secult.es.gov.br/lista-de-projetos-habilitados,200,text/html; charset=utf-8,216650,9bd66108c55e6d77441086a5b3b94703511247ca068444c6820c5687e3866f8a,2026-09-24T00:43:47Z,dados/fontes_web/paginas/secult_lista_habilitados.txt
secult_lista_habilitados_15_pdf,https://secult.es.gov.br/media/001/lista-de-projetos-habilitados-15.pdf,200,application/pdf,532982,4343c8d21470edcc5178a8da2a617d6ebf8c64aa4974a239610f269504505029,2026-09-24T00:47:34Z,dados/fontes_web/paginas/secult_lista_habilitados_15_pdf.txt
secult_lote_2025_41,https://secult.es.gov.br/Media/Secult/2025/LISTA%20DE%20PROJETOS%20HABILITADOS%20.pdf,404,,,,2026-09-27T03:22:22Z,
secult_lote_2025_74,https://secult.es.gov.br/Media/Secult/2024_2/LISTA%20DE%20PROJETOS%20HABILITADOS.pdf,404,,,,2026-09-27T03:22:20Z,
secult_noticia_apresentacoes_licc,https://secult.es.gov.br/Not%C3%ADcia/eventos-de-apresentacao-da-lei-de-incentivo-a-cultura-capixaba-licc-percorrem-estado,404,,,,2026-09-27T03:22:24Z,
secult_noticia_cultura_em_dados,https://secult.es.gov.br/Noticia/cultura-em-dados-evento-apresenta-resultados-de-pesquisa-sobre-a-lei-de-incentivo-a-cultura-capixaba-licc-e-o-boletim-da-economia-criativa,404,,,,2026-09-27T03:22:15Z,
secult_noticia_ijsn_impactos,https://secult.es.gov.br/Noticia/secult-e-ijsn-divulgam-estudo-sobre-impactos-das-politicas-culturais-capixabas-durante-o-evento-cultura-em-dados,404,,,,2026-09-27T03:22:18Z,
secult_pagina_licc,https://secult.es.gov.br/lei-de-incentivo-a-cultura-licc,200,text/html; charset=utf-8,182675,5c8086434c9d27a4c9abffe1d9223870da710e0bee9bad88d710cdb0e26790c0,2026-09-24T00:47:45Z,dados/fontes_web/paginas/secult_pagina_licc.txt
secult_parecer_modelo_2026,https://secult.es.gov.br/media/2026/Parecer%20T%C3%A9cnico%20Cultural%20LICC%20modelo%20padr%C3%A3o.docx,200,application/vnd.openxmlformats-officedocument.wordprocessingml.document,103542,6aff6d49642a74d42379f5f35d7e8a356b2d6b1b080b12d1bfa90caa86a88214,2026-09-27T03:24:02Z,dados/fontes_web/paginas/secult_parecer_modelo_2026.txt
secult_pareceristas_credenciados_2026,https://secult.es.gov.br/media/lista-de-pareceristas-credenciados-pela-ordem-de-classificacao-separados-por-area-atualizado-em-18-09-2026.pdf,200,application/pdf,348226,8e3c5784f63725c6efb06f4afc97b64401d7bc84c0e489abeaf090b541b261ac,2026-09-27T02:43:11Z,dados/fontes_web/paginas/secult_pareceristas_credenciados_2026.txt
secult_pareceristas_resultado_final_2025,https://secult.es.gov.br/media/2025/Resultado_Final_Pareceristas.pdf,200,application/pdf,350037,2334d0edcd538f99eb7849bc1aa274ea0ea2df1306b1cd93a8781637da8e9351,2026-09-27T02:43:13Z,dados/fontes_web/paginas/secult_pareceristas_resultado_final_2025.txt
secult_portaria_062s_2025,https://secult.es.gov.br/media/2025/PORTARIA_SECULT_N%C2%BA_062-S%2C_DE_09_DE_MAIO_DE_2025.pdf,200,application/pdf,256193,4b19401134ae3157d34615c29a545f5107f69c17c80d86cc8e3ab4d3e0b16a60,2026-09-24T00:29:42Z,dados/fontes_web/paginas/secult_portaria_062s_2025.txt
secult_portaria_conjunta_2022,https://secult.es.gov.br/media/2022/Portaria%20Conjunta%20SECULT%20-%20SEFAZ.pdf,200,application/pdf,147360,19b2ba8302082cded030e53d787dd176a17000c355b195ba25c32ce9c881df88,2026-09-24T00:47:37Z,dados/fontes_web/paginas/secult_portaria_conjunta_2022.txt
secult_premio_licc_2024,https://secult.es.gov.br/Not%C3%ADcia/governo-entrega-premio-licc-e-anuncia-ampliacao-dos-recursos-para-a-lei-de-incentivo,404,,,,2026-09-27T03:25:53Z,
secult_recursos_captados,https://secult.es.gov.br/recursos-financeiros-captados,200,text/html; charset=utf-8,224059,f28eec2a6f2f7307844882bc6b4f00579c6cf32b99f19da20b929aac2fbbefa7,2026-09-24T00:47:41Z,dados/fontes_web/paginas/secult_recursos_captados.txt
secult_sobre_licc,https://secult.es.gov.br/sobre-a-licc,200,text/html; charset=utf-8,165004,a3b4160120ddf14df49c51e0aac7c49e9b469d15ff34ab8e5b0bc7344bfcff1e,2026-09-24T00:43:44Z,dados/fontes_web/paginas/secult_sobre_licc.txt
secult_termo_compromisso_2024,https://secult.es.gov.br/media/LICC_2024/Anexo%20VIII%20-%20Termo%20de%20Compromisso%20de%20Patroc%C3%ADnio.pdf,200,application/pdf,105428,3f32caf98cf1d271c86c35962b98140fb5f8797b101df3785667f9e8529f0fd8,2026-09-24T00:47:39Z,dados/fontes_web/paginas/secult_termo_compromisso_2024.txt
tcu_acordao_1205_2014,https://portal.tcu.gov.br/imprensa/noticias/tcu-avalia-a-estrutura-de-governanca-das-renuncias-tributarias,200,text/html; charset=utf-8,374788,bafe8eca5715f91710936710269abe8eb9c30777024f0512ab7682b50c1c347d,2026-09-24T00:44:16Z,dados/fontes_web/paginas/tcu_acordao_1205_2014.txt
tcu_acordao_191_2016,https://portal.tcu.gov.br/imprensa/noticias/captacao-de-recursos-pela-lei-rouanet-nao-deve-ser-aplicada-a-projetos-com-potencial-lucrativo-determina-tcu,200,text/html; charset=utf-8,379633,f75ce90420f749ff6d0e416b96845c532773098bc900a2a80c03aa732d2d8722,2026-09-24T00:44:18Z,dados/fontes_web/paginas/tcu_acordao_191_2016.txt
