ordem_doc,ciclo,numero_processo,ano_protocolo,projeto,titulo_norm,proponente,chave_proponente,valor_autorizado,valor_total,valor_autorizado_bruto,valor_total_bruto,flag_valor_suspeito,status,enquadramento,municipio_fonte,municipio_reparado,municipios_es,cod_ibge_lista,n_municipios_es,locais_fora_es,locais_nao_resolvidos,municipio_ausente_na_fonte,tipo_local,municipio_valor,cod_ibge_valor,flag_municipio_incerto,nota_municipio,fonte_url,fonte_pagina,linha_arquivo
0,2026,2026-TQMK8,2026,Capoeira e Cultura Popular,capoeira e cultura popular,"Produtora Cultural, Artística e Esportiva",produtora cultural artistica e esportiva,499941.78,499941.78,499941.78,499941.78,False,captando,cota-demais,Cariacica; Viana; Serra; Vila Velha; Vitória,Cariacica; Viana; Serra; Vila Velha; Vitória,Vila Velha; Cariacica; Vitória; Serra; Viana,3205200;3201308;3205309;3205002;3205101,5,,,False,varios_municipios,,,False,,https://secult.es.gov.br/lista-de-projetos-habilitados,1,2
1,2026,2026-5PBHL,2026,Procura-se Lara,procura se lara,Wb Producoes Artisticas E Culturais Ltda,wb producoes artisticas e culturais,500000.0,500000.0,500000.0,500000.0,False,captando,cota-demais,Vitória; Colatina,Vitória; Colatina,Colatina; Vitória,3201506;3205309,2,,,False,varios_municipios,,,False,,https://secult.es.gov.br/lista-de-projetos-habilitados,1,3
2,2026,2026-NZ9D3,2026,Paula Cassaro - 20 Anos - Ao Vivo,paula cassaro 20 anos ao vivo,Paula Aparecida Cassaro,paula aparecida cassaro,385097.77,385097.77,385097.77,385097.77,False,captando,cota-fora-rmgv,Colatina,Colatina,Colatina,3201506,1,,,False,um_municipio,Colatina,3201506.0,False,,https://secult.es.gov.br/lista-de-projetos-habilitados,1,4
3,2026,2026-SCKNF,2026,Jazz Vix Festival 4ª Edição,jazz vix festival 4a edicao,Rota Service Ltda,rota service,500000.0,776958.43,500000.0,776958.43,False,captando,cota-demais,Vitória,Vitória,Vitória,3205309,1,,,False,um_municipio,Vitória,3205309.0,False,,https://secult.es.gov.br/lista-de-projetos-habilitados,1,5
4,2026,2026-W7TBM,2026,Flinc - Festa Literária Internacional Capixaba (ano 3),flinc festa literaria internacional capixaba ano 3,Letra Preta Produções LTDA,letra preta producoes,500000.0,3316631.18,500000.0,3316631.18,False,captando,cota-demais,Vitória,Vitória,Vitória,3205309,1,,,False,um_municipio,Vitória,3205309.0,False,,https://secult.es.gov.br/lista-de-projetos-habilitados,1,6
5,2026,2025-WGKTT,2025,Nosso Ouro é a PolentaAspectos históricos e culturais dos imigrantes italianos em Venda Nova do Imigrante,nosso ouro e a polentaaspectos historicos e culturais dos imigrantes italianos em venda nova do imigrante,Folha Da Terra Das Montanhas Ltda,folha da terra das montanhas,300000.0,300000.0,300000.0,300000.0,False,captando,cota-fora-rmgv,Venda Nova do Imigrante,Venda Nova do Imigrante,Venda Nova do Imigrante,3205069,1,,,False,um_municipio,Venda Nova do Imigrante,3205069.0,False,,https://secult.es.gov.br/lista-de-projetos-habilitados,1,7
6,2026,2026-NNC7R,2026,"Mãos Criativas - Artesanato, Sustentabilidade e Cultura",maos criativas artesanato sustentabilidade e cultura,"Associação Amigos da Justiça Cidadania, Educação e Arte",associacao amigos da justica cidadania educacao e arte,500000.0,500000.0,500000.0,500000.0,False,captando,cota-fora-rmgv,Ibiraçu; Serra,Ibiraçu; Serra,Ibiraçu; Serra,3202504;3205002,2,,,False,varios_municipios,,,False,,https://secult.es.gov.br/lista-de-projetos-habilitados,1,8
7,2026,2026-TWJD2,2026,Monumento Cooperativismo De São Gabriel da Palha,monumento cooperativismo de sao gabriel da palha,Zota Estúdio e Representações LTDA,zota estudio e representacoes,500000.0,500000.0,500000.0,500000.0,False,captando,cota-demais,São Gabriel da Palha; Vila Velha,São Gabriel da Palha; Vila Velha,São Gabriel da Palha; Vila Velha,3204708;3205200,2,,,False,varios_municipios,,,False,,https://secult.es.gov.br/lista-de-projetos-habilitados,1,9
8,2026,2025-BN12V,2025,Circulação Do Espetáculo “Os Fuzis De Teresa Carrar”,circulacao do espetaculo os fuzis de teresa carrar,Z Produção Ltda,z producao,497899.15,497899.15,497899.15,497899.15,False,captando,cota-demais,Barra de São Francisco; Mucurici; Itaguaçu; Afonso Claudio; Serra; Cachoeiro de Itapemirim; João Neiva; Domingos Martins,Barra de São Francisco; Mucurici; Itaguaçu; Afonso Claudio; Serra; Cachoeiro de Itapemirim; João Neiva; Domingos Martins,Cachoeiro de Itapemirim; Barra de São Francisco; Domingos Martins; Afonso Cláudio; João Neiva; Itaguaçu; Mucurici; Serra,3201209;3200904;3201902;3200102;3203130;3202702;3203601;3205002,8,,,False,varios_municipios,,,False,,https://secult.es.gov.br/lista-de-projetos-habilitados,1,10
9,2026,2025-70M5F,2025,Festival Nacional De Teatro Cidade De Vitória 22ª Edição - FENATEVI,festival nacional de teatro cidade de vitoria 22a edicao fenatevi,Associação Cultural Circense E Ambiental Uma Floresta,associacao cultural circense e ambiental uma floresta,500000.0,500000.0,500000.0,500000.0,False,captando,cota-pautados,Vitória; Cariacica; Serra,Vitória; Cariacica; Serra,Cariacica; Vitória; Serra,3201308;3205309;3205002,3,,,False,varios_municipios,,,False,,https://secult.es.gov.br/lista-de-projetos-habilitados,1,11
10,2026,2026-B4JW8,2026,Circuito Cultural Verde,circuito cultural verde,Rian Melo Soares,rian melo soares,165000.0,165000.0,165000.0,165000.0,False,captando,cota-demais,Serra,Serra,Serra,3205002,1,,,False,um_municipio,Serra,3205002.0,False,,https://secult.es.gov.br/lista-de-projetos-habilitados,1,12
11,2026,2026-VZMTQ,2026,Cinepuff - Caravana Estadual (Ano1),cinepuff caravana estadual ano1,Instituto Internacional De Tecnologia E Informação Científica,instituto internacional de tecnologia e informacao cientifica,300000.0,300000.0,300000.0,300000.0,False,captando,cota-demais,Vitória; Vila Velha; Cariacica; Serra; Viana; Guarapari; Aracruz; Colatina; Sooretama; São Mateus; Linhares; Cachoeiro de Itapemirim; Anchieta,Vitória; Vila Velha; Cariacica; Serra; Viana; Guarapari; Aracruz; Colatina; Sooretama; São Mateus; Linhares; Cachoeiro de Itapemirim; Anchieta,Cachoeiro de Itapemirim; São Mateus; Vila Velha; Cariacica; Guarapari; Sooretama; Anchieta; Colatina; Linhares; Aracruz; Vitória; Serra; Viana,3201209;3204906;3205200;3201308;3202405;3205010;3200409;3201506;3203205;3200607;3205309;3205002;3205101,13,,,False,varios_municipios,,,False,,https://secult.es.gov.br/lista-de-projetos-habilitados,1,13
12,2026,2026-F1ZDQ,2026,48ª Festa da Polenta de 2026,48a festa da polenta de 2026,Associação Festa da Polenta - AFEPOL.,associacao festa da polenta afepol,499952.0,1299952.0,499952.0,1299952.0,False,captando,cota-pautados,Venda Nova do Imigrante,Venda Nova do Imigrante,Venda Nova do Imigrante,3205069,1,,,False,um_municipio,Venda Nova do Imigrante,3205069.0,False,,https://secult.es.gov.br/lista-de-projetos-habilitados,1,14
13,2026,2025-7NPG5,2025,"Paisagem Continuada: Fotografias, Desenhos e Depoimentos",paisagem continuada fotografias desenhos e depoimentos,LUPINO PRODUÇÕES LTDA,lupino producoes,230182.31,230182.31,230182.31,230182.31,False,captando,cota-demais,Vitória,Vitória,Vitória,3205309,1,,,False,um_municipio,Vitória,3205309.0,False,,https://secult.es.gov.br/lista-de-projetos-habilitados,2,15
14,2026,2025-WBCHT,2025,Circuito Cultural - Região 5,circuito cultural regiao 5,Instituto Gg5 De Desenvolvimento Comunitário,instituto gg5 de desenvolvimento comunitario,300000.0,300000.0,300000.0,300000.0,False,captando,cota-demais,Vila Velha,Vila Velha,Vila Velha,3205200,1,,,False,um_municipio,Vila Velha,3205200.0,False,,https://secult.es.gov.br/lista-de-projetos-habilitados,2,16
15,2026,2025-DZ8W2,2025,Territórios Criativos e Ancestrais: Juventudes Guardiãs da Cultura,territorios criativos e ancestrais juventudes guardias da cultura,Instituto Nacional Afro Origem,instituto nacional afro origem,300000.0,300000.0,300000.0,300000.0,False,captando,cota-fora-rmgv,Aracruz,Aracruz,Aracruz,3200607,1,,,False,um_municipio,Aracruz,3200607.0,False,,https://secult.es.gov.br/lista-de-projetos-habilitados,2,17
16,2026,2025-LHW3M,2025,Café Conilon: O Ouro Negro Do Espírito Santo,cafe conilon o ouro negro do espirito santo,Prodcom Produção Comercial LTDA,prodcom producao comercial,299580.0,299580.0,299580.0,299580.0,False,captando,cota-demais,São Gabriel da Palha; Vitória; Santa Teresa,São Gabriel da Palha; Vitória; Santa Teresa,São Gabriel da Palha; Santa Teresa; Vitória,3204708;3204609;3205309,3,,,False,varios_municipios,,,False,,https://secult.es.gov.br/lista-de-projetos-habilitados,2,18
17,2026,2025-33P6C,2025,"Mulheres, Grãos E Memórias",mulheres graos e memorias,Connect Agência de comunicação integrada,connect agencia de comunicacao integrada,787253.67,787253.67,787253.67,787253.67,False,captando,cota-demais,Muqui; Afonso Claúdio; Alto Rio Novo; Cachoeiro; Santa Teresa; Aracruz; Jaguaré,Muqui; Afonso Claúdio; Alto Rio Novo; Cachoeiro; Santa Teresa; Aracruz; Jaguaré,Afonso Cláudio; Alto Rio Novo; Santa Teresa; Cachoeiro de Itapemirim; Aracruz; Jaguaré; Muqui,3200102;3200359;3204609;3201209;3200607;3203056;3203809,7,,,False,varios_municipios,,,False,,https://secult.es.gov.br/lista-de-projetos-habilitados,2,19
18,2026,2025-C1XPG,2025,Memórias do Lar,memorias do lar,Porto e Stein Produções Ltda ME,porto e stein producoes,500000.0,500000.0,500000.0,500000.0,False,captando,cota-demais,Vitória,Vitória,Vitória,3205309,1,,,False,um_municipio,Vitória,3205309.0,False,,https://secult.es.gov.br/lista-de-projetos-habilitados,2,20
19,2026,2025-GXTFK,2025,Projeto Negraô - 35 Anos,projeto negrao 35 anos,Fabio Samora,fabio samora,300000.0,300000.0,300000.0,300000.0,False,captando,cota-continuados,Vitória,Vitória,Vitória,3205309,1,,,False,um_municipio,Vitória,3205309.0,False,,https://secult.es.gov.br/lista-de-projetos-habilitados,2,21
20,2026,2026-BXDB7,2026,Festival Jam (Jazz Arte e Movimento) 2ª Edição,festival jam jazz arte e movimento 2a edicao,Lupino Produções Ltda,lupino producoes,499945.2,499945.2,499945.2,499945.2,False,captando,cota-demais,Vila Velha,Vila Velha,Vila Velha,3205200,1,,,False,um_municipio,Vila Velha,3205200.0,False,,https://secult.es.gov.br/lista-de-projetos-habilitados,2,22
21,2026,2025-58RFR,2025,"A Capoeira Capixaba: Apoio, Preservação e Promoção do Patrimônio Cultural Imaterial",a capoeira capixaba apoio preservacao e promocao do patrimonio cultural imaterial,Associação Cultural Artística Popular Orientada Ao Esporte E De Incentivo Às Raízes Afro-Brasileiras.,associacao cultural artistica popular orientada ao esporte e de incentivo as raizes afro brasileiras,300000.0,300000.0,300000.0,300000.0,False,captando,cota-demais,Montanha; Nova Venécia; Manguinhos; Cariacica; Viana; Guarapari,Montanha; Nova Venécia; Manguinhos; Cariacica; Viana; Guarapari,Nova Venécia; Cariacica; Guarapari; Montanha; Viana,3203908;3201308;3202405;3203502;3205101,5,,manguinhos (bairro/localidade não municipal),False,varios_municipios,,,False,,https://secult.es.gov.br/lista-de-projetos-habilitados,2,23
22,2026,2025-RK2BJ,2025,Literomusical Ambiental Alman’arte: Artes Em Biocomposição Edição 2025,literomusical ambiental alman arte artes em biocomposicao edicao 2025,Grupo Moxuara Produções Artísticas Ltda.,grupo moxuara producoes artisticas,198751.0,198751.0,198751.0,198751.0,False,captando,cota-demais,Mimoso do Sul; Fundão; Vila Velha,Mimoso do Sul; Fundão; Vila Velha,Mimoso do Sul; Vila Velha; Fundão,3203403;3205200;3202207,3,,,False,varios_municipios,,,False,,https://secult.es.gov.br/lista-de-projetos-habilitados,2,24
23,2026,2025-X1KG0,2025,Filarmônica De Mulheres Do Espírito Santo: Música E Representatividade - II,filarmonica de mulheres do espirito santo musica e representatividade ii,Instituto Todos os Cantos,instituto todos os cantos,492800.0,492800.0,492800.0,492800.0,False,captando,cota-demais,Vitória,Vitória,Vitória,3205309,1,,,False,um_municipio,Vitória,3205309.0,False,,https://secult.es.gov.br/lista-de-projetos-habilitados,2,25
24,2026,2025-L9896,2025,Temporada Marien Calixte Jazz Music Festival,temporada marien calixte jazz music festival,MM Projetos Culturais Ltda,mm projetos culturais,500000.0,1035300.0,500000.0,1035300.0,False,captando,cota-demais,a definir,a definir,,,0,,a definir (local a definir),False,so_locais_nao_municipais,,,False,,https://secult.es.gov.br/lista-de-projetos-habilitados,2,26
25,2026,2025-HMWCM,2025,"Mãos Criativas - Artesanato, Sustentabilidade e Cultu",maos criativas artesanato sustentabilidade e cultu,"Associação Amigos da Justiça, Cidadania, Educação e Arte.",associacao amigos da justica cidadania educacao e arte,499981.26,499981.26,499981.26,499981.26,False,captando,cota-demais,Ibiraçu; Serra,Ibiraçu; Serra,Ibiraçu; Serra,3202504;3205002,2,,,False,varios_municipios,,,False,,https://secult.es.gov.br/lista-de-projetos-habilitados,2,27
26,2026,2025-CFX7G,2025,Festejos Tradicionais Capixabas - Registros do Folclore e da Fé,festejos tradicionais capixabas registros do folclore e da fe,23.331.720 Anderson Marta Valfre,anderson marta valfre,161282.5,161282.5,161282.5,161282.5,False,captando,cota-fora-rmgv,Linhares; São Paulo,Linhares; São Paulo,Linhares,3203205,1,São Paulo,,False,um_municipio_mais_outros_locais,,,False,,https://secult.es.gov.br/lista-de-projetos-habilitados,2,28
27,2026,2025-QR8HV,2025,Entre A Senzala E O Quilombo: Malungo desde o navio negreiro,entre a senzala e o quilombo malungo desde o navio negreiro,Centro Desportivo de Capoeira e Cultura Afro-brasileira Nação Malungos.,centro desportivo de capoeira e cultura afro brasileira nacao malungos,231909.2,231909.2,231909.2,231909.2,False,captando,cota-demais,Colatina; Vila Velha,Colatina; Vila Velha,Vila Velha; Colatina,3205200;3201506,2,,,False,varios_municipios,,,False,,https://secult.es.gov.br/lista-de-projetos-habilitados,2,29
28,2026,2025-RZ6SH,2025,Bendito Samba 2025 - O Show Tem Que Continuar,bendito samba 2025 o show tem que continuar,Daiane Matheus Pessoa 14397082740,daiane matheus pessoa,117154.89,126254.89,117154.89,126254.89,False,captando,cota-demais,Vitória,Vitória,Vitória,3205309,1,,,False,um_municipio,Vitória,3205309.0,False,,https://secult.es.gov.br/lista-de-projetos-habilitados,2,30
29,2026,2026-3LXT7,2026,"14ª Itália Unita - Aracruz: Sua História Une Gerações: ""Sabores E Tradições Da Itália Dei Nostri Nonni""",14a italia unita aracruz sua historia une geracoes sabores e tradicoes da italia dei nostri nonni,Secretariado Dos Imigrantes Friulanos De Aracruz Es,secretariado dos imigrantes friulanos de aracruz es,500000.0,664000.0,500000.0,664000.0,False,captando,cota-pautados,Aracruz,Aracruz,Aracruz,3200607,1,,,False,um_municipio,Aracruz,3200607.0,False,,https://secult.es.gov.br/lista-de-projetos-habilitados,3,31
30,2026,2025-7K1FV,2025,Espírito Santo por Cima – Do noroeste capixaba até os Doce Pontões,espirito santo por cima do noroeste capixaba ate os doce pontoes,Renato Sabaini 07848837777,renato sabaini,161786.67,161786.67,161786.67,161786.67,False,captando,cota-fora-rmgv,Colatina,Colatina,Colatina,3201506,1,,,False,um_municipio,Colatina,3201506.0,False,,https://secult.es.gov.br/lista-de-projetos-habilitados,3,32
31,2026,2025-9R9X2,2025,Costa das Baleias,costa das baleias,Andaluz Produções LTDA.,andaluz producoes,687720.0,2514594.1,687720.0,2514594.1,False,captando,cota-demais,Vitória; Linhares,Vitória; Linhares,Linhares; Vitória,3203205;3205309,2,,,False,varios_municipios,,,False,,https://secult.es.gov.br/lista-de-projetos-habilitados,3,33
32,2026,2025-HFKGT,2025,3ª Edição Do Livro Negros No Espirito Santo,3a edicao do livro negros no espirito santo,Instituto Elimu Professor Cleber Maciel.,instituto elimu professor cleber maciel,444191.92,444191.92,444191.92,444191.92,False,captando,cota-demais,Vitória; Cachoeiro; São Mateus,Vitória; Cachoeiro; São Mateus,São Mateus; Cachoeiro de Itapemirim; Vitória,3204906;3201209;3205309,3,,,False,varios_municipios,,,False,,https://secult.es.gov.br/lista-de-projetos-habilitados,3,34
33,2026,2025-J7NGB,2025,Arte por toda a Parte Capixaba,arte por toda a parte capixaba,Instituto Muniz & Cia Ltda.,instituto muniz cia,297100.0,297100.0,297100.0,297100.0,False,captando,cota-demais,Linhares,Linhares,Linhares,3203205,1,,,False,um_municipio,Linhares,3203205.0,False,,https://secult.es.gov.br/lista-de-projetos-habilitados,3,35
34,2026,2025-9T9WD,2025,Grupo Árvore De Teatro 10 anos,grupo arvore de teatro 10 anos,Árvore Casa das Artes.,arvore casa das artes,468148.92,468148.92,468148.92,468148.92,False,captando,cota-demais,Vitória,Vitória,Vitória,3205309,1,,,False,um_municipio,Vitória,3205309.0,False,,https://secult.es.gov.br/lista-de-projetos-habilitados,3,36
35,2026,2025-B7SJZ,2025,Encontro Das Pretas,encontro das pretas,Instituto Das Pretas,instituto das pretas,500000.0,500000.0,500000.0,500000.0,False,captando,cota-continuados,a definir,a definir,,,0,,a definir (local a definir),False,so_locais_nao_municipais,,,False,,https://secult.es.gov.br/lista-de-projetos-habilitados,3,37
36,2026,2025-T178P,2025,Orquestra Som Da Ilha,orquestra som da ilha,Instituto Som Da Ilha.,instituto som da ilha,300000.0,300000.0,300000.0,300000.0,False,captando,cota-demais,Vila Velha Vila Velha; Flexal,Vila Velha Vila Velha; Flexal,Vila Velha,3205200,1,,flexal (bairro/localidade não municipal),False,um_municipio_mais_outros_locais,,,False,,https://secult.es.gov.br/lista-de-projetos-habilitados,3,38
37,2026,2025-CNFWC,2025,"3,2,1 REC - Difusão e Democratização da Música Urbana",3 2 1 rec difusao e democratizacao da musica urbana,VVS Studio Records Ltda.,vvs studio records,500000.0,500000.0,500000.0,500000.0,False,captando,cota-demais,Terra Vermelha; Sao Torquatro; São Pedro; Itararé; Novo Horizonte; Feu Rosa; Colatina; Linhares; São Mateus; Aracruz; Guarapari; Cachoeiro,Terra Vermelha; Sao Torquatro; São Pedro; Itararé; Novo Horizonte; Feu Rosa; Colatina; Linhares; São Mateus; Aracruz; Guarapari; Cachoeiro,Vila Velha; São Mateus; Guarapari; Cachoeiro de Itapemirim; Colatina; Linhares; Aracruz,3205200;3204906;3202405;3201209;3201506;3203205;3200607,7,,terra vermelha (bairro/localidade não municipal); novo horizonte (bairro/localidade não municipal); sao pedro (ambíguo (distrito de Muniz Freire ou região administrativa de Vitória)); feu rosa (bairro/localidade não municipal); itarare (bairro/localidade não municipal),False,varios_municipios,,,False,,https://secult.es.gov.br/lista-de-projetos-habilitados,3,39
38,2026,2025-PHW93,2025,5ª Mostra Cinemarias,5a mostra cinemarias,Odoyá Arte E Cultura Produções Ltda,odoya arte e cultura producoes,500000.0,500000.0,500000.0,500000.0,False,captando,cota-demais,Vitória,Vitória,Vitória,3205309,1,,,False,um_municipio,Vitória,3205309.0,False,,https://secult.es.gov.br/lista-de-projetos-habilitados,3,40
39,2026,2025-34FH0,2025,"A Milionária, comédia de Bernard Shaw",a milionaria comedia de bernard shaw,Beta Produção Ltda.,beta producao,498786.9,498786.9,498786.9,498786.9,False,captando,cota-demais,Vitória,Vitória,Vitória,3205309,1,,,False,um_municipio,Vitória,3205309.0,False,,https://secult.es.gov.br/lista-de-projetos-habilitados,3,41
40,2026,2025-L2ZQD,2025,Espírito Geek - 2ª Edição,espirito geek 2a edicao,Alpha Empreendimentos LTDA ME.,alpha empreendimentos,492216.0,492216.0,492216.0,492216.0,False,captando,cota-demais,Vitória,Vitória,Vitória,3205309,1,,,False,um_municipio,Vitória,3205309.0,False,,https://secult.es.gov.br/lista-de-projetos-habilitados,3,42
41,2026,2025-FFQ31,2025,Festival do Beijú – 8ª Edição,festival do beiju 8a edicao,Associação De Mulheres Agricultoras De Conceição Do Muqui.,associacao de mulheres agricultoras de conceicao do muqui,296509.07,296509.07,296509.07,296509.07,False,captando,cota-fora-rmgv,Mimoso do Sul,Mimoso do Sul,Mimoso do Sul,3203403,1,,,False,um_municipio,Mimoso do Sul,3203403.0,False,,https://secult.es.gov.br/lista-de-projetos-habilitados,3,43
42,2026,2025-00C1Z,2025,Tornando Ideias Realidade — 2º ano,tornando ideias realidade 2o ano,Alpha Empreendimentos Ltda Me.,alpha empreendimentos,479685.0,479685.0,479685.0,479685.0,False,captando,cota-fora-rmgv,São Mateus,São Mateus,São Mateus,3204906,1,,,False,um_municipio,São Mateus,3204906.0,False,,https://secult.es.gov.br/lista-de-projetos-habilitados,3,44
43,2026,2025-DCRC9,2025,Ecologicamente Divertido - Cultura e Afeto para Crianças,ecologicamente divertido cultura e afeto para criancas,Associação Beneficente Renascer Em Cristo - ABREC.,associacao beneficente renascer em cristo abrec,219480.71,219480.71,219480.71,219480.71,False,captando,cota-demais,Serra,Serra,Serra,3205002,1,,,False,um_municipio,Serra,3205002.0,False,,https://secult.es.gov.br/lista-de-projetos-habilitados,3,45
44,2026,2025-8JPM7,2025,Viagem Literária,viagem literaria,Mb Produção Cultural.,mb producao cultural,161247.57,162677.57,161247.57,162677.57,False,captando,cota-demais,Cariacica; Vitória; Castelo; Cachoeiro Itapemirim; Ibatiba; Linhares,Cariacica; Vitória; Castelo; Cachoeiro Itapemirim; Ibatiba; Linhares,Cachoeiro de Itapemirim; Cariacica; Linhares; Castelo; Ibatiba; Vitória,3201209;3201308;3203205;3201407;3202454;3205309,6,,,False,varios_municipios,,,False,,https://secult.es.gov.br/lista-de-projetos-habilitados,3,46
45,2026,2025-J6GZF,2025,Festival Delírio Tropical 2026,festival delirio tropical 2026,Puri Produções e Eventos LTDA.,puri producoes e eventos,500000.0,500000.0,500000.0,500000.0,False,captando,cota-demais,Vila Velha,Vila Velha,Vila Velha,3205200,1,,,False,um_municipio,Vila Velha,3205200.0,False,,https://secult.es.gov.br/lista-de-projetos-habilitados,4,47
46,2026,2025-XBV4P,2025,Natal dos Reis Magos - Concerto de Música e Magia,natal dos reis magos concerto de musica e magia,Premium Comunicação E Marketing Ltda.,premium comunicacao e marketing,299984.0,299984.0,299984.0,299984.0,False,captando,cota-demais,Serra,Serra,Serra,3205002,1,,,False,um_municipio,Serra,3205002.0,False,,https://secult.es.gov.br/lista-de-projetos-habilitados,4,48
47,2026,2025-2M4DV,2025,2ª edição - Festival Batidas do Mundo,2a edicao festival batidas do mundo,Caju Produções LTDA ME.,caju producoes,500000.0,500000.0,500000.0,500000.0,False,captando,cota-demais,Vitória,Vitória,Vitória,3205309,1,,,False,um_municipio,Vitória,3205309.0,False,,https://secult.es.gov.br/lista-de-projetos-habilitados,4,49
48,2026,2025-FH60M,2025,Casa Decola,casa decola,Associação de Inovação do Núcleo Cultural Colatinense.,associacao de inovacao do nucleo cultural colatinense,500000.0,500000.0,500000.0,500000.0,False,captando,cota-pautados,Colatina,Colatina,Colatina,3201506,1,,,False,um_municipio,Colatina,3201506.0,False,,https://secult.es.gov.br/lista-de-projetos-habilitados,4,50
49,2026,2025-4T6CX,2025,"""Hq Tupi: A Lenda De Arariboia”",hq tupi a lenda de arariboia,Mito Games Ltda,mito games,499593.24,499593.24,499593.24,499593.24,False,captando,cota-demais,Vitória,Vitória,Vitória,3205309,1,,,False,um_municipio,Vitória,3205309.0,False,,https://secult.es.gov.br/lista-de-projetos-habilitados,4,51
50,2026,2025-VRWDM,2025,Crias.Lab 2026,crias lab 2026,Puri Produções e Eventos LTDA,puri producoes e eventos,500000.0,500000.0,500000.0,500000.0,False,captando,cota-demais,Vila Velha,Vila Velha,Vila Velha,3205200,1,,,False,um_municipio,Vila Velha,3205200.0,False,,https://secult.es.gov.br/lista-de-projetos-habilitados,4,52
51,2026,2025-BNHCX,2025,Flinc Festa Literária Internacional Capixaba,flinc festa literaria internacional capixaba,Letra Preta Produções LTDA.,letra preta producoes,494496.85,3311128.03,494496.85,3311128.03,False,captando,cota-demais,a definir,a definir,,,0,,a definir (local a definir),False,so_locais_nao_municipais,,,False,,https://secult.es.gov.br/lista-de-projetos-habilitados,4,53
52,2026,2025-51382,2025,74º Encontro Nacional de Folias de Reis,74o encontro nacional de folias de reis,Associação Comercial E Empresarial De Muqui - Ace Muqui.,associacao comercial e empresarial de muqui ace muqui,500000.0,1000000.0,500000.0,1000000.0,False,captando,cota-pautados,Muqui,Muqui,Muqui,3203809,1,,,False,um_municipio,Muqui,3203809.0,False,,https://secult.es.gov.br/lista-de-projetos-habilitados,4,54
53,2026,2025-KHZVZ,2025,Projeto Musin - Festival Música na Infância - 5a. edição,projeto musin festival musica na infancia 5a edicao,MM Projetos Culturais Ltda,mm projetos culturais,500000.0,1095300.0,500000.0,1095300.0,False,captando,cota-demais,Vitória,Vitória,Vitória,3205309,1,,,False,um_municipio,Vitória,3205309.0,False,,https://secult.es.gov.br/lista-de-projetos-habilitados,4,55
54,2026,2025-R38F3,2025,Laboratório dos Sonhos,laboratorio dos sonhos,Associação Aprender Cultura,associacao aprender cultura,500000.0,500000.0,500000.0,500000.0,False,captando,cota-demais,Cariacica,Cariacica,Cariacica,3201308,1,,,False,um_municipio,Cariacica,3201308.0,False,,https://secult.es.gov.br/lista-de-projetos-habilitados,4,56
55,2026,2025-XJ6C2,2025,Congo de Máscaras de Roda D'Água - Cariacica – 2026,congo de mascaras de roda d agua cariacica 2026,Associação De Bandas De Congo De Cariacica,associacao de bandas de congo de cariacica,500000.0,600000.0,500000.0,600000.0,False,concluido,cota-pautados,Cariacica,Cariacica,Cariacica,3201308,1,,,False,um_municipio,Cariacica,3201308.0,False,,https://secult.es.gov.br/lista-de-projetos-habilitados,4,57
56,2026,2025-JM8G8,2025,Festa da Penha 2026,festa da penha 2026,Fundação Espírito Santo Turismo & Eventos,fundacao espirito santo turismo eventos,500000.0,2303620.0,500000.0,2303620.0,False,em_execucao,cota-pautados,Vila Velha,Vila Velha,Vila Velha,3205200,1,,,False,um_municipio,Vila Velha,3205200.0,False,,https://secult.es.gov.br/lista-de-projetos-habilitados,4,58
57,2026,2025-V0HCH,2025,"Orquestra Brasileira de Cantores Cegos - Repertório #04, patrimônio",orquestra brasileira de cantores cegos repertorio 04 patrimonio,Associação Sociedade Cultura e Arte SOCA,associacao sociedade cultura e arte soca,500000.0,500000.0,500000.0,500000.0,False,captando,cota-demais,Vila Velha; Vitória,Vila Velha; Vitória,Vila Velha; Vitória,3205200;3205309,2,,,False,varios_municipios,,,False,,https://secult.es.gov.br/lista-de-projetos-habilitados,4,59
58,2026,2025-NC3C3,2025,"cultural capixaba, Orquestra Brasileira De Cantores Cegos: Cantos Do Brasil",cultural capixaba orquestra brasileira de cantores cegos cantos do brasil,Associação Sociedade Cultura e Arte SOCA,associacao sociedade cultura e arte soca,500000.0,500000.0,500000.0,500000.0,False,captando,cota-demais,Vila Velha; Vitória,Vila Velha; Vitória,Vila Velha; Vitória,3205200;3205309,2,,,False,varios_municipios,,,False,,https://secult.es.gov.br/lista-de-projetos-habilitados,4,60
59,2026,2025-GRD95,2025,3º Festival Manhágua,3o festival manhagua,Caju Produções LTDA,caju producoes,500000.0,1493047.71,500000.0,1493047.71,False,captando,cota-demais,Vitória,Vitória,Vitória,3205309,1,,,False,um_municipio,Vitória,3205309.0,False,,https://secult.es.gov.br/lista-de-projetos-habilitados,4,61
60,2026,2025-K1235,2025,Das Pretas Oppen Lab,das pretas oppen lab,Instituto Das Pretas.Org,instituto das pretas,500000.0,500000.0,500000.0,500000.0,False,captando,cota-continuados,Vitória,Vitória,Vitória,3205309,1,,,False,um_municipio,Vitória,3205309.0,False,,https://secult.es.gov.br/lista-de-projetos-habilitados,4,62
61,2026,2025-1BPCP,2025,Camerata João XXIII,camerata joao xxiii,Instituto João XXIII,instituto joao xxiii,443788.85,686874.5,443788.85,686874.5,False,captando,cota-demais,Vitória,Vitória,Vitória,3205309,1,,,False,um_municipio,Vitória,3205309.0,False,,https://secult.es.gov.br/lista-de-projetos-habilitados,5,63
62,2026,2025-LJ7X2,2025,Orquestra Jônice Tristão,orquestra jonice tristao,Instituto Três Pontões de Ação Social e Cultural - Instituto Cultural das Montanhas.,instituto tres pontoes de acao social e cultural,500000.0,500000.0,500000.0,500000.0,False,em_execucao,cota-continuados,Afonso Cláudio,Afonso Cláudio,Afonso Cláudio,3200102,1,,,False,um_municipio,Afonso Cláudio,3200102.0,False,,https://secult.es.gov.br/lista-de-projetos-habilitados,5,64
63,2026,2025-CSZT8,2025,Projeto De Dança Pipoca Social,projeto de danca pipoca social,Associação Alef Bet.,associacao alef bet,500000.0,500000.0,500000.0,500000.0,False,captando,cota-continuados,Vitória,Vitória,Vitória,3205309,1,,,False,um_municipio,Vitória,3205309.0,False,,https://secult.es.gov.br/lista-de-projetos-habilitados,5,65
64,2026,2025-RM1D1,2025,Nostra Cultura - Santa Teresa,nostra cultura santa teresa,R Coutinho Filmes Ltda,r coutinho filmes,490547.98,490547.98,490547.98,490547.98,False,em_execucao,cota-demais,Santa Teresa,Santa Teresa,Santa Teresa,3204609,1,,,False,um_municipio,Santa Teresa,3204609.0,False,,https://secult.es.gov.br/lista-de-projetos-habilitados,5,66
65,2026,2025-FPC7P,2025,Festival Nacional De Teatro De Guaçuí,festival nacional de teatro de guacui,"Grupo Teatral Gota, Pó e Poeira",grupo teatral gota po e poeira,256976.93,256976.93,256976.93,256976.93,False,captando,cota-pautados,Guaçuí,Guaçuí,Guaçuí,3202306,1,,,False,um_municipio,Guaçuí,3202306.0,False,,https://secult.es.gov.br/lista-de-projetos-habilitados,5,67
66,2026,2025-3JR65,2025,"Festival Vozes, Violas e Violões",festival vozes violas e violoes,L G Silva Produções Artísticas,l g silva producoes artisticas,299600.0,299600.0,299600.0,299600.0,False,captando,cota-demais,Cariacica,Cariacica,Cariacica,3201308,1,,,False,um_municipio,Cariacica,3201308.0,False,,https://secult.es.gov.br/lista-de-projetos-habilitados,5,68
67,2026,2025-L58Z5,2025,Festival Internacional De Jazz E Bossa De Santa Teresa - 13ª Edição,festival internacional de jazz e bossa de santa teresa 13a edicao,Rota Service Ltda Epp,rota service,500000.0,1380972.32,500000.0,1380972.32,False,em_execucao,cota-pautados,Santa Teresa,Santa Teresa,Santa Teresa,3204609,1,,,False,um_municipio,Santa Teresa,3204609.0,False,,https://secult.es.gov.br/lista-de-projetos-habilitados,5,69
68,2026,2025-5N8X1,2025,"La Bella Parola - Música, memória e comunidade",la bella parola musica memoria e comunidade,Academia De Letras E Artes Da Cidade De Santa Teresa-Aleast,academia de letras e artes da cidade de santa teresa aleast,357435.07,357435.07,357435.07,357435.07,False,captando,cota-demais,Santa Teresa,Santa Teresa,Santa Teresa,3204609,1,,,False,um_municipio,Santa Teresa,3204609.0,False,,https://secult.es.gov.br/lista-de-projetos-habilitados,5,70
69,2026,2025-4CV2N,2025,Encontro das Chef’s,encontro das chef s,Conexxo Serviços e Gestão de Eventos.,conexxo servicos e gestao de eventos,500000.0,647000.0,500000.0,647000.0,False,em_execucao,cota-demais,Vitória,Vitória,Vitória,3205309,1,,,False,um_municipio,Vitória,3205309.0,False,,https://secult.es.gov.br/lista-de-projetos-habilitados,5,71
70,2026,2025-G3RNR,2025,35ª Festa do Morango,35a festa do morango,Associação Festa do Morango,associacao festa do morango,499223.2,800000.0,499223.2,800000.0,False,em_execucao,cota-pautados,Domingos Martins,Domingos Martins,Domingos Martins,3201902,1,,,False,um_municipio,Domingos Martins,3201902.0,False,,https://secult.es.gov.br/lista-de-projetos-habilitados,5,72
71,2026,2025-XKQD2,2025,PETER | Projeto Escolas no Teatro Eliziário Rangel,peter projeto escolas no teatro eliziario rangel,Associação Centro Cultural Eliziário Rangel,associacao centro cultural eliziario rangel,500000.0,500000.0,500000.0,500000.0,False,captando,cota-demais,Serra,Serra,Serra,3205002,1,,,False,um_municipio,Serra,3205002.0,False,,https://secult.es.gov.br/lista-de-projetos-habilitados,5,73
72,2026,2025-NK2K5,2025,Vovô E O Mar,vovo e o mar,Marina Jordem Almança Possatti - MEI,marina jordem almanca possatti,160462.66,160462.66,160462.66,160462.66,False,captando,cota-fora-rmgv,Muniz Freire; Baixo Guandu,Muniz Freire; Baixo Guandu,Baixo Guandu; Muniz Freire,3200805;3203700,2,,,False,varios_municipios,,,False,,https://secult.es.gov.br/lista-de-projetos-habilitados,5,74
73,2026,2025-HJ1PF,2025,Cine Capixaba,cine capixaba,Porto Cultural VIX LTDA,porto cultural vix,496789.86,496789.86,496789.86,496789.86,False,em_execucao,cota-demais,Aguia Branca; Nova Venecia; Pinheiros; São Gabriel da Palha,Aguia Branca; Nova Venecia; Pinheiros; São Gabriel da Palha,São Gabriel da Palha; Nova Venécia; Águia Branca; Pinheiros,3204708;3203908;3200136;3204104,4,,,False,varios_municipios,,,False,,https://secult.es.gov.br/lista-de-projetos-habilitados,5,75
74,2026,2025-T5H46,2025,"XVI, XVII, XVIII Festa Folclórica de Santo Antônio do Muqui",xvi xvii xviii festa folclorica de santo antonio do muqui,Associação de Folclore de Santo Antônio de Muqui.,associacao de folclore de santo antonio de muqui,455490.0,492490.0,455490.0,492490.0,False,captando,cota-continuados,Mimoso do Sul,Mimoso do Sul,Mimoso do Sul,3203403,1,,,False,um_municipio,Mimoso do Sul,3203403.0,False,,https://secult.es.gov.br/lista-de-projetos-habilitados,5,76
75,2026,2025-SJQ9R,2025,Despertando Olhares,despertando olhares,Paris Serviços E Treinamentos LTDA,paris servicos e treinamentos,487644.05,487644.05,487644.05,487644.05,False,em_execucao,cota-fora-rmgv,a defnir,a defnir,,,0,,a defnir (local a definir),False,so_locais_nao_municipais,,,False,,https://secult.es.gov.br/lista-de-projetos-habilitados,6,77
76,2026,2025-M644N,2025,Casarão Carapebus: Preservação Emergencial do Patrimônio,casarao carapebus preservacao emergencial do patrimonio,Grupo de Desenvolvimento Humano e Ambiental Instituto Goiamum,grupo de desenvolvimento humano e ambiental instituto goiamum,831290.0,831290.0,831290.0,831290.0,False,captando,cota-demais,Serra,Serra,Serra,3205002,1,,,False,um_municipio,Serra,3205002.0,False,,https://secult.es.gov.br/lista-de-projetos-habilitados,6,78
77,2026,2025-90TBK,2025,Roda de Boteco 2026,roda de boteco 2026,Conexxo Serviços e Gestão DE Eventos Ltda,conexxo servicos e gestao de eventos,500000.0,1406150.0,500000.0,1406150.0,False,em_execucao,cota-pautados,(Vitória; Vila Velha; Serra; Cariacica,(Vitória; Vila Velha; Serra; Cariacica,Vila Velha; Cariacica; Vitória; Serra,3205200;3201308;3205309;3205002,4,,,False,varios_municipios,,,False,,https://secult.es.gov.br/lista-de-projetos-habilitados,6,79
78,2026,2025-77BHP,2025,98ª Festa de São Pedro - Edição 2026,98a festa de sao pedro edicao 2026,Colônia De Pescadores E Aquicultores Z-5 Maria Ortiz.,colonia de pescadores e aquicultores z 5 maria ortiz,500000.0,2100000.0,500000.0,2100000.0,False,em_execucao,cota-pautados,Vitória,Vitória,Vitória,3205309,1,,,False,um_municipio,Vitória,3205309.0,False,,https://secult.es.gov.br/lista-de-projetos-habilitados,6,80
79,2026,2025-B2PQC,2025,Samba Que Eu Quero Ver - Mostra Cultural De Bamba 2026,samba que eu quero ver mostra cultural de bamba 2026,Odoyá Arte E Cultura Produções,odoya arte e cultura producoes,500000.0,500000.0,500000.0,500000.0,False,em_execucao,cota-demais,Vitória,Vitória,Vitória,3205309,1,,,False,um_municipio,Vitória,3205309.0,False,,https://secult.es.gov.br/lista-de-projetos-habilitados,6,81
80,2026,2024-7NZLF,2024,Caminho Jesuíta,caminho jesuita,Andaluz Produções LTDA,andaluz producoes,459163.19,676761.19,459163.19,676761.19,False,em_execucao,cota-demais,Vila Velha; Vitória; Serra; Viana; Guarapari; Anchieta.,Vila Velha; Vitória; Serra; Viana; Guarapari; Anchieta.,Vila Velha; Guarapari; Anchieta; Vitória; Serra; Viana,3205200;3202405;3200409;3205309;3205002;3205101,6,,,False,varios_municipios,,,False,,https://secult.es.gov.br/lista-de-projetos-habilitados,6,82
81,2026,2025-5TD7H,2025,Carnaval Folclórico do Boi Pintadinho de Muqui/ES - 2026,carnaval folclorico do boi pintadinho de muqui es 2026,Associacao Comercial E Empresarial De Muqui - ACE MUQUI.,associacao comercial e empresarial de muqui ace muqui,500000.0,1000000.0,500000.0,1000000.0,False,concluido,cota-pautados,Muqui,Muqui,Muqui,3203809,1,,,False,um_municipio,Muqui,3203809.0,False,,https://secult.es.gov.br/lista-de-projetos-habilitados,6,83
82,2026,2025-49GXP,2025,"3º Festival PCD: Pinta, Canta e Dança",3o festival pcd pinta canta e danca,Movimento Cidade Projetos Criativos,movimento cidade projetos criativos,500000.0,500000.0,500000.0,500000.0,False,captando,cota-demais,a definir Santa Maria de,a definir; Santa Maria de Jetibá,Santa Maria de Jetibá,3204559,1,,a definir (local a definir),False,um_municipio_mais_outros_locais,,,True,"transbordo 2025-49GXP->2024-454L8 ('Santa Maria de'+'Jetibá'='Santa Maria de Jetibá', papel A); ",https://secult.es.gov.br/lista-de-projetos-habilitados,6,84
83,2026,2024-454L8,2024,Ato Final Em Debate,ato final em debate,Andaluz Produções LTDA,andaluz producoes,355635.4,355635.4,355635.4,355635.4,False,em_execucao,cota-demais,Jetibá; Afonso Claudio; Colatina; Alegre; Nova Venécia; Anchieta; São Mateus; Linhares; Cariacica; Cachoeiro de,Afonso Claudio; Colatina; Alegre; Nova Venécia; Anchieta; São Mateus; Linhares; Cariacica; Cachoeiro de Itapemirim,Cachoeiro de Itapemirim; Afonso Cláudio; Nova Venécia; São Mateus; Cariacica; Anchieta; Colatina; Linhares; Alegre,3201209;3200102;3203908;3204906;3201308;3200409;3201506;3203205;3200201,9,,,False,varios_municipios,,,True,"transbordo 2025-49GXP->2024-454L8 ('Santa Maria de'+'Jetibá'='Santa Maria de Jetibá', papel B); transbordo 2024-454L8->2025-SB2J8 ('Cachoeiro de'+'Itapemirim'='Cachoeiro de Itapemirim', papel A); ",https://secult.es.gov.br/lista-de-projetos-habilitados,6,85
84,2026,2025-SB2J8,2025,Cinematoka - Mostra de Cinema Indígena e Vivência Etnico-Cultural,cinematoka mostra de cinema indigena e vivencia etnico cultural,Karoline Del,karoline delfino felicio,499195.0,499195.0,499195.0,499195.0,False,em_execucao,cota-fora-rmgv,Itapemirim; Vila Velha Aracruz; Vitória,Vila Velha Aracruz; Vitória,Vila Velha; Aracruz; Vitória,3205200;3200607;3205309,3,,,False,varios_municipios,,,True,"transbordo 2024-454L8->2025-SB2J8 ('Cachoeiro de'+'Itapemirim'='Cachoeiro de Itapemirim', papel B); ",https://secult.es.gov.br/lista-de-projetos-habilitados,6,86
85,2026,2025-QRD7Z,2025,"Luz, Câmera, Preservação",luz camera preservacao,Cabelo Seco Soluções Culturais,cabelo seco solucoes culturais,499524.0,499524.0,499524.0,499524.0,False,em_execucao,cota-demais,Domingos Martins; Vargem Alta; Castelo; Aguia Branca.,Domingos Martins; Vargem Alta; Castelo; Aguia Branca.,Domingos Martins; Águia Branca; Vargem Alta; Castelo,3201902;3200136;3205036;3201407,4,,,False,varios_municipios,,,False,,https://secult.es.gov.br/lista-de-projetos-habilitados,6,87
86,2026,2025-KCGPL,2025,Festivalzinho de Cinema de Vitória,festivalzinho de cinema de vitoria,Galpão Produções Artísticas e Culturais LTDA,galpao producoes artisticas e culturais,500000.0,1411412.0,500000.0,1411412.0,False,em_execucao,cota-pautados,Vitória,Vitória,Vitória,3205309,1,,,False,um_municipio,Vitória,3205309.0,False,,https://secult.es.gov.br/lista-de-projetos-habilitados,6,88
87,2026,2025-Z13BW,2025,Borana Jazz,borana jazz,Julio Cesar Vasconcelos,julio cesar vasconcelos,161937.3,161937.3,161937.3,161937.3,False,em_execucao,cota-fora-rmgv,Vitória; São Mateus; Conceição Barra; Pedro Canário,Vitória; São Mateus; Conceição Barra; Pedro Canário,Conceição da Barra; Pedro Canário; São Mateus; Vitória,3201605;3204054;3204906;3205309,4,,,False,varios_municipios,,,False,,https://secult.es.gov.br/lista-de-projetos-habilitados,6,89
88,2025,2025-V9F70,2025,Projeto Cultural Tecer Folias - Ano II,projeto cultural tecer folias ano ii,Associação Oficina da Vida - ONG.,associacao oficina da vida ong,500000.0,500000.0,500000.0,500000.0,False,em_execucao,cota-demais,Vitória,Vitória,Vitória,3205309,1,,,False,um_municipio,Vitória,3205309.0,False,,https://secult.es.gov.br/lista-de-projetos-habilitados,7,2
89,2025,2025-75FLW,2025,Projeto Cultural Eterno Aprendiz,projeto cultural eterno aprendiz,Associação Oficina da Vida - ONG.,associacao oficina da vida ong,499600.0,499600.0,499600.0,499600.0,False,captando,cota-demais,Vitória,Vitória,Vitória,3205309,1,,,False,um_municipio,Vitória,3205309.0,False,,https://secult.es.gov.br/lista-de-projetos-habilitados,7,3
90,2025,2025-7QZ1X,2025,Vai Dar Samba - 5ª Edição,vai dar samba 5a edicao,Associação Oficina da Vida - ONG,associacao oficina da vida ong,498800.0,498800.0,498800.0,498800.0,False,captando,cota-demais,Cachoeiro de Itapemirim; Mimoso do Sul,Cachoeiro de Itapemirim; Mimoso do Sul,Cachoeiro de Itapemirim; Mimoso do Sul,3201209;3203403,2,,,False,varios_municipios,,,False,,https://secult.es.gov.br/lista-de-projetos-habilitados,7,4
91,2025,2025-0G2ZD,2025,ATILIO FOLIA - Carnaval Cultural de Atílio Vivácqua,atilio folia carnaval cultural de atilio vivacqua,G ABREU TURISMO E CULTURA LTDA,g abreu turismo e cultura,489267.0,489267.0,489267.0,489267.0,False,concluido,cota-continuados,Atílio Vivacqua,Atílio Vivacqua,Atílio Vivácqua,3200706,1,,,False,um_municipio,Atílio Vivácqua,3200706.0,False,,https://secult.es.gov.br/lista-de-projetos-habilitados,7,5
92,2025,2025-FXX9C,2025,A Trupe Barroca - Uma Nova Música Antiga 2026,a trupe barroca uma nova musica antiga 2026,WS Projetos Criativos LTDA,ws projetos criativos,499581.98,499581.98,499581.98,499581.98,False,em_execucao,cota-demais,,,,,0,,,True,ausente,,,False,,https://secult.es.gov.br/lista-de-projetos-habilitados,7,6
93,2025,2025-QXK9H,2025,Filarmônica de Mulheres do Espirito Santo - Natal Iluminado,filarmonica de mulheres do espirito santo natal iluminado,Instituto Todos os Cantos,instituto todos os cantos,248506.0,248506.0,248506.0,248506.0,False,em_execucao,cota-demais,,,,,0,,,True,ausente,,,False,,https://secult.es.gov.br/lista-de-projetos-habilitados,7,7
94,2025,2025-1MT75,2025,R2R Música Para Todos 2,r2r musica para todos 2,Instituto Viva Vida,instituto viva vida,500000.0,500000.0,500000.0,500000.0,False,em_execucao,cota-demais,Vitória; Serra; Cariacica; Vila Velha,Vitória; Serra; Cariacica; Vila Velha,Vila Velha; Cariacica; Vitória; Serra,3205200;3201308;3205309;3205002,4,,,False,varios_municipios,,,False,,https://secult.es.gov.br/lista-de-projetos-habilitados,7,8
95,2025,2025-WV98F,2025,XXXV Festa Do Imigrante Italiano De Santa Teresa,xxxv festa do imigrante italiano de santa teresa,Circolo Trentino di Santa Teresa,circolo trentino di santa teresa,500000.0,889480.0,500000.0,889480.0,False,em_execucao,cota-pautados,Santa Teresa,Santa Teresa,Santa Teresa,3204609,1,,,False,um_municipio,Santa Teresa,3204609.0,False,,https://secult.es.gov.br/lista-de-projetos-habilitados,7,9
96,2025,2025-0RV3W,2025,Festival Nacional de Forró de Itaúnas,festival nacional de forro de itaunas,Fernanda Lima Garcia Eventos,fernanda lima garcia eventos,500000.0,500000.0,500000.0,500000.0,False,em_execucao,cota-pautados,Itaúnas,Itaúnas,Conceição da Barra,3201605,1,,,False,um_municipio,Conceição da Barra,3201605.0,False,,https://secult.es.gov.br/lista-de-projetos-habilitados,7,10
97,2025,2025-R0CZP,2025,Biblioteca Itinerante Vila Quilombo,biblioteca itinerante vila quilombo,Paris Serviços E Treinamentos LTDA,paris servicos e treinamentos,479932.0,479832.0,479932.0,479832.0,False,em_execucao,cota-fora-rmgv,Vargem Alta,Vargem Alta,Vargem Alta,3205036,1,,,False,um_municipio,Vargem Alta,3205036.0,False,,https://secult.es.gov.br/lista-de-projetos-habilitados,7,11
98,2025,2025-FZTLW,2025,Centro Cultural Canela Verde Cultura E Arte,centro cultural canela verde cultura e arte,Ananda Lugon Bourguignon,ananda lugon bourguignon,161991.2,161991.2,161991.2,161991.2,False,captando,cota-demais,Vila Velha,Vila Velha,Vila Velha,3205200,1,,,False,um_municipio,Vila Velha,3205200.0,False,,https://secult.es.gov.br/lista-de-projetos-habilitados,7,12
99,2025,2025-G5V62,2025,Ecos do Convento - Trilhas do Saber,ecos do convento trilhas do saber,Instituto Brasileiro de Apoio ao Desenvolvimento Social e Econômico,instituto brasileiro de apoio ao desenvolvimento social e economico,278076.7,278076.7,278076.7,278076.7,False,em_execucao,cota-demais,Vila Velha,Vila Velha,Vila Velha,3205200,1,,,False,um_municipio,Vila Velha,3205200.0,False,,https://secult.es.gov.br/lista-de-projetos-habilitados,7,13
100,2025,2025-TGL66,2025,Ecos do Convento - Luzes da Criação,ecos do convento luzes da criacao,Instituto Brasileiro de Apoio ao Desenvolvimento Social e Econômico.,instituto brasileiro de apoio ao desenvolvimento social e economico,256469.4,256469.4,256469.4,256469.4,False,captando,cota-demais,Vitória,Vitória,Vitória,3205309,1,,,False,um_municipio,Vitória,3205309.0,False,,https://secult.es.gov.br/lista-de-projetos-habilitados,7,14
101,2025,2025-9TD2B,2025,A Música E A Arte De Renato Sabaini,a musica e a arte de renato sabaini,RENATO SABAINI,renato sabaini,156924.0,156924.0,156924.0,156924.0,False,em_execucao,cota-fora-rmgv,Colatina,Colatina,Colatina,3201506,1,,,False,um_municipio,Colatina,3201506.0,False,,https://secult.es.gov.br/lista-de-projetos-habilitados,7,15
102,2025,2025-BLC51,2025,Livro Corredor de Vida Santa Teresa,livro corredor de vida santa teresa,Instituto Últimos Refúgios,instituto ultimos refugios,499991.0,499991.0,499991.0,499991.0,False,em_execucao,cota-demais,Santa Teresa; Santa Maria de Jetibá; Santa Leopoldina,Santa Teresa; Santa Maria de Jetibá; Santa Leopoldina,Santa Maria de Jetibá; Santa Leopoldina; Santa Teresa,3204559;3204500;3204609,3,,,False,varios_municipios,,,False,,https://secult.es.gov.br/lista-de-projetos-habilitados,8,16
103,2025,2025-QPLHP,2025,2º Fest EcoCultural: Observação da Natureza -Montanhas Capixabas,2o fest ecocultural observacao da natureza montanhas capixabas,Instituto Últimos Refúgios.,instituto ultimos refugios,499984.04,499984.04,499984.04,499984.04,False,em_execucao,cota-demais,Fundão; Vitória Vargem Alta,Fundão; Vitória Vargem Alta,Vargem Alta; Vitória; Fundão,3205036;3205309;3202207,3,,,False,varios_municipios,,,False,,https://secult.es.gov.br/lista-de-projetos-habilitados,8,17
104,2025,2025-Z42VL,2025,Algazarra Coral: formação vocal e responsabilidade social,algazarra coral formacao vocal e responsabilidade social,Instituto Todos os Cantos,instituto todos os cantos,389174.5,389174.5,389174.5,389174.5,False,em_execucao,cota-continuados,,,,,0,,,True,ausente,,,False,,https://secult.es.gov.br/lista-de-projetos-habilitados,8,18
105,2025,2025-M0JJ1,2025,Carna Barra - Carnaval da Barra do Jucu,carna barra carnaval da barra do jucu,Associação Cultural e Folclórica do Bloco Surpresa.,associacao cultural e folclorica do bloco surpresa,499781.0,499781.0,499781.0,499781.0,False,em_execucao,cota-pautados,Vila Velha,Vila Velha,Vila Velha,3205200,1,,,False,um_municipio,Vila Velha,3205200.0,False,,https://secult.es.gov.br/lista-de-projetos-habilitados,8,19
106,2025,2025-Q041P,2025,Festival Reencontros II - Edição Turmalina,festival reencontros ii edicao turmalina,"JUPTER - Entretenimento, Comunicação e Cultura",jupter entretenimento comunicacao e cultura,500000.0,500000.0,500000.0,500000.0,False,captando,cota-demais,Vitória,Vitória,Vitória,3205309,1,,,False,um_municipio,Vitória,3205309.0,False,,https://secult.es.gov.br/lista-de-projetos-habilitados,8,20
107,2025,2025-6MRS2,2025,XXX Festival Internacional de Inverno de Música Erudita e Popular de Domingos Martins,xxx festival internacional de inverno de musica erudita e popular de domingos martins,Associação Montanhas Capixabas Turismo & Eventos,associacao montanhas capixabas turismo eventos,500000.0,2043300.0,500000.0,2043300.0,False,captando,cota-pautados,Domingos Martins,Domingos Martins,Domingos Martins,3201902,1,,,False,um_municipio,Domingos Martins,3201902.0,False,,https://secult.es.gov.br/lista-de-projetos-habilitados,8,21
108,2025,2025-TRTMG,2025,Festa do Imigrante Polonês de Águia Branca: Festival Polskich Imigrantów,festa do imigrante polones de aguia branca festival polskich imigrantow,Associação Polonesa de Águia Branca,associacao polonesa de aguia branca,500000.0,500000.0,500000.0,500000.0,False,em_execucao,cota-pautados,Águia Branca,Águia Branca,Águia Branca,3200136,1,,,False,um_municipio,Águia Branca,3200136.0,False,,https://secult.es.gov.br/lista-de-projetos-habilitados,8,22
109,2025,2025-2MXGB,2025,Boa Vista Carnaval Capixaba 2026,boa vista carnaval capixaba 2026,Grêmio Recreativo Cultural Esportivo Social Escola de Samba Independente de Boa Vista,gremio recreativo cultural esportivo social escola de samba independente de boa vista,492000.0,1800000.0,492000.0,1800000.0,False,em_execucao,cota-pautados,Cariacica,Cariacica,Cariacica,3201308,1,,,False,um_municipio,Cariacica,3201308.0,False,,https://secult.es.gov.br/lista-de-projetos-habilitados,8,23
110,2025,2025-DG4T8,2025,Festival Da Baleia 2025,festival da baleia 2025,Instituto O Canal,instituto o canal,499996.0,726000.0,499996.0,726000.0,False,captando,cota-demais,Vitória,Vitória,Vitória,3205309,1,,,False,um_municipio,Vitória,3205309.0,False,,https://secult.es.gov.br/lista-de-projetos-habilitados,8,24
111,2025,2025-J4R03,2025,Festival de Cinema de Vitória,festival de cinema de vitoria,INSTITUTO BRASIL DE CULTURA E ARTE – IBCA,instituto brasil de cultura e arte ibca,500000.0,2400000.0,500000.0,2400000.0,False,em_execucao,cota-fora-rmgv,Vitória,Vitória,Vitória,3205309,1,,,False,um_municipio,Vitória,3205309.0,False,,https://secult.es.gov.br/lista-de-projetos-habilitados,8,25
112,2025,2025-1VZQW,2025,13ª Semana Cultural Italiana de Jaguaré,13a semana cultural italiana de jaguare,AMITAJ - Associação Do Movimento Italiano De Jaguaré,amitaj associacao do movimento italiano de jaguare,275510.0,415510.0,275510.0,415510.0,False,em_execucao,cota-fora-rmgv,Jaguaré,Jaguaré,Jaguaré,3203056,1,,,False,um_municipio,Jaguaré,3203056.0,False,,https://secult.es.gov.br/lista-de-projetos-habilitados,8,26
113,2025,2025-L5ZGN,2025,Orquestra de violões e canto infanto- juvenil,orquestra de violoes e canto infanto juvenil,Associação do Menino Jesus - AME,associacao do menino jesus ame,299850.0,299850.0,299850.0,299850.0,False,em_execucao,cota-demais,,,,,0,,,True,ausente,,,False,,https://secult.es.gov.br/lista-de-projetos-habilitados,8,27
114,2025,2025-Z2F1D,2025,2ª Capacitação para fazedores de alegorias e adereços da Escola de Samba Unidos da Piedade,2a capacitacao para fazedores de alegorias e aderecos da escola de samba unidos da piedade,INSTITUTO RAÍZES,instituto raizes,499956.52,499956.52,499956.52,499956.52,False,em_execucao,cota-fora-rmgv,Vitória,Vitória,Vitória,3205309,1,,,False,um_municipio,Vitória,3205309.0,False,,https://secult.es.gov.br/lista-de-projetos-habilitados,8,28
115,2025,2025-FW5PL,2025,The Skeep: Gravação de Álbum,the skeep gravacao de album,Evandro Jhonny Amorim Teixeira Marvila,evandro jhonny amorim teixeira marvila,162000.0,162000.0,162000.0,162000.0,False,captando,cota-demais,,,,,0,,,True,ausente,,,False,,https://secult.es.gov.br/lista-de-projetos-habilitados,8,29
116,2025,2025-W3JHC,2025,FECSTA 9 - Festival de Cinema de Santa Teresa - ES,fecsta 9 festival de cinema de santa teresa es,Satírica Filmes Produções LTDA,satirica filmes producoes,500000.0,700000.0,500000.0,700000.0,False,em_execucao,cota-demais,,,,,0,,,True,ausente,,,False,,https://secult.es.gov.br/lista-de-projetos-habilitados,8,30
117,2025,2025-X1BSB,2025,Estúdio Escola de Animação 2026,estudio escola de animacao 2026,ATROM PRODUCOES E CONSULTORIA LTDA,atrom producoes e consultoria,499688.0,499688.0,499688.0,499688.0,False,em_execucao,cota-demais,Vitória,Vitória,Vitória,3205309,1,,,False,um_municipio,Vitória,3205309.0,False,,https://secult.es.gov.br/lista-de-projetos-habilitados,9,31
118,2025,2025-688GH,2025,Rosa dos Ventos,rosa dos ventos,Andaluz Produções Ltda,andaluz producoes,1000000.0,1000000.0,1000000.0,1000000.0,False,captando,cota-demais,,,,,0,,,True,ausente,,,False,,https://secult.es.gov.br/lista-de-projetos-habilitados,9,32
119,2025,2025-60Q4Z,2025,Samba no Centro,samba no centro,Monique da Rocha Alves,monique da rocha alves,63700.0,63700.0,63700.0,63700.0,False,captando,cota-demais,Vitória,Vitória,Vitória,3205309,1,,,False,um_municipio,Vitória,3205309.0,False,,https://secult.es.gov.br/lista-de-projetos-habilitados,9,33
120,2025,2025-BK3F3,2025,Moqueca Pop Festival - 4ª Edição,moqueca pop festival 4a edicao,"JUPTER - Entretenimento, Comunicação e Cultura",jupter entretenimento comunicacao e cultura,500000.0,500000.0,500000.0,500000.0,False,captando,cota-fora-rmgv,Cachoeiro de Itapemirim,Cachoeiro de Itapemirim,Cachoeiro de Itapemirim,3201209,1,,,False,um_municipio,Cachoeiro de Itapemirim,3201209.0,False,,https://secult.es.gov.br/lista-de-projetos-habilitados,9,34
121,2025,2025-HC308,2025,CAPOEIRA E CULTURA POPULAR,capoeira e cultura popular,LR PRODUCOES LTDA,lr producoes,495855.0,495855.0,495855.0,495855.0,False,em_execucao,cota-demais,Cariacica; Viana; Serra; Vila Velha; Vitória/ES.,Cariacica; Viana; Serra; Vila Velha; Vitória/ES.,Vila Velha; Cariacica; Vitória; Serra; Viana,3205200;3201308;3205309;3205002;3205101,5,,,False,varios_municipios,,,False,,https://secult.es.gov.br/lista-de-projetos-habilitados,9,35
122,2025,2025-7TBJS,2025,OOPA! OLHA O PASSARINHO (2ª TEMPORADA),oopa olha o passarinho 2a temporada,LADART PRODUCOES E CONSULTORIA LTDA,ladart producoes e consultoria,1000000.0,1000000.0,1000000.0,1000000.0,False,em_execucao,cota-demais,Vitória,Vitória,Vitória,3205309,1,,,False,um_municipio,Vitória,3205309.0,False,,https://secult.es.gov.br/lista-de-projetos-habilitados,9,36
123,2025,2025-5D2MW,2025,Remontagem do Armazém de Santa Marta/Ibitirama como Centro de Cultura e Memória do Caparaó – Armazém Multiverso -FASE II + Plano Anual de Atividades Culturais e Educativas,remontagem do armazem de santa marta ibitirama como centro de cultura e memoria do caparao armazem multiverso fase ii plano anual de atividades culturais e educativas,Associação Permacultural Jacutinga do Caparaó,associacao permacultural jacutinga do caparao,499997.21,499997.21,499997.21,499997.21,False,em_execucao,cota-fora-rmgv,Divino de São Lourenço,Divino de São Lourenço,Divino de São Lourenço,3201803,1,,,False,um_municipio,Divino de São Lourenço,3201803.0,False,,https://secult.es.gov.br/lista-de-projetos-habilitados,9,37
124,2025,2025-M0VHQ,2025,LIVRO AO ALCANCE DE TODOS,livro ao alcance de todos,MARINA JORDEM ALMANÇA POSSATTI - MEI,marina jordem almanca possatti,159524.86,159524.86,159524.86,159524.86,False,captando,cota-fora-rmgv,Muniz Freire Ibatiba Ibitirama Divino de São Lourenço Dores do Rio Preto São José do Calçado Bom Jesus do Norte,Muniz Freire Ibatiba Ibitirama Divino de São Lourenço Dores do Rio Preto São José do Calçado Bom Jesus do Norte,Divino de São Lourenço; São José do Calçado; Bom Jesus do Norte; Dores do Rio Preto; Muniz Freire; Ibitirama; Ibatiba,3201803;3204807;3201100;3202009;3203700;3202553;3202454,7,,,False,varios_municipios,,,False,,https://secult.es.gov.br/lista-de-projetos-habilitados,9,38
125,2025,2025-JLXSW,2025,ES Design,es design,BALAIO DESIGN ESTRATEGICO LTDA,balaio design estrategico,299254.0,299254.0,299254.0,299254.0,False,em_execucao,cota-demais,Jerônimo Monteiro. Vitória,Jerônimo Monteiro. Vitória,Jerônimo Monteiro; Vitória,3203106;3205309,2,,,False,varios_municipios,,,False,,https://secult.es.gov.br/lista-de-projetos-habilitados,9,39
126,2025,2025-XLB5J,2025,Festival de Música do Norte do Espírito Santo | FEMUNES,festival de musica do norte do espirito santo femunes,PORTO E STEIN PRODUÇÕES LTDA ME,porto e stein producoes,300000.0,300000.0,300000.0,300000.0,False,em_execucao,cota-demais,Nova Venecia,Nova Venecia,Nova Venécia,3203908,1,,,False,um_municipio,Nova Venécia,3203908.0,False,,https://secult.es.gov.br/lista-de-projetos-habilitados,9,40
127,2025,2025-S1RSD,2025,Festival do Sol,festival do sol,Cluster Comunicações e Marketing Ltda.,cluster comunicacao e marketing,499749.0,499749.0,499749.0,499749.0,False,captando,cota-demais,Vila Velha,Vila Velha,Vila Velha,3205200,1,,,False,um_municipio,Vila Velha,3205200.0,False,,https://secult.es.gov.br/lista-de-projetos-habilitados,9,41
128,2025,2025-Q68VW,2025,27º - 28º e 29º Festival de Inverno da Sanfona e da Viola de São Pedro do Itabapoana,27o 28o e 29o festival de inverno da sanfona e da viola de sao pedro do itabapoana,Associação dos Moradores da Comunidade de São Pedro do Itabapoana,associacao dos moradores da comunidade de sao pedro do itabapoana,500000.0,500000.0,500000.0,500000.0,False,em_execucao,cota-pautados,Mimoso do Sul,Mimoso do Sul,Mimoso do Sul,3203403,1,,,False,um_municipio,Mimoso do Sul,3203403.0,False,,https://secult.es.gov.br/lista-de-projetos-habilitados,9,42
129,2025,2025-11MBF,2025,Oficinas de Formação em Música Classica,oficinas de formacao em musica classica,Tonobooks Produções Ltda,tonobooks producoes,500000.0,500000.0,500000.0,500000.0,False,em_execucao,cota-fora-rmgv,Vitória,Vitória,Vitória,3205309,1,,,False,um_municipio,Vitória,3205309.0,False,,https://secult.es.gov.br/lista-de-projetos-habilitados,9,43
130,2025,2025-4V24B,2025,Turnê Repertório Grupo Taetral Caparaó,turne repertorio grupo taetral caparao,Grupo Teatral Caparaó,grupo teatral caparao,500000.0,500000.0,500000.0,500000.0,False,em_execucao,cota-fora-rmgv,,,,,0,,,True,ausente,,,False,,https://secult.es.gov.br/lista-de-projetos-habilitados,10,44
131,2025,2025-JG98D,2025,Média metragem: Diagnóstico Precoce do Câncer Infantil,media metragem diagnostico precoce do cancer infantil,Utopia Filmes Ltda,utopia filmes,100000.0,100000.0,100000.0,100000.0,False,captando,cota-demais,Vitória,Vitória,Vitória,3205309,1,,,False,um_municipio,Vitória,3205309.0,False,,https://secult.es.gov.br/lista-de-projetos-habilitados,10,45
132,2025,2025-8K72R,2025,3º Festival Nacional de Capoeira,3o festival nacional de capoeira,LR Produções,lr producoes,472978.27,472978.27,472978.27,472978.27,False,captando,cota-demais,Cariacica,Cariacica,Cariacica,3201308,1,,,False,um_municipio,Cariacica,3201308.0,False,,https://secult.es.gov.br/lista-de-projetos-habilitados,10,46
133,2025,2025-4ZDJQ,2025,Jazz Vitória Festival 2025,jazz vitoria festival 2025,Rota Service Ltda EPP,rota service,500000.0,786872.43,500000.0,786872.43,False,em_execucao,cota-demais,Vitória,Vitória,Vitória,3205309,1,,,False,um_municipio,Vitória,3205309.0,False,,https://secult.es.gov.br/lista-de-projetos-habilitados,10,47
134,2025,2025-C788C,2025,"Maria, essa fé que me leva",maria essa fe que me leva,Andaluz Produções Ltda ME,andaluz producoes,500000.0,650000.0,500000.0,650000.0,False,em_execucao,cota-demais,Vitória,Vitória,Vitória,3205309,1,,,False,um_municipio,Vitória,3205309.0,False,,https://secult.es.gov.br/lista-de-projetos-habilitados,10,48
135,2025,2025-3N7CD,2025,26ª Pomitafro,26a pomitafro,Centro de Cultura Italiana de Vila Pavão - CECIVIP,centro de cultura italiana de vila pavao cecivip,499913.88,829913.88,499913.88,829913.88,False,em_execucao,cota-pautados,Vila Pavão,Vila Pavão,Vila Pavão,3205150,1,,,False,um_municipio,Vila Pavão,3205150.0,False,,https://secult.es.gov.br/lista-de-projetos-habilitados,10,49
136,2025,2025-RC8N2,2025,13ª Italia Unita - Festa da Imigração Italiana de Aracruz - Municipio de Guaraná,13a italia unita festa da imigracao italiana de aracruz municipio de guarana,Secretariado dos Imigrantes Friulanos de Aracruz - ES,secretariado dos imigrantes friulanos de aracruz es,426123.0,555123.0,426123.0,555123.0,False,em_execucao,cota-pautados,Aracruz,Aracruz,Aracruz,3200607,1,,,False,um_municipio,Aracruz,3200607.0,False,,https://secult.es.gov.br/lista-de-projetos-habilitados,10,50
137,2025,2025-SB2J8,2025,Cinematoka - Mostra de Cinema Indígena e Vivência Etnico-Cultural,cinematoka mostra de cinema indigena e vivencia etnico cultural,karoline Delfino Felicio,karoline delfino felicio,499195.0,499195.0,499195.0,499195.0,False,em_execucao,cota-fora-rmgv,,,,,0,,,True,ausente,,,False,,https://secult.es.gov.br/lista-de-projetos-habilitados,10,51
138,2025,2025-FW54R,2025,A Feira da Letra - Flinc,a feira da letra flinc,Letra Preta Produções Ltda,letra preta producoes,300000.0,1545008.78,300000.0,1545008.78,False,captacao_expirada,cota-demais,Vitória,Vitória,Vitória,3205309,1,,,False,um_municipio,Vitória,3205309.0,False,,https://secult.es.gov.br/lista-de-projetos-habilitados,10,52
139,2025,2025-MJQ06,2025,Lab da Quebrada - Formando Futuros - Plataforma de Cursos Profissionalizantes,lab da quebrada formando futuros plataforma de cursos profissionalizantes,Tonobooks Produções Ltda,tonobooks producoes,498300.0,1494900.0,498300.0,1494900.0,False,captacao_expirada,cota-continuados,Vitória,Vitória,Vitória,3205309,1,,,False,um_municipio,Vitória,3205309.0,False,,https://secult.es.gov.br/lista-de-projetos-habilitados,10,53
140,2025,2025-DV11N,2025,Roda de Boteco 2025 - Edição 2025,roda de boteco 2025 edicao 2025,Conexxo Serviços e Gestão de Eventos LTDA,conexxo servicos e gestao de eventos,500000.0,696130.0,500000.0,696130.0,False,concluido,cota-pautados,,,,,0,,,True,ausente,,,False,,https://secult.es.gov.br/lista-de-projetos-habilitados,10,54
141,2025,2025-C1KRL,2025,Festival Internacional de Jazz e Bossa Nova de Santa Teresa - Santa Jazz 2025 12ª edição,festival internacional de jazz e bossa nova de santa teresa santa jazz 2025 12a edicao,Rota Service Ltda Epp,rota service,500000.0,880000.0,500000.0,880000.0,False,concluido,cota-pautados,Santa Teresa,Santa Teresa,Santa Teresa,3204609,1,,,False,um_municipio,Santa Teresa,3204609.0,False,,https://secult.es.gov.br/lista-de-projetos-habilitados,10,55
142,2025,2025-XHP83,2025,Festival de Música Erudita do Espírito Santo,festival de musica erudita do espirito santo,Companhia de Ópera do Espírito Santo,companhia de opera do espirito santo,500000.0,1500000.0,500000.0,1500000.0,False,em_execucao,cota-pautados,Vitória,Vitória,Vitória,3205309,1,,,False,um_municipio,Vitória,3205309.0,False,,https://secult.es.gov.br/lista-de-projetos-habilitados,10,56
143,2025,2025-QW9S1,2025,47ª Festa da Polenta,47a festa da polenta,Associação Festa da Polenta - AFEPOL,associacao festa da polenta afepol,500000.0,2300000.0,500000.0,2300000.0,False,concluido,cota-pautados,Venda Nova do Imigrante,Venda Nova do Imigrante,Venda Nova do Imigrante,3205069,1,,,False,um_municipio,Venda Nova do Imigrante,3205069.0,False,,https://secult.es.gov.br/lista-de-projetos-habilitados,10,57
144,2025,2025-49GXP,2025,"3º Festival PCD: pinta, Canta e Dança",3o festival pcd pinta canta e danca,Movimento Cidade Projetos Criativos,movimento cidade projetos criativos,500000.0,500000.0,500000.0,500000.0,False,em_execucao,cota-demais,,,,,0,,,True,ausente,,,False,,https://secult.es.gov.br/lista-de-projetos-habilitados,10,58
145,2025,2024-TS5HB,2024,Projeto nós que Transformamos: Marcenaria e Cultura,projeto nos que transformamos marcenaria e cultura,Associação Amigos da Justiça Cidadania,associacao amigos da justica cidadania educacao e arte,499996.8,499996.8,499996.8,499996.8,False,em_execucao,cota-fora-rmgv,Ibiraçu,Ibiraçu,Ibiraçu,3202504,1,,,False,um_municipio,Ibiraçu,3202504.0,False,,https://secult.es.gov.br/lista-de-projetos-habilitados,10,59
146,2025,2024-83FMM,2024,"Programa Cultural Balé da Ilha, ""Nas cores da ilha""",programa cultural bale da ilha nas cores da ilha,Miranda & Cerutti Eventos Culturais Ltda,miranda cerutti eventos culturais,499664.0,499664.0,499664.0,499664.0,False,captacao_expirada,cota-demais,Vitória,Vitória,Vitória,3205309,1,,,False,um_municipio,Vitória,3205309.0,False,,https://secult.es.gov.br/lista-de-projetos-habilitados,11,60
147,2025,2025-SPKTB,2025,Orquestra da Quebrada - Temporada Capixaba,orquestra da quebrada temporada capixaba,Tonobooks Produções Ltda,tonobooks producoes,500000.0,500000.0,500000.0,500000.0,False,em_execucao,cota-demais,Vitória,Vitória,Vitória,3205309,1,,,False,um_municipio,Vitória,3205309.0,False,,https://secult.es.gov.br/lista-de-projetos-habilitados,11,61
148,2025,2025-VNDD9,2025,Comunita Fest 2025 - Encontro das Diversidades,comunita fest 2025 encontro das diversidades,Associação Federativa Comunita Italiana do Espirito Santo,associacao federativa comunita italiana do espirito santo,495261.11,1343872.22,495261.11,1343872.22,False,em_execucao,cota-demais,,,,,0,,,True,ausente,,,False,,https://secult.es.gov.br/lista-de-projetos-habilitados,11,62
149,2025,2025-6TW8N,2025,Cappitella - Festa do Cappelletti e da Tagliatella 2025,cappitella festa do cappelletti e da tagliatella 2025,Associação Festa da Cappitella - Afecapi,associacao festa da cappitella afecapi,500000.0,500000.0,500000.0,500000.0,False,em_execucao,cota-fora-rmgv,Nova Venécia,Nova Venécia,Nova Venécia,3203908,1,,,False,um_municipio,Nova Venécia,3203908.0,False,,https://secult.es.gov.br/lista-de-projetos-habilitados,11,63
150,2025,2025-RD193,2025,2º Festival da Cultura Italiana - La Storia Continua - Affetti e Sapori,2o festival da cultura italiana la storia continua affetti e sapori,Associação Federativa Comunità Italiana do Espirito Santo,associacao federativa comunita italiana do espirito santo,495183.33,495183.33,495183.33,495183.33,False,captando,cota-demais,Vitória,Vitória,Vitória,3205309,1,,,False,um_municipio,Vitória,3205309.0,False,,https://secult.es.gov.br/lista-de-projetos-habilitados,11,64
151,2025,2024-PZ6LZ,2024,26º Natal Luz no Sitio Histórico de Muqui,26o natal luz no sitio historico de muqui,Associação Comercial e Empresarial de Muqui - ACE MUQUI,associacao comercial e empresarial de muqui ace muqui,496060.0,496060.0,496060.0,496060.0,False,em_execucao,cota-pautados,Muqui,Muqui,Muqui,3203809,1,,,False,um_municipio,Muqui,3203809.0,False,,https://secult.es.gov.br/lista-de-projetos-habilitados,11,65
152,2025,2024-7NZLF,2024,Caminho Jesuíta,caminho jesuita,Andaluz Produções LTDA,andaluz producoes,459163.19,459163.19,459163.19,459163.19,False,captando,cota-demais,,,,,0,,,True,ausente,,,False,,https://secult.es.gov.br/lista-de-projetos-habilitados,11,66
153,2025,2025-SXX99,2025,97ª Festa de São Pedro - Edição 2025,97a festa de sao pedro edicao 2025,Colônia de Pescadores e Aquicultores Z-5 Maria Ortiz,colonia de pescadores e aquicultores z 5 maria ortiz,500000.0,500000.0,500000.0,500000.0,False,concluido,cota-pautados,Vitória,Vitória,Vitória,3205309,1,,,False,um_municipio,Vitória,3205309.0,False,,https://secult.es.gov.br/lista-de-projetos-habilitados,11,67
154,2025,2024-74QM3,2024,VII Festival Internacional de Violão do Espirito Santo(FIVES) e VII Concurso de Violão Mauricio de Oliveira 100 Anos,vii festival internacional de violao do espirito santo fives e vii concurso de violao mauricio de oliveira 100 anos,Acordes Centro de Música e Artes Ltda,acordes centro de musica e artes,497457.6,497457.6,497457.6,497457.6,False,em_execucao,cota-demais,,,,,0,,,True,ausente,,,False,,https://secult.es.gov.br/lista-de-projetos-habilitados,11,68
155,2025,2025-3XG6Z,2025,"Festival ""Movimento Cidade"" 2026-2028 (8ª, 9ª e 10ª Edições)",festival movimento cidade 2026 2028 8a 9a e 10a edicoes,Movimento Cidade Projetos Criativos,movimento cidade projetos criativos,500000.0,1500000.0,500000.0,1500000.0,False,em_execucao,cota-demais,Vitória,Vitória,Vitória,3205309,1,,,False,um_municipio,Vitória,3205309.0,False,,https://secult.es.gov.br/lista-de-projetos-habilitados,11,69
156,2025,2024-9S205,2024,Festival BigStep,festival bigstep,GZZ Art Entretenimento Ltda,gzz art entretenimento,500000.0,500000.0,500000.0,500000.0,False,em_execucao,cota-demais,Vila Velha,Vila Velha,Vila Velha,3205200,1,,,False,um_municipio,Vila Velha,3205200.0,False,,https://secult.es.gov.br/lista-de-projetos-habilitados,11,70
157,2025,2025-BJXHC,2025,Núcleo de Formação de Sanfona e Viola de São Pedro do Itabapoana,nucleo de formacao de sanfona e viola de sao pedro do itabapoana,Associação dos Moradores da Comunidade de São Pedro do Itabapoana,associacao dos moradores da comunidade de sao pedro do itabapoana,388322.4,388322.4,388322.4,388322.4,False,concluido,cota-continuados,MImoso do Sul,MImoso do Sul,Mimoso do Sul,3203403,1,,,False,um_municipio,Mimoso do Sul,3203403.0,False,,https://secult.es.gov.br/lista-de-projetos-habilitados,11,71
158,2025,2024-454L8,2024,Ato Final em Debate,ato final em debate,Andaluz Produções LTDA,andaluz producoes,355635.4,355635.4,355635.4,355635.4,False,captando,cota-demais,,,,,0,,,True,ausente,,,False,,https://secult.es.gov.br/lista-de-projetos-habilitados,11,72
159,2025,2024-8TB7C,2024,Raiar da Liberdade,raiar da liberdade,Associação de Salvaguarda do Patrimônio Imaterial Cachoeirense,associacao de salvaguarda do patrimonio imaterial cachoeirense,500000.0,500000.0,500000.0,500000.0,False,em_execucao,cota-pautados,Cachoeiro de Itapemirim,Cachoeiro de Itapemirim,Cachoeiro de Itapemirim,3201209,1,,,False,um_municipio,Cachoeiro de Itapemirim,3201209.0,False,,https://secult.es.gov.br/lista-de-projetos-habilitados,11,73
160,2025,2024-840C1,2024,"Escola de Fotógrafos Cegos, A Exposição: 4 Cidades - 2ª Edição",escola de fotografos cegos a exposicao 4 cidades 2a edicao,Associação Sociedade Cultura e Arte SOCA,associacao sociedade cultura e arte soca,496800.0,496800.0,496800.0,496800.0,False,em_execucao,cota-demais,,,,,0,,,True,ausente,,,False,,https://secult.es.gov.br/lista-de-projetos-habilitados,11,74
161,2025,2024-HZSBS,2024,Carnaval Folclórico do Boi Pintadinho de Muqui/ES - 2025,carnaval folclorico do boi pintadinho de muqui es 2025,ASSOCIACAO COMERCIAL E EMPRESARIAL DE MUQUI - ACE MUQUI,associacao comercial e empresarial de muqui ace muqui,500000.0,500000.0,500000.0,500000.0,False,concluido,cota-pautados,Muqui,Muqui,Muqui,3203809,1,,,False,um_municipio,Muqui,3203809.0,False,,https://secult.es.gov.br/lista-de-projetos-habilitados,11,75
162,2024,2024-7862T,2024,Música E Artes Na Capital Vitória ES,musica e artes na capital vitoria es,ASSOCIAÇÃO ALEF BET,associacao alef bet,500000.0,1500000.0,500000.0,1500000.0,False,em_execucao,cota-continuados,Vitória,Vitória,Vitória,3205309,1,,,False,um_municipio,Vitória,3205309.0,False,,https://secult.es.gov.br/lista-de-projetos-habilitados,11,2
163,2024,2024-L44FD,2024,Laboratório dos Sonhos,laboratorio dos sonhos,Associação Aprender Cultura,associacao aprender cultura,500000.0,491301.52,500000.0,491301.52,False,concluido,cota-demais,Cariacica,Cariacica,Cariacica,3201308,1,,,False,um_municipio,Cariacica,3201308.0,False,,https://secult.es.gov.br/lista-de-projetos-habilitados,12,3
164,2024,2024-LMF2Z,2024,Projeto Escolas no Teatro Eliziário Rangel (PETER) | 2º edição,projeto escolas no teatro eliziario rangel peter 2o edicao,Associação Centro Cultural Eliziário Rangel,associacao centro cultural eliziario rangel,500000.0,500000.0,500000.0,500000.0,False,captando,cota-demais,Serra,Serra,Serra,3205002,1,,,False,um_municipio,Serra,3205002.0,False,,https://secult.es.gov.br/lista-de-projetos-habilitados,12,4
165,2024,2024-HT8QP,2024,Orquestra Brasileira de Cantores Cegos - 3º Repertório,orquestra brasileira de cantores cegos 3o repertorio,Associação Sociedade Cultura e Arte SOCA,associacao sociedade cultura e arte soca,500000.0,500000.0,500000.0,500000.0,False,concluido,cota-demais,Vila Velha,Vila Velha,Vila Velha,3205200,1,,,False,um_municipio,Vila Velha,3205200.0,False,,https://secult.es.gov.br/lista-de-projetos-habilitados,12,5
166,2024,2024-D8SGC,2024,4A Mostra CineMarias,4a mostra cinemarias,Odoyá Arte e Cultura Produções LTDA,odoya arte e cultura producoes,500000.0,500000.0,500000.0,500000.0,False,concluido,cota-demais,Vitória,Vitória,Vitória,3205309,1,,,False,um_municipio,Vitória,3205309.0,False,,https://secult.es.gov.br/lista-de-projetos-habilitados,12,6
167,2024,2024-1V0QR,2024,Mais Cultura Nas Escolas,mais cultura nas escolas,"ES Práticas Corporais, Culturais, Esportivas e de Saúde LTDA",es praticas corporais culturais esportivas e de saude,499896.0,,499896.0,,False,concluido,cota-continuados,Cariacica,Cariacica,Cariacica,3201308,1,,,False,um_municipio,Cariacica,3201308.0,False,,https://secult.es.gov.br/lista-de-projetos-habilitados,12,7
168,2024,2024-XDJHX,2024,Samba que Eu Quero Ver - Mostra Cultural de Bamba,samba que eu quero ver mostra cultural de bamba,Odoyá Arte e Cultura Produções LTDA,odoya arte e cultura producoes,,500000.0,500.0,500000.0,True,em_execucao,cota-demais,Vitória,Vitória,Vitória,3205309,1,,,False,um_municipio,Vitória,3205309.0,False,,https://secult.es.gov.br/lista-de-projetos-habilitados,12,8
169,2024,2024-VM90J,2024,Musicalização Agrícola,musicalizacao agricola,Instituto Três Pontões de Ação Social e Cultural,instituto tres pontoes de acao social e cultural,,1499970.0,500.0,1499970.0,True,concluido,cota-fora-rmgv,Afonso Cláudio,Afonso Cláudio,Afonso Cláudio,3200102,1,,,False,um_municipio,Afonso Cláudio,3200102.0,False,,https://secult.es.gov.br/lista-de-projetos-habilitados,12,9
170,2024,2024-B7ZFZ,2024,Corais das Montanhas,corais das montanhas,Instituto Três Pontões De Ação Social E Cultural - Instituto Cultural Das Montanhas,instituto tres pontoes de acao social e cultural,,1499999.0,500.0,1499999.0,True,concluido,cota-continuados,Afonso Cláudio,Afonso Cláudio,Afonso Cláudio,3200102,1,,,False,um_municipio,Afonso Cláudio,3200102.0,False,,https://secult.es.gov.br/lista-de-projetos-habilitados,12,10
171,2024,2024-WCJ53,2024,"Projeto Mãos Criativas - Artesanato, Sustentabilidade e Cultura",projeto maos criativas artesanato sustentabilidade e cultura,"Associação Amigos Da Justiça Cidadania, Educação E Arte",associacao amigos da justica cidadania educacao e arte,499999.0,499999.0,499999.0,499999.0,False,em_execucao,cota-fora-rmgv,Ibiraçu,Ibiraçu,Ibiraçu,3202504,1,,,False,um_municipio,Ibiraçu,3202504.0,False,,https://secult.es.gov.br/lista-de-projetos-habilitados,12,11
172,2024,2023-7F9L1,2023,Porque é lixo?,porque e lixo,Senhora Filmes LTDA,senhora filmes,494600.0,494600.0,494600.0,494600.0,False,captando,cota-demais,Vitória,Vitória,Vitória,3205309,1,,,False,um_municipio,Vitória,3205309.0,False,,https://secult.es.gov.br/lista-de-projetos-habilitados,12,12
173,2024,2023-M66CV,2023,"BATALHA DO N9V: CULTURA, ARTE E LAZER NA FAVELA",batalha do n9v cultura arte e lazer na favela,INSTITUTO SALOMAO VIX,instituto salomao vix,420000.0,420000.0,420000.0,420000.0,False,captando,cota-demais,Vitória,Vitória,Vitória,3205309,1,,,False,um_municipio,Vitória,3205309.0,False,,https://secult.es.gov.br/lista-de-projetos-habilitados,12,13
174,2024,2023-Z8S67,2023,Feira de Empreendedorismo LGBTQIA+ do Espirito Santo,feira de empreendedorismo lgbtqia do espirito santo,ASSOCIACAO GRUPO ORGULHO LIBERDADE E DIGNIDADE-GOLD,associacao grupo orgulho liberdade e dignidade gold,229095.0,229095.0,229095.0,229095.0,False,captacao_expirada,cota-demais,Vitória,Vitória,Vitória,3205309,1,,,False,um_municipio,Vitória,3205309.0,False,,https://secult.es.gov.br/lista-de-projetos-habilitados,12,14
175,2024,2024-L3MTX,2024,ANIMA - 1º ENCONTRO DE CINEMA DE ANIMAÇÃO,anima 1o encontro de cinema de animacao,R V VAGMAKER PRODUTORA,rv vagmaker produtora,311986.16,311986.16,311986.16,311986.16,False,captando,cota-demais,,,,,0,,,True,ausente,,,False,,https://secult.es.gov.br/lista-de-projetos-habilitados,12,15
176,2024,2024-VWLGS,2024,Música no Parque,musica no parque,Julia Cabral Abreu Sodré,julia cabral abreu sodre,499984.34,486600.99,499984.34,486600.99,False,captando,cota-demais,Vitória,Vitória,Vitória,3205309,1,,,False,um_municipio,Vitória,3205309.0,False,,https://secult.es.gov.br/lista-de-projetos-habilitados,12,16
177,2024,2024-5GVJJ,2024,2º ventania.lab - Laboratório Audiovisual,2o ventania lab laboratorio audiovisual,Ventania Produções Audiovisuais Ltda,ventania producoes audiovisuais,367559.5,367559.5,367559.5,367559.5,False,captando,cota-demais,,,,,0,,,True,ausente,,,False,,https://secult.es.gov.br/lista-de-projetos-habilitados,12,17
178,2024,2023-0HB19,2023,Natal da Paz e do Bem,natal da paz e do bem,Liebermann Projetos Criativos LTDA,liebermann projetos criativos,227050.0,221650.0,227050.0,221650.0,False,em_execucao,cota-demais,Vila Velha,Vila Velha,Vila Velha,3205200,1,,,False,um_municipio,Vila Velha,3205200.0,False,,https://secult.es.gov.br/lista-de-projetos-habilitados,12,18
179,2024,2023-R7GC8,2023,Festival raizes do Samba,festival raizes do samba,Instituto Raízes,instituto raizes,499999.84,499999.84,499999.84,499999.84,False,concluido,cota-demais,Vitória,Vitória,Vitória,3205309,1,,,False,um_municipio,Vitória,3205309.0,False,,https://secult.es.gov.br/lista-de-projetos-habilitados,12,19
180,2024,2024-X6HWG,2024,2ª Festa da Palavra,2a festa da palavra,Instituto Manguere,instituto manguere,483000.0,,483000.0,500.0,True,concluido,cota-demais,Itaúnas,Itaúnas,Conceição da Barra,3201605,1,,,False,um_municipio,Conceição da Barra,3201605.0,False,,https://secult.es.gov.br/lista-de-projetos-habilitados,12,20
181,2024,2023-CS62C,2023,Circuito Cultural Jardim Camburi,circuito cultural jardim camburi,Associação Comunitária De Jardim Camburi,associacao comunitaria de jardim camburi,336570.48,336570.48,336570.48,336570.48,False,captando,cota-demais,Vitória,Vitória,Vitória,3205309,1,,,False,um_municipio,Vitória,3205309.0,False,,https://secult.es.gov.br/lista-de-projetos-habilitados,12,21
182,2024,2024-0QFT9,2024,"""Teatro vai à escola - De onde vem o dinheiro?""",teatro vai a escola de onde vem o dinheiro,WB PRODUCOES ARTISTICAS E CULTURAIS LTDA,wb producoes artisticas e culturais,397364.0,397364.0,397364.0,397364.0,False,em_execucao,cota-demais,Serra; Vitória,Serra; Vitória,Vitória; Serra,3205309;3205002,2,,,False,varios_municipios,,,False,,https://secult.es.gov.br/lista-de-projetos-habilitados,12,22
183,2024,2023-P78XD,2023,“CAFÉ PURO PODCAST”,cafe puro podcast,1440. PRESS EDITORA E CONTEÚDO LTDA,1440 press editora e conteudo,243028.5,243028.5,243028.5,243028.5,False,captacao_expirada,cota-demais,Vitória,Vitória,Vitória,3205309,1,,,False,um_municipio,Vitória,3205309.0,False,,https://secult.es.gov.br/lista-de-projetos-habilitados,13,23
184,2024,2024-0GZ3G,2024,2º FESTIVAL NACIONAL DE CAPOEIRA,2o festival nacional de capoeira,LR PRODUÇÕES,lr producoes,281690.0,281690.0,281690.0,281690.0,False,concluido,cota-demais,Cariacica,Cariacica,Cariacica,3201308,1,,,False,um_municipio,Cariacica,3201308.0,False,,https://secult.es.gov.br/lista-de-projetos-habilitados,13,24
185,2024,2023-V29BR,2023,Amor e Movimento,amor e movimento,Monique Cruz Studio de Dança Ltda,monique cruz studio de danca,321160.02,321160.02,321160.02,321160.02,False,captando,cota-fora-rmgv,São Mateus,São Mateus,São Mateus,3204906,1,,,False,um_municipio,São Mateus,3204906.0,False,,https://secult.es.gov.br/lista-de-projetos-habilitados,13,25
186,2024,2023-6NSLP,2023,Café & Cultura: Núcleo de Desenvolvimento de Roteiros,cafe cultura nucleo de desenvolvimento de roteiros,Jargo Ltda,jargo,236274.15,236274.15,236274.15,236274.15,False,captacao_expirada,cota-demais,Dores do Rio Preto; Iúna,Dores do Rio Preto; Iúna,Dores do Rio Preto; Iúna,3202009;3203007,2,,,False,varios_municipios,,,False,,https://secult.es.gov.br/lista-de-projetos-habilitados,13,26
187,2024,2023-TQ8C9,2023,Ecos Culturais do Convento,ecos culturais do convento,Instituto Brasileiro de Apoio ao Desenvolvimento Social e Econômico,instituto brasileiro de apoio ao desenvolvimento social e economico,480000.0,480000.0,480000.0,480000.0,False,em_execucao,cota-demais,Vila Velha,Vila Velha,Vila Velha,3205200,1,,,False,um_municipio,Vila Velha,3205200.0,False,,https://secult.es.gov.br/lista-de-projetos-habilitados,13,27
188,2024,2023-4PQBF,2023,“Legado Irreprimível: As páginas de resistência da obra de Perly Cipriano”,legado irreprimivel as paginas de resistencia da obra de perly cipriano,1440.Press Editora e Conteudo Ltda,1440 press editora e conteudo,267158.49,267158.49,267158.49,267158.49,False,captacao_expirada,cota-demais,Vitória; Barra de São Francisco,Vitória; Barra de São Francisco,Barra de São Francisco; Vitória,3200904;3205309,2,,,False,varios_municipios,,,False,,https://secult.es.gov.br/lista-de-projetos-habilitados,13,28
189,2024,2023-T72M5,2023,“Jardins do Afeto e da Memória”,jardins do afeto e da memoria,Associação Cultural Circense e Ambiental Uma Floresta,associacao cultural circense e ambiental uma floresta,482000.0,482000.0,482000.0,482000.0,False,em_execucao,cota-demais,Vitória,Vitória,Vitória,3205309,1,,,False,um_municipio,Vitória,3205309.0,False,,https://secult.es.gov.br/lista-de-projetos-habilitados,13,29
190,2024,2023-6HNH7,2023,"""A Escola vai ao Teatro""",a escola vai ao teatro,Ser Oficina de Teatro Ltda/Me,ser oficina de teatro,136375.69,136375.69,136375.69,136375.69,False,concluido,cota-demais,Vitória,Vitória,Vitória,3205309,1,,,False,um_municipio,Vitória,3205309.0,False,,https://secult.es.gov.br/lista-de-projetos-habilitados,13,30
191,2024,2023-5V13M,2023,Cidades 20-30,cidades 20 30,Instituto Capixaba De Ciências E Administração,instituto capixaba de ciencias e administracao,493550.0,493550.0,493550.0,493550.0,False,concluido,cota-demais,Vila Velha,Vila Velha,Vila Velha,3205200,1,,,False,um_municipio,Vila Velha,3205200.0,False,,https://secult.es.gov.br/lista-de-projetos-habilitados,13,31
192,2024,2024-518VD,2024,Morte de um Caixeiro Viajante,morte de um caixeiro viajante,WB Producoes Artisticas e Culturais Ltda,wb producoes artisticas e culturais,494000.0,918700.0,494000.0,918700.0,False,em_execucao,cota-demais,Vitória,Vitória,Vitória,3205309,1,,,False,um_municipio,Vitória,3205309.0,False,,https://secult.es.gov.br/lista-de-projetos-habilitados,13,32
193,2024,2024-9VDTT,2024,Festa da Pecuária,festa da pecuaria,Brasil Ticket Ltda,brasil ticket,489300.0,489300.0,489300.0,489300.0,False,captacao_expirada,cota-demais,Baixo Guandu,Baixo Guandu,Baixo Guandu,3200805,1,,,False,um_municipio,Baixo Guandu,3200805.0,False,,https://secult.es.gov.br/lista-de-projetos-habilitados,13,33
194,2024,2024-GG084,2024,O Quebra Nozes Capixaba Itinerante,o quebra nozes capixaba itinerante,Centro De Entretenimento Liviane Pimenta LTDA,centro de entretenimento liviane pimenta,380000.0,380000.0,380000.0,380000.0,False,captando,cota-demais,Aracruz; Cachoeiro de Itapemirim; Linhares,Aracruz; Cachoeiro de Itapemirim; Linhares,Cachoeiro de Itapemirim; Linhares; Aracruz,3201209;3203205;3200607,3,,,False,varios_municipios,,,False,,https://secult.es.gov.br/lista-de-projetos-habilitados,13,34
195,2024,2023-LZSX4,2023,"Banda Musical São Sebastião, 73 anos de história",banda musical sao sebastiao 73 anos de historia,32.178.631 Fernanda de Oliveira Busato,fernanda de oliveira busato,162000.0,162000.0,162000.0,162000.0,False,captacao_expirada,cota-demais,Afonso Cláudio,Afonso Cláudio,Afonso Cláudio,3200102,1,,,False,um_municipio,Afonso Cláudio,3200102.0,False,,https://secult.es.gov.br/lista-de-projetos-habilitados,13,35
196,2024,2023-J53ZF,2023,“Orquestra Acadêmica do Ifes”,orquestra academica do ifes,32.178.631 Fernanda de Oliveira Busato,fernanda de oliveira busato,162000.0,162000.0,162000.0,162000.0,False,captacao_expirada,cota-demais,Vitória,Vitória,Vitória,3205309,1,,,False,um_municipio,Vitória,3205309.0,False,,https://secult.es.gov.br/lista-de-projetos-habilitados,13,36
197,2024,2024-ZDJJM,2024,Gera.Ação - Oficinas Intergeracionais,gera acao oficinas intergeracionais,Bossa Comunicação e Cultura Eireli,bossa comunicacao e cultura,280750.0,280750.0,280750.0,280750.0,False,captacao_expirada,cota-demais,Colatina,Colatina,Colatina,3201506,1,,,False,um_municipio,Colatina,3201506.0,False,,https://secult.es.gov.br/lista-de-projetos-habilitados,13,37
198,2024,2023-PCDF2,2023,"Projeto Raízes da Aldeia: Cultura, Artesanato e Resgate",projeto raizes da aldeia cultura artesanato e resgate,"Associação Amigos da Justiça, Cidadania, Educação e Arte",associacao amigos da justica cidadania educacao e arte,499949.47,499949.47,499949.47,499949.47,False,em_execucao,cota-fora-rmgv,Aracruz,Aracruz,Aracruz,3200607,1,,,False,um_municipio,Aracruz,3200607.0,False,,https://secult.es.gov.br/lista-de-projetos-habilitados,13,38
199,2024,2023-DSMSP,2023,2º Festival Semente Literária,2o festival semente literaria,MB Produção Cultural,mb producao cultural,83320.52,84750.52,83320.52,84750.52,False,captando,cota-demais,Cariacica,Cariacica,Cariacica,3201308,1,,,False,um_municipio,Cariacica,3201308.0,False,,https://secult.es.gov.br/lista-de-projetos-habilitados,13,39
200,2024,2023-0NZB3,2023,'Encontro da Chefs 2024'',encontro da chefs 2024,Conexxo Serviços e Gestão de Eventos LTDA,conexxo servicos e gestao de eventos,489200.0,605500.0,489200.0,605500.0,False,concluido,cota-demais,Vila Velha,Vila Velha,Vila Velha,3205200,1,,,False,um_municipio,Vila Velha,3205200.0,False,,https://secult.es.gov.br/lista-de-projetos-habilitados,13,40
201,2024,2023-Z1JBG,2023,IX Encontro Brasileiro de Trompistas no Espírito Santo,ix encontro brasileiro de trompistas no espirito santo,Júlia Sodré - Gestão de Projetos Musicais,julia sodre gestao de projetos musicais,362966.26,362966.26,362966.26,362966.26,False,captacao_expirada,cota-demais,Vitória,Vitória,Vitória,3205309,1,,,False,um_municipio,Vitória,3205309.0,False,,https://secult.es.gov.br/lista-de-projetos-habilitados,13,41
202,2024,2024-SFCLQ,2024,Projeto Stoked,projeto stoked,Base Company Ltda,base company,396616.0,396616.0,396616.0,396616.0,False,captacao_expirada,cota-demais,Vila Velha,Vila Velha,Vila Velha,3205200,1,,,False,um_municipio,Vila Velha,3205200.0,False,,https://secult.es.gov.br/lista-de-projetos-habilitados,14,42
203,2024,2024-Q2470,2024,Diversão e Arte,diversao e arte,WB Producoes Artisticas E Culturais Ltda;,wb producoes artisticas e culturais,499756.6,499756.0,499756.6,499756.0,False,captacao_expirada,cota-demais,Vitória,Vitória,Vitória,3205309,1,,,False,um_municipio,Vitória,3205309.0,False,,https://secult.es.gov.br/lista-de-projetos-habilitados,14,43
204,2024,2024-PM31K,2024,Crias.Lab 2024,crias lab 2024,Puri Produções E Eventos Ltda,puri producoes e eventos,500000.0,500000.0,500000.0,500000.0,False,concluido,cota-demais,Cariacica; Serra; Vitória; Vila Velha,Cariacica; Serra; Vitória; Vila Velha,Vila Velha; Cariacica; Vitória; Serra,3205200;3201308;3205309;3205002,4,,,False,varios_municipios,,,False,,https://secult.es.gov.br/lista-de-projetos-habilitados,14,44
205,2024,2023-KZHXT,2023,Onda Sonora,onda sonora,Wpar & Associados Ltda,wpar associados,285089.39,285089.39,285089.39,285089.39,False,captacao_expirada,cota-demais,Vitória,Vitória,Vitória,3205309,1,,,False,um_municipio,Vitória,3205309.0,False,,https://secult.es.gov.br/lista-de-projetos-habilitados,14,45
206,2024,2024-LNTS6,2024,207ª Festa Do Divino Espírito Santo De Viana-ES,207a festa do divino espirito santo de viana es,Leonardo Caetano Eireli ME,leonardo caetano,358109.86,358109.86,358109.86,358109.86,False,concluido,cota-demais,Viana,Viana,Viana,3205101,1,,,False,um_municipio,Viana,3205101.0,False,,https://secult.es.gov.br/lista-de-projetos-habilitados,14,46
207,2024,2023-9RT9Q,2023,10º Festival Nacional de Cinema Ambiental do Espírito Santo - CINE.EMA,10o festival nacional de cinema ambiental do espirito santo cine ema,Caju Produções LTDA ME,caju producoes,500000.0,1499535.55,500000.0,1499535.55,False,em_execucao,cota-pautados,Aracruz; Vila Veha; Cachoeiro de Itapemirim,Aracruz; Vila Veha; Cachoeiro de Itapemirim,Cachoeiro de Itapemirim; Vila Velha; Aracruz,3201209;3205200;3200607,3,,,False,varios_municipios,,,False,,https://secult.es.gov.br/lista-de-projetos-habilitados,14,47
208,2024,2023-HJF7P,2023,“Itália Mia 2024”,italia mia 2024,"Associação Amigos da Justiça, Cidadania, Educação e Arte",associacao amigos da justica cidadania educacao e arte,100000.0,200000.0,100000.0,200000.0,False,captacao_expirada,cota-fora-rmgv,João Neiva,João Neiva,João Neiva,3203130,1,,,False,um_municipio,João Neiva,3203130.0,False,,https://secult.es.gov.br/lista-de-projetos-habilitados,14,48
209,2024,2023-0J1G1,2023,A DANÇA: Universo em Expansão,a danca universo em expansao,Estúdio de Dança Ballet Plié,estudio de danca ballet plie,136397.0,136397.0,136397.0,136397.0,False,concluido,cota-fora-rmgv,Pinheiros,Pinheiros,Pinheiros,3204104,1,,,False,um_municipio,Pinheiros,3204104.0,False,,https://secult.es.gov.br/lista-de-projetos-habilitados,14,49
210,2024,2023-4MJCT,2023,'24º Festival Nacional de Teatro de Guaçuí”,24o festival nacional de teatro de guacui,"Grupo Teatral Gota, Pó e Poeira",grupo teatral gota po e poeira,229781.52,229781.52,229781.52,229781.52,False,concluido,cota-pautados,Guaçuí,Guaçuí,Guaçuí,3202306,1,,,False,um_municipio,Guaçuí,3202306.0,False,,https://secult.es.gov.br/lista-de-projetos-habilitados,14,50
211,2024,2023-D8NHK,2023,'Carnaval Cultural de Mimoso do Sul – 2024”,carnaval cultural de mimoso do sul 2024,Região Sul Capixaba dos Vales e Cafe Convention & Visitors Bureau,regiao sul capixaba dos vales e cafe convention visitors bureau,500000.0,500000.0,500000.0,500000.0,False,captacao_expirada,cota-fora-rmgv,Mimoso do Sul,Mimoso do Sul,Mimoso do Sul,3203403,1,,,False,um_municipio,Mimoso do Sul,3203403.0,False,,https://secult.es.gov.br/lista-de-projetos-habilitados,14,51
212,2024,2024-2B0N1,2024,Arte e Cultura para Todos - 2º edição,arte e cultura para todos 2o edicao,WB PRODUCOES ARTISTICAS E CULTURAIS LTDA,wb producoes artisticas e culturais,384524.8,384524.8,384524.8,384524.8,False,captacao_expirada,cota-demais,Serra; Vitória,Serra; Vitória,Vitória; Serra,3205309;3205002,2,,,False,varios_municipios,,,False,,https://secult.es.gov.br/lista-de-projetos-habilitados,14,52
213,2024,2024-MS3QJ,2024,1° Serra CineLab,1 serra cinelab,Finordia Produções Culturais Ltda;,finordia producoes culturais,484000.0,1500000.0,484000.0,1500000.0,False,captacao_expirada,cota-demais,Serra,Serra,Serra,3205002,1,,,False,um_municipio,Serra,3205002.0,False,,https://secult.es.gov.br/lista-de-projetos-habilitados,14,53
214,2024,2023-D2859,2023,“Tecer Folias”,tecer folias,Associação Oficina da Vida - ONG,associacao oficina da vida ong,457000.0,462000.0,457000.0,462000.0,False,em_execucao,cota-demais,Vitória,Vitória,Vitória,3205309,1,,,False,um_municipio,Vitória,3205309.0,False,,https://secult.es.gov.br/lista-de-projetos-habilitados,14,54
215,2024,2023-83NRF,2023,“Festival Origraffes - 7° Edição”,festival origraffes 7 edicao,iÁ Estúdio;,ia estudio,500000.0,2463375.0,500000.0,2463375.0,False,concluido,cota-demais,Serra,Serra,Serra,3205002,1,,,False,um_municipio,Serra,3205002.0,False,,https://secult.es.gov.br/lista-de-projetos-habilitados,14,55
216,2024,2023-57VCH,2023,Centro Cultural Canela Verde,centro cultural canela verde,Ananda,ananda lugon bourguignon,161999.14,161999.14,161999.14,161999.14,False,captacao_expirada,cota-demais,Vila Velha,Vila Velha,Vila Velha,3205200,1,,,False,um_municipio,Vila Velha,3205200.0,False,,https://secult.es.gov.br/lista-de-projetos-habilitados,14,56
217,2024,2023-QM38R,2023,Manutenção Artística com Foco no Conceito PsicoComportamental,manutencao artistica com foco no conceito psicocomportamental,Cia de Dança Mítzi Martucci,cia de danca mitzi martucci,496884.33,496884.33,496884.33,496884.33,False,captacao_expirada,cota-demais,Vitória; Vila Velha,Vitória; Vila Velha,Vila Velha; Vitória,3205200;3205309,2,,,False,varios_municipios,,,False,,https://secult.es.gov.br/lista-de-projetos-habilitados,14,57
218,2024,2024-KN5MZ,2024,7ª Festa Flor do Café,7a festa flor do cafe,Associação dos Agricultores Familiares Três Reis,associacao dos agricultores familiares tres reis,421075.0,471075.0,421075.0,471075.0,False,captacao_expirada,cota-fora-rmgv,Mimoso do Sul,Mimoso do Sul,Mimoso do Sul,3203403,1,,,False,um_municipio,Mimoso do Sul,3203403.0,False,,https://secult.es.gov.br/lista-de-projetos-habilitados,14,58
219,2024,2023-QCBWF,2023,“Carna Surpresa - O Carnaval da Barra do Jucu”,carna surpresa o carnaval da barra do jucu,Bloco Surpresa,bloco surpresa,499972.41,499972.41,499972.41,499972.41,False,concluido,cota-pautados,Vila Velha,Vila Velha,Vila Velha,3205200,1,,,False,um_municipio,Vila Velha,3205200.0,False,,https://secult.es.gov.br/lista-de-projetos-habilitados,14,59
220,2024,2024-TZR5W,2024,Orquestra Brasileira de Cantores Cegos: Coral Para a Inclusão de Pessoas com Deficiência (2a Edição),orquestra brasileira de cantores cegos coral para a inclusao de pessoas com deficiencia 2a edicao,Associação Sociedade Cultura e Arte Soca,associacao sociedade cultura e arte soca,190894.98,804113.74,190894.98,804113.74,False,captacao_expirada,cota-demais,Vitória,Vitória,Vitória,3205309,1,,,False,um_municipio,Vitória,3205309.0,False,,https://secult.es.gov.br/lista-de-projetos-habilitados,14,60
221,2024,2023-BD58D,2023,Negros do Espírito Santo,negros do espirito santo,Editora Cousa,editora cousa,207675.54,207675.54,207675.54,207675.54,False,captacao_expirada,cota-demais,Vitória; Serra; Santa Leopoldina; São Mateus; Conceição da Barra; Itapemirim; Cachoeiro de Itapemirim,Vitória; Serra; Santa Leopoldina; São Mateus; Conceição da Barra; Itapemirim; Cachoeiro de Itapemirim,Cachoeiro de Itapemirim; Conceição da Barra; Santa Leopoldina; Itapemirim; São Mateus; Vitória; Serra,3201209;3201605;3204500;3202801;3204906;3205309;3205002,7,,,False,varios_municipios,,,False,,https://secult.es.gov.br/lista-de-projetos-habilitados,14,61
222,2024,2023-6RPHV,2023,'Edição do livro Curubitos: Crônicas da Cultura Popular Capixaba”,edicao do livro curubitos cronicas da cultura popular capixaba,Praia Editora,praia editora,71390.38,71390.38,71390.38,71390.38,False,captacao_expirada,cota-demais,Serra; Vitória; Vila Velha,Serra; Vitória; Vila Velha,Vila Velha; Vitória; Serra,3205200;3205309;3205002,3,,,False,varios_municipios,,,False,,https://secult.es.gov.br/lista-de-projetos-habilitados,14,62
223,2024,2023-RZJ4L,2023,Capixabarte - Circuito Artistico-Cultural Na Região V De Vila Velha,capixabarte circuito artistico cultural na regiao v de vila velha,Fundação Clínica Carmem Lucia,fundacao clinica carmem lucia,350000.0,350000.0,350000.0,350000.0,False,captacao_expirada,cota-demais,Vila Velha,Vila Velha,Vila Velha,3205200,1,,,False,um_municipio,Vila Velha,3205200.0,False,,https://secult.es.gov.br/lista-de-projetos-habilitados,15,63
224,2024,2023-3C8S4,2023,Ampliação e qualificação do Museu da Baleia e Galeria de Arte Memorial da Paz no Espaço Baleia Jubarte,ampliacao e qualificacao do museu da baleia e galeria de arte memorial da paz no espaco baleia jubarte,Instituto Baleia Jubarte,instituto baleia jubarte,774892.0,1377885.17,774892.0,1377885.17,False,em_execucao,cota-demais,Vitória,Vitória,Vitória,3205309,1,,,False,um_municipio,Vitória,3205309.0,False,,https://secult.es.gov.br/lista-de-projetos-habilitados,15,64
225,2024,2023-BKLZN,2023,Festival Nacional de Teatro Cidade de Vitória -20ª Edição,festival nacional de teatro cidade de vitoria 20a edicao,Associação Cultural Circense E Ambiental Uma Floresta,associacao cultural circense e ambiental uma floresta,500000.0,1552040.81,500000.0,1552040.81,False,concluido,cota-pautados,Vitória; Cariacica; Serra; Vila Velha,Vitória; Cariacica; Serra; Vila Velha,Vila Velha; Cariacica; Vitória; Serra,3205200;3201308;3205309;3205002,4,,,False,varios_municipios,,,False,,https://secult.es.gov.br/lista-de-projetos-habilitados,15,65
226,2024,2024-2C95T,2024,A Fantástica Carpintaria - Programa Educativo,a fantastica carpintaria programa educativo,Cidade Quintal Serviços De Design E Arte Urbana LTDA,cidade quintal servicos de design e arte urbana,500000.0,1500000.0,500000.0,1500000.0,False,em_execucao,cota-continuados,Vitória,Vitória,Vitória,3205309,1,,,False,um_municipio,Vitória,3205309.0,False,,https://secult.es.gov.br/lista-de-projetos-habilitados,15,66
227,2024,2023-JRW61,2023,"""Festival Manhágua”",festival manhagua,Caju Produções LTDA ME,caju producoes,500000.0,1493047.71,500000.0,1493047.71,False,em_execucao,cota-demais,Vitória; Vargem Alta,Vitória; Vargem Alta,Vargem Alta; Vitória,3205036;3205309,2,,,False,varios_municipios,,,False,,https://secult.es.gov.br/lista-de-projetos-habilitados,15,67
228,2024,2024-L3FN9,2024,Diversão em Cena,diversao em cena,WB PRODUCOES ARTISTICAS E CULTURAIS LTDA,wb producoes artisticas e culturais,500000.0,654300.0,500000.0,654300.0,False,captando,cota-demais,Vitória,Vitória,Vitória,3205309,1,,,False,um_municipio,Vitória,3205309.0,False,,https://secult.es.gov.br/lista-de-projetos-habilitados,15,68
229,2024,2023-BN9ZP,2023,Memórias Do Lar,memorias do lar,Porto E Stein Produções,porto e stein producoes,500000.0,500000.0,500000.0,500000.0,False,captacao_expirada,cota-demais,Vitória,Vitória,Vitória,3205309,1,,,False,um_municipio,Vitória,3205309.0,False,,https://secult.es.gov.br/lista-de-projetos-habilitados,15,69
230,2024,2024-SS2BT,2024,Moqueca Pop Verão - Edição Iriri,moqueca pop verao edicao iriri,Jupter Produção Cultural Capixaba,jupter producao cultural capixaba,500000.0,500000.0,500000.0,500000.0,False,captacao_expirada,cota-fora-rmgv,Anchieta,Anchieta,Anchieta,3200409,1,,,False,um_municipio,Anchieta,3200409.0,False,,https://secult.es.gov.br/lista-de-projetos-habilitados,15,70
231,2024,2023-SMP5M,2023,Mantendo Luz Del Fuego acesa,mantendo luz del fuego acesa,Cia NÓS De Artes,cia nos de artes,498356.08,498356.08,498356.08,498356.08,False,captacao_expirada,cota-fora-rmgv,Cachoeiro de Itapemirim,Cachoeiro de Itapemirim,Cachoeiro de Itapemirim,3201209,1,,,False,um_municipio,Cachoeiro de Itapemirim,3201209.0,False,,https://secult.es.gov.br/lista-de-projetos-habilitados,15,71
232,2024,2023-CV6RH,2023,Orquestra de Câmara Infanto-juvenil João XXIII,orquestra de camara infanto juvenil joao xxiii,Instituto João XXIII,instituto joao xxiii,297210.57,297210.57,297210.57,297210.57,False,em_execucao,cota-demais,Vitória,Vitória,Vitória,3205309,1,,,False,um_municipio,Vitória,3205309.0,False,,https://secult.es.gov.br/lista-de-projetos-habilitados,15,72
233,2024,2023-5G6XC,2023,Lona De Cultura E Arte,lona de cultura e arte,Academia de Sonhos,academia de sonhos,500000.0,500000.0,500000.0,500000.0,False,captando,cota-demais,Serra; Viana; Anchieta,Serra; Viana; Anchieta,Anchieta; Serra; Viana,3200409;3205002;3205101,3,,,False,varios_municipios,,,False,,https://secult.es.gov.br/lista-de-projetos-habilitados,15,73
234,2024,2024-0VL47,2024,12ª Itália Unita,12a italia unita,SECRETARIADO DOS IMIGRANTES FRIULANOS DE ARACRUZ ES,secretariado dos imigrantes friulanos de aracruz es,430860.56,604575.16,430860.56,604575.16,False,concluido,cota-pautados,Aracruz,Aracruz,Aracruz,3200607,1,,,False,um_municipio,Aracruz,3200607.0,False,,https://secult.es.gov.br/lista-de-projetos-habilitados,15,74
235,2024,2024-R7H5X,2024,Festival da Cultura Italiana – Tudo começou aqui “Noi Siamo la Storia”,festival da cultura italiana tudo comecou aqui noi siamo la storia,Associação Federativa Comunitá Italiana Do Espírito Santo,associacao federativa comunita italiana do espirito santo,403893.0,1699408.0,403893.0,1699408.0,False,concluido,cota-demais,Vitória,Vitória,Vitória,3205309,1,,,False,um_municipio,Vitória,3205309.0,False,,https://secult.es.gov.br/lista-de-projetos-habilitados,15,75
236,2024,2023-4Z9J3,2023,Boa Vista Carnaval Capixaba 2025,boa vista carnaval capixaba 2025,Grêmio Recreativo Cultural Esportivo Social Escola De Samba Independente De Boa Vista,gremio recreativo cultural esportivo social escola de samba independente de boa vista,492000.0,1800000.0,492000.0,1800000.0,False,concluido,cota-pautados,Vitória,Vitória,Vitória,3205309,1,,,False,um_municipio,Vitória,3205309.0,False,,https://secult.es.gov.br/lista-de-projetos-habilitados,15,76
237,2024,2023-DDSJJ,2023,Festa Do Imigrante De Santa Teresa 2024,festa do imigrante de santa teresa 2024,Circolo Trentino Di Santa Teresa,circolo trentino di santa teresa,500000.0,721945.0,500000.0,721945.0,False,concluido,cota-pautados,Santa Teresa,Santa Teresa,Santa Teresa,3204609,1,,,False,um_municipio,Santa Teresa,3204609.0,False,,https://secult.es.gov.br/lista-de-projetos-habilitados,15,77
238,2024,2024-17HKP,2024,46ª Festa da Polenta,46a festa da polenta,Associação Festa Da Polenta - AFEPOL,associacao festa da polenta afepol,500000.0,2579000.0,500000.0,2579000.0,False,concluido,cota-pautados,Venda Nova do Imigrante,Venda Nova do Imigrante,Venda Nova do Imigrante,3205069,1,,,False,um_municipio,Venda Nova do Imigrante,3205069.0,False,,https://secult.es.gov.br/lista-de-projetos-habilitados,15,78
239,2024,2024-8XRF4,2024,Festival Delírio Tropical,festival delirio tropical,Puri Produções E Eventos LTDA,puri producoes e eventos,500000.0,500000.0,500000.0,500000.0,False,concluido,cota-demais,Vila Velha,Vila Velha,Vila Velha,3205200,1,,,False,um_municipio,Vila Velha,3205200.0,False,,https://secult.es.gov.br/lista-de-projetos-habilitados,15,79
240,2024,2023-P5WLN,2023,Projeto Tramas Criativas: Formação em Estética Capilar Afro-brasileira,projeto tramas criativas formacao em estetica capilar afro brasileira,Agência de Desenvolvimento Social Jovem,agencia de desenvolvimento social jovem,152742.6,152742.6,152742.6,152742.6,False,captacao_expirada,cota-demais,Cariacica,Cariacica,Cariacica,3201308,1,,,False,um_municipio,Cariacica,3201308.0,False,,https://secult.es.gov.br/lista-de-projetos-habilitados,15,80
241,2024,2023-SCGXC,2023,'Circulação de Espetáculo - Igrejas Históricas Capixabas”,circulacao de espetaculo igrejas historicas capixabas,Programa de Promoção e Assistência Social Casa Verde,programa de promocao e assistencia social,499543.0,499543.0,499543.0,499543.0,False,em_execucao,cota-demais,Vila Velha; Vitória,Vila Velha; Vitória,Vila Velha; Vitória,3205200;3205309,2,,,False,varios_municipios,,,False,,https://secult.es.gov.br/lista-de-projetos-habilitados,15,81
242,2024,2023-BL62F,2023,Festival Batidas do Mundo,festival batidas do mundo,Caju Produções LTDA ME,caju producoes,494000.0,494000.0,494000.0,494000.0,False,concluido,cota-demais,Vitória,Vitória,Vitória,3205309,1,,,False,um_municipio,Vitória,3205309.0,False,,https://secult.es.gov.br/lista-de-projetos-habilitados,16,82
243,2024,2024-HGG9K,2024,#EP10 - ENCONTRO DAS PRETAS 10 ANOS,ep10 encontro das pretas 10 anos,INSTITUTO DAS PRETAS.ORG,instituto das pretas,499999.84,499999.84,499999.84,499999.84,False,concluido,cota-pautados,Vitória,Vitória,Vitória,3205309,1,,,False,um_municipio,Vitória,3205309.0,False,,https://secult.es.gov.br/lista-de-projetos-habilitados,16,83
244,2024,2024-G4CVM,2024,10º TendaLab,10o tendalab,Instituto Brasil de Cultura e Arte - IBCA,instituto brasil de cultura e arte ibca,500000.0,1400139.18,500000.0,1400139.18,False,captacao_expirada,cota-pautados,Vitória,Vitória,Vitória,3205309,1,,,False,um_municipio,Vitória,3205309.0,False,,https://secult.es.gov.br/lista-de-projetos-habilitados,16,84
245,2024,2024-FPDG3,2024,31º Festival de Cinema de Vitória,31o festival de cinema de vitoria,Galpão Produções Artísticas e Culturais LTDA,galpao producoes artisticas e culturais,500000.0,2996038.0,500000.0,2996038.0,False,concluido,cota-pautados,Vitória,Vitória,Vitória,3205309,1,,,False,um_municipio,Vitória,3205309.0,False,,https://secult.es.gov.br/lista-de-projetos-habilitados,16,85
246,2024,2023-1FDSB,2023,73º Encontro Nacional de Folias de Reis - Muqui-ES - 2024,73o encontro nacional de folias de reis muqui es 2024,ASSOCIAÇÃO COMERCIAL E EMPRESARIAL DE MUQUI - ACE MUQUI,associacao comercial e empresarial de muqui ace muqui,500000.0,500000.0,500000.0,500000.0,False,concluido,cota-pautados,Muqui,Muqui,Muqui,3203809,1,,,False,um_municipio,Muqui,3203809.0,False,,https://secult.es.gov.br/lista-de-projetos-habilitados,16,86
247,2024,2023-GH3Z0,2023,Exercícios para se lembrar: a performance como método para elaboração de subjetividades,exercicios para se lembrar a performance como metodo para elaboracao de subjetividades,LIMA&SILVA ARTE E CULTURA,lima silva arte e cultura,162000.0,162000.0,162000.0,162000.0,False,captacao_expirada,cota-demais,Vitória,Vitória,Vitória,3205309,1,,,False,um_municipio,Vitória,3205309.0,False,,https://secult.es.gov.br/lista-de-projetos-habilitados,16,87
248,2024,2023-K799N,2023,96ª Festa de São Pedro - Edição 2024,96a festa de sao pedro edicao 2024,Colônia de Pescadores e Aquicultores Z-5 Maria Ortiz,colonia de pescadores e aquicultores z 5 maria ortiz,420484.16,1600000.0,420484.16,1600000.0,False,concluido,cota-pautados,Vitória,Vitória,Vitória,3205309,1,,,False,um_municipio,Vitória,3205309.0,False,,https://secult.es.gov.br/lista-de-projetos-habilitados,16,88
249,2024,2023-XPZLT,2023,Filarmônica de Mulheres do Espírito Santo: música e representatividade,filarmonica de mulheres do espirito santo musica e representatividade,Instituto Todos os Cantos,instituto todos os cantos,440074.42,440074.42,440074.42,440074.42,False,em_execucao,cota-demais,Vitória,Vitória,Vitória,3205309,1,,,False,um_municipio,Vitória,3205309.0,False,,https://secult.es.gov.br/lista-de-projetos-habilitados,16,89
250,2024,2023-LC19F,2023,Compondo na Rua,compondo na rua,W/PAR & ASSOCIADOS LTDA,wpar associados,396394.83,396394.83,396394.83,396394.83,False,em_execucao,cota-demais,Vitória,Vitória,Vitória,3205309,1,,,False,um_municipio,Vitória,3205309.0,False,,https://secult.es.gov.br/lista-de-projetos-habilitados,16,90
251,2024,2023-H4HW1,2023,LO FI JAZZ - Produção Musical,lo fi jazz producao musical,W/PAR Associados,wpar associados,298915.5,298915.5,298915.5,298915.5,False,captacao_expirada,cota-demais,Vitória,Vitória,Vitória,3205309,1,,,False,um_municipio,Vitória,3205309.0,False,,https://secult.es.gov.br/lista-de-projetos-habilitados,16,91
252,2024,2023-HPN9B,2023,"Novas Edições Dos Quadrinhos ""Safrinha""",novas edicoes dos quadrinhos safrinha,Contexto Consultoria E Projetos EIRELI,contexto consultoria e projetos,499866.4,499866.4,499866.4,499866.4,False,captacao_expirada,cota-demais,Guaçuí,Guaçuí,Guaçuí,3202306,1,,,False,um_municipio,Guaçuí,3202306.0,False,,https://secult.es.gov.br/lista-de-projetos-habilitados,16,92
253,2024,2023-5X79T,2023,MC Arte 2024,mc arte 2024,Movimento Cidade Projetos Criativos LTDA,movimento cidade projetos criativos,500000.0,500000.0,500000.0,500000.0,False,em_execucao,cota-demais,Vitória,Vitória,Vitória,3205309,1,,,False,um_municipio,Vitória,3205309.0,False,,https://secult.es.gov.br/lista-de-projetos-habilitados,16,93
254,2024,2023-GXJLN,2023,Jazz Vitória Festival 2024,jazz vitoria festival 2024,ROTA SERVICE LTDA,rota service,500000.0,500000.0,500000.0,500000.0,False,concluido,cota-demais,Vitória,Vitória,Vitória,3205309,1,,,False,um_municipio,Vitória,3205309.0,False,,https://secult.es.gov.br/lista-de-projetos-habilitados,16,94
255,2024,2023-3RCKP,2023,CAPPITELLA – Festa Do Cappelletti E Da Tagliatella 2023,cappitella festa do cappelletti e da tagliatella 2023,Associação Festa Da Cappitella - AFECAPI,associacao festa da cappitella afecapi,488000.0,488000.0,488000.0,488000.0,False,concluido,cota-fora-rmgv,Nova Venécia,Nova Venécia,Nova Venécia,3203908,1,,,False,um_municipio,Nova Venécia,3203908.0,False,,https://secult.es.gov.br/lista-de-projetos-habilitados,17,95
256,2024,2023-MX64B,2023,MARÍA DE BUENOS AIRES,maria de buenos aires,WS PROJETOS CRIATIVOS LTDA,ws projetos criativos,499663.99,499663.99,499663.99,499663.99,False,captacao_expirada,cota-demais,Vitória,Vitória,Vitória,3205309,1,,,False,um_municipio,Vitória,3205309.0,False,,https://secult.es.gov.br/lista-de-projetos-habilitados,17,96
257,2024,2023-900QG,2023,Reimagina: Praça Costa Pereira,reimagina praca costa pereira,Instituto de Arquitetos do Brasil Depto E Santo,instituto de arquitetos do brasil depto e santo,361677.19,361677.19,361677.19,361677.19,False,captacao_expirada,cota-demais,Vitória,Vitória,Vitória,3205309,1,,,False,um_municipio,Vitória,3205309.0,False,,https://secult.es.gov.br/lista-de-projetos-habilitados,17,97
258,2024,2023-KBQDW,2023,VII Festival Voadora,vii festival voadora,MM Projetos Culturais Ltda,mm projetos culturais,500000.0,500000.0,500000.0,500000.0,False,captacao_expirada,cota-demais,Vitória,Vitória,Vitória,3205309,1,,,False,um_municipio,Vitória,3205309.0,False,,https://secult.es.gov.br/lista-de-projetos-habilitados,17,98
259,2024,2023-DJRN3,2023,Calendário Anual De Eventos – Banda de Congo Beatos de São Benedito,calendario anual de eventos banda de congo beatos de sao benedito,ACERBES - Associação Cultural Esportiva e Recreativa Beatos do Espírito Santo,acerbes associacao cultural esportiva e recreativa beatos do espirito santo,285527.75,285527.75,285527.75,285527.75,False,captacao_expirada,cota-demais,Vila Velha,Vila Velha,Vila Velha,3205200,1,,,False,um_municipio,Vila Velha,3205200.0,False,,https://secult.es.gov.br/lista-de-projetos-habilitados,17,99
260,2024,2023-6V806,2023,Agenda cultural - 28º Programa de Verão de Atílio Vivácqua/ES,agenda cultural 28o programa de verao de atilio vivacqua es,Associação Oficina da Vida - ONG,associacao oficina da vida ong,126420.0,126420.0,126420.0,126420.0,False,captacao_expirada,cota-fora-rmgv,Atílio Vivacqua,Atílio Vivacqua,Atílio Vivácqua,3200706,1,,,False,um_municipio,Atílio Vivácqua,3200706.0,False,,https://secult.es.gov.br/lista-de-projetos-habilitados,17,100
261,2024,2023-5QBHT,2023,Festival de Quadrilhas da Lagoa do Siri,festival de quadrilhas da lagoa do siri,Associação de Salvaguarda do Patrimônio Imaterial Cachoeirense,associacao de salvaguarda do patrimonio imaterial cachoeirense,214824.94,214824.94,214824.94,214824.94,False,captacao_expirada,cota-fora-rmgv,Marataízes,Marataízes,Marataízes,3203320,1,,,False,um_municipio,Marataízes,3203320.0,False,,https://secult.es.gov.br/lista-de-projetos-habilitados,17,101
262,2024,2023-L11TR,2023,150 anos da Imigração Italiana no Espírito Santo - Brasil - Exposição Itinerante “As Colônias Italianas no Espírito Santo,150 anos da imigracao italiana no espirito santo brasil exposicao itinerante as colonias italianas no espirito santo,Associação Federativa Comunitá Italiana do Espírito Santo,associacao federativa comunita italiana do espirito santo,347380.4,347380.4,347380.4,347380.4,False,concluido,cota-demais,Vitória,Vitória,Vitória,3205309,1,,,False,um_municipio,Vitória,3205309.0,False,,https://secult.es.gov.br/lista-de-projetos-habilitados,17,102
263,2024,2023-3WLPF,2023,UMA BREVE HISTORINHA DO MUNDO - O Livro de Elis,uma breve historinha do mundo o livro de elis,Wanya de Siqueira Mayhé,wanya de siqueira mayhe,69371.0,69371.0,69371.0,69371.0,False,em_execucao,cota-demais,Vitória,Vitória,Vitória,3205309,1,,,False,um_municipio,Vitória,3205309.0,False,,https://secult.es.gov.br/lista-de-projetos-habilitados,17,103
264,2024,2023-B9WNP,2023,Encontro de Folias de Reis de Burarama,encontro de folias de reis de burarama,Associação de Salvaguarda do Patrimônio Imaterial Cachoeirense,associacao de salvaguarda do patrimonio imaterial cachoeirense,185239.66,185239.66,185239.66,185239.66,False,captacao_expirada,cota-fora-rmgv,Cachoeiro de Itapemirim,Cachoeiro de Itapemirim,Cachoeiro de Itapemirim,3201209,1,,,False,um_municipio,Cachoeiro de Itapemirim,3201209.0,False,,https://secult.es.gov.br/lista-de-projetos-habilitados,17,104
265,2024,2023-NK2V6,2023,"ESCOLA DE FOTÓGRAFOS CEGOS, NOVOS OLHARES: TERRITÓRIOS",escola de fotografos cegos novos olhares territorios,Associação Sociedade Cultura e Arte SOCA,associacao sociedade cultura e arte soca,151159.4,151159.4,151159.4,151159.4,False,concluido,cota-demais,Vila Velha,Vila Velha,Vila Velha,3205200,1,,,False,um_municipio,Vila Velha,3205200.0,False,,https://secult.es.gov.br/lista-de-projetos-habilitados,17,105
266,2024,2023-KQRL6,2023,Som das Caieiras - Concertos,som das caieiras concertos,FUNDAÇÃO BENEFICENTE PRAIA DO CANTO,fundacao beneficente praia do canto,500000.0,500000.0,500000.0,500000.0,False,concluido,cota-demais,Vitória,Vitória,Vitória,3205309,1,,,False,um_municipio,Vitória,3205309.0,False,,https://secult.es.gov.br/lista-de-projetos-habilitados,17,106
267,2024,2023-D6HN5,2023,"""MADALENA""",madalena,R S DE SÁ FILMES E PROJETOS EPP,r s de sa filmes e projetos,499750.46,499750.46,499750.46,499750.46,False,captacao_expirada,cota-demais,Vitória,Vitória,Vitória,3205309,1,,,False,um_municipio,Vitória,3205309.0,False,,https://secult.es.gov.br/lista-de-projetos-habilitados,17,107
268,2024,2023-PRGRB,2023,FECSTA 7 - FESTIVAL DE CINEMA DE SANTA TERESA - ES,fecsta 7 festival de cinema de santa teresa es,SATIRICA FILMES PRODUÇÕES LTDA,satirica filmes producoes,499900.0,499900.0,499900.0,499900.0,False,concluido,cota-demais,Santa Teresa,Santa Teresa,Santa Teresa,3204609,1,,,False,um_municipio,Santa Teresa,3204609.0,False,,https://secult.es.gov.br/lista-de-projetos-habilitados,17,108
269,2024,2023-K4ZQ5,2023,Corpo Afro - Manutenção de Grupo e Manifestações Negro-brasileiras,corpo afro manutencao de grupo e manifestacoes negro brasileiras,COLETIVO EMARANHADO,coletivo emaranhado,160655.76,160655.76,160655.76,160655.76,False,captacao_expirada,cota-demais,Vitória,Vitória,Vitória,3205309,1,,,False,um_municipio,Vitória,3205309.0,False,,https://secult.es.gov.br/lista-de-projetos-habilitados,17,109
270,2024,2023-N1HRJ,2023,Programa de fortalecimento de jongos e caxambus do sul capixaba,programa de fortalecimento de jongos e caxambus do sul capixaba,Associação de Salvaguarda do Patrimônio Imaterial Cachoeirense,associacao de salvaguarda do patrimonio imaterial cachoeirense,288144.53,288144.53,288144.53,288144.53,False,captacao_expirada,cota-fora-rmgv,Cachoeiro de Itapemirim,Cachoeiro de Itapemirim,Cachoeiro de Itapemirim,3201209,1,,,False,um_municipio,Cachoeiro de Itapemirim,3201209.0,False,,https://secult.es.gov.br/lista-de-projetos-habilitados,17,110
271,2024,2023-GNGTZ,2023,Turma da Ação,turma da acao,VIANA PROJETOS CULTURAIS LTDA,viana projetos culturais,497638.35,497638.35,497638.35,497638.35,False,concluido,cota-demais,Vargem Alta,Vargem Alta,Vargem Alta,3205036,1,,,False,um_municipio,Vargem Alta,3205036.0,False,,https://secult.es.gov.br/lista-de-projetos-habilitados,17,111
272,2024,2023-7ND2S,2023,Marien Calixte Jazz Music Festival 2024,marien calixte jazz music festival 2024,Daniel Gonçalves Morelo ME,daniel goncalves morelo,500000.0,500000.0,500000.0,500000.0,False,concluido,cota-demais,Vitória,Vitória,Vitória,3205309,1,,,False,um_municipio,Vitória,3205309.0,False,,https://secult.es.gov.br/lista-de-projetos-habilitados,17,112
273,2024,2023-69GRL,2023,Prêmio da Música Capixaba 2024,premio da musica capixaba 2024,Daniel Gonçalves Morelo ME,daniel goncalves morelo,500000.0,500000.0,500000.0,500000.0,False,concluido,cota-demais,Vitória,Vitória,Vitória,3205309,1,,,False,um_municipio,Vitória,3205309.0,False,,https://secult.es.gov.br/lista-de-projetos-habilitados,17,113
274,2024,2023-M6Q4C,2023,VIAGEM LITERÁRIA,viagem literaria,MB PRODUÇÃO CULTURAL,mb producao cultural,85899.57,85899.57,85899.57,85899.57,False,captacao_expirada,cota-demais,Cariacica,Cariacica,Cariacica,3201308,1,,,False,um_municipio,Cariacica,3201308.0,False,,https://secult.es.gov.br/lista-de-projetos-habilitados,17,114
275,2024,2023-MQSDZ,2023,Congo de Máscaras de Roda D’Água de Cariacica-2024,congo de mascaras de roda d agua de cariacica 2024,ASSOCIAÇÃO DE BANDAS DE CONGO DE CARIACICA,associacao de bandas de congo de cariacica,454000.0,706000.0,454000.0,706000.0,False,concluido,cota-pautados,Cariacica,Cariacica,Cariacica,3201308,1,,,False,um_municipio,Cariacica,3201308.0,False,,https://secult.es.gov.br/lista-de-projetos-habilitados,17,115
276,2024,2022-08G6P,2022,Festival Bossa & Reggae,festival bossa reggae,MDM Áudio Projetos de Arte Cultura Música e Serviços de Tecnologia Ltda,mdm audio projetos de arte cultura musica e servicos de tecnologia,500000.0,500000.0,500000.0,500000.0,False,captacao_expirada,cota-demais,Vitória,Vitória,Vitória,3205309,1,,,False,um_municipio,Vitória,3205309.0,False,,https://secult.es.gov.br/lista-de-projetos-habilitados,17,116
277,2024,2022-5KQ5X,2022,“O REI DOS REIS” - “Auto da Paixão de Cristo”,o rei dos reis auto da paixao de cristo,Associação Cultural Circense e Ambiental Uma Floresta,associacao cultural circense e ambiental uma floresta,223040.0,223040.0,223040.0,223040.0,False,captacao_expirada,cota-pautados,Vitória,Vitória,Vitória,3205309,1,,,False,um_municipio,Vitória,3205309.0,False,,https://secult.es.gov.br/lista-de-projetos-habilitados,17,117
278,2024,2023-ZZB43,2023,Mar Adentro,mar adentro,W/PAR & ASSOCIADOS LTDA,wpar associados,483748.28,483748.28,483748.28,483748.28,False,captacao_expirada,cota-demais,Vitória,Vitória,Vitória,3205309,1,,,False,um_municipio,Vitória,3205309.0,False,,https://secult.es.gov.br/lista-de-projetos-habilitados,17,118
279,2024,2023-BPTXX,2023,Circuito Cultural: Na batida do atabaque,circuito cultural na batida do atabaque,Movimento Cultural Tambores Esperança,movimento cultural tambores esperanca,120340.0,120340.0,120340.0,120340.0,False,captacao_expirada,cota-demais,Vila Velha,Vila Velha,Vila Velha,3205200,1,,,False,um_municipio,Vila Velha,3205200.0,False,,https://secult.es.gov.br/lista-de-projetos-habilitados,17,119
280,2024,2023-D7T2H,2023,SALA IMERSIVA PIXXFLUXX,sala imersiva pixxfluxx,PIXXFLUXX PRODUCOES AUDIOVISUAIS LTDA,pixxfluxx producoes audiovisuais,393181.0,393181.0,393181.0,393181.0,False,captacao_expirada,cota-demais,Vitória,Vitória,Vitória,3205309,1,,,False,um_municipio,Vitória,3205309.0,False,,https://secult.es.gov.br/lista-de-projetos-habilitados,18,120
281,2024,2023-9TV0S,2023,FINA SINTONIA PRESENCIAL E ITINERANTE,fina sintonia presencial e itinerante,Associação Cultural Circense e Ambiental Uma Floresta,associacao cultural circense e ambiental uma floresta,349190.0,349190.0,349190.0,349190.0,False,captacao_expirada,cota-demais,Vitória,Vitória,Vitória,3205309,1,,,False,um_municipio,Vitória,3205309.0,False,,https://secult.es.gov.br/lista-de-projetos-habilitados,18,121
282,2024,2023-B236K,2023,Consolidação e Restauração das Pinturas Parietais da Antiga Casa de Câmara e Cadeia de Itapemirim,consolidacao e restauracao das pinturas parietais da antiga casa de camara e cadeia de itapemirim,Associação de Salvaguarda do Patrimônio Imaterial Cachoeirense,associacao de salvaguarda do patrimonio imaterial cachoeirense,327542.36,327542.36,327542.36,327542.36,False,captacao_expirada,cota-fora-rmgv,Itapemirim,Itapemirim,Itapemirim,3202801,1,,,False,um_municipio,Itapemirim,3202801.0,False,,https://secult.es.gov.br/lista-de-projetos-habilitados,18,122
283,2024,2023-VV8MK,2023,"Festa da Penha 2024 “Ó Vem Conosco, Vem Caminhar!",festa da penha 2024 o vem conosco vem caminhar,Associação dos Amigos do Convento de N.S. da Penha,associacao dos amigos do convento de n s da penha,500000.0,1784200.0,500000.0,1784200.0,False,concluido,cota-pautados,Vila Velha,Vila Velha,Vila Velha,3205200,1,,,False,um_municipio,Vila Velha,3205200.0,False,,https://secult.es.gov.br/lista-de-projetos-habilitados,18,123
284,2024,2023-SK4MC,2023,FestReC Pot - Festival Regional da Cultura Popular e Tradicional,festrec pot festival regional da cultura popular e tradicional,INSTITUIÇÃO DE TRADIÇÕES E CULTURA AFRO BRASILEIRA SÃO JUDAS TADEU,instituicao de tradicoes e cultura afro brasileira sao judas tadeu,499969.32,710769.32,499969.32,710769.32,False,captacao_expirada,cota-fora-rmgv,Aracruz,Aracruz,Aracruz,3200607,1,,,False,um_municipio,Aracruz,3200607.0,False,,https://secult.es.gov.br/lista-de-projetos-habilitados,18,124
285,2023,2023-MB46K,2023,II FESTIVAL DE MÚSICA PRIMAVERA TERESENSE,ii festival de musica primavera teresense,Associação Comunitária e Cultural Teresense,associacao comunitaria e cultural teresense,315269.65,502127.65,315269.65,502127.65,False,concluido,,Santa Teresa,Santa Teresa,Santa Teresa,3204609,1,,,False,um_municipio,Santa Teresa,3204609.0,False,,https://secult.es.gov.br/lista-de-projetos-habilitados,18,2
286,2023,2023-1PRSJ,2023,ENCONTRO DE CULTURAS POPULARES E TRADICIONAIS,encontro de culturas populares e tradicionais,ASSOCIAÇÃO ARTISTICA E FOLCLORICA AFRO BRASILEIRA,associacao artistica e folclorica afro brasileira,365748.0,365748.0,365748.0,365748.0,False,concluido,,Cariacica,Cariacica,Cariacica,3201308,1,,,False,um_municipio,Cariacica,3201308.0,False,,https://secult.es.gov.br/lista-de-projetos-habilitados,18,3
287,2023,2022-M4Z22,2022,Orquestra Filarmônica Moderna Brasileira,orquestra filarmonica moderna brasileira,Júlia Cabral Abreu Sodré 09498778752,julia cabral abreu sodre,491982.2,491982.2,491982.2,491982.2,False,captacao_expirada,,Vitória,Vitória,Vitória,3205309,1,,,False,um_municipio,Vitória,3205309.0,False,,https://secult.es.gov.br/lista-de-projetos-habilitados,18,4
288,2023,2023-WMPXZ,2023,Estúdio Escola de Animação,estudio escola de animacao,ATROM PRODUCOES E CONSULTORIA,atrom producoes e consultoria,499998.0,499998.0,499998.0,499998.0,False,concluido,,Vitória,Vitória,Vitória,3205309,1,,,False,um_municipio,Vitória,3205309.0,False,,https://secult.es.gov.br/lista-de-projetos-habilitados,18,5
289,2023,2023-32MFD,2023,26º Festival de Inverno da Sanfona e da Viola de São Pedro do Itabapoana,26o festival de inverno da sanfona e da viola de sao pedro do itabapoana,Associação dos Moradores da Comunidade de São Pedro do Itabapoana,associacao dos moradores da comunidade de sao pedro do itabapoana,500000.0,1150000.0,500000.0,1150000.0,False,concluido,,Mimoso do Sul,Mimoso do Sul,Mimoso do Sul,3203403,1,,,False,um_municipio,Mimoso do Sul,3203403.0,False,,https://secult.es.gov.br/lista-de-projetos-habilitados,18,6
290,2023,2023-KNQFG,2023,Raiar da Liberdade,raiar da liberdade,Associação de Salvaguarda do Patrimônio Imaterial Cachoeirense,associacao de salvaguarda do patrimonio imaterial cachoeirense,202999.26,202999.26,202999.26,202999.26,False,concluido,,Cachoeiro de Itapemirim,Cachoeiro de Itapemirim,Cachoeiro de Itapemirim,3201209,1,,,False,um_municipio,Cachoeiro de Itapemirim,3201209.0,False,,https://secult.es.gov.br/lista-de-projetos-habilitados,18,7
291,2023,2023-RT9Q4,2023,É isso mesmo produção?! Memória feminina do teatro capixaba,e isso mesmo producao memoria feminina do teatro capixaba,Porto e Stein Produções LTDA-ME,porto e stein producoes,257777.29,257777.29,257777.29,257777.29,False,captacao_expirada,,Itapemirim,Itapemirim,Itapemirim,3202801,1,,,False,um_municipio,Itapemirim,3202801.0,False,,https://secult.es.gov.br/lista-de-projetos-habilitados,18,8
292,2023,2023-F8CC5,2023,Festival MC 2024,festival mc 2024,Movimento Cidade Projetos Criativos LTDA,movimento cidade projetos criativos,500000.0,500000.0,500000.0,500000.0,False,concluido,,Vitória,Vitória,Vitória,3205309,1,,,False,um_municipio,Vitória,3205309.0,False,,https://secult.es.gov.br/lista-de-projetos-habilitados,18,9
293,2023,2023-72GQM,2023,Capacitação para fazedores de alegorias e adereços da Escola de Samba Unidos da Piedade,capacitacao para fazedores de alegorias e aderecos da escola de samba unidos da piedade,Instituto Raízes,instituto raizes,499863.38,499863.38,499863.38,499863.38,False,concluido,,Vitória,Vitória,Vitória,3205309,1,,,False,um_municipio,Vitória,3205309.0,False,,https://secult.es.gov.br/lista-de-projetos-habilitados,18,10
294,2023,2023-5S87C,2023,II Festival Regional de Teatro Infantil – Troféu Pássaro de Fogo,ii festival regional de teatro infantil trofeu passaro de fogo,J B Vita Producoes De Arte,j b vita producoes de arte,494965.6,494965.6,494965.6,494965.6,False,captacao_expirada,,Cariacica,Cariacica,Cariacica,3201308,1,,,False,um_municipio,Cariacica,3201308.0,False,,https://secult.es.gov.br/lista-de-projetos-habilitados,18,11
295,2023,2023-QQ6B5,2023,Carnaval Folclórico dos Bois Pintadinhos de Muqui-ES – 2024,carnaval folclorico dos bois pintadinhos de muqui es 2024,Regiao Sul Capixaba Dos Vales E Cafe Convention & Visitors Bureau,regiao sul capixaba dos vales e cafe convention visitors bureau,500000.0,500000.0,500000.0,500000.0,False,concluido,,Muqui,Muqui,Muqui,3203809,1,,,False,um_municipio,Muqui,3203809.0,False,,https://secult.es.gov.br/lista-de-projetos-habilitados,18,12
296,2023,2023-5XV0S,2023,Convergência Cultural,convergencia cultural,Associação Cultural Rerigtiba,associacao cultural rerigtiba,499999.94,499999.94,499999.94,499999.94,False,captacao_expirada,,Anchieta,Anchieta,Anchieta,3200409,1,,,False,um_municipio,Anchieta,3200409.0,False,,https://secult.es.gov.br/lista-de-projetos-habilitados,18,13
297,2023,2023-XP8G3,2023,Mostra Povoar,mostra povoar,RV Vagmaker Produtora,rv vagmaker produtora,499271.88,499271.88,499271.88,499271.88,False,concluido,,São Mateus,São Mateus,São Mateus,3204906,1,,,False,um_municipio,São Mateus,3204906.0,False,,https://secult.es.gov.br/lista-de-projetos-habilitados,18,14
298,2023,2022-TPG5Z,2022,Projeto Travessia,projeto travessia,Mover-se Cia. de Dança,mover se cia de danca,487982.36,487982.36,487982.36,487982.36,False,concluido,,Vitória,Vitória,Vitória,3205309,1,,,False,um_municipio,Vitória,3205309.0,False,,https://secult.es.gov.br/lista-de-projetos-habilitados,18,15
299,2023,2022-2NDS4,2022,A Paixão Segundo São João de J. S. Bach (Residência Artística),a paixao segundo sao joao de j s bach residencia artistica,Fernando Coelho Sabino 98400207149,fernando coelho sabino,161912.01,161912.01,161912.01,161912.01,False,concluido,,Vitória,Vitória,Vitória,3205309,1,,,False,um_municipio,Vitória,3205309.0,False,,https://secult.es.gov.br/lista-de-projetos-habilitados,19,16
300,2023,2023-42TC3,2023,Escola De Música Tocando Em Frente,escola de musica tocando em frente,Programa de Promoção e Assistência Social - Casa Verde,programa de promocao e assistencia social,499560.0,499560.0,499560.0,499560.0,False,concluido,,Cachoeiro de Itapemirim,Cachoeiro de Itapemirim,Cachoeiro de Itapemirim,3201209,1,,,False,um_municipio,Cachoeiro de Itapemirim,3201209.0,False,,https://secult.es.gov.br/lista-de-projetos-habilitados,19,17
301,2023,2023-7S305,2023,Festival Iriri Choro e Samba,festival iriri choro e samba,Instituto Cultural Música Viva,instituto cultural musica viva,499879.61,499879.61,499879.61,499879.61,False,captacao_expirada,,Anchieta,Anchieta,Anchieta,3200409,1,,,False,um_municipio,Anchieta,3200409.0,False,,https://secult.es.gov.br/lista-de-projetos-habilitados,19,18
302,2023,2022-660J2,2022,Baía de Vitória: outras margens possíveis,baia de vitoria outras margens possiveis,Daus Design Arquitetura Urbanismo Sustentaveis LTDA,daus design arquitetura urbanismo sustentaveis,498176.0,498176.0,498176.0,498176.0,False,concluido,,Vitória; Vila Velha; Cariacica; Serra,Vitória; Vila Velha; Cariacica; Serra,Vila Velha; Cariacica; Vitória; Serra,3205200;3201308;3205309;3205002,4,,,False,varios_municipios,,,False,,https://secult.es.gov.br/lista-de-projetos-habilitados,19,19
303,2023,2023-WTBGJ,2023,Formemus,formemus,MM Projetos Culturais,mm projetos culturais,500000.0,962416.64,500000.0,962416.64,False,concluido,,Vitória,Vitória,Vitória,3205309,1,,,False,um_municipio,Vitória,3205309.0,False,,https://secult.es.gov.br/lista-de-projetos-habilitados,19,20
304,2023,2023-VM876,2023,Restauração e revitalização do casarão Família Baptista,restauracao e revitalizacao do casarao familia baptista,"CAEPES - Castiglioni Consultoria, Assessoria, Estdos e Pesquisas Educacionais Ltda",caepes castiglioni consultoria assessoria estdos e pesquisas educacionais,163797.08,163797.08,163797.08,163797.08,False,concluido,,João Neiva,João Neiva,João Neiva,3203130,1,,,False,um_municipio,João Neiva,3203130.0,False,,https://secult.es.gov.br/lista-de-projetos-habilitados,19,21
305,2023,2023-FK5W3,2023,R2R Música para Todos,r2r musica para todos,Instituto Viva Vida,instituto viva vida,500000.0,500000.0,500000.0,500000.0,False,concluido,,Vitória; Serra; Vila Velha,Vitória; Serra; Vila Velha,Vila Velha; Vitória; Serra,3205200;3205309;3205002,3,,,False,varios_municipios,,,False,,https://secult.es.gov.br/lista-de-projetos-habilitados,19,22
306,2023,2023-8N872,2023,NADO,nado,Claraboia Imagem e Comunicação LTDA,claraboia imagem e comunicacao,500000.0,729120.55,500000.0,729120.55,False,concluido,,Vitória,Vitória,Vitória,3205309,1,,,False,um_municipio,Vitória,3205309.0,False,,https://secult.es.gov.br/lista-de-projetos-habilitados,19,23
307,2023,2023-674P6,2023,Música e Artes na Capital Vitória/ES (Segunda Edição),musica e artes na capital vitoria es segunda edicao,ASSOCIAÇÃO ALEF BET,associacao alef bet,500000.0,549851.24,500000.0,549851.24,False,concluido,,Vitória,Vitória,Vitória,3205309,1,,,False,um_municipio,Vitória,3205309.0,False,,https://secult.es.gov.br/lista-de-projetos-habilitados,19,24
308,2023,2022-2QL0F,2022,"ASA ""ATELIER SOCIAL ARTE""",asa atelier social arte,"Associação Amigos da Justiça, Cidadania, Educação e Arte",associacao amigos da justica cidadania educacao e arte,499305.1,499305.1,499305.1,499305.1,False,em_execucao,,Ibiraçu,Ibiraçu,Ibiraçu,3202504,1,,,False,um_municipio,Ibiraçu,3202504.0,False,,https://secult.es.gov.br/lista-de-projetos-habilitados,19,25
309,2023,2023-WQW4G,2023,Quintal do CSE: Intervenções Socioespaciais Identitárias,quintal do cse intervencoes socioespaciais identitarias,CIDADE QUINTAL SERVIÇOS DE DESIGN E ARTE URBANA LTDA,cidade quintal servicos de design e arte urbana,485087.7,485087.7,485087.7,485087.7,False,em_execucao,,Cariacica,Cariacica,Cariacica,3201308,1,,,False,um_municipio,Cariacica,3201308.0,False,,https://secult.es.gov.br/lista-de-projetos-habilitados,19,26
310,2023,2023-NBL4R,2023,Espaço Literário Zig Braga,espaco literario zig braga,AGÊNCIA DE DESENVOLVIMENTO E INOVACAO SOCIOCULTURAL - ADECULT,agencia de desenvolvimento e inovacao sociocultural adecult,479920.3,479920.3,479920.3,479920.3,False,captacao_expirada,,Cachoeiro de Itapemirim,Cachoeiro de Itapemirim,Cachoeiro de Itapemirim,3201209,1,,,False,um_municipio,Cachoeiro de Itapemirim,3201209.0,False,,https://secult.es.gov.br/lista-de-projetos-habilitados,19,27
311,2023,2023-BWFJ7,2023,A Fantástica Carpintaria: design circular aplicado a quintais urbanos,a fantastica carpintaria design circular aplicado a quintais urbanos,CIDADE QUINTAL SERVIÇOS DE DESIGN E ARTE URBANA LTDA,cidade quintal servicos de design e arte urbana,422126.3,422126.3,422126.3,422126.3,False,em_execucao,,Vitória; Serra; Linhares; Patrimônio da Penha,Vitória; Serra; Linhares; Patrimônio da Penha,Linhares; Vitória; Serra,3203205;3205309;3205002,3,,patrimonio da penha (localidade não municipal),False,varios_municipios,,,False,,https://secult.es.gov.br/lista-de-projetos-habilitados,19,28
312,2023,2023-9CL2D,2023,Festival do Sol,festival do sol,Cluster Comunicação e Marketing LTDA,cluster comunicacao e marketing,419115.58,419115.58,419115.58,419115.58,False,concluido,,Vila Velha,Vila Velha,Vila Velha,3205200,1,,,False,um_municipio,Vila Velha,3205200.0,False,,https://secult.es.gov.br/lista-de-projetos-habilitados,19,29
313,2023,2023-1J09J,2023,V Festival Internacional de Violão do Espírito Santo (FIVES) e VI Concurso Latino-Americano de Violão Maurício de Oliveira,v festival internacional de violao do espirito santo fives e vi concurso latino americano de violao mauricio de oliveira,Acordes Centro de Música e Artes LTDA,acordes centro de musica e artes,305796.62,305796.62,305796.62,305796.62,False,concluido,,Vitória; Vila Velha; Guarapari,Vitória; Vila Velha; Guarapari,Vila Velha; Guarapari; Vitória,3205200;3202405;3205309,3,,,False,varios_municipios,,,False,,https://secult.es.gov.br/lista-de-projetos-habilitados,19,30
314,2023,2022-C2367,2022,DançIdade - Dança Contemporânea na Maturidade,dancidade danca contemporanea na maturidade,LAUDENI SALES MARTINS 73194735772,laudeni sales martins,141034.48,141034.48,141034.48,141034.48,False,captacao_expirada,,Vitória,Vitória,Vitória,3205309,1,,,False,um_municipio,Vitória,3205309.0,False,,https://secult.es.gov.br/lista-de-projetos-habilitados,20,31
315,2023,2023-WXS00,2023,Moqueca Pop Verão - Edição Marataízes,moqueca pop verao edicao marataizes,J C PIRES ME,j c pires,479163.3,479163.3,479163.3,479163.3,False,concluido,,Marataízes,Marataízes,Marataízes,3203320,1,,,False,um_municipio,Marataízes,3203320.0,False,,https://secult.es.gov.br/lista-de-projetos-habilitados,20,32
316,2023,2023-TV1JV,2023,VIII Seminário Internacional Arte!brasileiros,viii seminario internacional arte brasileiros,TENDENCIA CONSULTORIA EMPRESARIAL LTDA -EPP,tendencia consultoria empresarial,489610.0,489610.0,489610.0,489610.0,False,concluido,,Vitória,Vitória,Vitória,3205309,1,,,False,um_municipio,Vitória,3205309.0,False,,https://secult.es.gov.br/lista-de-projetos-habilitados,20,33
317,2023,2022-BH1S5,2022,Memórias Capixabas - Sul do Espírito Santo,memorias capixabas sul do espirito santo,Liebermann Projetos Criativos,liebermann projetos criativos,479163.3,479163.3,479163.3,479163.3,False,captacao_expirada,,Cachoeiro de Itapemirim,Cachoeiro de Itapemirim,Cachoeiro de Itapemirim,3201209,1,,,False,um_municipio,Cachoeiro de Itapemirim,3201209.0,False,,https://secult.es.gov.br/lista-de-projetos-habilitados,20,34
318,2023,2023-NB5P3,2023,14ª Festa Folclórica de Santo Antônio do Muqui,14a festa folclorica de santo antonio do muqui,Associação Oficina da Vida - ONG,associacao oficina da vida ong,331937.73,331937.73,331937.73,331937.73,False,concluido,,Mimoso do Sul,Mimoso do Sul,Mimoso do Sul,3203403,1,,,False,um_municipio,Mimoso do Sul,3203403.0,False,,https://secult.es.gov.br/lista-de-projetos-habilitados,20,35
319,2023,2023-4ZD16,2023,ExpoSul Cultural 2023,exposul cultural 2023,Sindicato Rural de Cachoeiro do Itapemirim,sindicato rural de cachoeiro do itapemirim,277580.0,277580.0,277580.0,277580.0,False,captacao_expirada,,Cachoeiro de Itapemirim,Cachoeiro de Itapemirim,Cachoeiro de Itapemirim,3201209,1,,,False,um_municipio,Cachoeiro de Itapemirim,3201209.0,False,,https://secult.es.gov.br/lista-de-projetos-habilitados,20,36
320,2023,2023-4MWGM,2023,"Escola De Fotógrafos Cegos: A Exposição, 4 Cidades",escola de fotografos cegos a exposicao 4 cidades,Associação Sociedade Cultura e Arte SOCA,associacao sociedade cultura e arte soca,487271.84,487271.84,487271.84,487271.84,False,concluido,,Linhares; São Mateus; Colatina; Cachoeiro de Itapemirim,Linhares; São Mateus; Colatina; Cachoeiro de Itapemirim,Cachoeiro de Itapemirim; São Mateus; Colatina; Linhares,3201209;3204906;3201506;3203205,4,,,False,varios_municipios,,,False,,https://secult.es.gov.br/lista-de-projetos-habilitados,20,37
321,2023,2022-595FN,2022,Roda de Boteco - Grande Vitória,roda de boteco grande vitoria,Conexxo Serviços e Gestão de Eventos LTDA,conexxo servicos e gestao de eventos,500000.0,983040.0,500000.0,983040.0,False,concluido,,Vila Velha,Vila Velha,Vila Velha,3205200,1,,,False,um_municipio,Vila Velha,3205200.0,False,,https://secult.es.gov.br/lista-de-projetos-habilitados,20,38
322,2023,2023-4TB56,2023,Orquestra da Quebrada (Orquestra Jovem Capixaba - Concertos na Grande Vitória),orquestra da quebrada orquestra jovem capixaba concertos na grande vitoria,Tonobooks Producoes LTDA,tonobooks producoes,499485.0,499485.0,499485.0,499485.0,False,concluido,,Vitória,Vitória,Vitória,3205309,1,,,False,um_municipio,Vitória,3205309.0,False,,https://secult.es.gov.br/lista-de-projetos-habilitados,20,39
323,2023,2023-8Z0GK,2023,Oficinas de Formação Música Clássica,oficinas de formacao musica classica,Tonobooks Producoes LTDA,tonobooks producoes,499620.0,499620.0,499620.0,499620.0,False,concluido,,Vitória,Vitória,Vitória,3205309,1,,,False,um_municipio,Vitória,3205309.0,False,,https://secult.es.gov.br/lista-de-projetos-habilitados,20,40
324,2023,2023-S55BB,2023,Reencontros - Ocupações Artísticas no Museu Capixaba do Negro MUCANE,reencontros ocupacoes artisticas no museu capixaba do negro mucane,Jupter Produção Cultural Capixaba,jupter producao cultural capixaba,499999.15,499999.15,499999.15,499999.15,False,concluido,,Vitória,Vitória,Vitória,3205309,1,,,False,um_municipio,Vitória,3205309.0,False,,https://secult.es.gov.br/lista-de-projetos-habilitados,20,41
325,2023,2023-VSJGD,2023,Natureza Despertada,natureza despertada,Global Village Creative E Executive Produtora Ltda,global village creative e executive produtora,395000.0,395000.0,395000.0,395000.0,False,captacao_expirada,,Colatina; João Neiva; Pancas; Alegre; Cachoeiro; Guaçuí; região do caparaó,Colatina; João Neiva; Pancas; Alegre; Cachoeiro; Guaçuí; região do caparaó,João Neiva; Cachoeiro de Itapemirim; Colatina; Alegre; Guaçuí; Pancas,3203130;3201209;3201506;3200201;3202306;3204005,6,,regiao do caparao (região (não município)),False,varios_municipios,,,False,,https://secult.es.gov.br/lista-de-projetos-habilitados,20,42
326,2023,2022-H0SNV,2022,BRAVOS - A Vila do Fim do Mundo,bravos a vila do fim do mundo,Global Village Creative E Executive Produtora Ltda,global village creative e executive produtora,419181.43,419181.43,419181.43,419181.43,False,em_execucao,,Vitória,Vitória,Vitória,3205309,1,,,False,um_municipio,Vitória,3205309.0,False,,https://secult.es.gov.br/lista-de-projetos-habilitados,20,43
327,2023,2023-G9CPF,2023,Circulação do Espetáculo “Fuscalhaço”,circulacao do espetaculo fuscalhaco,Árvore Casa das Artes,arvore casa das artes,349745.99,349745.99,349745.99,349745.99,False,concluido,,Marechal Floriano; Santa Teresa; Aracruz; João Neiva; Linhares; Anchieta,Marechal Floriano; Santa Teresa; Aracruz; João Neiva; Linhares; Anchieta,Marechal Floriano; Santa Teresa; João Neiva; Anchieta; Linhares; Aracruz,3203346;3204609;3203130;3200409;3203205;3200607,6,,,False,varios_municipios,,,False,,https://secult.es.gov.br/lista-de-projetos-habilitados,20,44
328,2023,2023-RVPM7,2023,Núcleo De Formação Musical Em Sanfona E Viola De São Pedro Do Itabapoana,nucleo de formacao musical em sanfona e viola de sao pedro do itabapoana,Associação Dos Moradores Da Comunidade De São Pedro Do Itabapoana,associacao dos moradores da comunidade de sao pedro do itabapoana,380471.68,380471.68,380471.68,380471.68,False,concluido,,Mimoso do Sul,Mimoso do Sul,Mimoso do Sul,3203403,1,,,False,um_municipio,Mimoso do Sul,3203403.0,False,,https://secult.es.gov.br/lista-de-projetos-habilitados,20,45
329,2023,2023-6MBHB,2023,"Tratamento Técnico do Acervo Gráfico Editorial do Jornal Correio Popular de Cariacica/ES: Inventário, Conservação e Digitalização",tratamento tecnico do acervo grafico editorial do jornal correio popular de cariacica es inventario conservacao e digitalizacao,Instituto de Pesquisa e Documentação Cariaciquense,instituto de pesquisa e documentacao cariaciquense,499855.55,499855.55,499855.55,499855.55,False,em_execucao,,Cariacica,Cariacica,Cariacica,3201308,1,,,False,um_municipio,Cariacica,3201308.0,False,,https://secult.es.gov.br/lista-de-projetos-habilitados,20,46
330,2023,2023-BLDNJ,2023,Mais Cultura Nas Escolas 2ª Edição,mais cultura nas escolas 2a edicao,"Es Práticas Corporais, Culturais, Esportivas E De Saúde Ltda",es praticas corporais culturais esportivas e de saude,373361.6,373361.6,373361.6,373361.6,False,concluido,,Vitória; Cariacica,Vitória; Cariacica,Cariacica; Vitória,3201308;3205309,2,,,False,varios_municipios,,,False,,https://secult.es.gov.br/lista-de-projetos-habilitados,20,47
331,2023,2023-RC4LK,2023,Jose Carlos Vilar. Precisão e suavidade,jose carlos vilar precisao e suavidade,Instituto Modus Vivendi,instituto modus vivendi,490437.23,490437.23,490437.23,490437.23,False,concluido,,Vitória,Vitória,Vitória,3205309,1,,,False,um_municipio,Vitória,3205309.0,False,,https://secult.es.gov.br/lista-de-projetos-habilitados,20,48
332,2023,2022-G4S2Z,2022,Dançando para não Dançar,dancando para nao dancar,Luciano Dos Santos Coelho 11036601790,luciano dos santos coelho,68056.0,68056.0,68056.0,68056.0,False,captacao_expirada,,Serra,Serra,Serra,3205002,1,,,False,um_municipio,Serra,3205002.0,False,,https://secult.es.gov.br/lista-de-projetos-habilitados,20,49
333,2023,2022-XLQ1B,2022,A Trupe Barroca: Uma Nova Mùsica Antiga 2024,a trupe barroca uma nova musica antiga 2024,WS Projetos Criatrivos LTDA,ws projetos criativos,494381.9,494381.9,494381.9,494381.9,False,concluido,,Vitória; Vila Velha; Colatina,Vitória; Vila Velha; Colatina,Vila Velha; Colatina; Vitória,3205200;3201506;3205309,3,,,False,varios_municipios,,,False,,https://secult.es.gov.br/lista-de-projetos-habilitados,20,50
334,2023,2023-08G7S,2023,V De Recreio em Recreio,v de recreio em recreio,Brenda Caetano Perim 16320342714,brenda caetano perim,125296.69,125296.69,125296.69,125296.69,False,captacao_expirada,,Cachoeiro de Itapemirim,Cachoeiro de Itapemirim,Cachoeiro de Itapemirim,3201209,1,,,False,um_municipio,Cachoeiro de Itapemirim,3201209.0,False,,https://secult.es.gov.br/lista-de-projetos-habilitados,21,51
335,2023,2023-PMCBV,2023,"""Caravana Pé na Estrada"" - 5ª Edição",caravana pe na estrada 5a edicao,João Paulo Stein Loureiro 11705821766,joao paulo stein loureiro,47200.0,47200.0,47200.0,47200.0,False,captacao_expirada,,Itapemirim,Itapemirim,Itapemirim,3202801,1,,,False,um_municipio,Itapemirim,3202801.0,False,,https://secult.es.gov.br/lista-de-projetos-habilitados,21,52
336,2023,2023-K1BQH,2023,Tornando Ideias Realidade,tornando ideias realidade,Alpha Empreendimentos Ltda - Galpão De Ideias,alpha empreendimentos,390000.0,390000.0,390000.0,390000.0,False,em_execucao,,São Mateus,São Mateus,São Mateus,3204906,1,,,False,um_municipio,São Mateus,3204906.0,False,,https://secult.es.gov.br/lista-de-projetos-habilitados,21,53
337,2023,2023-GJ366,2023,Samba Que Eu Quero Ver - Mostra Cultural de Bamba,samba que eu quero ver mostra cultural de bamba,Expurgação Filmes e Produções Artísticas LTDA,expurgacao filmes e producoes artisticas,500000.0,900000.0,500000.0,900000.0,False,concluido,,Vitória,Vitória,Vitória,3205309,1,,,False,um_municipio,Vitória,3205309.0,False,,https://secult.es.gov.br/lista-de-projetos-habilitados,21,54
338,2023,2023-MJHMK,2023,Festival Novos Cantores - 2ª Edição,festival novos cantores 2a edicao,Medusa Estudio E Producoes LTDA,medusa estudio e producoes,476619.0,476619.0,476619.0,476619.0,False,concluido,,Vila Velha,Vila Velha,Vila Velha,3205200,1,,,False,um_municipio,Vila Velha,3205200.0,False,,https://secult.es.gov.br/lista-de-projetos-habilitados,21,55
339,2023,2022-7C0QL,2022,"Festival de Arte Contemporânea - Futuros Imaginados, presentes possíveis.",festival de arte contemporanea futuros imaginados presentes possiveis,Claraboia Imagem e Comunicação LTDA,claraboia imagem e comunicacao,485475.96,485475.96,485475.96,485475.96,False,captacao_expirada,,Vitória,Vitória,Vitória,3205309,1,,,False,um_municipio,Vitória,3205309.0,False,,https://secult.es.gov.br/lista-de-projetos-habilitados,21,56
340,2023,2022-W21MB,2022,Programa de Residência do Mosteiro Zen Morro da Vargem 2023.,programa de residencia do mosteiro zen morro da vargem 2023,MOSTEIRO ZEN MORRO DA VARGEM- MZMV,mosteiro zen morro da vargem mzmv,499955.2,499955.2,499955.2,499955.2,False,em_execucao,,Ibiraçu,Ibiraçu,Ibiraçu,3202504,1,,,False,um_municipio,Ibiraçu,3202504.0,False,,https://secult.es.gov.br/lista-de-projetos-habilitados,21,57
341,2023,2023-KTH9X,2023,Coral ArcelorMittal 2023,coral arcelormittal 2023,MM PROJETOS CULTURAIS,mm projetos culturais,500000.0,500000.0,500000.0,500000.0,False,concluido,,Vitória,Vitória,Vitória,3205309,1,,,False,um_municipio,Vitória,3205309.0,False,,https://secult.es.gov.br/lista-de-projetos-habilitados,21,58
342,2023,2023-R3WJX,2023,"MOINHO VITÓRIA: Remoção, Restauro e Reinstalação",moinho vitoria remocao restauro e reinstalacao,Escritório de Arte Celso Adolfo LTDA,escritorio de arte celso adolfo,122241.66,122241.66,122241.66,122241.66,False,em_execucao,,Vila Velha,Vila Velha,Vila Velha,3205200,1,,,False,um_municipio,Vila Velha,3205200.0,False,,https://secult.es.gov.br/lista-de-projetos-habilitados,21,59
343,2023,2023-99NV8,2023,FESTIVAL OYÁ,festival oya,RAQUEL WANDERLEY DO AMARAL 08732225717,raquel wanderley do amaral,159745.74,159745.74,159745.74,159745.74,False,captacao_expirada,,Vitória,Vitória,Vitória,3205309,1,,,False,um_municipio,Vitória,3205309.0,False,,https://secult.es.gov.br/lista-de-projetos-habilitados,21,60
344,2023,2022-M8QTV,2022,Araçá-una: ciclos de cocriação,araca una ciclos de cocriacao,Projetos e Comunicação em Rede LTDA,projetos e comunicacao em rede,473419.46,473419.46,473419.46,473419.46,False,captacao_expirada,,Aracruz,Aracruz,Aracruz,3200607,1,,,False,um_municipio,Aracruz,3200607.0,False,,https://secult.es.gov.br/lista-de-projetos-habilitados,21,61
345,2023,2022-KWQZJ,2022,Literomusical Ambiental Alman’arte: artes em biocomposição,literomusical ambiental alman arte artes em biocomposicao,Grupo Moxuara Produções Artísticas LTDA - ME,grupo moxuara producoes artisticas,234894.0,234894.0,234894.0,234894.0,False,captacao_expirada,,Castelo; Domingos Martins; Cariacica,Castelo; Domingos Martins; Cariacica,Domingos Martins; Cariacica; Castelo,3201902;3201308;3201407,3,,,False,varios_municipios,,,False,,https://secult.es.gov.br/lista-de-projetos-habilitados,21,62
346,2023,2022-H1FMV,2022,Pacifista,pacifista,YAGO FIGUEIRA COSTA 14316324730,yago figueira costa,160000.0,160000.0,160000.0,160000.0,False,captacao_expirada,,Vitória,Vitória,Vitória,3205309,1,,,False,um_municipio,Vitória,3205309.0,False,,https://secult.es.gov.br/lista-de-projetos-habilitados,21,63
347,2023,2022-VVS3B,2022,Residência Artística - Flávia Dalla Bernardina,residencia artistica flavia dalla bernardina,Global Village Creative E Executive Produtora Ltda,global village creative e executive produtora,58116.0,58116.0,58116.0,58116.0,False,concluido,,Vitória; Nova York - NY/EUA,Vitória; Nova York - NY/EUA,Vitória,3205309,1,Nova York - NY/EUA,,False,um_municipio_mais_outros_locais,,,False,,https://secult.es.gov.br/lista-de-projetos-habilitados,22,64
348,2023,2022-MH58P,2022,A Máquina Do Tempo Musical,a maquina do tempo musical,Leonardo Gonçalves Pereira 05282638703,leonardo goncalves pereira,161667.28,161667.28,161667.28,161667.28,False,captacao_expirada,,Vitória; Serra; Cariacica; Vila Velha; Viana; Guarapari,Vitória; Serra; Cariacica; Vila Velha; Viana; Guarapari,Vila Velha; Cariacica; Guarapari; Vitória; Serra; Viana,3205200;3201308;3202405;3205309;3205002;3205101,6,,,False,varios_municipios,,,False,,https://secult.es.gov.br/lista-de-projetos-habilitados,22,65
349,2023,2022-6C05R,2022,A Bela e a Fera,a bela e a fera,Mover-se Cia. de Dança,mover se cia de danca,489429.7,489429.7,489429.7,489429.7,False,captacao_expirada,,Vitória,Vitória,Vitória,3205309,1,,,False,um_municipio,Vitória,3205309.0,False,,https://secult.es.gov.br/lista-de-projetos-habilitados,22,66
350,2023,2022-CBTLT,2022,Super Macakids unidos pelo meio ambiente!,super macakids unidos pelo meio ambiente,Macakids Comercio E Servicos Infantis Eireli,macakids comercio e servicos infantis,500000.0,500000.0,500000.0,500000.0,False,captacao_expirada,,Vitória; Serra; Vila Velha,Vitória; Serra; Vila Velha,Vila Velha; Vitória; Serra,3205200;3205309;3205002,3,,,False,varios_municipios,,,False,,https://secult.es.gov.br/lista-de-projetos-habilitados,22,67
351,2023,2022-DVCCG,2022,Arte e ambiente inteiro,arte e ambiente inteiro,Editora Maré,editora mare,369853.99,369853.99,369853.99,369853.99,False,captacao_expirada,,Vitória,Vitória,Vitória,3205309,1,,,False,um_municipio,Vitória,3205309.0,False,,https://secult.es.gov.br/lista-de-projetos-habilitados,22,68
352,2023,2022-NLCS2,2022,"Construir, Tocar e Cantar para Transformar",construir tocar e cantar para transformar,Centro Cultural Araça,centro cultural araca,499841.9,499841.9,499841.9,499841.9,False,concluido,,São Mateus,São Mateus,São Mateus,3204906,1,,,False,um_municipio,São Mateus,3204906.0,False,,https://secult.es.gov.br/lista-de-projetos-habilitados,22,69
353,2023,2022-HC6PC,2022,REVOADA-CIRCULAÇÃO DO ESPETÁCULO DE RUA PASSARINHEIROS,revoada circulacao do espetaculo de rua passarinheiros,REPERTÓRIO ARTES CÊNICAS LTDA,repertorio artes cenicas,289991.61,289991.61,289991.61,289991.61,False,captacao_expirada,,Vila Velha; Cariacica; Serra; Vitória; Aracruz; São Mateus; Guarapari; Linhares; Colatina; Cachoeiro de Itapemirim e,Vila Velha; Cariacica; Serra; Vitória; Aracruz; São Mateus; Guarapari; Linhares; Colatina; Cachoeiro de Itapemirim e,Cachoeiro de Itapemirim; São Mateus; Vila Velha; Cariacica; Guarapari; Colatina; Linhares; Aracruz; Vitória; Serra,3201209;3204906;3205200;3201308;3202405;3201506;3203205;3200607;3205309;3205002,10,,,False,varios_municipios,,,False,,https://secult.es.gov.br/lista-de-projetos-habilitados,22,70
354,2023,2022-0SN3K,2022,Cinema de Griô,cinema de grio,"Instituto de Desenvolvimento Social e Gestão de Produção Cultural, Artística e Audiovisual - Marlin Azul",instituto de desenvolvimento social e gestao de producao cultural artistica e audiovisual marlin azul,499937.0,499937.0,499937.0,499937.0,False,captacao_expirada,,Aracruz Vitória,Aracruz Vitória,Aracruz; Vitória,3200607;3205309,2,,,False,varios_municipios,,,False,,https://secult.es.gov.br/lista-de-projetos-habilitados,22,71
355,2023,2022-BDWKG,2022,Folclórica,folclorica,Fábulas Negras Produções Artísticas Ltda. ME,fabulas negras producoes artisticas,499995.0,499995.0,499995.0,499995.0,False,captacao_expirada,,Guarapari,Guarapari,Guarapari,3202405,1,,,False,um_municipio,Guarapari,3202405.0,False,,https://secult.es.gov.br/lista-de-projetos-habilitados,22,72
356,2023,2023-JXCJ3,2023,CAPPITELLA – FESTA DO CAPPELLETTI E DA TAGLIATELLA 2023,cappitella festa do cappelletti e da tagliatella 2023,ASSOCIAÇÃO FESTA DA CAPPITELLA - AFECAPI,associacao festa da cappitella afecapi,500000.0,1028150.0,500000.0,1028150.0,False,concluido,,Nova Venécia,Nova Venécia,Nova Venécia,3203908,1,,,False,um_municipio,Nova Venécia,3203908.0,False,,https://secult.es.gov.br/lista-de-projetos-habilitados,22,73
357,2023,2023-Z3J6P,2023,JAZZ VITÓRIA FESTIVAL,jazz vitoria festival,ROTA SERVICE LTDA,rota service,500000.0,700000.0,500000.0,700000.0,False,concluido,,Vitória,Vitória,Vitória,3205309,1,,,False,um_municipio,Vitória,3205309.0,False,,https://secult.es.gov.br/lista-de-projetos-habilitados,22,74
358,2023,2022-6XZW4,2022,The Hidden,the hidden,MANSUR E MENDONCA FASHION & DESIGN COMPANY LTDA,mansur e mendonca fashion design company,488635.01,488635.01,488635.01,488635.01,False,captacao_expirada,,Vila Velha,Vila Velha,Vila Velha,3205200,1,,,False,um_municipio,Vila Velha,3205200.0,False,,https://secult.es.gov.br/lista-de-projetos-habilitados,22,75
359,2023,2022-FJR20,2022,Festival MC 2023 {Mostra Cena Capixaba Ciclo nº 2,festival mc 2023 mostra cena capixaba ciclo no 2,Puri Producoes E Eventos LTDA,puri producoes e eventos,499808.74,1340081.44,499808.74,1340081.44,False,concluido,,Vitória,Vitória,Vitória,3205309,1,,,False,um_municipio,Vitória,3205309.0,False,,https://secult.es.gov.br/lista-de-projetos-habilitados,22,76
360,2023,2023-5F2QL,2023,95a. Festa de São Pedro - edição 2023,95a festa de sao pedro edicao 2023,Colônia de Pescadores e Aquicultores Z-5 Maria Ortiz,colonia de pescadores e aquicultores z 5 maria ortiz,317231.0,840000.0,317231.0,840000.0,False,concluido,,Vitória,Vitória,Vitória,3205309,1,,,False,um_municipio,Vitória,3205309.0,False,,https://secult.es.gov.br/lista-de-projetos-habilitados,22,77
361,2023,2022-CR61F,2022,Projeto Maestro Max Carvalho,projeto maestro max carvalho,MAX C. CARVALHO MUSIC,max c carvalho music,162000.0,162000.0,162000.0,162000.0,False,concluido,,Cariacica; Espanha,Cariacica; Espanha,Cariacica,3201308,1,Espanha,,False,um_municipio_mais_outros_locais,,,False,,https://secult.es.gov.br/lista-de-projetos-habilitados,22,78
362,2023,2022-ZZBV5,2022,Centro Cultural Projeto Caiman,centro cultural projeto caiman,Instituto Marcos Daniel,instituto marcos daniel,413820.84,413820.84,413820.84,413820.84,False,concluido,,Serra,Serra,Serra,3205002,1,,,False,um_municipio,Serra,3205002.0,False,,https://secult.es.gov.br/lista-de-projetos-habilitados,22,79
363,2023,2022-HH970,2022,"Encantando Pessoas, Celebrando A Natureza",encantando pessoas celebrando a natureza,Porto E Stein Produções LTDA-ME,porto e stein producoes,316411.12,316411.12,316411.12,316411.12,False,concluido,,Vitória; Guarapari; Cariacica; Linhares; Marechal,Vitória; Guarapari; Cariacica; Linhares; Marechal Floriano,Marechal Floriano; Cariacica; Guarapari; Linhares; Vitória,3203346;3201308;3202405;3203205;3205309,5,,,False,varios_municipios,,,True,"transbordo 2022-HH970->2023-MZ120 ('Marechal'+'Floriano'='Marechal Floriano', papel A); ",https://secult.es.gov.br/lista-de-projetos-habilitados,22,80
364,2023,2023-MZ120,2023,Festival Internacional De Jazz E Bossa De Santa Teresa - Santajazz - 10ª Edição,festival internacional de jazz e bossa de santa teresa santajazz 10a edicao,Rota Service Ltda,rota service,500000.0,700000.0,500000.0,700000.0,False,concluido,,Floriano Santa Teresa,Santa Teresa,Santa Teresa,3204609,1,,,False,um_municipio,Santa Teresa,3204609.0,True,"transbordo 2022-HH970->2023-MZ120 ('Marechal'+'Floriano'='Marechal Floriano', papel B); ",https://secult.es.gov.br/lista-de-projetos-habilitados,22,81
365,2023,2022-CD23H,2022,Cinema é Coisa Séria,cinema e coisa seria,Viana Projetos Culturais LTDA,viana projetos culturais,499961.86,499961.86,499961.86,499961.86,False,concluido,,Vitória; Vila Velhae Serra,Vitória; Vila Velhae Serra,Vila Velha; Vitória; Serra,3205200;3205309;3205002,3,,,False,varios_municipios,,,False,,https://secult.es.gov.br/lista-de-projetos-habilitados,22,82
366,2023,2022-GHF1N,2022,Olha Pro Céu Meu Amor,olha pro ceu meu amor,Fabrício De Jesus Santos 13081898773,fabricio de jesus santos,161076.8,161076.8,161076.8,161076.8,False,captacao_expirada,,Mucurici; Ponto Belo; Montanha; Pinheiros; Santa Maria de Jetibá; Itaguaçu; Vila,Mucurici; Ponto Belo; Montanha; Pinheiros; Santa Maria de Jetibá; Itaguaçu; Vila Pavão,Santa Maria de Jetibá; Ponto Belo; Vila Pavão; Pinheiros; Itaguaçu; Montanha; Mucurici,3204559;3204252;3205150;3204104;3202702;3203502;3203601,7,,,False,varios_municipios,,,True,"transbordo 2022-GHF1N->2022-8S91R ('Vila'+'Pavão'='Vila Pavão', papel A); ",https://secult.es.gov.br/lista-de-projetos-habilitados,23,83
367,2023,2022-8S91R,2022,Marien Calixte Jazz Music Festival - 4a. Edição,marien calixte jazz music festival 4a edicao,Daniel Goncalves Morelo ME,daniel goncalves morelo,499984.86,795984.86,499984.86,795984.86,False,concluido,,Pavão; Muqui. Vitória; Vila Velha,Muqui. Vitória; Vila Velha,Vila Velha; Vitória; Muqui,3205200;3205309;3203809,3,,,False,varios_municipios,,,True,"transbordo 2022-GHF1N->2022-8S91R ('Vila'+'Pavão'='Vila Pavão', papel B); ",https://secult.es.gov.br/lista-de-projetos-habilitados,23,84
368,2023,2022-R4K8H,2022,Memórias do Quilombo Monte Alegre,memorias do quilombo monte alegre,Associação de Salvaguarda do Patrimônio Imaterial Cachoeirense,associacao de salvaguarda do patrimonio imaterial cachoeirense,304173.94,304173.94,304173.94,304173.94,False,concluido,,Cachoeiro de Itapemirim,Cachoeiro de Itapemirim,Cachoeiro de Itapemirim,3201209,1,,,False,um_municipio,Cachoeiro de Itapemirim,3201209.0,False,,https://secult.es.gov.br/lista-de-projetos-habilitados,23,85
369,2023,2023-LGC1J,2023,25o Festival de Inverno da Sanfona e da Viola de São Pedro do Itabapoana,25o festival de inverno da sanfona e da viola de sao pedro do itabapoana,Associação dos Moradores da Comunidade de São Pedro do Itabapoana,associacao dos moradores da comunidade de sao pedro do itabapoana,500000.0,1143000.0,500000.0,1143000.0,False,concluido,,Mimoso do Sul,Mimoso do Sul,Mimoso do Sul,3203403,1,,,False,um_municipio,Mimoso do Sul,3203403.0,False,,https://secult.es.gov.br/lista-de-projetos-habilitados,23,86
370,2023,2022-S4TPC,2022,Fabricação e Musicalização da Flauta Transversal,fabricacao e musicalizacao da flauta transversal,Marcos Alberto Penitenti Neto 13877278779,marcos alberto penitenti neto,118307.5,118307.5,118307.5,118307.5,False,captacao_expirada,,Colatina,Colatina,Colatina,3201506,1,,,False,um_municipio,Colatina,3201506.0,False,,https://secult.es.gov.br/lista-de-projetos-habilitados,23,87
371,2023,2022-1557P,2022,CineMarias Mulheres Protagonistas - 2023,cinemarias mulheres protagonistas 2023,Puri Produções e Eventos LTDA,puri producoes e eventos,500000.0,500000.0,500000.0,500000.0,False,concluido,,Vitória,Vitória,Vitória,3205309,1,,,False,um_municipio,Vitória,3205309.0,False,,https://secult.es.gov.br/lista-de-projetos-habilitados,23,88
372,2023,2022-40RJ2,2022,Modernização museológica do Museu Aberto das Tartarugas Marinhas da Fundação Projeto Tamar em Vitória/ES,modernizacao museologica do museu aberto das tartarugas marinhas da fundacao projeto tamar em vitoria es,Fundação Centro Brasileiro De Proteção E Pesquisa Das Tartarugas Marinhas,fundacao centro brasileiro de protecao e pesquisa das tartarugas marinhas,700000.0,700000.0,700000.0,700000.0,False,concluido,,Vitória,Vitória,Vitória,3205309,1,,,False,um_municipio,Vitória,3205309.0,False,,https://secult.es.gov.br/lista-de-projetos-habilitados,23,89
373,2023,2022-JTL99,2022,Mostra Comemorativa 30 Anos do Festival de Cinema de Vitória,mostra comemorativa 30 anos do festival de cinema de vitoria,Instituto Brasil de Cultura e Arte - IBCA,instituto brasil de cultura e arte ibca,500000.0,1545540.04,500000.0,1545540.04,False,captacao_expirada,,Vitória,Vitória,Vitória,3205309,1,,,False,um_municipio,Vitória,3205309.0,False,,https://secult.es.gov.br/lista-de-projetos-habilitados,23,90
374,2023,2022-WT5FZ,2022,Caravana Combiousa - Expedição Monte Aghá,caravana combiousa expedicao monte agha,Saulo Ribeiro Amorim 07041380777,saulo ribeiro amorim,237047.39,240962.39,237047.39,240962.39,False,concluido,,Vitória; Piúma,Vitória; Piúma,Vitória; Piúma,3205309;3204203,2,,,False,varios_municipios,,,False,,https://secult.es.gov.br/lista-de-projetos-habilitados,23,91
375,2023,2022-8KN40,2022,Vozes Plurais,vozes plurais,CINE TEATRO RIBALTA LTDA,cine teatro ribalta,464399.64,464399.64,464399.64,464399.64,False,captacao_expirada,,Vitória,Vitória,Vitória,3205309,1,,,False,um_municipio,Vitória,3205309.0,False,,https://secult.es.gov.br/lista-de-projetos-habilitados,23,92
376,2023,2022-QNZ17,2022,"Nano Viana, 20 anos",nano viana 20 anos,Expurgação Filmes e Produções Artísticas LTDA,expurgacao filmes e producoes artisticas,249999.95,249999.95,249999.95,249999.95,False,concluido,,Vitória,Vitória,Vitória,3205309,1,,,False,um_municipio,Vitória,3205309.0,False,,https://secult.es.gov.br/lista-de-projetos-habilitados,23,93
377,2023,2022-T58GX,2022,RUBEM BRAGA - A VIDA EM VOZ ALTA - Circulação pelo ES,rubem braga a vida em voz alta circulacao pelo es,WB PRODUCOES ARTISTICAS E CULTURAIS LTDA.ORG,wb producoes artisticas e culturais,419650.0,419650.0,419650.0,419650.0,False,concluido,,Vitória; Colatina; Viana; Guaçuí; Cachoeiro de Itapemirim; São Mateus; Serra,Vitória; Colatina; Viana; Guaçuí; Cachoeiro de Itapemirim; São Mateus; Serra,Cachoeiro de Itapemirim; São Mateus; Colatina; Vitória; Guaçuí; Serra; Viana,3201209;3204906;3201506;3205309;3202306;3205002;3205101,7,,,False,varios_municipios,,,False,,https://secult.es.gov.br/lista-de-projetos-habilitados,23,94
378,2023,2022-HZM71,2022,Origraffes (Original Graffiti Espírito Santo),origraffes original graffiti espirito santo,Starley Bonfim Silva LTDA,starley bonfim silva,,,,,False,concluido,,Serra,Serra,Serra,3205002,1,,,False,um_municipio,Serra,3205002.0,False,,https://secult.es.gov.br/lista-de-projetos-habilitados,23,95
379,2023,2022-PS1Q5,2022,Crias.Lab 2023,crias lab 2023,Puri Produções E Eventos LTDA,puri producoes e eventos,500000.0,901600.0,500000.0,901600.0,False,concluido,,Cariacica,Cariacica,Cariacica,3201308,1,,,False,um_municipio,Cariacica,3201308.0,False,,https://secult.es.gov.br/lista-de-projetos-habilitados,23,96
380,2023,2022-MH6GF,2022,Do Barroco a Jobim - Uma Viagem pela Música,do barroco a jobim uma viagem pela musica,Dennys Batista Serafim 11814243720,dennys batista serafim,161925.36,161925.36,161925.36,161925.36,False,captacao_expirada,,Santa Teresa; Colatina; Santa Maria do Jetibá; João Neiva; Santa,Santa Teresa; Colatina; Santa Maria do Jetibá; João Neiva; Santa Teresa,Santa Maria de Jetibá; Santa Teresa; João Neiva; Colatina,3204559;3204609;3203130;3201506,4,,,False,varios_municipios,,,True,"transbordo 2022-MH6GF->2022-61S2R ('Santa'+'Teresa'='Santa Teresa', papel A); ",https://secult.es.gov.br/lista-de-projetos-habilitados,23,97
381,2023,2022-61S2R,2022,FECSTA -6 - Festival De Cinema De Santa Teresa,fecsta 6 festival de cinema de santa teresa,Satírica Filmes Produções LTDA,satirica filmes producoes,494479.0,744479.0,494479.0,744479.0,False,concluido,,Teresa Vitória; Santa Teresa,Vitória; Santa Teresa,Santa Teresa; Vitória,3204609;3205309,2,,,False,varios_municipios,,,True,"transbordo 2022-MH6GF->2022-61S2R ('Santa'+'Teresa'='Santa Teresa', papel B); ",https://secult.es.gov.br/lista-de-projetos-habilitados,23,98
382,2023,2023-PH2D3,2023,"Festa da Penha 2023 ""Com Maria, chamados a Servir""",festa da penha 2023 com maria chamados a servir,Associação dos Amigos do Convento de N. S. da Penha,associacao dos amigos do convento de n s da penha,500000.0,1307700.0,500000.0,1307700.0,False,concluido,,Vitória; Vila Velha; Cariacica,Vitória; Vila Velha; Cariacica,Vila Velha; Cariacica; Vitória,3205200;3201308;3205309,3,,,False,varios_municipios,,,False,,https://secult.es.gov.br/lista-de-projetos-habilitados,23,99
383,2023,2022-185J7,2022,Centro Cultural Luz Del Fuego,centro cultural luz del fuego,Marco Antonio Reis Da Silva 15147346724,marco antonio reis da silva,161983.12,161983.12,161983.12,161983.12,False,concluido,,Cachoeiro de Itapemirim,Cachoeiro de Itapemirim,Cachoeiro de Itapemirim,3201209,1,,,False,um_municipio,Cachoeiro de Itapemirim,3201209.0,False,,https://secult.es.gov.br/lista-de-projetos-habilitados,24,100
384,2023,2022-D7K3C,2022,Natal de Encantos - 2023,natal de encantos 2023,COES - Cia de Ópera do Espírito Santo,companhia de opera do espirito santo,500000.0,1253600.0,500000.0,1253600.0,False,concluido,,Vitória,Vitória,Vitória,3205309,1,,,False,um_municipio,Vitória,3205309.0,False,,https://secult.es.gov.br/lista-de-projetos-habilitados,24,101
385,2023,2022-5949M,2022,Põe Fermento No Menino Melequento,poe fermento no menino melequento,Porto E Stein Produções LTDA-ME,porto e stein producoes,154165.84,154165.84,154165.84,154165.84,False,captacao_expirada,,Vitória,Vitória,Vitória,3205309,1,,,False,um_municipio,Vitória,3205309.0,False,,https://secult.es.gov.br/lista-de-projetos-habilitados,24,102
386,2023,2022-DRBWG,2022,Raiar da Liberdade,raiar da liberdade,Associação de Salvaguarda do Patrimônio Imaterial Cachoeirense,associacao de salvaguarda do patrimonio imaterial cachoeirense,165866.0,165866.0,165866.0,165866.0,False,concluido,,Cachoeiro de Itapemirim,Cachoeiro de Itapemirim,Cachoeiro de Itapemirim,3201209,1,,,False,um_municipio,Cachoeiro de Itapemirim,3201209.0,False,,https://secult.es.gov.br/lista-de-projetos-habilitados,24,103
387,2023,2022-CC9TK,2022,Baile Voador: ressaca do carnaval 2023,baile voador ressaca do carnaval 2023,Sagui Produções E Eventos LTDA,sagui producoes e eventos,500000.0,500000.0,500000.0,500000.0,False,concluido,,Vitória,Vitória,Vitória,3205309,1,,,False,um_municipio,Vitória,3205309.0,False,,https://secult.es.gov.br/lista-de-projetos-habilitados,24,104
388,2023,2022-B0CCP,2022,Prêmio da Música Capixaba - 2a. Edição,premio da musica capixaba 2a edicao,Daniel Goncalves Morelo ME,daniel goncalves morelo,462598.0,462598.0,462598.0,462598.0,False,concluido,,Vitória,Vitória,Vitória,3205309,1,,,False,um_municipio,Vitória,3205309.0,False,,https://secult.es.gov.br/lista-de-projetos-habilitados,24,105
389,2023,2022-RTPHL,2022,Carnaval de Congo de Máscaras de Roda D’Água de Cariacica-2023,carnaval de congo de mascaras de roda d agua de cariacica 2023,Associação de Bandas de Congo de Cariacica - ABCC,associacao de bandas de congo de cariacica,470290.0,550640.0,470290.0,550640.0,False,concluido,,Cariacica,Cariacica,Cariacica,3201308,1,,,False,um_municipio,Cariacica,3201308.0,False,,https://secult.es.gov.br/lista-de-projetos-habilitados,24,106
390,2023,2022-7D9CX,2022,Encontro Das Pretas - 9a Edição,encontro das pretas 9a edicao,Instituto Das Pretas.Org,instituto das pretas,500000.0,500000.0,500000.0,500000.0,False,concluido,,Vila Velha Alegre; Apiacá,Vila Velha Alegre; Apiacá,Vila Velha; Alegre; Apiacá,3205200;3200201;3200508,3,,,False,varios_municipios,,,False,,https://secult.es.gov.br/lista-de-projetos-habilitados,24,107
391,2023,2022-8LMZ7,2022,Residência literária nas montanhas do Caparaó,residencia literaria nas montanhas do caparao,Danyel Ferreira Sueth 08636705711,danyel ferreira sueth,161622.55,161622.55,161622.55,161622.55,False,em_execucao,,Bom Jesus do Norte; Divino São Lourenço; Dores do Rio Preto; São José do Calçado; Guaçuí; Iúna,Bom Jesus do Norte; Divino São Lourenço; Dores do Rio Preto; São José do Calçado; Guaçuí; Iúna,São José do Calçado; Divino de São Lourenço; Bom Jesus do Norte; Dores do Rio Preto; Guaçuí; Iúna,3204807;3201803;3201100;3202009;3202306;3203007,6,,,False,varios_municipios,,,False,,https://secult.es.gov.br/lista-de-projetos-habilitados,24,108
392,2023,2022-92247,2022,"Jogo Digital: ""12 Anos no ES""",jogo digital 12 anos no es,Mito Games Ltda,mito games,484842.05,734290.05,484842.05,734290.05,False,concluido,,Ibatiba; Ibitirama; Irupi; Muniz Freire Vitória,Ibatiba; Ibitirama; Irupi; Muniz Freire Vitória,Muniz Freire; Ibitirama; Ibatiba; Vitória; Irupi,3203700;3202553;3202454;3205309;3202652,5,,,False,varios_municipios,,,False,,https://secult.es.gov.br/lista-de-projetos-habilitados,24,109
393,2023,2022-PKJ52,2022,Carnaval Cultural de Mimoso do Sul/ES - 2023,carnaval cultural de mimoso do sul es 2023,Associação Oficina da Vida - ONG,associacao oficina da vida ong,477512.0,477512.0,477512.0,477512.0,False,concluido,,Mimoso do Sul,Mimoso do Sul,Mimoso do Sul,3203403,1,,,False,um_municipio,Mimoso do Sul,3203403.0,False,,https://secult.es.gov.br/lista-de-projetos-habilitados,24,110
394,2023,2022-2ZKZG,2022,Carnaval Multicultural de Atílio Vivácqua/ES - 2023,carnaval multicultural de atilio vivacqua es 2023,Associação Oficina da Vida - ONG,associacao oficina da vida ong,366127.0,366127.0,366127.0,366127.0,False,concluido,,Atílio Vivácqua,Atílio Vivácqua,Atílio Vivácqua,3200706,1,,,False,um_municipio,Atílio Vivácqua,3200706.0,False,,https://secult.es.gov.br/lista-de-projetos-habilitados,24,111
395,2023,2022-CSTK7,2022,11° Festival de Música Erudita do Espírito Santo,11 festival de musica erudita do espirito santo,Companhia de Ópera do Espírito Santo,companhia de opera do espirito santo,440553.0,940553.0,440553.0,940553.0,False,captacao_expirada,,Vitória; Serra,Vitória; Serra,Vitória; Serra,3205309;3205002,2,,,False,varios_municipios,,,False,,https://secult.es.gov.br/lista-de-projetos-habilitados,24,112
396,2023,2022-B6CR0,2022,23º Festival Nacional de Teatro de Guaçuí,23o festival nacional de teatro de guacui,"Grupo Teatral Gota, Pó e Poeira",grupo teatral gota po e poeira,189202.0,189202.0,189202.0,189202.0,False,concluido,,Guaçuí,Guaçuí,Guaçuí,3202306,1,,,False,um_municipio,Guaçuí,3202306.0,False,,https://secult.es.gov.br/lista-de-projetos-habilitados,24,113
397,2023,2022-0GW77,2022,Do cheiro do café em flor,do cheiro do cafe em flor,De Repente o Rio Produções Cinematográficas e Artísticas LTDA,de repente o rio producoes cinematograficas e artisticas,500000.0,900000.0,500000.0,900000.0,False,captacao_expirada,,Alegre,Alegre,Alegre,3200201,1,,,False,um_municipio,Alegre,3200201.0,False,,https://secult.es.gov.br/lista-de-projetos-habilitados,24,114
398,2022,2022-1810C,2022,"Travessia - O parto à margem, no rio Piraquê-Açu",travessia o parto a margem no rio piraque acu,Karoline Delfino Felicio 09624076740,karoline delfino felicio,121811.34,121811.34,121811.34,121811.34,False,concluido,,Município Vitória; Aracruz; Serra,Município Vitória; Aracruz; Serra,Aracruz; Vitória; Serra,3200607;3205309;3205002,3,,,False,varios_municipios,,,False,,https://secult.es.gov.br/lista-de-projetos-habilitados,24,2
399,2022,2022-C4V42,2022,Algazarra Coral: formação vocal e responsabilidade social – ano 2023,algazarra coral formacao vocal e responsabilidade social ano 2023,Instituto Todos Os Cantos,instituto todos os cantos,368109.12,368109.12,368109.12,368109.12,False,concluido,,Vitória,Vitória,Vitória,3205309,1,,,False,um_municipio,Vitória,3205309.0,False,,https://secult.es.gov.br/lista-de-projetos-habilitados,24,3
400,2022,2022-Z2KZF,2022,A Fantástica Carpintaria,a fantastica carpintaria,Cidade Quintal Serviços de Design e Arte Urbana LTDA,cidade quintal servicos de design e arte urbana,115468.47,115468.47,115468.47,115468.47,False,concluido,,Vitória,Vitória,Vitória,3205309,1,,,False,um_municipio,Vitória,3205309.0,False,,https://secult.es.gov.br/lista-de-projetos-habilitados,24,4
401,2022,2022-19NNC,2022,Espetáculo Alice No País Das Maravilhas,espetaculo alice no pais das maravilhas,Academia Lenira Borges Ltda,academia lenira borges,107126.41,107126.41,107126.41,107126.41,False,concluido,,Vitória,Vitória,Vitória,3205309,1,,,False,um_municipio,Vitória,3205309.0,False,,https://secult.es.gov.br/lista-de-projetos-habilitados,24,5
402,2022,2022-9BD9G,2022,Sabor e Saber,sabor e saber,SYU EMPREENDEDORISMO S/A,syu empreendedorismo,468266.8,468266.8,468266.8,468266.8,False,concluido,,Vitória,Vitória,Vitória,3205309,1,,,False,um_municipio,Vitória,3205309.0,False,,https://secult.es.gov.br/lista-de-projetos-habilitados,24,6
403,2022,2022-JBZVN,2022,Carnaval Folclórico do Boi Pintadinho de Muqui/ES - 2023,carnaval folclorico do boi pintadinho de muqui es 2023,Região Sul Capixaba dos Vales e Café Convention & Visitours Bureau.,regiao sul capixaba dos vales e cafe convention visitors bureau,480712.0,480712.0,480712.0,480712.0,False,concluido,,Muqui Iúna; Ibitirama; Irupi; Divino São,Muqui Iúna; Ibitirama; Irupi; Divino de São Lourenço,Divino de São Lourenço; Ibitirama; Irupi; Muqui; Iúna,3201803;3202553;3202652;3203809;3203007,5,,,False,varios_municipios,,,True,"transbordo 2022-JBZVN->2022-83B3M ('Divino São'+'Lourenço'='Divino de São Lourenço', papel A); ",https://secult.es.gov.br/lista-de-projetos-habilitados,24,7
404,2022,2022-83B3M,2022,State of Coffee,state of coffee,Finordia Produções Culturais Ltda,finordia producoes culturais,465000.0,465000.0,465000.0,465000.0,False,concluido,,Lourenço; Jaguaré; Vila Valério; Sooretama; São Mateus; Conceição da Barra; Venda Nova do Imigrante; Castelo; Conceição do Castelo; Santa,Jaguaré; Vila Valério; Sooretama; São Mateus; Conceição da Barra; Venda Nova do Imigrante; Castelo; Conceição do Castelo; Santa Maria de Jetibá,Venda Nova do Imigrante; Santa Maria de Jetibá; Conceição do Castelo; Conceição da Barra; Vila Valério; São Mateus; Sooretama; Castelo; Jaguaré,3205069;3204559;3201704;3201605;3205176;3204906;3205010;3201407;3203056,9,,,False,varios_municipios,,,True,"transbordo 2022-JBZVN->2022-83B3M ('Divino São'+'Lourenço'='Divino de São Lourenço', papel B); transbordo 2022-83B3M->2022-220W3 ('Santa'+'Maria'='Santa Maria de Jetibá', papel A); ",https://secult.es.gov.br/lista-de-projetos-habilitados,24,8
405,2022,2022-220W3,2022,Águas Do Itapemirim,aguas do itapemirim,Institutos Últimos Refúgios,instituto ultimos refugios,478513.64,478513.64,478513.64,478513.64,False,concluido,,Maria; Santa Teresa; Domingos Vargem Alta; Martins; Castelo; Cachoeiro Brejetuba. de Itapemirim; Caparaó; Marataízes,Santa Teresa; Domingos Martins; Vargem Alta; Castelo; Cachoeiro de Itapemirim; Brejetuba; Caparaó; Marataízes,Cachoeiro de Itapemirim; Domingos Martins; Santa Teresa; Vargem Alta; Marataízes; Brejetuba; Castelo,3201209;3201902;3204609;3205036;3203320;3201159;3201407,7,,caparao (região do Caparaó (não há município do ES com esse nome; o homônimo é de MG)),False,varios_municipios,,,True,"transbordo 2022-83B3M->2022-220W3 ('Santa'+'Maria'='Santa Maria de Jetibá', papel B); reescrita: linhas intercaladas na célula: 'Domingos … Martins' e 'Cachoeiro … de Itapemirim' + 'Brejetuba'; ",https://secult.es.gov.br/lista-de-projetos-habilitados,24,9
406,2022,2022-64KD3,2022,8ª TendaLab,8a tendalab,Galpão Produções Artísticas e Culturais LTDA,galpao producoes artisticas e culturais,500000.0,500000.0,500000.0,500000.0,False,concluido,,Vila Velha; Vitória,Vila Velha; Vitória,Vila Velha; Vitória,3205200;3205309,2,,,False,varios_municipios,,,False,,https://secult.es.gov.br/lista-de-projetos-habilitados,24,10
407,2022,2022-XJ2XH,2022,Narrativas Periféricas,narrativas perifericas,Kf Trindade Economia Criativa,kf trindade economia criativa,361429.89,361429.89,361429.89,361429.89,False,concluido,,Vitória; Vila Velha; Cariacica; Linhares; Cachoeiro,Vitória; Vila Velha; Cariacica; Linhares; Cachoeiro,Vila Velha; Cariacica; Cachoeiro de Itapemirim; Linhares; Vitória,3205200;3201308;3201209;3203205;3205309,5,,,False,varios_municipios,,,False,,https://secult.es.gov.br/lista-de-projetos-habilitados,24,11
408,2022,2022-2LCF5,2022,O Fabuloso Mundo das Cores - Heidi Liebermann,o fabuloso mundo das cores heidi liebermann,Liebermann Projetos Criativos,liebermann projetos criativos,478957.18,478957.18,478957.18,478957.18,False,concluido,,Aracruz Vitória,Aracruz Vitória,Aracruz; Vitória,3200607;3205309,2,,,False,varios_municipios,,,False,,https://secult.es.gov.br/lista-de-projetos-habilitados,24,12
409,2022,2022-TNZCX,2022,11º FECIM - Festival de TV e Cinema de Muqui,11o fecim festival de tv e cinema de muqui,Associação Comercial E Empresarial de Muqui - Ace Muqui,associacao comercial e empresarial de muqui ace muqui,373868.0,373868.0,373868.0,373868.0,False,captacao_expirada,,Muqui,Muqui,Muqui,3203809,1,,,False,um_municipio,Muqui,3203809.0,False,,https://secult.es.gov.br/lista-de-projetos-habilitados,24,13
410,2022,2022-HD6BK,2022,Natal da Paz e do Bem,natal da paz e do bem,Liebermann Projetos Criativos,liebermann projetos criativos,225042.98,225042.98,225042.98,225042.98,False,concluido,,Vila Velha,Vila Velha,Vila Velha,3205200,1,,,False,um_municipio,Vila Velha,3205200.0,False,,https://secult.es.gov.br/lista-de-projetos-habilitados,24,14
411,2022,2022-1XWXJ,2022,Natal Iluminado 2022,natal iluminado 2022,Tribuna Publicidade LTDA,tribuna publicidade,353904.71,353904.71,353904.71,353904.71,False,captacao_expirada,,Vitória,Vitória,Vitória,3205309,1,,,False,um_municipio,Vitória,3205309.0,False,,https://secult.es.gov.br/lista-de-projetos-habilitados,24,15
412,2022,2022-65X12,2022,Livro “Baía das Tartarugas: Riqueza marinha na capital do Espírito Santo”,livro baia das tartarugas riqueza marinha na capital do espirito santo,Instituto Últimos Refúgios,instituto ultimos refugios,499311.04,499311.04,499311.04,499311.04,False,concluido,,Vitória,Vitória,Vitória,3205309,1,,,False,um_municipio,Vitória,3205309.0,False,,https://secult.es.gov.br/lista-de-projetos-habilitados,24,16
413,2022,2022-C89QH,2022,Herança Negra - Turnê no Espírito Santo,heranca negra turne no espirito santo,Jonathan da Silva Santos 08946637714,jonathan da silva santos,161993.0,161993.0,161993.0,161993.0,False,captacao_expirada,,Vitória; Vila Velha,Vitória; Vila Velha,Vila Velha; Vitória,3205200;3205309,2,,,False,varios_municipios,,,False,,https://secult.es.gov.br/lista-de-projetos-habilitados,24,17
414,2022,2022-NCX4M,2022,1ª Etapa do Museu do Mosteiro Zen.,1a etapa do museu do mosteiro zen,"Instituto Modus Vivendi de Desenvolvimento Social, Cultural e Ambiental",instituto modus vivendi,368043.02,368043.02,368043.02,368043.02,False,concluido,,Ibiraçu,Ibiraçu,Ibiraçu,3202504,1,,,False,um_municipio,Ibiraçu,3202504.0,False,,https://secult.es.gov.br/lista-de-projetos-habilitados,25,18
415,2022,2022-1MLZT,2022,Projeto Xapuri,projeto xapuri,Centro de Treinamento Esportivo Capixaba,centro de treinamento esportivo capixaba,473419.64,473419.64,473419.64,473419.64,False,concluido,,Guarapari,Guarapari,Guarapari,3202405,1,,,False,um_municipio,Guarapari,3202405.0,False,,https://secult.es.gov.br/lista-de-projetos-habilitados,25,19
416,2022,2022-HR8RT,2022,Remontagem Do Armazém Do Café De Santa Marta/Ibitirama Como Centro Cultural Multiverso Em Patrimônio Da Penha/ Divino De São Lourenço.,remontagem do armazem do cafe de santa marta ibitirama como centro cultural multiverso em patrimonio da penha divino de sao lourenco,Associação Permacultural Jacutinga do Caparaó,associacao permacultural jacutinga do caparao,415178.68,415178.68,415178.68,415178.68,False,captacao_expirada,,Divino de São Lourenço; Santa Marta; Ibitirama,Divino de São Lourenço; Santa Marta; Ibitirama,Divino de São Lourenço; Ibitirama,3201803;3202553,2,,,False,varios_municipios,,,False,,https://secult.es.gov.br/lista-de-projetos-habilitados,25,20
417,2022,2022-MFF4T,2022,"Manutenção do ensino musical gratuito para crianças, adolescentes e jovens da Escola Municipal Agrícola",manutencao do ensino musical gratuito para criancas adolescentes e jovens da escola municipal agricola,Paulo Henrique Falqueto Da Silva 09760676761,paulo henrique falqueto da silva,162000.0,162000.0,162000.0,162000.0,False,concluido,,Afonso Cláudio,Afonso Cláudio,Afonso Cláudio,3200102,1,,,False,um_municipio,Afonso Cláudio,3200102.0,False,,https://secult.es.gov.br/lista-de-projetos-habilitados,25,21
418,2022,2022-CP09H,2022,Ready to Rock,ready to rock,Instituto Viva Vida,instituto viva vida,408492.03,408492.03,408492.03,408492.03,False,concluido,,Vitória-ES; Vila Velha-ES; São Paulo,Vitória-ES; Vila Velha-ES; São Paulo,Vila Velha; Vitória,3205200;3205309,2,São Paulo,,False,varios_municipios,,,False,,https://secult.es.gov.br/lista-de-projetos-habilitados,25,22
419,2022,2022-05G2G,2022,Mostra Povoar,mostra povoar,Bule Estúdio Criativo Produções Artísticas LTDA,bule estudio criativo producoes artisticas,401222.92,401222.92,401222.92,401222.92,False,concluido,,São Mateus,São Mateus,São Mateus,3204906,1,,,False,um_municipio,São Mateus,3204906.0,False,,https://secult.es.gov.br/lista-de-projetos-habilitados,25,23
420,2022,2022-3Q613,2022,Formemus 2023,formemus 2023,Daniel Goncalves Morelo ME,daniel goncalves morelo,452500.0,732950.0,452500.0,732950.0,False,concluido,,Vitória,Vitória,Vitória,3205309,1,,,False,um_municipio,Vitória,3205309.0,False,,https://secult.es.gov.br/lista-de-projetos-habilitados,25,24
421,2022,2022-PC04X,2022,Latasha,latasha,Finordia Produções Culturais Ltda,finordia producoes culturais,450000.0,450000.0,450000.0,450000.0,False,captacao_expirada,,Vitória; Serra; Vila Velha,Vitória; Serra; Vila Velha,Vila Velha; Vitória; Serra,3205200;3205309;3205002,3,,,False,varios_municipios,,,False,,https://secult.es.gov.br/lista-de-projetos-habilitados,25,25
422,2022,2022-9NT8C,2022,"2o Festival De Caxambu De Pedra Branca 'Fé, Raça Em Um Só Coração”",2o festival de caxambu de pedra branca fe raca em um so coracao,Fábio Ravera Lyrio MEI,fabio ravera lyrio,162000.0,162000.0,162000.0,162000.0,False,concluido,,Vargem Alta; Castelo; Cachoeiro de Itapemirim; Caparaó e,Vargem Alta; Castelo; Cachoeiro de Itapemirim; Caparaó e,Cachoeiro de Itapemirim; Vargem Alta; Castelo,3201209;3205036;3201407,3,,caparao (região do Caparaó (não há município do ES com esse nome; o homônimo é de MG)),False,varios_municipios,,,False,,https://secult.es.gov.br/lista-de-projetos-habilitados,25,26
423,2022,2022-Z2R6J,2022,As Quatro Estações de Vivaldi,as quatro estacoes de vivaldi,Washington Luiz Sieleman Almeida 01995900796,washington luiz sieleman almeida,161997.98,161997.98,161997.98,161997.98,False,concluido,,Marataízes Vila Velha; Serra; Domingos Martins,Marataízes Vila Velha; Serra; Domingos Martins,Domingos Martins; Marataízes; Vila Velha; Serra,3201902;3203320;3205200;3205002,4,,,False,varios_municipios,,,False,,https://secult.es.gov.br/lista-de-projetos-habilitados,25,27
424,2022,2022-49MMM,2022,Moqueca Pop Festival,moqueca pop festival,Jupter Produção Cultural Capixaba,jupter producao cultural capixaba,314563.15,314563.15,314563.15,314563.15,False,concluido,,Cachoeiro de Itapemirim,Cachoeiro de Itapemirim,Cachoeiro de Itapemirim,3201209,1,,,False,um_municipio,Cachoeiro de Itapemirim,3201209.0,False,,https://secult.es.gov.br/lista-de-projetos-habilitados,25,28
425,2022,2022-W3TL3,2022,"Gravações, em Muqui, de cenas do filme ""De tanto amar""",gravacoes em muqui de cenas do filme de tanto amar,Região Sul Capixaba dos Vales e Café Convention & Visitours Bureau,regiao sul capixaba dos vales e cafe convention visitors bureau,500000.0,565000.0,500000.0,565000.0,False,captacao_expirada,,Muqui,Muqui,Muqui,3203809,1,,,False,um_municipio,Muqui,3203809.0,False,,https://secult.es.gov.br/lista-de-projetos-habilitados,25,29
426,2022,2022-9RVGV,2022,6ª edição Manguinhos Jazz & Blues Festival,6a edicao manguinhos jazz blues festival,Júlia Cabral Abreu Sodré 09498778752,julia cabral abreu sodre,500000.0,500000.0,500000.0,500000.0,False,concluido,,Serra,Serra,Serra,3205002,1,,,False,um_municipio,Serra,3205002.0,False,,https://secult.es.gov.br/lista-de-projetos-habilitados,25,30
427,2022,2022-0PP25,2022,5@ Sinfônica Igrejas Históricas Capixabas,5 sinfonica igrejas historicas capixabas,Programa de Promoção e Assistência Social,programa de promocao e assistencia social,299510.0,299510.0,299510.0,299510.0,False,concluido,,Vitória; Muqui; Castelo; Venda Nova; Domingos,Vitória; Muqui; Castelo; Venda Nova; Domingos Martins,Domingos Martins; Venda Nova do Imigrante; Castelo; Vitória; Muqui,3201902;3205069;3201407;3205309;3203809,5,,,False,varios_municipios,,,True,"transbordo 2022-0PP25->2022-KSSWD ('Domingos'+'Martins'='Domingos Martins', papel A); ",https://secult.es.gov.br/lista-de-projetos-habilitados,25,31
428,2022,2022-KSSWD,2022,Festival Nacional De Capoeira,festival nacional de capoeira,Ludmila Rodrigues Gramelisch,ludmila rodrigues gramelisch,158560.0,158560.0,158560.0,158560.0,False,concluido,,Martins; Alegre Cariacica,Alegre Cariacica,Cariacica; Alegre,3201308;3200201,2,,,False,varios_municipios,,,True,"transbordo 2022-0PP25->2022-KSSWD ('Domingos'+'Martins'='Domingos Martins', papel B); ",https://secult.es.gov.br/lista-de-projetos-habilitados,25,32
429,2022,2022-R4GNW,2022,72º Encontro Nacional de Folias de Reis – Muqui/ES,72o encontro nacional de folias de reis muqui es,Região Sul Capixaba dos Vales e Café Convention & Visitours Bureau;,regiao sul capixaba dos vales e cafe convention visitors bureau,311332.0,311332.0,311332.0,311332.0,False,concluido,,Muqui,Muqui,Muqui,3203809,1,,,False,um_municipio,Muqui,3203809.0,False,,https://secult.es.gov.br/lista-de-projetos-habilitados,25,33
430,2022,2022-1KLD7,2022,“E quem se importa?” - Distribuição e Comercialização de longa-metragem,e quem se importa distribuicao e comercializacao de longa metragem,Andaluz Producoes LTDA-ME,andaluz producoes,408881.87,408881.87,408881.87,408881.87,False,concluido,,Vitória,Vitória,Vitória,3205309,1,,,False,um_municipio,Vitória,3205309.0,False,,https://secult.es.gov.br/lista-de-projetos-habilitados,25,34
431,2022,2022-8VR5D,2022,"Festival Roda de Boteco, Colatina-ES",festival roda de boteco colatina es,Conexxo Servicos e Gestao de Eventos,conexxo servicos e gestao de eventos,473000.0,643950.0,473000.0,643950.0,False,concluido,,Colatina,Colatina,Colatina,3201506,1,,,False,um_municipio,Colatina,3201506.0,False,,https://secult.es.gov.br/lista-de-projetos-habilitados,25,35
432,2022,2022-BFTK4,2022,Escola de Música Tocando em Frente,escola de musica tocando em frente,Programa de Promoção e Assistência Social - Casa Verde,programa de promocao e assistencia social,200370.0,200370.0,200370.0,200370.0,False,concluido,,Cachoeiro de Itapemirim,Cachoeiro de Itapemirim,Cachoeiro de Itapemirim,3201209,1,,,False,um_municipio,Cachoeiro de Itapemirim,3201209.0,False,,https://secult.es.gov.br/lista-de-projetos-habilitados,25,36
433,2022,2022-82W8Z,2022,Orquestra Brasileira De Cantores Cegos,orquestra brasileira de cantores cegos,Associação Sociedade Cultura e Arte SOCA,associacao sociedade cultura e arte soca,492965.0,492965.0,492965.0,492965.0,False,concluido,,Vitória,Vitória,Vitória,3205309,1,,,False,um_municipio,Vitória,3205309.0,False,,https://secult.es.gov.br/lista-de-projetos-habilitados,25,37
434,2022,2022-2SR6P,2022,Websérie Palavra Negra - 3° Temporada,webserie palavra negra 3 temporada,Bule Estudio Criativo Produções Artísticas LTDA,bule estudio criativo producoes artisticas,224779.57,224779.57,224779.57,224779.57,False,captacao_expirada,,Vitória,Vitória,Vitória,3205309,1,,,False,um_municipio,Vitória,3205309.0,False,,https://secult.es.gov.br/lista-de-projetos-habilitados,25,38
435,2022,2022-6BDP7,2022,Vazante,vazante,Lúmen Produções Audiovisuais LTDA,lumen producoes audiovisuais,320000.0,320000.0,320000.0,320000.0,False,captacao_expirada,,Vitória,Vitória,Vitória,3205309,1,,,False,um_municipio,Vitória,3205309.0,False,,https://secult.es.gov.br/lista-de-projetos-habilitados,25,39
436,2022,2022-MVWBR,2022,Festival Nacional De Teatro De Cidade De Vitoria 18a Edição,festival nacional de teatro de cidade de vitoria 18a edicao,Associação Cultural Circense E Ambiental Uma Floresta,associacao cultural circense e ambiental uma floresta,487000.0,727000.0,487000.0,727000.0,False,concluido,,Vitória,Vitória,Vitória,3205309,1,,,False,um_municipio,Vitória,3205309.0,False,,https://secult.es.gov.br/lista-de-projetos-habilitados,25,40
437,2022,2022-20250,2022,“IV Festival Internacional De Violão Do Espírito Santo (FIVES) e V Concurso Latino-Americano De Violão Maurício De,iv festival internacional de violao do espirito santo fives e v concurso latino americano de violao mauricio de,Acordes Centro De Música E Artes Ltda,acordes centro de musica e artes,135178.09,135178.09,135178.09,135178.09,False,concluido,,Vitória,Vitória,Vitória,3205309,1,,,False,um_municipio,Vitória,3205309.0,False,,https://secult.es.gov.br/lista-de-projetos-habilitados,25,41
438,2022,2022-Q292N,2022,"Oliveira” “Nada Me Falta”, Videografia De Mulheres: Cegas, Surdas E Videntes-Ouvintes Em Interação",oliveira nada me falta videografia de mulheres cegas surdas e videntes ouvintes em interacao,Associação Sociedade Cultura E Arte Soca,associacao sociedade cultura e arte soca,321795.0,321795.0,321795.0,321795.0,False,concluido,,Vitória,Vitória,Vitória,3205309,1,,,False,um_municipio,Vitória,3205309.0,False,,https://secult.es.gov.br/lista-de-projetos-habilitados,25,42
439,2022,2022-LR2T1,2022,Vírgula,virgula,Porto e Stein Produções Ltda - ME,porto e stein producoes,114625.44,114625.44,114625.44,114625.44,False,concluido,,Vitória; Colatina; Castelo; Itaguaçu; Aracruz; Aracruz,Vitória; Colatina; Castelo; Itaguaçu; Aracruz; Aracruz,Colatina; Itaguaçu; Aracruz; Castelo; Vitória,3201506;3202702;3200607;3201407;3205309,5,,,False,varios_municipios,,,False,,https://secult.es.gov.br/lista-de-projetos-habilitados,25,43
440,2022,2022-67RVF,2022,Bekoo das Pretas Festival/Bkdp Festival,bekoo das pretas festival bkdp festival,Instituto das Pretas.Org,instituto das pretas,468217.0,1974921.75,468217.0,1974921.75,False,concluido,,Cariacica,Cariacica,Cariacica,3201308,1,,,False,um_municipio,Cariacica,3201308.0,False,,https://secult.es.gov.br/lista-de-projetos-habilitados,25,44
441,2022,2022-Z91ZF,2022,O Canto do Beija Flor,o canto do beija flor,Reverence Studio de Dança LTDA,reverence studio de danca,30861.6,30861.6,30861.6,30861.6,False,concluido,,Vitória; Costa Rica,Vitória; Costa Rica,Vitória,3205309,1,,costa rica (local não identificado (provavelmente fora do ES)),False,um_municipio_mais_outros_locais,,,False,,https://secult.es.gov.br/lista-de-projetos-habilitados,25,45
442,2022,2022-PHX83,2022,Montanhas Contemporâneas Capixabas,montanhas contemporaneas capixabas,Pedro Emilio E Silva Martins - ME,pedro emilio e silva martins,472723.0,472723.0,472723.0,472723.0,False,concluido,,Domingos Martins; Venda Nova do Imigrante; Vargem,Domingos Martins; Venda Nova do Imigrante; Vargem Alta,Venda Nova do Imigrante; Domingos Martins; Vargem Alta,3205069;3201902;3205036,3,,,False,varios_municipios,,,True,"transbordo 2022-PHX83->2022-87D66 ('Vargem'+'Alta'='Vargem Alta', papel A); ",https://secult.es.gov.br/lista-de-projetos-habilitados,25,46
443,2022,2022-87D66,2022,Música e Artes na Capital Vitória/ES,musica e artes na capital vitoria es,ASSOCIAÇÃO ALEF BET,associacao alef bet,382721.25,382721.25,382721.25,382721.25,False,concluido,,Alta Vitória,Vitória,Vitória,3205309,1,,,False,um_municipio,Vitória,3205309.0,True,"transbordo 2022-PHX83->2022-87D66 ('Vargem'+'Alta'='Vargem Alta', papel B); ",https://secult.es.gov.br/lista-de-projetos-habilitados,25,47
444,2022,2022-4LJGV,2022,Coral Arcelor,coral arcelor,Daniel Gonçalves Morelo ME,daniel goncalves morelo,499927.52,499927.52,499927.52,499927.52,False,concluido,,Vitória,Vitória,Vitória,3205309,1,,,False,um_municipio,Vitória,3205309.0,False,,https://secult.es.gov.br/lista-de-projetos-habilitados,26,48
445,2022,2022-L2BVZ,2022,24o Festival De Inverno Da Sanfona E Da Viola De São Pedro Do Itabapoana,24o festival de inverno da sanfona e da viola de sao pedro do itabapoana,Associação Dos Moradores Da Comunidade De São Pedro Do Itabapoana.,associacao dos moradores da comunidade de sao pedro do itabapoana,277648.0,821844.9,277648.0,821844.9,False,concluido,,Mimoso do Sul,Mimoso do Sul,Mimoso do Sul,3203403,1,,,False,um_municipio,Mimoso do Sul,3203403.0,False,,https://secult.es.gov.br/lista-de-projetos-habilitados,26,49
446,2022,2022-Z1XJQ,2022,Festival CRIAS.LAB,festival crias lab,Puri Produções E Eventos LTDA,puri producoes e eventos,500000.0,500000.0,500000.0,500000.0,False,concluido,,Vitória,Vitória,Vitória,3205309,1,,,False,um_municipio,Vitória,3205309.0,False,,https://secult.es.gov.br/lista-de-projetos-habilitados,26,50
447,2022,2022-WHK4V,2022,29o Festival de Cinema de Vitória,29o festival de cinema de vitoria,Galpão Produções Artísticas e Culturais LTDA,galpao producoes artisticas e culturais,500000.0,2053328.4,500000.0,2053328.4,False,concluido,,Vitória,Vitória,Vitória,3205309,1,,,False,um_municipio,Vitória,3205309.0,False,,https://secult.es.gov.br/lista-de-projetos-habilitados,26,51
448,2022,2022-K3M60,2022,A Trupe Barroca - Concerto De Natal 2022,a trupe barroca concerto de natal 2022,Fernando Coelho Sabino MEI,fernando coelho sabino,160583.58,160583.58,160583.58,160583.58,False,concluido,,Vila Velha,Vila Velha,Vila Velha,3205200,1,,,False,um_municipio,Vila Velha,3205200.0,False,,https://secult.es.gov.br/lista-de-projetos-habilitados,26,52
449,2022,2022-P2FN3,2022,CAPPITELLA – Festa Do Cappelletti E Da Tagliatella,cappitella festa do cappelletti e da tagliatella,Associação Festa Da Cappitella - Afecapi,associacao festa da cappitella afecapi,380003.78,673623.22,380003.78,673623.22,False,concluido,,Nova Venécia,Nova Venécia,Nova Venécia,3203908,1,,,False,um_municipio,Nova Venécia,3203908.0,False,,https://secult.es.gov.br/lista-de-projetos-habilitados,26,53
450,2022,2022-XX9K7,2022,2º Ventania.Lab - Residência Audiovisual,2o ventania lab residencia audiovisual,Ventania Produções Audiovisuais,ventania producoes audiovisuais,250000.0,250000.0,250000.0,250000.0,False,captacao_expirada,,Vitória,Vitória,Vitória,3205309,1,,,False,um_municipio,Vitória,3205309.0,False,,https://secult.es.gov.br/lista-de-projetos-habilitados,26,54
451,2022,2022-F0975,2022,Vitória Mostra Docs,vitoria mostra docs,Andaluz Produções LTDA-ME,andaluz producoes,302210.73,302210.73,302210.73,302210.73,False,captacao_expirada,,Vitória,Vitória,Vitória,3205309,1,,,False,um_municipio,Vitória,3205309.0,False,,https://secult.es.gov.br/lista-de-projetos-habilitados,26,55
452,2022,2022-S80KH,2022,7a TendaLab,7a tendalab,Galpão Produções Artísticas e Culturais LTDA,galpao producoes artisticas e culturais,500000.0,800000.0,500000.0,800000.0,False,concluido,,Vitória,Vitória,Vitória,3205309,1,,,False,um_municipio,Vitória,3205309.0,False,,https://secult.es.gov.br/lista-de-projetos-habilitados,26,56
453,2022,2022-ZZ8WC,2022,Do Forte da Barra ao Batalhão Tibúrcio: cinco séculos de história,do forte da barra ao batalhao tiburcio cinco seculos de historia,Pro Texto Comunicação E Cultura Ltda,pro texto comunicacao e cultura,244720.0,244720.0,244720.0,244720.0,False,concluido,,Vitória; Vila Velha,Vitória; Vila Velha,Vila Velha; Vitória,3205200;3205309,2,,,False,varios_municipios,,,False,,https://secult.es.gov.br/lista-de-projetos-habilitados,26,57
454,2022,2022-DK8GT,2022,Festival MoV.Cidade 2022,festival mov cidade 2022,Puri Produções e Eventos LTDA,puri producoes e eventos,500000.0,500000.0,500000.0,500000.0,False,concluido,,Vitória,Vitória,Vitória,3205309,1,,,False,um_municipio,Vitória,3205309.0,False,,https://secult.es.gov.br/lista-de-projetos-habilitados,26,58
455,2022,2022-PHLMS,2022,Permear o Museu,permear o museu,SYU EMPREENDEDORISMO SA,syu empreendedorismo,264924.33,264924.33,264924.33,264924.33,False,captacao_expirada,,Vitória,Vitória,Vitória,3205309,1,,,False,um_municipio,Vitória,3205309.0,False,,https://secult.es.gov.br/lista-de-projetos-habilitados,26,59
456,2022,2022-05N9Z,2022,Singulares,singulares,Gustavo Binda Faria 11028553757,gustavo binda faria,130994.41,130994.41,130994.41,130994.41,False,concluido,,Aracruz; Anchieta; Vitória; Viana; Serra,Aracruz; Anchieta; Vitória; Viana; Serra,Anchieta; Aracruz; Vitória; Serra; Viana,3200409;3200607;3205309;3205002;3205101,5,,,False,varios_municipios,,,False,,https://secult.es.gov.br/lista-de-projetos-habilitados,26,60
457,2022,2022-R8BJK,2022,Festival de Música Erudita do Espírito Santo - Edição especial 10 anos,festival de musica erudita do espirito santo edicao especial 10 anos,Companhia de Ópera do Espírito Santo,companhia de opera do espirito santo,462909.0,1703009.0,462909.0,1703009.0,False,concluido,,Vitória; Serra,Vitória; Serra,Vitória; Serra,3205309;3205002,2,,,False,varios_municipios,,,False,,https://secult.es.gov.br/lista-de-projetos-habilitados,26,61
458,2022,2022-M5V6Q,2022,Corpo Afro - Manutenção de Grupo e Manifestações Negro-brasileiras,corpo afro manutencao de grupo e manifestacoes negro brasileiras,Bule Estúdio Criativo Produções Artísticas LTDA,bule estudio criativo producoes artisticas,271215.0,271215.0,271215.0,271215.0,False,concluido,,Vitória,Vitória,Vitória,3205309,1,,,False,um_municipio,Vitória,3205309.0,False,,https://secult.es.gov.br/lista-de-projetos-habilitados,26,62
459,2022,2022-RWW2K,2022,9a edição do Festival Internacional De Jazz e Bossa De Santa Teresa,9a edicao do festival internacional de jazz e bossa de santa teresa,Rota Service Ltda,rota service,500000.0,700000.0,500000.0,700000.0,False,concluido,,Santa Teresa,Santa Teresa,Santa Teresa,3204609,1,,,False,um_municipio,Santa Teresa,3204609.0,False,,https://secult.es.gov.br/lista-de-projetos-habilitados,26,63
460,2022,2022-JJS7Q,2022,"""Mais Cultura Nas Escolas""",mais cultura nas escolas,Eleandro da Silva,eleandro da silva,100000.0,100000.0,100000.0,100000.0,False,concluido,,Cariacica,Cariacica,Cariacica,3201308,1,,,False,um_municipio,Cariacica,3201308.0,False,,https://secult.es.gov.br/lista-de-projetos-habilitados,26,64
461,2022,2022-MWSV5,2022,5º FECSTA - Festival De Cinema De Santa Teresa,5o fecsta festival de cinema de santa teresa,Satírica Filmes Produçôes LTDA,satirica filmes producoes,441294.25,441294.25,441294.25,441294.25,False,concluido,,Vitória; Santa Teresa; Viana,Vitória; Santa Teresa; Viana,Santa Teresa; Vitória; Viana,3204609;3205309;3205101,3,,,False,varios_municipios,,,False,,https://secult.es.gov.br/lista-de-projetos-habilitados,26,65
462,2022,2022-MRJRS,2022,"Escola De Fotógrafos Cegos e Exposição:"" Quando Fecho os Olhos Vejo Mais Perto""",escola de fotografos cegos e exposicao quando fecho os olhos vejo mais perto,Associação Sociedade Cultura e Arte SOCA,associacao sociedade cultura e arte soca,468965.0,468965.0,468965.0,468965.0,False,concluido,,Vitória; Vila Velha,Vitória; Vila Velha,Vila Velha; Vitória,3205200;3205309,2,,,False,varios_municipios,,,False,,https://secult.es.gov.br/lista-de-projetos-habilitados,26,66
463,2022,2022-HZ46T,2022,"Montagem e turnê do espetáculo teatral ""A SÓS""",montagem e turne do espetaculo teatral a sos,Grupo Teatral Caparaó,grupo teatral caparao,219434.87,219434.87,219434.87,219434.87,False,concluido,,Alegre; Guaçuí; Afonso Cláudio; Castelo; Cariacica; Itaguaçu; Montanha; Rio Novo do Sul; Viana; Serra; Vitória,Alegre; Guaçuí; Afonso Cláudio; Castelo; Cariacica; Itaguaçu; Montanha; Rio Novo do Sul; Viana; Serra; Vitória,Rio Novo do Sul; Afonso Cláudio; Cariacica; Itaguaçu; Montanha; Castelo; Vitória; Alegre; Guaçuí; Serra; Viana,3204401;3200102;3201308;3202702;3203502;3201407;3205309;3200201;3202306;3205002;3205101,11,,,False,varios_municipios,,,False,,https://secult.es.gov.br/lista-de-projetos-habilitados,26,67
464,2022,2022-3FS25,2022,SobreVoar,sobrevoar,Senhora Filmes LTDA ME,senhora filmes,204800.0,204800.0,204800.0,204800.0,False,concluido,,Vitória; Vila Velha; Guarapari; Serra; Domingos Martins; Cachoeiro do Itapemirim; Linhares; Cariacica,Vitória; Vila Velha; Guarapari; Serra; Domingos Martins; Cachoeiro do Itapemirim; Linhares; Cariacica,Cachoeiro de Itapemirim; Domingos Martins; Vila Velha; Cariacica; Guarapari; Linhares; Vitória; Serra,3201209;3201902;3205200;3201308;3202405;3203205;3205309;3205002,8,,,False,varios_municipios,,,False,,https://secult.es.gov.br/lista-de-projetos-habilitados,26,68
465,2022,2022-KG76B,2022,28º Festival de Cinema de Vitória - Reencontro,28o festival de cinema de vitoria reencontro,Instituto Brasil de Cultura E Arte - IBCA,instituto brasil de cultura e arte ibca,500000.0,2053328.4,500000.0,2053328.4,False,concluido,,Vitória,Vitória,Vitória,3205309,1,,,False,um_municipio,Vitória,3205309.0,False,,https://secult.es.gov.br/lista-de-projetos-habilitados,26,69
466,2022,2022-DLFVH,2022,3ª Live Cultural da Festa do Carro de Boi 2022,3a live cultural da festa do carro de boi 2022,Associação Carro de Boi,associacao carro de boi,36628.87,146628.87,36628.87,146628.87,False,concluido,,Afonso Cláudio,Afonso Cláudio,Afonso Cláudio,3200102,1,,,False,um_municipio,Afonso Cláudio,3200102.0,False,,https://secult.es.gov.br/lista-de-projetos-habilitados,26,70
