ano,nro,processo,data_processo,projeto,cnpj_patrocinador,patrocinador,proponente,cnpj_proponente,valor,valor_zero,herdado,cnpj_patrocinador_dv_ok,cnpj_proponente_dv_ok,fonte_url,fonte_arquivo,sha256_original
2022,1,2022-DLFVH,2022-04-26,3ª Live Cultural da Festa do Carro de Boi 2022,36001790000177,SUPERMERCADO SCHWAMBACH E TESCH LTDA,Associação do Carro de Boi,18252931000142,36628.87,False,,True,True,https://transparencia.es.gov.br/Comum/incentivosfiscais/Download/378,dados/fontes_web/paginas/transp377_378.txt,7b6010f405d3ae3b1853539106e93065782d3649035d1a73267bf3cb9f58b275
2022,2,2022-HZ46T,2022-05-17,"Montagem e turnê do espetáculo teatral ""A SÓS""",00483394000186,D. F. FAVORETO SUPERMERCADOS EIRELI,Grupo Teatral Caparaó,11675953000176,164969.54,False,,True,True,https://transparencia.es.gov.br/Comum/incentivosfiscais/Download/378,dados/fontes_web/paginas/transp377_378.txt,7b6010f405d3ae3b1853539106e93065782d3649035d1a73267bf3cb9f58b275
2022,3,2022-RWW2K,2022-05-18,9ª edição do FESTIVAL INTERNACIONAL DE JAZZ E BOSSA DE SANTA TERESA,03028906000102,POLUS COMERCIO E SERVIÇOS LTDA,Rota Service LTDA,00767029000101,70000.0,False,,True,True,https://transparencia.es.gov.br/Comum/incentivosfiscais/Download/378,dados/fontes_web/paginas/transp377_378.txt,7b6010f405d3ae3b1853539106e93065782d3649035d1a73267bf3cb9f58b275
2022,,2022-RWW2K,2022-05-18,9ª edição do FESTIVAL INTERNACIONAL DE JAZZ E BOSSA DE SANTA TERESA,04850382000101,POSTO ARIBIRI DO GAS LTDA,Rota Service LTDA,00767029000101,100000.0,False,processo;proponente;cnpj_proponente,True,True,https://transparencia.es.gov.br/Comum/incentivosfiscais/Download/378,dados/fontes_web/paginas/transp377_378.txt,7b6010f405d3ae3b1853539106e93065782d3649035d1a73267bf3cb9f58b275
2022,,2022-RWW2K,2022-05-18,9ª edição do FESTIVAL INTERNACIONAL DE JAZZ E BOSSA DE SANTA TERESA,03264284000111,RM 262 COMERCIO DE COMBUSTIVEIS LTDA,Rota Service LTDA,00767029000101,100000.0,False,processo;proponente;cnpj_proponente,True,True,https://transparencia.es.gov.br/Comum/incentivosfiscais/Download/378,dados/fontes_web/paginas/transp377_378.txt,7b6010f405d3ae3b1853539106e93065782d3649035d1a73267bf3cb9f58b275
2022,,2022-RWW2K,2022-05-18,9ª edição do FESTIVAL INTERNACIONAL DE JAZZ E BOSSA DE SANTA TERESA,05904268000171,POSTO MEDITERRANEO LTDA,Rota Service LTDA,00767029000101,80000.0,False,processo;proponente;cnpj_proponente,True,True,https://transparencia.es.gov.br/Comum/incentivosfiscais/Download/378,dados/fontes_web/paginas/transp377_378.txt,7b6010f405d3ae3b1853539106e93065782d3649035d1a73267bf3cb9f58b275
2022,,2022-RWW2K,2022-05-18,9ª edição do FESTIVAL INTERNACIONAL DE JAZZ E BOSSA DE SANTA TERESA,05762820000134,VILA PORTO INTERNATIONAL BUSINESS S.A,Rota Service LTDA,00767029000101,150000.0,False,processo;proponente;cnpj_proponente,True,True,https://transparencia.es.gov.br/Comum/incentivosfiscais/Download/378,dados/fontes_web/paginas/transp377_378.txt,7b6010f405d3ae3b1853539106e93065782d3649035d1a73267bf3cb9f58b275
2022,4,2022-MRJRS,2022-05-18,“Escola de Fotógrafos Cegos e Exposição ‘Quando Fecho os Olhos Vejo Mais Perto”,34307295000165,Companhia de Gás do Espírito Santo – ES GÁS,ASSOCIACAO SOCIEDADE CULTURA E ARTE SOCA,30017858000120,465965.0,False,,True,True,https://transparencia.es.gov.br/Comum/incentivosfiscais/Download/378,dados/fontes_web/paginas/transp377_378.txt,7b6010f405d3ae3b1853539106e93065782d3649035d1a73267bf3cb9f58b275
2022,5,2022-M5V6Q,2022-05-18,“Corpo Afro – Manutenção de grupo e manifestações negro-brasileiras”,34307295000165,Companhia de Gás do Espírito Santo – ES GÁS,Bule Estúdio Criativo Produções Artísticas LTDA,31621283000112,271215.0,False,,True,True,https://transparencia.es.gov.br/Comum/incentivosfiscais/Download/378,dados/fontes_web/paginas/transp377_378.txt,7b6010f405d3ae3b1853539106e93065782d3649035d1a73267bf3cb9f58b275
2022,6,2022-KG76B,2022-06-08,"""28º Festival de Cinema de Vitória - Reencontro""",17469701010482,ArcelorMiittal Brasil S/A,INSTITUTO BRASIL DE CULTURA E ARTE - IBCA,11474955000105,500000.0,False,,True,True,https://transparencia.es.gov.br/Comum/incentivosfiscais/Download/378,dados/fontes_web/paginas/transp377_378.txt,7b6010f405d3ae3b1853539106e93065782d3649035d1a73267bf3cb9f58b275
2022,7,2022-MWSV5,2022-07-04,“5º FECSTA - Festival de Cinema de Santa Teresa”,28154847000301,REALCAFÉ SOLÚVEL DO BRASIL S.A,SATIRICA FILMES PRODUÇÕES LTDA,11136684000170,206671.44,False,,True,True,https://transparencia.es.gov.br/Comum/incentivosfiscais/Download/378,dados/fontes_web/paginas/transp377_378.txt,7b6010f405d3ae3b1853539106e93065782d3649035d1a73267bf3cb9f58b275
2022,8,2022-P2FN3,2022-07-04,CAPPITELLA – FESTA DO CAPPELLETTI E DA TAGLIATELLA,27494152000730,COOPERATIVA AGRÁRIA DOS CAFEICULTORES DE SÃO GABRIEL - COOABRIEL,ASSOCIAÇÃO FESTA DA CAPPITELLA - AFECAPI,34388923000184,380003.78,False,,True,True,https://transparencia.es.gov.br/Comum/incentivosfiscais/Download/378,dados/fontes_web/paginas/transp377_378.txt,7b6010f405d3ae3b1853539106e93065782d3649035d1a73267bf3cb9f58b275
2022,9,2022-05N9Z,2022-07-04,Singulares,34307295000165,Companhia de Gás do Espírito Santo – ES GÁS,GUSTAVO BINDA FARIA XXXXXXXXXXX,28096224000168,130994.41,False,,True,True,https://transparencia.es.gov.br/Comum/incentivosfiscais/Download/378,dados/fontes_web/paginas/transp377_378.txt,7b6010f405d3ae3b1853539106e93065782d3649035d1a73267bf3cb9f58b275
2022,10,2022-Z1XJQ,2022-07-04,Festival CRIAS.LAB 2022,34307295000165,Companhia de Gás do Espírito Santo – ES GÁS,PURI PRODUCOES E EVENTOS LTDA,33625380000109,500000.0,False,,True,True,https://transparencia.es.gov.br/Comum/incentivosfiscais/Download/378,dados/fontes_web/paginas/transp377_378.txt,7b6010f405d3ae3b1853539106e93065782d3649035d1a73267bf3cb9f58b275
2022,11,2022-MWSV5,2022-07-04,Festival de Cinema de Santa Teresa,28152650000171,EDP Espírito Santo Distribuição de Energia S.A,SATIRICA FILMES PRODUÇÕES LTDA,11136684000170,195487.84,False,,True,True,https://transparencia.es.gov.br/Comum/incentivosfiscais/Download/378,dados/fontes_web/paginas/transp377_378.txt,7b6010f405d3ae3b1853539106e93065782d3649035d1a73267bf3cb9f58b275
2022,12,2022-L2BVZ,2022-08-03,24º Festival De Inverno Da Sanfona E Da Viola De São Pedro Do Itabapoana,28152650000171,EDP Espírito Santo Distribuição de Energia S.A,ASSOCIAÇÃO DOS MORADORES DA COMUNIDADE DE SÃO PEDRO DO ITABAPOANA,02120099000190,100000.0,False,,True,True,https://transparencia.es.gov.br/Comum/incentivosfiscais/Download/378,dados/fontes_web/paginas/transp377_378.txt,7b6010f405d3ae3b1853539106e93065782d3649035d1a73267bf3cb9f58b275
2022,13,2022-DK8GT,2022-08-18,Festival MoV.Cidade 2022,28152650000171,EDP Espírito Santo Distribuição de Energia S.A,PURI PRODUCOES E EVENTOS LTDA,33625380000109,300000.0,False,,True,True,https://transparencia.es.gov.br/Comum/incentivosfiscais/Download/378,dados/fontes_web/paginas/transp377_378.txt,7b6010f405d3ae3b1853539106e93065782d3649035d1a73267bf3cb9f58b275
2022,14,2022-DK8GT,2022-08-18,Festival MoV.Cidade 2022,07526557001181,AMBEV S.A. CDD VITÓRIA,PURI PRODUCOES E EVENTOS LTDA,33625380000109,200000.0,False,processo;proponente;cnpj_proponente,True,True,https://transparencia.es.gov.br/Comum/incentivosfiscais/Download/378,dados/fontes_web/paginas/transp377_378.txt,7b6010f405d3ae3b1853539106e93065782d3649035d1a73267bf3cb9f58b275
2022,15,2022-JJS7Q,2022-07-04,"""MAIS CULTURA NAS ESCOLAS""",28152650000171,EDP Espírito Santo Distribuição de Energia S.A,ELEANDRO DA SILVA XXXXXXXXXXX,37357762000150,100000.0,False,,True,True,https://transparencia.es.gov.br/Comum/incentivosfiscais/Download/378,dados/fontes_web/paginas/transp377_378.txt,7b6010f405d3ae3b1853539106e93065782d3649035d1a73267bf3cb9f58b275
2022,16,2022-87D66,2022-07-08,"""Música e Artes na Capital Vitória/ES""",34307295000165,Companhia de Gás do Espírito Santo – ES GÁS,ASSOCIACAO ALEF bET,24784298000136,382721.25,False,,True,True,https://transparencia.es.gov.br/Comum/incentivosfiscais/Download/378,dados/fontes_web/paginas/transp377_378.txt,7b6010f405d3ae3b1853539106e93065782d3649035d1a73267bf3cb9f58b275
2022,17,2022-ZZ8WC,2022-07-15,"""Do Forte da Barra ao Batalhão Tibúrcio: cinco séculos de história""",17469701010482,ArcelorMiittal Brasil S/A,PRO TEXTO COMUNICACAO E CULTURA LTDA,36300499000108,244720.0,False,,True,True,https://transparencia.es.gov.br/Comum/incentivosfiscais/Download/378,dados/fontes_web/paginas/transp377_378.txt,7b6010f405d3ae3b1853539106e93065782d3649035d1a73267bf3cb9f58b275
2022,18,2022-67RVF,2022-07-15,BEKOO DAS PRETAS FESTIVAL/BKDP FESTIVAL,07526557001181,AMBEV S.A. CDD VITÓRIA,INSTITUTO DAS PRETAS.ORG,27861406000115,468217.0,False,,True,True,https://transparencia.es.gov.br/Comum/incentivosfiscais/Download/378,dados/fontes_web/paginas/transp377_378.txt,7b6010f405d3ae3b1853539106e93065782d3649035d1a73267bf3cb9f58b275
2022,19,2022-Z91ZF,2022-08-03,O Canto do Beija Flor,07571746004515,MG Vidros Automotivos LTDA,REVERENCE STUDIO DE DANCA LTDA,21633764000194,20000.0,False,,True,True,https://transparencia.es.gov.br/Comum/incentivosfiscais/Download/378,dados/fontes_web/paginas/transp377_378.txt,7b6010f405d3ae3b1853539106e93065782d3649035d1a73267bf3cb9f58b275
2022,20,2022-3FS25,2022-07-20,Sobre Voar,17469701010482,ArcelorMiittal Brasil S/A,SENHORA FILMES LTDA,16595181000186,204800.0,False,,True,True,https://transparencia.es.gov.br/Comum/incentivosfiscais/Download/378,dados/fontes_web/paginas/transp377_378.txt,7b6010f405d3ae3b1853539106e93065782d3649035d1a73267bf3cb9f58b275
2022,21,2022-4LJGV,2022-07-25,Coral Arcelor,17469701010482,ArcelorMiittal Brasil S/A,DANIEL GONCALVES MORELO,17221352000170,499927.52,False,,True,True,https://transparencia.es.gov.br/Comum/incentivosfiscais/Download/378,dados/fontes_web/paginas/transp377_378.txt,7b6010f405d3ae3b1853539106e93065782d3649035d1a73267bf3cb9f58b275
2022,22,2022-Z91ZF,2022-08-03,O Canto do Beija Flor,01407607000153,Comercial Motociclo S/A,REVERENCE STUDIO DE DANCA LTDA,21633764000194,10000.0,False,,True,True,https://transparencia.es.gov.br/Comum/incentivosfiscais/Download/378,dados/fontes_web/paginas/transp377_378.txt,7b6010f405d3ae3b1853539106e93065782d3649035d1a73267bf3cb9f58b275
2022,23,2022-L2BVZ,2022-08-03,24º Festival De Inverno Da Sanfona E Da Viola De São Pedro Do Itabapoana,17469701010482,ArcelorMiittal Brasil S/A,ASSOCIAÇÃO DOS MORADORES DA COMUNIDADE DE SÃO PEDRO DO ITABAPOANA,02120099000190,100000.0,False,,True,True,https://transparencia.es.gov.br/Comum/incentivosfiscais/Download/378,dados/fontes_web/paginas/transp377_378.txt,7b6010f405d3ae3b1853539106e93065782d3649035d1a73267bf3cb9f58b275
2022,24,2022-PHX83,2022-08-03,Montanhas Contemporâneas Capixabas,00827783000181,Kurumá Veículos S.A,Lupino Producoes LTDA,25103064000149,472723.0,False,,True,True,https://transparencia.es.gov.br/Comum/incentivosfiscais/Download/378,dados/fontes_web/paginas/transp377_378.txt,7b6010f405d3ae3b1853539106e93065782d3649035d1a73267bf3cb9f58b275
2022,25,2022-WHK4V,2022-09-06,29º Festival de Cinema de Vitória,28152650000171,EDP Espírito Santo Distribuição de Energia S.A,GALPAO PRODUCOES ARTISTICAS E CULTURAIS LTDA,02616581000116,250000.0,False,,True,True,https://transparencia.es.gov.br/Comum/incentivosfiscais/Download/378,dados/fontes_web/paginas/transp377_378.txt,7b6010f405d3ae3b1853539106e93065782d3649035d1a73267bf3cb9f58b275
2022,26,2022-20250,2022-09-06,“IV FESTIVAL INTERNACIONAL DE VIOLÃO DO ESPÍRITO SANTO (FIVES) E V CONCURSO...,28152650000171,EDP Espírito Santo Distribuição de Energia S.A,ACORDES CENTRO DE MUSICA E ARTES LTDA,05558955000182,123378.09,False,,True,True,https://transparencia.es.gov.br/Comum/incentivosfiscais/Download/378,dados/fontes_web/paginas/transp377_378.txt,7b6010f405d3ae3b1853539106e93065782d3649035d1a73267bf3cb9f58b275
2022,27,2022-S80KH,2022-09-09,"""7ª TendaLab""",34307295000165,Companhia de Gás do Espírito Santo – ES GÁS,GALPAO PRODUCOES ARTISTICAS E CULTURAIS LTDA,02616581000116,500000.0,False,,True,True,https://transparencia.es.gov.br/Comum/incentivosfiscais/Download/378,dados/fontes_web/paginas/transp377_378.txt,7b6010f405d3ae3b1853539106e93065782d3649035d1a73267bf3cb9f58b275
2022,28,2022-K3M60,2022-09-09,“A TRUPE BARROCA - CONCERTO DE NATAL 2022”,28152650000171,EDP Espírito Santo Distribuição de Energia S.A,FERNANDO COELHO SABINO XXXXXXXXXXX,40110533000140,160583.58,False,,True,True,https://transparencia.es.gov.br/Comum/incentivosfiscais/Download/378,dados/fontes_web/paginas/transp377_378.txt,7b6010f405d3ae3b1853539106e93065782d3649035d1a73267bf3cb9f58b275
2022,29,2022-1KLD7,2022-09-13,"""E quem se importa?""",34307295000165,Companhia de Gás do Espírito Santo – ES GÁS,ANDALUZ PRODUCOES LTDA,26671292000188,408881.87,False,,True,True,https://transparencia.es.gov.br/Comum/incentivosfiscais/Download/378,dados/fontes_web/paginas/transp377_378.txt,7b6010f405d3ae3b1853539106e93065782d3649035d1a73267bf3cb9f58b275
2022,30,2022-LR2T1,2022-09-19,"""Vírgula""",28152650000171,EDP Espírito Santo Distribuição de Energia S.A,PORTO E STEIN PRODUCOES LTDA,11144407000109,114625.44,False,,True,True,https://transparencia.es.gov.br/Comum/incentivosfiscais/Download/378,dados/fontes_web/paginas/transp377_378.txt,7b6010f405d3ae3b1853539106e93065782d3649035d1a73267bf3cb9f58b275
2022,31,2022-W3TL3,2022-09-23,"Gravações, em Muqui, de cenas do filme ""De tanto amar"" com Vera Fischer e grande elenco",34307295000165,Companhia de Gás do Espírito Santo – ES GÁS,REGIAO SUL CAPIXABA DOS VALES E CAFE CONVENTION & VISITORS BUREAU,04829617000175,500000.0,False,,True,True,https://transparencia.es.gov.br/Comum/incentivosfiscais/Download/378,dados/fontes_web/paginas/transp377_378.txt,7b6010f405d3ae3b1853539106e93065782d3649035d1a73267bf3cb9f58b275
2022,32,2022-BFTK4,2022-09-23,Escola de Música Tocando em Frente,34307295000165,Companhia de Gás do Espírito Santo – ES GÁS,PROGRAMA DE PROMOCAO E ASSISTENCIA SOCIAL (Casa Verde),08215547000116,200370.0,False,,True,True,https://transparencia.es.gov.br/Comum/incentivosfiscais/Download/378,dados/fontes_web/paginas/transp377_378.txt,7b6010f405d3ae3b1853539106e93065782d3649035d1a73267bf3cb9f58b275
2022,33,2022-KSSWD,2022-09-27,“FESTIVAL NACIONAL DE CAPOEIRA”,34307295000165,Companhia de Gás do Espírito Santo – ES GÁS,LUDMILA RODRIGUES GRAMELISCH XXXXXXXXXXX,38188851000182,158560.0,False,,True,True,https://transparencia.es.gov.br/Comum/incentivosfiscais/Download/378,dados/fontes_web/paginas/transp377_378.txt,7b6010f405d3ae3b1853539106e93065782d3649035d1a73267bf3cb9f58b275
2022,34,2022-82W8Z,2022-09-28,"""ORQUESTRA BRASILEIRA DE CANTORES CEGOS""",34307295000165,Companhia de Gás do Espírito Santo – ES GÁS,ASSOCIACAO SOCIEDADE CULTURA E ARTE SOCA,30017858000120,492965.0,False,,True,True,https://transparencia.es.gov.br/Comum/incentivosfiscais/Download/378,dados/fontes_web/paginas/transp377_378.txt,7b6010f405d3ae3b1853539106e93065782d3649035d1a73267bf3cb9f58b275
2022,35,2022-9RVGV,2022-10-20,6ª edição Manguinhos Jazz & Blues Festival,17469701010482,ArcelorMiittal Brasil S/A,JULIA CABRAL ABREU SODRE XXXXXXXXXXX,16613405000135,500000.0,False,,True,True,https://transparencia.es.gov.br/Comum/incentivosfiscais/Download/378,dados/fontes_web/paginas/transp377_378.txt,7b6010f405d3ae3b1853539106e93065782d3649035d1a73267bf3cb9f58b275
2022,36,2022-R8BJK,2022-10-21,Festival de Música Erudita do Espírito Santo - Edição especial 10 anos,17469701010482,ArcelorMiittal Brasil S/A,COMPANHIA DE OPERA DO ESPIRITO SANTO,13991594000191,300000.0,False,,True,True,https://transparencia.es.gov.br/Comum/incentivosfiscais/Download/378,dados/fontes_web/paginas/transp377_378.txt,7b6010f405d3ae3b1853539106e93065782d3649035d1a73267bf3cb9f58b275
2022,37,2022-05G2G,2022-11-07,"""Mostra Povoar""",34307295000165,Companhia de Gás do Espírito Santo – ES GÁS,BULE ESTUDIO CRIATIVO PRODUCOES ARTISTICAS LTDA,31621283000112,254301.01,False,,True,True,https://transparencia.es.gov.br/Comum/incentivosfiscais/Download/378,dados/fontes_web/paginas/transp377_378.txt,7b6010f405d3ae3b1853539106e93065782d3649035d1a73267bf3cb9f58b275
2022,38,2022-49MMM,2022-11-07,"""Moqueca Pop Festival""",34307295000165,Companhia de Gás do Espírito Santo – ES GÁS,JULIO CESAR PIRES XXXXXXXXXXX,33200626000109,314563.15,False,,True,True,https://transparencia.es.gov.br/Comum/incentivosfiscais/Download/378,dados/fontes_web/paginas/transp377_378.txt,7b6010f405d3ae3b1853539106e93065782d3649035d1a73267bf3cb9f58b275
2022,39,2022-HZ46T,2022-11-07,"""Montagem e turnê do espetáculo teatral ""A SÓS""",34307295000165,Companhia de Gás do Espírito Santo – ES GÁS,Grupo Teatral Caparaó,11675953000176,54465.33,False,,True,True,https://transparencia.es.gov.br/Comum/incentivosfiscais/Download/378,dados/fontes_web/paginas/transp377_378.txt,7b6010f405d3ae3b1853539106e93065782d3649035d1a73267bf3cb9f58b275
2022,40,2022-Z2R6J,2022-11-10,“As Quatro Estações de Vivaldi”,34307295000165,Companhia de Gás do Espírito Santo – ES GÁS,WASHINGTON LUIZ SIELEMAN ALMEIDA XXXXXXXXXXX,30216371000176,132570.95,False,,True,True,https://transparencia.es.gov.br/Comum/incentivosfiscais/Download/378,dados/fontes_web/paginas/transp377_378.txt,7b6010f405d3ae3b1853539106e93065782d3649035d1a73267bf3cb9f58b275
2022,41,2022-TNZCX,2022-12-15,11º FECIM - Festival de TV e Cinema de Muqui,02983209000148,COOPERATIVA DOS CAFEICULTORES DO SUL DO ESTADO DO ESPIRITO SANTO,ASSOCIACAO COMERCIAL E EMPRESARIAL DE MUQUI - ACE MUQUI,02718431000113,5000.0,False,,True,True,https://transparencia.es.gov.br/Comum/incentivosfiscais/Download/378,dados/fontes_web/paginas/transp377_378.txt,7b6010f405d3ae3b1853539106e93065782d3649035d1a73267bf3cb9f58b275
2022,42,2022-HD6BK,2022-12-19,Natal da Paz e do Bem,28152650000171,EDP Espírito Santo Distribuição de Energia S.A,LIEBERMANN PROJETOS CRIATIVOS EIREL,30869398000168,150000.0,False,,True,True,https://transparencia.es.gov.br/Comum/incentivosfiscais/Download/378,dados/fontes_web/paginas/transp377_378.txt,7b6010f405d3ae3b1853539106e93065782d3649035d1a73267bf3cb9f58b275
2022,43,2022-R4GNW,2022-12-27,"""72º Encontro Nacional de Folias de Reis – Muqui/ES""",28152650000171,EDP Espírito Santo Distribuição de Energia S.A,REGIAO SUL CAPIXABA DOS VALES E CAFE CONVENTION & VISITORS BUREAU,04829617000175,311332.22,False,,True,True,https://transparencia.es.gov.br/Comum/incentivosfiscais/Download/378,dados/fontes_web/paginas/transp377_378.txt,7b6010f405d3ae3b1853539106e93065782d3649035d1a73267bf3cb9f58b275
2022,44,2022-0PP25,2022-12-27,"""5@ Sinfônica Igrejas Históricas Capixabas""",28152650000171,EDP Espírito Santo Distribuição de Energia S.A,PROGRAMA DE PROMOCAO E ASSISTENCIA SOCIAL (Casa Verde),08215547000116,299510.0,False,,True,True,https://transparencia.es.gov.br/Comum/incentivosfiscais/Download/378,dados/fontes_web/paginas/transp377_378.txt,7b6010f405d3ae3b1853539106e93065782d3649035d1a73267bf3cb9f58b275
2023,1,2022-JBZVN,2023-02-15,Carnaval Folclórico do Boi Pintadinho de Muqui/ES - 2023,17469701010482,ArcelorMittal Brasil S/A - Tubarão,REGIAO SUL CAPIXABA DOS VALES E CAFE CONVENTION & VISITORS BUREAU,04829617000175,480712.0,False,,True,True,https://transparencia.es.gov.br/Comum/incentivosfiscais/Download/379,dados/fontes_web/paginas/transp377_379.txt,d538555e8fdc7b95ecf8a74e648ceb2a9d3683a3a28a388fbcf765e8f14a3283
2023,2,2022-MFF4T,2023-01-23,"Manutenção do ensino musical gratuito para crianças, adolescentes e jovens da Escola Municipal Agrícola através do Instituto Cultural das Montanhas",11636462000116,BRAFAL PRÉ MOLDADOS LTDA,PAULO HENRIQUE FALQUETO DA SILVA XXXXXXXXXXX,39892619000193,5803.08,False,,True,True,https://transparencia.es.gov.br/Comum/incentivosfiscais/Download/379,dados/fontes_web/paginas/transp377_379.txt,d538555e8fdc7b95ecf8a74e648ceb2a9d3683a3a28a388fbcf765e8f14a3283
2023,3,2022-Z2KZF,2023-01-24,A Fantástica Carpintaria,39639745000130,INTERCORES COMÉRCIO E REPRESENTAÇÕES LTDA,CIDADE QUINTAL SERVICOS DE DESIGN E ARTE URBANA LTDA,20859756000106,115468.47,False,,True,True,https://transparencia.es.gov.br/Comum/incentivosfiscais/Download/379,dados/fontes_web/paginas/transp377_379.txt,d538555e8fdc7b95ecf8a74e648ceb2a9d3683a3a28a388fbcf765e8f14a3283
2023,4,2022-NCX4M,2023-01-26,1ª Etapa do Museu do Mosteiro Zen,17469701010482,ArcelorMittal Brasil S/A - Tubarão,"INSTITUTO MODUS VIVENDI DE DESENVOLVIMENTO SOCIAL, CULTURAL E AMBIENTAL",08636850000192,368043.02,False,,True,True,https://transparencia.es.gov.br/Comum/incentivosfiscais/Download/379,dados/fontes_web/paginas/transp377_379.txt,d538555e8fdc7b95ecf8a74e648ceb2a9d3683a3a28a388fbcf765e8f14a3283
2023,5,2022-9BD9G,2023-01-30,Sabor e Saber,07206816007128,M DIAS BRANCO S.A. INDUSTRIA E COMERCIO DE ALIMENTOS,SYU EMPREENDEDORISMO S/A,15670807000109,468266.8,False,,True,True,https://transparencia.es.gov.br/Comum/incentivosfiscais/Download/379,dados/fontes_web/paginas/transp377_379.txt,d538555e8fdc7b95ecf8a74e648ceb2a9d3683a3a28a388fbcf765e8f14a3283
2023,6,2022-65X12,2023-02-12,Baía das Tartarugas: Riqueza marinha na capital do Espírito Santo,39786983000179,VD Comércio de Veículos LTDA,INSTITUTO ULTIMOS REFUGIOS,15716272000160,249311.04,False,,True,True,https://transparencia.es.gov.br/Comum/incentivosfiscais/Download/379,dados/fontes_web/paginas/transp377_379.txt,d538555e8fdc7b95ecf8a74e648ceb2a9d3683a3a28a388fbcf765e8f14a3283
2023,7,2022-65X12,2023-02-12,Baía das Tartarugas: Riqueza marinha na capital do Espírito Santo,00827783000181,Kurumá Veículos S/A,INSTITUTO ULTIMOS REFUGIOS,15716272000160,250000.0,False,projeto;proponente;cnpj_proponente,True,True,https://transparencia.es.gov.br/Comum/incentivosfiscais/Download/379,dados/fontes_web/paginas/transp377_379.txt,d538555e8fdc7b95ecf8a74e648ceb2a9d3683a3a28a388fbcf765e8f14a3283
2023,8,2022-220W3,2023-02-13,Águas do Itapemirim,39786983000179,VD Comércio de Veículos LTDA,INSTITUTO ULTIMOS REFUGIOS,15716272000160,250000.0,False,,True,True,https://transparencia.es.gov.br/Comum/incentivosfiscais/Download/379,dados/fontes_web/paginas/transp377_379.txt,d538555e8fdc7b95ecf8a74e648ceb2a9d3683a3a28a388fbcf765e8f14a3283
2023,9,2022-220W3,2023-02-13,Águas do Itapemirim,00827783000181,Kurumá Veículos S/A,INSTITUTO ULTIMOS REFUGIOS,15716272000160,228513.64,False,projeto;proponente;cnpj_proponente,True,True,https://transparencia.es.gov.br/Comum/incentivosfiscais/Download/379,dados/fontes_web/paginas/transp377_379.txt,d538555e8fdc7b95ecf8a74e648ceb2a9d3683a3a28a388fbcf765e8f14a3283
2023,10,2022-7D9CX,2023-03-09,ENCONTRO DAS PRETAS - 9ª EDIÇÃO,34307295000165,COMPANHIA DE GÁS DO ESPÍRITO SANTO – ES GÁS,INSTITUTO DAS PRETAS.ORG,27861406000115,250000.0,False,,True,True,https://transparencia.es.gov.br/Comum/incentivosfiscais/Download/379,dados/fontes_web/paginas/transp377_379.txt,d538555e8fdc7b95ecf8a74e648ceb2a9d3683a3a28a388fbcf765e8f14a3283
2023,11,2022-3Q613,2023-03-09,Formemus 2023,34307295000165,COMPANHIA DE GÁS DO ESPÍRITO SANTO – ES GÁS,DANIEL GONCALVES MORELO,17221352000170,226250.0,False,,True,True,https://transparencia.es.gov.br/Comum/incentivosfiscais/Download/379,dados/fontes_web/paginas/transp377_379.txt,d538555e8fdc7b95ecf8a74e648ceb2a9d3683a3a28a388fbcf765e8f14a3283
2023,12,2022-05G2G,2023-03-09,MOSTRA POVOAR,34307295000165,COMPANHIA DE GÁS DO ESPÍRITO SANTO – ES GÁS,BULE ESTUDIO CRIATIVO PRODUCOES ARTISTICAS LTDA,31621283000112,146921.91,False,,True,True,https://transparencia.es.gov.br/Comum/incentivosfiscais/Download/379,dados/fontes_web/paginas/transp377_379.txt,d538555e8fdc7b95ecf8a74e648ceb2a9d3683a3a28a388fbcf765e8f14a3283
2023,13,2022-Z2R6J,2023-03-09,As Quatro Estações de Vivaldi,34307295000165,COMPANHIA DE GÁS DO ESPÍRITO SANTO – ES GÁS,WASHINGTON LUIZ SIELEMAN ALMEIDA XXXXXXXXXXX,30216371000176,29427.03,False,,True,True,https://transparencia.es.gov.br/Comum/incentivosfiscais/Download/379,dados/fontes_web/paginas/transp377_379.txt,d538555e8fdc7b95ecf8a74e648ceb2a9d3683a3a28a388fbcf765e8f14a3283
2023,14,2022-RTPHL,2023-03-09,Carnaval de Congo de Máscaras de Roda D’Água de Cariacica-2023,34307295000165,COMPANHIA DE GÁS DO ESPÍRITO SANTO – ES GÁS,ASSOCIAÇÃO DE BANDAS DE CONGO DE CARIACICA,05932468000138,150000.0,False,,True,True,https://transparencia.es.gov.br/Comum/incentivosfiscais/Download/379,dados/fontes_web/paginas/transp377_379.txt,d538555e8fdc7b95ecf8a74e648ceb2a9d3683a3a28a388fbcf765e8f14a3283
2023,15,2022-CP09H,2023-03-20,Ready to Rock,28921954000156,MEGA BACANA BAR E RESTAURANTE LTDA,Instituto Viva Vida,07377509000105,50069.42,False,,True,True,https://transparencia.es.gov.br/Comum/incentivosfiscais/Download/379,dados/fontes_web/paginas/transp377_379.txt,d538555e8fdc7b95ecf8a74e648ceb2a9d3683a3a28a388fbcf765e8f14a3283
2023,16,2022-1810C,2023-03-20,“Travessia - o parto à margem no Piraquê-Açu,34307295000165,COMPANHIA DE GÁS DO ESPÍRITO SANTO – ES GÁS,Karoline Delfino Felicio XXXXXXXXXXX,43261669000140,60000.0,False,,True,True,https://transparencia.es.gov.br/Comum/incentivosfiscais/Download/379,dados/fontes_web/paginas/transp377_379.txt,d538555e8fdc7b95ecf8a74e648ceb2a9d3683a3a28a388fbcf765e8f14a3283
2023,17,2022-Q292N,2023-03-20,"“NADA ME FALTA” , VIDEOGRAFIA DE MULHERES: CEGAS, SURDAS E VIDENTES-OUVINTES EM INTERAÇÃO",06248349000476,TRANSPORTADORA ASSOCIADA DE GAS A.A. - TAG,ASSOCIACAO SOCIEDADE CULTURA E ARTE SOCA,30017858000120,321795.0,False,,True,True,https://transparencia.es.gov.br/Comum/incentivosfiscais/Download/379,dados/fontes_web/paginas/transp377_379.txt,d538555e8fdc7b95ecf8a74e648ceb2a9d3683a3a28a388fbcf765e8f14a3283
2023,18,2022-B0CCP,2023-03-23,Prêmio da Música Capixaba - 2a. Edição,34307295000165,COMPANHIA DE GÁS DO ESPÍRITO SANTO – ES GÁS,DANIEL GONCALVES MORELO,17221352000170,224779.57,False,,True,True,https://transparencia.es.gov.br/Comum/incentivosfiscais/Download/379,dados/fontes_web/paginas/transp377_379.txt,d538555e8fdc7b95ecf8a74e648ceb2a9d3683a3a28a388fbcf765e8f14a3283
2023,19,2022-2LCF5,2023-03-27,O Fabuloso Mundo das Cores - Heidi Liebermann,34307295000165,COMPANHIA DE GÁS DO ESPÍRITO SANTO – ES GÁS,LIEBERMANN PROJETOS CRIATIVOS EIREL,30869398000168,100000.0,False,,True,True,https://transparencia.es.gov.br/Comum/incentivosfiscais/Download/379,dados/fontes_web/paginas/transp377_379.txt,d538555e8fdc7b95ecf8a74e648ceb2a9d3683a3a28a388fbcf765e8f14a3283
2023,20,2022-64KD3,2023-03-28,8ª TendaLab,17469701010482,ArcelorMittal Brasil S/A - Tubarão,GALPAO PRODUCOES ARTISTICAS E CULTURAIS LTDA,02616581000116,500000.0,False,,True,True,https://transparencia.es.gov.br/Comum/incentivosfiscais/Download/379,dados/fontes_web/paginas/transp377_379.txt,d538555e8fdc7b95ecf8a74e648ceb2a9d3683a3a28a388fbcf765e8f14a3283
2023,21,2023-PH2D3,2023-04-03,"Festa da Penha 2023 ""Com Maria, chamados a Servir""",17469701010482,ArcelorMittal Brasil S/A - Tubarão,ASSOCIACAO DOS AMIGOS DO CONVENTO DE N.S. DA PENHA,01262790000146,500000.0,False,,True,True,https://transparencia.es.gov.br/Comum/incentivosfiscais/Download/379,dados/fontes_web/paginas/transp377_379.txt,d538555e8fdc7b95ecf8a74e648ceb2a9d3683a3a28a388fbcf765e8f14a3283
2023,22,2022-1MLZT,2023-04-03,XAPURI,34307295000165,COMPANHIA DE GÁS DO ESPÍRITO SANTO – ES GÁS,CENTRO DE TREINAMENTO ESPORTIVO CAPIXABA,04214614000127,250000.0,False,,True,True,https://transparencia.es.gov.br/Comum/incentivosfiscais/Download/379,dados/fontes_web/paginas/transp377_379.txt,d538555e8fdc7b95ecf8a74e648ceb2a9d3683a3a28a388fbcf765e8f14a3283
2023,23,2022-C4V42,2023-04-03,Algazarra Coral: formação vocal r social – ano 2023,34307295000165,COMPANHIA DE GÁS DO ESPÍRITO SANTO – ES GÁS,INSTITUTO TODOS OS CANTOS,11510597000130,144689.48,False,,True,True,https://transparencia.es.gov.br/Comum/incentivosfiscais/Download/379,dados/fontes_web/paginas/transp377_379.txt,d538555e8fdc7b95ecf8a74e648ceb2a9d3683a3a28a388fbcf765e8f14a3283
2023,24,2022-RTPHL,2023-04-10,Carnaval de Congo de Máscaras de Roda D’Água de Cariacica-2023,01751402000190,BELMAX S.A,ASSOCIAÇÃO DE BANDAS DE CONGO DE CARIACICA,05932468000138,70000.0,False,,True,True,https://transparencia.es.gov.br/Comum/incentivosfiscais/Download/379,dados/fontes_web/paginas/transp377_379.txt,d538555e8fdc7b95ecf8a74e648ceb2a9d3683a3a28a388fbcf765e8f14a3283
2023,25,2022-1810C,2023-04-11,"Travessia - O parto à margem, no rio Piraquê-Açu",31790710000196,IMETAME METALMECÂNICA LTDA,Karoline Delfino Felicio XXXXXXXXXXX,43261669000140,61811.34,False,,True,True,https://transparencia.es.gov.br/Comum/incentivosfiscais/Download/379,dados/fontes_web/paginas/transp377_379.txt,d538555e8fdc7b95ecf8a74e648ceb2a9d3683a3a28a388fbcf765e8f14a3283
2023,26,2022-RTPHL,2023-04-18,Carnaval de Congo de Máscaras de Roda D’Água de Cariacica-2023,28152650000171,EDP Espírito Santo Distribuição de Energia S.A,ASSOCIAÇÃO DE BANDAS DE CONGO DE CARIACICA,05932468000138,200000.0,False,,True,True,https://transparencia.es.gov.br/Comum/incentivosfiscais/Download/379,dados/fontes_web/paginas/transp377_379.txt,d538555e8fdc7b95ecf8a74e648ceb2a9d3683a3a28a388fbcf765e8f14a3283
2023,27,2022-61S2R,2023-04-26,FECSTA -6 - FESTIVAL DE CINEMA DE SANTA TERESA/ES,28154847000301,REAL CAFÉ SOLÚVEL DO BRASIL S.A.,SATIRICA FILMES PRODUÇÕES LTDA,11136684000170,200000.0,False,,True,True,https://transparencia.es.gov.br/Comum/incentivosfiscais/Download/379,dados/fontes_web/paginas/transp377_379.txt,d538555e8fdc7b95ecf8a74e648ceb2a9d3683a3a28a388fbcf765e8f14a3283
2023,28,2022-PS1Q5,2023-04-27,Crias.Lab 2023,28154847000301,REAL CAFÉ SOLÚVEL DO BRASIL S.A.,PURI PRODUCOES E EVENTOS LTDA,33625380000109,58912.14,False,,True,True,https://transparencia.es.gov.br/Comum/incentivosfiscais/Download/379,dados/fontes_web/paginas/transp377_379.txt,d538555e8fdc7b95ecf8a74e648ceb2a9d3683a3a28a388fbcf765e8f14a3283
2023,29,2022-DRBWG,2023-05-02,Raiar da Liberdade,28152650000171,EDP Espírito Santo Distribuição de Energia S.A,ASSOCIACAO DE SALVAGUARDA DO PATRIMONIO IMATERIAL CACHOEIRENSE,05989492000103,165866.0,False,,True,True,https://transparencia.es.gov.br/Comum/incentivosfiscais/Download/379,dados/fontes_web/paginas/transp377_379.txt,d538555e8fdc7b95ecf8a74e648ceb2a9d3683a3a28a388fbcf765e8f14a3283
2023,30,2022-19NNC,2023-05-03,ESPETÁCULO ALICE NO PAÍS DAS MARAVILHAS,34307295000165,COMPANHIA DE GÁS DO ESPÍRITO SANTO – ES GÁS,ACADEMIA LENIRA BORGES LTDA,09322726000115,107126.41,False,,True,True,https://transparencia.es.gov.br/Comum/incentivosfiscais/Download/379,dados/fontes_web/paginas/transp377_379.txt,d538555e8fdc7b95ecf8a74e648ceb2a9d3683a3a28a388fbcf765e8f14a3283
2023,31,2022-QNZ17,2023-05-04,"Nano Viana, 20 anos",02632609000109,MILLENIUM COM & LOGOP DO GMILL DISTRIB LTDA,EXPURGACAO FILMES E PRODUCOES ARTISTICAS LT D A,15693797000127,249999.95,False,,True,True,https://transparencia.es.gov.br/Comum/incentivosfiscais/Download/379,dados/fontes_web/paginas/transp377_379.txt,d538555e8fdc7b95ecf8a74e648ceb2a9d3683a3a28a388fbcf765e8f14a3283
2023,32,2022-9NT8C,2023-05-08,"2º FEST. DE CAXAMBU DE P. BRANCA 'FÉ, RAÇA CORAÇÂO'",28152650000171,EDP Espírito Santo Distribuição de Energia S.A,FABIO RAVERA LYRIO XXXXXXXXXXX,35429069000110,162000.0,False,,True,True,https://transparencia.es.gov.br/Comum/incentivosfiscais/Download/379,dados/fontes_web/paginas/transp377_379.txt,d538555e8fdc7b95ecf8a74e648ceb2a9d3683a3a28a388fbcf765e8f14a3283
2023,33,2022-3Q613,2023-05-16,Formemus 2023,28152650000171,EDP Espírito Santo Distribuição de Energia S.A,DANIEL GONCALVES MORELO,17221352000170,226250.0,False,,True,True,https://transparencia.es.gov.br/Comum/incentivosfiscais/Download/379,dados/fontes_web/paginas/transp377_379.txt,d538555e8fdc7b95ecf8a74e648ceb2a9d3683a3a28a388fbcf765e8f14a3283
2023,34,2022-MFF4T,2023-05-19,"Manutenção do ensino musical gratuito para crianças, adolescentes e jovens da Escola Municipal Agrícola através do Instituto Cultural das Montanhas",28152650000171,EDP Espírito Santo Distribuição de Energia S.A,PAULO HENRIQUE FALQUETO DA SILVA XXXXXXXXXXX,39892619000193,156196.92,False,,True,True,https://transparencia.es.gov.br/Comum/incentivosfiscais/Download/379,dados/fontes_web/paginas/transp377_379.txt,d538555e8fdc7b95ecf8a74e648ceb2a9d3683a3a28a388fbcf765e8f14a3283
2023,35,2022-C4V42,2023-05-19,Algazarra Coral: formação vocal e responsabilidade social – ano 2023’,34307295000165,COMPANHIA DE GÁS DO ESPÍRITO SANTO – ES GÁS,INSTITUTO TODOS OS CANTOS,11510597000130,40000.0,False,,True,True,https://transparencia.es.gov.br/Comum/incentivosfiscais/Download/379,dados/fontes_web/paginas/transp377_379.txt,d538555e8fdc7b95ecf8a74e648ceb2a9d3683a3a28a388fbcf765e8f14a3283
2023,36,2022-83B3M,2023-05-22,State of Coffee,34307295000165,COMPANHIA DE GÁS DO ESPÍRITO SANTO – ES GÁS,FINORDIA PRODUÇÕES CULTURAIS LTDA,18589962000193,232500.0,False,,True,True,https://transparencia.es.gov.br/Comum/incentivosfiscais/Download/379,dados/fontes_web/paginas/transp377_379.txt,d538555e8fdc7b95ecf8a74e648ceb2a9d3683a3a28a388fbcf765e8f14a3283
2023,37,2022-2LCF5,2023-05-22,O Fabuloso Mundo das Cores - Heidi Liebermann,34307295000165,COMPANHIA DE GÁS DO ESPÍRITO SANTO – ES GÁS,LIEBERMANN PROJETOS CRIATIVOS EIRELI,30869398000168,25000.0,False,,True,True,https://transparencia.es.gov.br/Comum/incentivosfiscais/Download/379,dados/fontes_web/paginas/transp377_379.txt,d538555e8fdc7b95ecf8a74e648ceb2a9d3683a3a28a388fbcf765e8f14a3283
2023,38,2022-185J7,2023-05-22,Centro Cultural Luz Del Fuego,34307295000165,COMPANHIA DE GÁS DO ESPÍRITO SANTO – ES GÁS,MARCO ANTONIO REIS DA SILVA XXXXXXXXXXX,33974074000188,161983.12,False,,True,True,https://transparencia.es.gov.br/Comum/incentivosfiscais/Download/379,dados/fontes_web/paginas/transp377_379.txt,d538555e8fdc7b95ecf8a74e648ceb2a9d3683a3a28a388fbcf765e8f14a3283
2023,39,2022-B0CCP,2023-05-25,Prêmio da Música Capixaba - 2a. Edição,34307295000165,COMPANHIA DE GÁS DO ESPÍRITO SANTO – ES GÁS,DANIEL GONCALVES MORELO,17221352000170,6519.43,False,,True,True,https://transparencia.es.gov.br/Comum/incentivosfiscais/Download/379,dados/fontes_web/paginas/transp377_379.txt,d538555e8fdc7b95ecf8a74e648ceb2a9d3683a3a28a388fbcf765e8f14a3283
2023,40,2022-7D9CX,2023-05-25,ENCONTRO DAS PRETAS - 9ª EDIÇÃO,28152650000171,EDP Espírito Santo Distribuição de Energia S.A,INSTITUTO DAS PRETAS.ORG,27861406000115,125000.0,False,,True,True,https://transparencia.es.gov.br/Comum/incentivosfiscais/Download/379,dados/fontes_web/paginas/transp377_379.txt,d538555e8fdc7b95ecf8a74e648ceb2a9d3683a3a28a388fbcf765e8f14a3283
2023,41,2022-61S2R,2023-05-30,FECSTA - 6 - FESTIVAL DE CINEMA DE SANTA TERESA - ES,28152650000171,EDP Espírito Santo Distribuição de Energia S.A,SATIRICA FILMES PRODUÇÕES LTDA,11136684000170,294479.0,False,,True,True,https://transparencia.es.gov.br/Comum/incentivosfiscais/Download/379,dados/fontes_web/paginas/transp377_379.txt,d538555e8fdc7b95ecf8a74e648ceb2a9d3683a3a28a388fbcf765e8f14a3283
2023,42,2022-PS1Q5,2023-06-05,Crias.Lab 2023,28152650000171,EDP Espírito Santo Distribuição de Energia S.A,PURI PRODUCOES E EVENTOS LTDA,33625380000109,150000.0,False,,True,True,https://transparencia.es.gov.br/Comum/incentivosfiscais/Download/379,dados/fontes_web/paginas/transp377_379.txt,d538555e8fdc7b95ecf8a74e648ceb2a9d3683a3a28a388fbcf765e8f14a3283
2023,43,2022-HZM71,2023-06-05,ORIGRAFFES,34307295000165,COMPANHIA DE GÁS DO ESPÍRITO SANTO – ES GÁS,Starley Bonfim Silva LTDA,19198950000109,250000.0,False,,True,True,https://transparencia.es.gov.br/Comum/incentivosfiscais/Download/379,dados/fontes_web/paginas/transp377_379.txt,d538555e8fdc7b95ecf8a74e648ceb2a9d3683a3a28a388fbcf765e8f14a3283
2023,44,2022-R4K8H,2023-06-05,Memórias do Quilombo Monte Alegre,34307295000165,COMPANHIA DE GÁS DO ESPÍRITO SANTO – ES GÁS,ASSOCIACAO DE SALVAGUARDA DO PATRIMONIO IMATERIAL CACHOEIRENSE,05989492000103,181698.8,False,,True,True,https://transparencia.es.gov.br/Comum/incentivosfiscais/Download/379,dados/fontes_web/paginas/transp377_379.txt,d538555e8fdc7b95ecf8a74e648ceb2a9d3683a3a28a388fbcf765e8f14a3283
2023,45,2022-1XWXJ,2023-06-13,Natal Iluminado,34307295000165,COMPANHIA DE GÁS DO ESPÍRITO SANTO – ES GÁS,TRIBUNA PUBLICIDADE LTDA,12042826000283,50000.0,False,,True,True,https://transparencia.es.gov.br/Comum/incentivosfiscais/Download/379,dados/fontes_web/paginas/transp377_379.txt,d538555e8fdc7b95ecf8a74e648ceb2a9d3683a3a28a388fbcf765e8f14a3283
2023,46,2023-5F2QL,2023-06-14,95a. Festa de São Pedro - edição 2023,03845717000122,REALMAR DISTRIBUIDORA LTDA,Colonia de Pescadores e Aquivultores Z-5 Maria Ortiz,31300825000155,100000.0,False,,True,True,https://transparencia.es.gov.br/Comum/incentivosfiscais/Download/379,dados/fontes_web/paginas/transp377_379.txt,d538555e8fdc7b95ecf8a74e648ceb2a9d3683a3a28a388fbcf765e8f14a3283
2023,47,2023-5F2QL,2023-06-14,95a. Festa de São Pedro - edição 2023,28152650000171,EDP Espírito Santo Distribuição de Energia S.A,Colonia de Pescadores e Aquivultores Z-5 Maria Ortiz,31300825000155,180000.0,False,,True,True,https://transparencia.es.gov.br/Comum/incentivosfiscais/Download/379,dados/fontes_web/paginas/transp377_379.txt,d538555e8fdc7b95ecf8a74e648ceb2a9d3683a3a28a388fbcf765e8f14a3283
2023,48,2023-5F2QL,2023-06-14,95a. Festa de São Pedro - edição 2023,05805349000114,VipRede Tecnologia Ltda,Colonia de Pescadores e Aquivultores Z-5 Maria Ortiz,31300825000155,37231.0,False,,True,True,https://transparencia.es.gov.br/Comum/incentivosfiscais/Download/379,dados/fontes_web/paginas/transp377_379.txt,d538555e8fdc7b95ecf8a74e648ceb2a9d3683a3a28a388fbcf765e8f14a3283
2023,49,2022-1MLZT,2023-06-14,XAPURI,03845717000122,REALMAR DISTRIBUIDORA LTDA,CENTRO DE TREINAMENTO ESPORTIVO CAPIXABA,04214614000127,111709.82,False,,True,True,https://transparencia.es.gov.br/Comum/incentivosfiscais/Download/379,dados/fontes_web/paginas/transp377_379.txt,d538555e8fdc7b95ecf8a74e648ceb2a9d3683a3a28a388fbcf765e8f14a3283
2023,50,2022-PKJ52,2023-06-14,Carnaval Cultural de Mimoso do Sul/ES - 2023,17469701010482,ArcelorMittal Brasil S/A - Tubarão,ASSOCIACAO OFICINA DA VIDA - ONG,05890816000151,477512.0,False,,True,True,https://transparencia.es.gov.br/Comum/incentivosfiscais/Download/379,dados/fontes_web/paginas/transp377_379.txt,d538555e8fdc7b95ecf8a74e648ceb2a9d3683a3a28a388fbcf765e8f14a3283
2023,51,2022-D7K3C,2023-06-16,Natal de Encantos - 2023,17469701010482,ArcelorMittal Brasil S/A - Tubarão,COMPANHIA DE OPERA DO ESPIRITO SANTO,13991594000191,500000.0,False,,True,True,https://transparencia.es.gov.br/Comum/incentivosfiscais/Download/379,dados/fontes_web/paginas/transp377_379.txt,d538555e8fdc7b95ecf8a74e648ceb2a9d3683a3a28a388fbcf765e8f14a3283
2023,52,2022-FJR20,2023-06-20,Festival MC 2023,07526557001181,AMBEV S.A CDD VITORIA,PURI PRODUCOES E EVENTOS LTDA,33625380000109,200000.0,False,,True,True,https://transparencia.es.gov.br/Comum/incentivosfiscais/Download/379,dados/fontes_web/paginas/transp377_379.txt,d538555e8fdc7b95ecf8a74e648ceb2a9d3683a3a28a388fbcf765e8f14a3283
2023,53,2022-XJ2XH,2023-06-20,Narrativas Periféricas,06248349000476,TRANSPORTADORA ASSOCIADA DE GAS A.A. - TAG,KF TRINDADE ECONOMIA CRIATIVA,14395353000142,361429.89,False,,True,True,https://transparencia.es.gov.br/Comum/incentivosfiscais/Download/379,dados/fontes_web/paginas/transp377_379.txt,d538555e8fdc7b95ecf8a74e648ceb2a9d3683a3a28a388fbcf765e8f14a3283
2023,54,2022-B0CCP,2023-06-23,Prêmio da Música Capixaba - 2a. Edição,17469701010482,ArcelorMittal Brasil S/A - Tubarão,DANIEL GONCALVES MORELO,17221352000170,231299.0,False,,True,True,https://transparencia.es.gov.br/Comum/incentivosfiscais/Download/379,dados/fontes_web/paginas/transp377_379.txt,d538555e8fdc7b95ecf8a74e648ceb2a9d3683a3a28a388fbcf765e8f14a3283
2023,55,2022-8S91R,2023-06-23,MARIEN CALIXTE JAZZ MUSIC FESTIVAL - 4a. EDIÇÃO,17469701010482,ArcelorMittal Brasil S/A - Tubarão,DANIEL GONCALVES MORELO,17221352000170,499984.86,False,,True,True,https://transparencia.es.gov.br/Comum/incentivosfiscais/Download/379,dados/fontes_web/paginas/transp377_379.txt,d538555e8fdc7b95ecf8a74e648ceb2a9d3683a3a28a388fbcf765e8f14a3283
2023,56,2022-ZZBV5,2023-06-23,Centro Cultural Projeto Caiman,17469701010482,ArcelorMittal Brasil S/A - Tubarão,"INSTITUTO DE ENSINO, PESQUISA E PRESERVACAO AMBIENTAL MARCOS DANIEL - INSTITUTO MARCOS DANIEL",07003928000179,413820.84,False,,True,True,https://transparencia.es.gov.br/Comum/incentivosfiscais/Download/379,dados/fontes_web/paginas/transp377_379.txt,d538555e8fdc7b95ecf8a74e648ceb2a9d3683a3a28a388fbcf765e8f14a3283
2023,57,2022-B6CR0,2023-06-25,23 º Festival Nacional de Teatro de Guaçuí,07548056000124,Distribuidora Mascote LTDA,"GRUPO TEATRAL GOTA, PO E POEIRA",28404168000181,67386.46,False,,True,True,https://transparencia.es.gov.br/Comum/incentivosfiscais/Download/379,dados/fontes_web/paginas/transp377_379.txt,d538555e8fdc7b95ecf8a74e648ceb2a9d3683a3a28a388fbcf765e8f14a3283
2023,58,2022-B6CR0,2023-06-25,23 º Festival Nacional de Teatro de Guaçuí,09492311000190,Mundo Distribuidora de Cosméticos LTDA,"GRUPO TEATRAL GOTA, PO E POEIRA",28404168000181,60000.0,False,,True,True,https://transparencia.es.gov.br/Comum/incentivosfiscais/Download/379,dados/fontes_web/paginas/transp377_379.txt,d538555e8fdc7b95ecf8a74e648ceb2a9d3683a3a28a388fbcf765e8f14a3283
2023,59,2023-Z3J6P,2023-06-27,JAZZ VITÓRIA FESTIVAL,03845717000122,REALMAR DISTRIBUIDORA LTDA,ROTA SERVICE LTDA,00767029000101,500000.0,False,,True,True,https://transparencia.es.gov.br/Comum/incentivosfiscais/Download/379,dados/fontes_web/paginas/transp377_379.txt,d538555e8fdc7b95ecf8a74e648ceb2a9d3683a3a28a388fbcf765e8f14a3283
2023,60,2023-JXCJ3,2023-06-30,CAPPITELLA – FESTA DO CAPPELLETTI E DA TAGLIATELLA 2023,05989287000148,ZANOTTI CAFÉ,ASSOCIACAO FESTA DA CAPPITELLA - AFECAPI,34388923000184,250000.0,False,,True,True,https://transparencia.es.gov.br/Comum/incentivosfiscais/Download/379,dados/fontes_web/paginas/transp377_379.txt,d538555e8fdc7b95ecf8a74e648ceb2a9d3683a3a28a388fbcf765e8f14a3283
2023,61,2023-JXCJ3,2023-06-30,CAPPITELLA – FESTA DO CAPPELLETTI E DA TAGLIATELLA 2023,27942085003794,Cooperativa Agropecuaria Centro Serrana,ASSOCIACAO FESTA DA CAPPITELLA - AFECAPI,34388923000184,100000.0,False,,True,True,https://transparencia.es.gov.br/Comum/incentivosfiscais/Download/379,dados/fontes_web/paginas/transp377_379.txt,d538555e8fdc7b95ecf8a74e648ceb2a9d3683a3a28a388fbcf765e8f14a3283
2023,62,2023-JXCJ3,2023-06-30,CAPPITELLA – FESTA DO CAPPELLETTI E DA TAGLIATELLA 2023,10607920000126,Supermecado Economia,ASSOCIACAO FESTA DA CAPPITELLA - AFECAPI,34388923000184,60000.0,False,,True,True,https://transparencia.es.gov.br/Comum/incentivosfiscais/Download/379,dados/fontes_web/paginas/transp377_379.txt,d538555e8fdc7b95ecf8a74e648ceb2a9d3683a3a28a388fbcf765e8f14a3283
2023,63,2023-JXCJ3,2023-06-30,CAPPITELLA – FESTA DO CAPPELLETTI E DA TAGLIATELLA 2023,00381613000116,Supermecado Grechi,ASSOCIACAO FESTA DA CAPPITELLA - AFECAPI,34388923000184,90000.0,False,,True,True,https://transparencia.es.gov.br/Comum/incentivosfiscais/Download/379,dados/fontes_web/paginas/transp377_379.txt,d538555e8fdc7b95ecf8a74e648ceb2a9d3683a3a28a388fbcf765e8f14a3283
2023,64,2022-T58GX,2023-06-30,RUBEM BRAGA - A VIDA EM VOZ ALTA - Circulação pelo ES,17469701010482,ArcelorMittal Brasil S/A - Tubarão,WB Produções Artísticas e Culturais LTDA,08775812000110,419650.0,False,,True,True,https://transparencia.es.gov.br/Comum/incentivosfiscais/Download/379,dados/fontes_web/paginas/transp377_379.txt,d538555e8fdc7b95ecf8a74e648ceb2a9d3683a3a28a388fbcf765e8f14a3283
2023,65,2023-LGC1J,2023-07-03,25º Festival de Inverno da Sanfona e da Viola de São Pedro do Itabapoana,28152650000171,EDP Espírito Santo Distribuição de Energia S.A,ASSOCIACAO DOS MORADORES DA COMUINIDADE DE SAO PEDRO DO ITABAPOANA,02120099000190,500000.0,False,,True,True,https://transparencia.es.gov.br/Comum/incentivosfiscais/Download/379,dados/fontes_web/paginas/transp377_379.txt,d538555e8fdc7b95ecf8a74e648ceb2a9d3683a3a28a388fbcf765e8f14a3283
2023,66,2022-HZM71,2023-07-14,ORIGRAFFES (ORIGINAL GRAFFITI ESPÍRITO SANTO),28152650000171,EDP Espírito Santo Distribuição de Energia S.A,Starley Bonfim Silva LTDA,19198950000109,250000.0,False,,True,True,https://transparencia.es.gov.br/Comum/incentivosfiscais/Download/379,dados/fontes_web/paginas/transp377_379.txt,d538555e8fdc7b95ecf8a74e648ceb2a9d3683a3a28a388fbcf765e8f14a3283
2023,67,2022-MVWBR,2023-07-14,FESTIVAL NACIONAL DE TEATRO DE CIDADE DE VITORIA 19ª EDIÇÃO,17469701010482,ArcelorMittal Brasil S/A - Tubarão,"Associação cultural, circense e Ambiental Uma Floresta",04201181000175,487000.0,False,,True,True,https://transparencia.es.gov.br/Comum/incentivosfiscais/Download/379,dados/fontes_web/paginas/transp377_379.txt,d538555e8fdc7b95ecf8a74e648ceb2a9d3683a3a28a388fbcf765e8f14a3283
2023,68,2022-7D9CX,2023-07-17,ENCONTRO DAS PRETAS - 9ª EDIÇÃO,07526557001181,AMBEV S.A CDD VITORIA,INSTITUTO DAS PRETAS.ORG,27861406000115,125000.0,False,,True,True,https://transparencia.es.gov.br/Comum/incentivosfiscais/Download/379,dados/fontes_web/paginas/transp377_379.txt,d538555e8fdc7b95ecf8a74e648ceb2a9d3683a3a28a388fbcf765e8f14a3283
2023,69,2022-8VR5D,2023-07-17,RODA DE BOTECO,27497684000135,FRISA,Conexxo Serviços e Gestão de Eventos LTDA,02708317000102,80000.0,False,,True,True,https://transparencia.es.gov.br/Comum/incentivosfiscais/Download/379,dados/fontes_web/paginas/transp377_379.txt,d538555e8fdc7b95ecf8a74e648ceb2a9d3683a3a28a388fbcf765e8f14a3283
2023,70,2022-8VR5D,2023-07-17,RODA DE BOTECO,07526557001181,AMBEV S.A CDD VITORIA,Conexxo Serviços e Gestão de Eventos LTDA,02708317000102,250000.0,False,,True,True,https://transparencia.es.gov.br/Comum/incentivosfiscais/Download/379,dados/fontes_web/paginas/transp377_379.txt,d538555e8fdc7b95ecf8a74e648ceb2a9d3683a3a28a388fbcf765e8f14a3283
2023,71,2022-1557P,2023-07-18,CineMarias Mulheres Protagonistas - 2023,01438784006219,LEROY MERLIN,Puri Produções e Eventos LTDA,33625380000109,102582.56,False,,True,True,https://transparencia.es.gov.br/Comum/incentivosfiscais/Download/379,dados/fontes_web/paginas/transp377_379.txt,d538555e8fdc7b95ecf8a74e648ceb2a9d3683a3a28a388fbcf765e8f14a3283
2024,,2023-XP8G3,2024-01-24,Mostra Povoar,34307295000165,Companhia de Gás do Espírito Santo,RV Vagmaker Produtora,39946516000169,200000.0,False,,True,True,https://transparencia.es.gov.br/Comum/incentivosfiscais/Download/439,dados/fontes_web/paginas/transp377_439.txt,59e0999200c56804b723383f18a33eb9b012bb9410bfb4d70f803c346b62d656
2024,,2022-CP09H,2024-01-24,Ready to Rock,00412876000145,Papelaria Rainha LTDA,Instituto Viva Vida,07377509000105,160000.0,False,,True,True,https://transparencia.es.gov.br/Comum/incentivosfiscais/Download/439,dados/fontes_web/paginas/transp377_439.txt,59e0999200c56804b723383f18a33eb9b012bb9410bfb4d70f803c346b62d656
2024,,2023-WTBGJ,2024-01-24,Formemus,28152650000171,EDP Espírito Santo,MM Projetos Culturais,17221352000170,0.0,True,,True,True,https://transparencia.es.gov.br/Comum/incentivosfiscais/Download/439,dados/fontes_web/paginas/transp377_439.txt,59e0999200c56804b723383f18a33eb9b012bb9410bfb4d70f803c346b62d656
2024,,2023-WTBGJ,2024-01-24,Formemus,34307295000165,Companhia de Gás do Espírito Santo,MM Projetos Culturais,17221352000170,250000.0,False,,True,True,https://transparencia.es.gov.br/Comum/incentivosfiscais/Download/439,dados/fontes_web/paginas/transp377_439.txt,59e0999200c56804b723383f18a33eb9b012bb9410bfb4d70f803c346b62d656
2024,,2023-S55BB,2024-01-24,Reencontros - Ocupações Artísticas no Museu Capixaba do Negro MUCANE,34307295000165,Companhia de Gás do Espírito Santo,J C PIRES ME,33200626000109,200000.0,False,,True,True,https://transparencia.es.gov.br/Comum/incentivosfiscais/Download/439,dados/fontes_web/paginas/transp377_439.txt,59e0999200c56804b723383f18a33eb9b012bb9410bfb4d70f803c346b62d656
2024,,2022-8LMZ7,2024-01-24,Residência Literária nas Monstanhas do Caparaó,00483394000186,D.F Favortero Supermercado Eireli,DANYEL FERREIRA SUETH,40203694000189,161622.55,False,,True,True,https://transparencia.es.gov.br/Comum/incentivosfiscais/Download/439,dados/fontes_web/paginas/transp377_439.txt,59e0999200c56804b723383f18a33eb9b012bb9410bfb4d70f803c346b62d656
2024,,2022-WT5FZ,2024-01-24,Caravana Combiousa - Expedição Monte Aghá,28152650000171,EDP Espírito Santo,SAULO RIBEIRO AMORIM – ME,11561519000165,0.0,True,,True,True,https://transparencia.es.gov.br/Comum/incentivosfiscais/Download/439,dados/fontes_web/paginas/transp377_439.txt,59e0999200c56804b723383f18a33eb9b012bb9410bfb4d70f803c346b62d656
2024,,2022-PS1Q5,2024-02-02,Crias Labs 2023,34307295000165,Companhia de Gás do Espírito Santo,PURI PRODUCOES E EVENTOS LTDA,33625380000109,350000.0,False,,True,True,https://transparencia.es.gov.br/Comum/incentivosfiscais/Download/439,dados/fontes_web/paginas/transp377_439.txt,59e0999200c56804b723383f18a33eb9b012bb9410bfb4d70f803c346b62d656
2024,,2022-CD23H,2024-02-05,Cinema é Coisa Séria,17469701010482,ArcelorMittal Brasil S/A,VIANA PROJETOS CULTURAIS LTDA,15302889000139,499961.86,False,,True,True,https://transparencia.es.gov.br/Comum/incentivosfiscais/Download/439,dados/fontes_web/paginas/transp377_439.txt,59e0999200c56804b723383f18a33eb9b012bb9410bfb4d70f803c346b62d656
2024,,2022-XLQ1B,2024-02-05,A TRUPE BARROCA,34307295000165,Companhia de Gás do Espírito Santo,WS PROJETOS CRIATIVOS LTDA,30216371000176,200000.0,False,,True,True,https://transparencia.es.gov.br/Comum/incentivosfiscais/Download/439,dados/fontes_web/paginas/transp377_439.txt,59e0999200c56804b723383f18a33eb9b012bb9410bfb4d70f803c346b62d656
2024,,2022-40RJ2,2024-02-05,Modernização museológica do Museu Aberto das Tartarugas Marinhas da Fundação Projeto Tamar em Vitória/ES,17469701010482,ArcelorMittal Brasil S/A,FUNDACAO CENTRO BRASILEIRO DE PROT E PESQ DAS T MARINHA,16110041001061,700000.0,False,,True,True,https://transparencia.es.gov.br/Comum/incentivosfiscais/Download/439,dados/fontes_web/paginas/transp377_439.txt,59e0999200c56804b723383f18a33eb9b012bb9410bfb4d70f803c346b62d656
2024,,2022-H0SNV,2024-02-05,BRAVOS - A Vila do Fim do Mundo,07260084000141,IND Alimentos Santa Maria LTDA,GLOBAL VILLAGE CREATIVE E EXECUTIVE PRODUTORA LTDA,19780327000151,259378.33,False,,True,True,https://transparencia.es.gov.br/Comum/incentivosfiscais/Download/439,dados/fontes_web/paginas/transp377_439.txt,59e0999200c56804b723383f18a33eb9b012bb9410bfb4d70f803c346b62d656
2024,,2023-4MWGM,2024-02-06,"Escola De Fotógrafos Cegos: A Exposição, 4 Cidade",34307295000165,Companhia de Gás do Espírito Santo,ASSOCIACAO SOCIEDADE CULTURA E ARTE SOCA,30017858000120,487271.84,False,,True,True,https://transparencia.es.gov.br/Comum/incentivosfiscais/Download/439,dados/fontes_web/paginas/transp377_439.txt,59e0999200c56804b723383f18a33eb9b012bb9410bfb4d70f803c346b62d656
2024,,2023-4TB56,2024-02-06,Orquestra Jovem Capixaba - Concertos na Grande Vitória,34307295000165,Companhia de Gás do Espírito Santo,Tonobooks Producoes LTDA,30867425000163,285485.0,False,,True,True,https://transparencia.es.gov.br/Comum/incentivosfiscais/Download/439,dados/fontes_web/paginas/transp377_439.txt,59e0999200c56804b723383f18a33eb9b012bb9410bfb4d70f803c346b62d656
2024,,2023-KTH9X,2024-02-06,Coral ArcelorMittal 2023,17469701010482,ArcelorMittal Brasil S/A,MM Projetos Culturais,17221352000170,500000.0,False,,True,True,https://transparencia.es.gov.br/Comum/incentivosfiscais/Download/439,dados/fontes_web/paginas/transp377_439.txt,59e0999200c56804b723383f18a33eb9b012bb9410bfb4d70f803c346b62d656
2024,,2023-RVPM7,2024-02-07,Núcleo de Formação Musical em Sanfona e Viola de São Pedro do Itabapoana,28152650000171,EDP Espírito Santo,ASSOCIACAO DOS MORADORES DA COMUINIDADE DE SAO PEDRO DO ITABAPOANA,02120099000190,380471.68,False,,True,True,https://transparencia.es.gov.br/Comum/incentivosfiscais/Download/439,dados/fontes_web/paginas/transp377_439.txt,59e0999200c56804b723383f18a33eb9b012bb9410bfb4d70f803c346b62d656
2024,,2023-QQ6B5,2024-02-07,Carnaval Folclórico dos Bois Pintadinhos de Muqui-ES – 2024,28152650000171,EDP Espírito Santo,REGIAO SUL CA PIX A B A D O S VA L E S E C A F E C O N V E N TIO N & VISIT O R S B U R E A U,04829617000175,500000.0,False,,True,True,https://transparencia.es.gov.br/Comum/incentivosfiscais/Download/439,dados/fontes_web/paginas/transp377_439.txt,59e0999200c56804b723383f18a33eb9b012bb9410bfb4d70f803c346b62d656
2024,,2022-2ZKZG,2024-02-07,Carnaval Multicultural de Atílio Vivácqua/ES - 2023,28152650000171,EDP Espírito Santo,ASSOCIACAO OFICINA DA VIDA -,05890816000151,366127.0,False,,True,True,https://transparencia.es.gov.br/Comum/incentivosfiscais/Download/439,dados/fontes_web/paginas/transp377_439.txt,59e0999200c56804b723383f18a33eb9b012bb9410bfb4d70f803c346b62d656
2024,,2023-BWFJ7,2024-02-08,A Fantástica Carpintaria: design circular aplicado a quintais urbanos,39639745000130,Intercores Com e Representações LTDA,CIDADE QUINTAL SERVICOS DE DESIGN E ARTE URBANA LTDA,20859756000106,112126.3,False,,True,True,https://transparencia.es.gov.br/Comum/incentivosfiscais/Download/439,dados/fontes_web/paginas/transp377_439.txt,59e0999200c56804b723383f18a33eb9b012bb9410bfb4d70f803c346b62d656
2024,,2023-BWFJ7,2024-02-08,A Fantástica Carpintaria: design circular aplicado a quintais urbanos,34307295000165,Companhia de Gás do Espírito Santo,CIDADE QUINTAL SERVICOS DE DESIGN E ARTE URBANA LTDA,20859756000106,200000.0,False,projeto,True,True,https://transparencia.es.gov.br/Comum/incentivosfiscais/Download/439,dados/fontes_web/paginas/transp377_439.txt,59e0999200c56804b723383f18a33eb9b012bb9410bfb4d70f803c346b62d656
2024,,2023-674P6,2024-02-08,Música e Artes na Capital Vitória/ES (Segunda Edição),34307295000165,Companhia de Gás do Espírito Santo,ASSOCIACAO ALEF BET,24784298000136,500000.0,False,,True,True,https://transparencia.es.gov.br/Comum/incentivosfiscais/Download/439,dados/fontes_web/paginas/transp377_439.txt,59e0999200c56804b723383f18a33eb9b012bb9410bfb4d70f803c346b62d656
2024,,2023-72GQM,2024-02-08,Capacitação para fazedores de alegorias e adereços da Escola de Samba Unidos da Piedade,03845717000122,Realmar Distribuidora Ltda,INSTITUTO RAIZES,33253187000194,499863.38,False,,True,True,https://transparencia.es.gov.br/Comum/incentivosfiscais/Download/439,dados/fontes_web/paginas/transp377_439.txt,59e0999200c56804b723383f18a33eb9b012bb9410bfb4d70f803c346b62d656
2024,,2023-WXS00,2024-02-08,Moqueca Pop Verão - Edição Marataízes,34307295000165,Companhia de Gás do Espírito Santo,J C PIRES,33200626000109,250000.0,False,,True,True,https://transparencia.es.gov.br/Comum/incentivosfiscais/Download/439,dados/fontes_web/paginas/transp377_439.txt,59e0999200c56804b723383f18a33eb9b012bb9410bfb4d70f803c346b62d656
2024,,2023-KNQFG,2024-02-08,Raiar da Liberdade,34307295000165,Companhia de Gás do Espírito Santo,ASSOCIACAO DE SALVAGUARDA DO PATRIMONIO IMATERIAL CACHOEIRENSE,05989492000103,202999.26,False,,True,True,https://transparencia.es.gov.br/Comum/incentivosfiscais/Download/439,dados/fontes_web/paginas/transp377_439.txt,59e0999200c56804b723383f18a33eb9b012bb9410bfb4d70f803c346b62d656
2024,,2023-F8CC5,2024-02-08,FESTIVAL MC 2024,34307295000165,Companhia de Gás do Espírito Santo,MOVIMENTO CIDADE PROJETOS CRIATIVOS LTDA,37281569000182,200000.0,False,,True,True,https://transparencia.es.gov.br/Comum/incentivosfiscais/Download/439,dados/fontes_web/paginas/transp377_439.txt,59e0999200c56804b723383f18a33eb9b012bb9410bfb4d70f803c346b62d656
2024,,2022-1557P,2024-02-08,CineMarias Mulheres Protagonistas - 2023,34307295000165,Companhia de Gás do Espírito Santo,PURI PRODUCOES E EVENTOS LTDA,33625380000109,300000.0,False,,True,True,https://transparencia.es.gov.br/Comum/incentivosfiscais/Download/439,dados/fontes_web/paginas/transp377_439.txt,59e0999200c56804b723383f18a33eb9b012bb9410bfb4d70f803c346b62d656
2024,,2023-32MFD,2024-02-08,26º Festival de Inverno da Sanfona e da Viola de São Pedro do Itabapoana,28152650000171,EDP Espírito Santo,ASSOCIACAO DOS MORADORES DA COMUINIDADE DE SAO PEDRO DO ITABAPOANA,02120099000190,250000.0,False,,True,True,https://transparencia.es.gov.br/Comum/incentivosfiscais/Download/439,dados/fontes_web/paginas/transp377_439.txt,59e0999200c56804b723383f18a33eb9b012bb9410bfb4d70f803c346b62d656
2024,,2023-MB46K,2024-02-08,II Festival De Música Primavera Teresense,28152650000171,EDP Espírito Santo,Associação Comunitária e Cultural Teresense,02849722000140,315269.65,False,,True,True,https://transparencia.es.gov.br/Comum/incentivosfiscais/Download/439,dados/fontes_web/paginas/transp377_439.txt,59e0999200c56804b723383f18a33eb9b012bb9410bfb4d70f803c346b62d656
2024,,2023-1J09J,2024-02-08,V Festival Internacional de Violão do Espírito Santo (FIVES) e VI Concurso Latino-Americano de Violão Maurício de Oliveira,28152650000171,EDP Espírito Santo,ACORDES CENTRO DE MUSICA E ARTES LTDA,05558955000182,305796.62,False,,True,True,https://transparencia.es.gov.br/Comum/incentivosfiscais/Download/439,dados/fontes_web/paginas/transp377_439.txt,59e0999200c56804b723383f18a33eb9b012bb9410bfb4d70f803c346b62d656
2024,,2023-BLDNJ,2024-02-08,MAIS CULTURA NAS ESCOLAS 2ª EDIÇÃO,28152650000171,EDP Espírito Santo,ES PRATICAS CORPORAIS CULTURAIS ESPORTIVAS E DE SAUDE LTDA,37357762000150,373361.6,False,,True,True,https://transparencia.es.gov.br/Comum/incentivosfiscais/Download/439,dados/fontes_web/paginas/transp377_439.txt,59e0999200c56804b723383f18a33eb9b012bb9410bfb4d70f803c346b62d656
2024,,2023-WTBGJ,2024-02-08,Formemus,28152650000171,EDP Espírito Santo,MM Projetos Culturais,17221352000170,250000.0,False,,True,True,https://transparencia.es.gov.br/Comum/incentivosfiscais/Download/439,dados/fontes_web/paginas/transp377_439.txt,59e0999200c56804b723383f18a33eb9b012bb9410bfb4d70f803c346b62d656
2024,,2022-WT5FZ,2024-02-08,Caravana Combiousa - Expedição Monte Aghá,28152650000171,EDP Espírito Santo,SAULO RIBEIRO AMORIM,11561519000165,237047.39,False,,True,True,https://transparencia.es.gov.br/Comum/incentivosfiscais/Download/439,dados/fontes_web/paginas/transp377_439.txt,59e0999200c56804b723383f18a33eb9b012bb9410bfb4d70f803c346b62d656
2024,,2023-S55BB,2024-02-15,Reencontros - Ocupações Artísticas no Museu Capixaba do Negro MUCANE,28152650000171,EDP Espírito Santo,J C PIRES,33200626000109,250000.0,False,,True,True,https://transparencia.es.gov.br/Comum/incentivosfiscais/Download/439,dados/fontes_web/paginas/transp377_439.txt,59e0999200c56804b723383f18a33eb9b012bb9410bfb4d70f803c346b62d656
2024,,2022-595FN,2024-02-15,Roda de Boteco- Grande Vitória,07526557001181,AMBEV,CONEXXO SERVIC O S E G E S TA O D E E V E N T O S LT D A,02708317000102,500000.0,False,,True,True,https://transparencia.es.gov.br/Comum/incentivosfiscais/Download/439,dados/fontes_web/paginas/transp377_439.txt,59e0999200c56804b723383f18a33eb9b012bb9410bfb4d70f803c346b62d656
2024,,2022-CP09H,2024-02-16,Ready to Rock,31819139000195,AS Materiais de Construção LTDA,Instituto Viva Vida,07377509000105,123350.15,False,,True,True,https://transparencia.es.gov.br/Comum/incentivosfiscais/Download/439,dados/fontes_web/paginas/transp377_439.txt,59e0999200c56804b723383f18a33eb9b012bb9410bfb4d70f803c346b62d656
2024,,2022-CR61F,2024-02-16,MAESTRO MAX CARVALHO,27227982000105,Venac Veículos Nacionais LTDA,MAX C. CARVALHO MUSIC,11119467000171,162000.0,False,,True,True,https://transparencia.es.gov.br/Comum/incentivosfiscais/Download/439,dados/fontes_web/paginas/transp377_439.txt,59e0999200c56804b723383f18a33eb9b012bb9410bfb4d70f803c346b62d656
2024,,2022-NLCS2,2024-02-19,"Construir, Tocar e Cantar para Transformar",30563332000145,BORANA INDUSTRIA E COMERCIO LTDA,CENTRO CULTURAL ARACA,01499271000104,104424.69,False,,True,True,https://transparencia.es.gov.br/Comum/incentivosfiscais/Download/439,dados/fontes_web/paginas/transp377_439.txt,59e0999200c56804b723383f18a33eb9b012bb9410bfb4d70f803c346b62d656
2024,,2022-92247,2024-02-19,12 Anos no ES,45901867000318,EV COMERCIO DE VEICULOS LTDA,MIto Games Ltda,25100184000192,0.0,True,,True,True,https://transparencia.es.gov.br/Comum/incentivosfiscais/Download/439,dados/fontes_web/paginas/transp377_439.txt,59e0999200c56804b723383f18a33eb9b012bb9410bfb4d70f803c346b62d656
2024,,2022-92247,2024-02-19,12 Anos no ES,39786983000179,VD COMERCIO DE VEICULOS LTDA,MIto Games Ltda,25100184000192,150000.0,False,projeto,True,True,https://transparencia.es.gov.br/Comum/incentivosfiscais/Download/439,dados/fontes_web/paginas/transp377_439.txt,59e0999200c56804b723383f18a33eb9b012bb9410bfb4d70f803c346b62d656
2024,,2022-92247,2024-02-19,12 Anos no ES,39786983000411,VD COMERCIO DE VEICULOS LTDA,MIto Games Ltda,25100184000192,150000.0,False,projeto,True,True,https://transparencia.es.gov.br/Comum/incentivosfiscais/Download/439,dados/fontes_web/paginas/transp377_439.txt,59e0999200c56804b723383f18a33eb9b012bb9410bfb4d70f803c346b62d656
2024,,2022-92247,2024-02-19,12 Anos no ES,11277336000465,V.M COMERCIO DE AUTOMOVEIS LTDA,MIto Games Ltda,25100184000192,84842.05,False,projeto,True,True,https://transparencia.es.gov.br/Comum/incentivosfiscais/Download/439,dados/fontes_web/paginas/transp377_439.txt,59e0999200c56804b723383f18a33eb9b012bb9410bfb4d70f803c346b62d656
2024,,2022-2LCF5,2024-02-20,"O Fabuloso Mundo das Cores - Heidi Liebermann,",34307295000165,Companhia de Gás do Espírito Santo,Liebermann Projetos Criativos,30869398000168,225000.0,False,,True,True,https://transparencia.es.gov.br/Comum/incentivosfiscais/Download/439,dados/fontes_web/paginas/transp377_439.txt,59e0999200c56804b723383f18a33eb9b012bb9410bfb4d70f803c346b62d656
2024,,2023-MJHMK,2024-02-20,FESTIVAL NOVOS CANTORES - 2ª EDIÇÃO,05069718000310,PERFIL ALUMINIO DO BRASIL S A,MEDUSA ESTUDIO E PRODUCOES LTDA,26477518000104,476619.0,False,,True,True,https://transparencia.es.gov.br/Comum/incentivosfiscais/Download/439,dados/fontes_web/paginas/transp377_439.txt,59e0999200c56804b723383f18a33eb9b012bb9410bfb4d70f803c346b62d656
2024,,2022-2QL0F,2024-02-21,"ASA ""ATELIER SOCIAL ARTE""",39786983000411,VD COMERCIO DE VEICULOS LTDA,"ASSOCIACAO AMIGOS DA JUSTICA CIDADANIA, EDUCACAO E ARTE",10653530000192,249305.1,False,,True,True,https://transparencia.es.gov.br/Comum/incentivosfiscais/Download/439,dados/fontes_web/paginas/transp377_439.txt,59e0999200c56804b723383f18a33eb9b012bb9410bfb4d70f803c346b62d656
2024,,2022-2QL0F,2024-02-21,"ASA ""ATELIER SOCIAL ARTE""",11277336000112,V.M COMERCIO DE AUTOMOVEIS LTDA,"ASSOCIACAO AMIGOS DA JUSTICA CIDADANIA, EDUCACAO E ARTE",10653530000192,250000.0,False,processo;projeto,True,True,https://transparencia.es.gov.br/Comum/incentivosfiscais/Download/439,dados/fontes_web/paginas/transp377_439.txt,59e0999200c56804b723383f18a33eb9b012bb9410bfb4d70f803c346b62d656
2024,,2023-8N872,2024-02-21,NADO,11277336000112,V.M COMERCIO DE AUTOMOVEIS LTDA,CLARABOIA IMAGEM E COMUNICACAO LTDA,34811580000119,250000.0,False,,True,True,https://transparencia.es.gov.br/Comum/incentivosfiscais/Download/439,dados/fontes_web/paginas/transp377_439.txt,59e0999200c56804b723383f18a33eb9b012bb9410bfb4d70f803c346b62d656
2024,,2023-FK5W3,2024-02-22,R2R Música para Todos,11277336000112,V.M COMERCIO DE AUTOMOVEIS LTDA,Instituto Viva Vida,07377509000105,250000.0,False,,True,True,https://transparencia.es.gov.br/Comum/incentivosfiscais/Download/439,dados/fontes_web/paginas/transp377_439.txt,59e0999200c56804b723383f18a33eb9b012bb9410bfb4d70f803c346b62d656
2024,,2023-MZ120,2024-02-22,FESTIVAL INTERNACIONAL DE JAZZ E BOSSA DE SANTA TERESA,39786983000179,VD COMERCIO DE VEICULOS LTDA,ROTA SERVICE LTDA,00767029000101,250000.0,False,,True,True,https://transparencia.es.gov.br/Comum/incentivosfiscais/Download/439,dados/fontes_web/paginas/transp377_439.txt,59e0999200c56804b723383f18a33eb9b012bb9410bfb4d70f803c346b62d656
2024,,2023-F8CC5,2024-02-23,Festival MC 2024,17469701010482,ArcelorMittal Brasil S/A,MOVIMENTO CIDADE PROJETOS CRIATIVOS LTDA,37281569000182,299808.74,False,,True,True,https://transparencia.es.gov.br/Comum/incentivosfiscais/Download/439,dados/fontes_web/paginas/transp377_439.txt,59e0999200c56804b723383f18a33eb9b012bb9410bfb4d70f803c346b62d656
2024,,2023-GJ366,2024-02-29,Samba Que Eu Quero Ver,39786983000179,VD COMERCIO DE VEICULOS LTDA,EXPURGACAO F I L M E S E P R O D U C O E S A R T I S T I C A S LT D A,15693797000127,250000.0,False,,True,True,https://transparencia.es.gov.br/Comum/incentivosfiscais/Download/439,dados/fontes_web/paginas/transp377_439.txt,59e0999200c56804b723383f18a33eb9b012bb9410bfb4d70f803c346b62d656
2024,,2022-CP09H,2024-03-04,Ready to Rock,28135184000116,ELSONS,Instituto Viva Vida,07377509000105,49463.81,False,,True,True,https://transparencia.es.gov.br/Comum/incentivosfiscais/Download/439,dados/fontes_web/paginas/transp377_439.txt,59e0999200c56804b723383f18a33eb9b012bb9410bfb4d70f803c346b62d656
2024,,2022-CP09H,2024-03-04,Ready to Rock,05069718000158,PERFIL ALUMINIO DO BRASIL S A,Instituto Viva Vida,07377509000105,25500.01,False,processo;projeto,True,True,https://transparencia.es.gov.br/Comum/incentivosfiscais/Download/439,dados/fontes_web/paginas/transp377_439.txt,59e0999200c56804b723383f18a33eb9b012bb9410bfb4d70f803c346b62d656
2024,,2023-8N872,2024-03-05,NADO,39786983000179,VD COMERCIO DE VEICULOS LTDA,CLARABOIA IMAGEM E COMUNICACAO LTDA,34811580000119,200000.0,False,,True,True,https://transparencia.es.gov.br/Comum/incentivosfiscais/Download/439,dados/fontes_web/paginas/transp377_439.txt,59e0999200c56804b723383f18a33eb9b012bb9410bfb4d70f803c346b62d656
2024,,2023-8N872,2024-03-05,NADO,45901867000156,EV COMERCIO DE VEICULOS LTDA,CLARABOIA IMAGEM E COMUNICACAO LTDA,34811580000119,50000.0,False,projeto,True,True,https://transparencia.es.gov.br/Comum/incentivosfiscais/Download/439,dados/fontes_web/paginas/transp377_439.txt,59e0999200c56804b723383f18a33eb9b012bb9410bfb4d70f803c346b62d656
2024,,2023-BWFJ7,2024-03-05,A Fantástica Carpintaria,17469701010482,ArcelorMittal Brasil S/A,CIDADE QUINTAL SERVICOS DE DESIGN E ARTE URBANA LTDA,20859756000106,110000.0,False,,True,True,https://transparencia.es.gov.br/Comum/incentivosfiscais/Download/439,dados/fontes_web/paginas/transp377_439.txt,59e0999200c56804b723383f18a33eb9b012bb9410bfb4d70f803c346b62d656
2024,,2023-R3WJX,2024-03-07,MOINHO VITÓRIA,28129260001667,DRIFT COMERCIO DE ALIMENTOS S A.,ESCRITORIO DE ARTE CELSO ADOLFO LTDA,02161368000167,53009.91,False,,True,True,https://transparencia.es.gov.br/Comum/incentivosfiscais/Download/439,dados/fontes_web/paginas/transp377_439.txt,59e0999200c56804b723383f18a33eb9b012bb9410bfb4d70f803c346b62d656
2024,,2023-MZ120,2024-03-13,FESTIVAL INTERNACIONAL DE JAZZ E BOSSA DE SANTA TERESA,39786983001736,VD COMERCIO DE VEICULOS LTDA,ROTA SERVICE LTDA,00767029000101,110000.0,False,,True,True,https://transparencia.es.gov.br/Comum/incentivosfiscais/Download/439,dados/fontes_web/paginas/transp377_439.txt,59e0999200c56804b723383f18a33eb9b012bb9410bfb4d70f803c346b62d656
2024,,2023-MZ120,2024-03-13,FESTIVAL INTERNACIONAL DE JAZZ E BOSSA DE SANTA TERESA,11277336000708,V.M COMERCIO DE AUTOMOVEIS LTDA,ROTA SERVICE LTDA,00767029000101,80000.0,False,projeto,True,True,https://transparencia.es.gov.br/Comum/incentivosfiscais/Download/439,dados/fontes_web/paginas/transp377_439.txt,59e0999200c56804b723383f18a33eb9b012bb9410bfb4d70f803c346b62d656
2024,,2023-MZ120,2024-03-13,FESTIVAL INTERNACIONAL DE JAZZ E BOSSA DE SANTA TERESA,11277336000627,V.M COMERCIO DE AUTOMOVEIS LTDA,ROTA SERVICE LTDA,00767029000101,60000.0,False,projeto,True,True,https://transparencia.es.gov.br/Comum/incentivosfiscais/Download/439,dados/fontes_web/paginas/transp377_439.txt,59e0999200c56804b723383f18a33eb9b012bb9410bfb4d70f803c346b62d656
2024,,2023-FK5W3,2024-03-13,R2R Música para Todos,39786983000179,VD COMERCIO DE VEICULOS LTDA,Instituto Viva Vida,07377509000105,250000.0,False,,True,True,https://transparencia.es.gov.br/Comum/incentivosfiscais/Download/439,dados/fontes_web/paginas/transp377_439.txt,59e0999200c56804b723383f18a33eb9b012bb9410bfb4d70f803c346b62d656
2024,,2023-VV8MK,2024-03-14,"''Festa da Penha 2024 “Ó Vem Conosco, Vem Caminhar!”",17469701010482,ArcelorMittal Brasil S/A,ASSOCIACAO DOS AMIGOS DO CONVENTO DE N.S. DA PENHA,01262790000146,489894.09,False,,True,True,https://transparencia.es.gov.br/Comum/incentivosfiscais/Download/439,dados/fontes_web/paginas/transp377_439.txt,59e0999200c56804b723383f18a33eb9b012bb9410bfb4d70f803c346b62d656
2024,,2024-R7H5X,2024-05-28,Festival da Cultura Italiana,39786983000179,vd,Associação Federativa Comunitá Italiana do Espírito Santo,0357177000127,103893.0,False,,True,False,https://transparencia.es.gov.br/Comum/incentivosfiscais/Download/439,dados/fontes_web/paginas/transp377_439.txt,59e0999200c56804b723383f18a33eb9b012bb9410bfb4d70f803c346b62d656
2024,,2024-R7H5X,2024-05-28,Festival da Cultura Italiana,03845717000122,Realmar Distribuidora Ltda,Associação Federativa Comunitá Italiana do Espírito Santo,0357177000127,300000.0,False,processo;data_processo;projeto,True,False,https://transparencia.es.gov.br/Comum/incentivosfiscais/Download/439,dados/fontes_web/paginas/transp377_439.txt,59e0999200c56804b723383f18a33eb9b012bb9410bfb4d70f803c346b62d656
2024,,2023-L11TR,2024-05-28,150 anos da Imigração Italiana no Espírito Santo - Brasil - Exposição Itinerante “As Colônias Italianas no Espírito Santo,39786983000179,vd,Associação Federativa Comunitá Italiana do Espírito Santo,0357177000127,200000.0,False,,True,False,https://transparencia.es.gov.br/Comum/incentivosfiscais/Download/439,dados/fontes_web/paginas/transp377_439.txt,59e0999200c56804b723383f18a33eb9b012bb9410bfb4d70f803c346b62d656
2024,,2023-L11TR,2024-05-28,150 anos da Imigração Italiana no Espírito Santo - Brasil - Exposição Itinerante “As Colônias Italianas no Espírito Santo,39786983001736,VD COMERCIO DE VEICULOS LTDA,Associação Federativa Comunitá Italiana do Espírito Santo,0357177000127,75000.0,False,processo;data_processo;projeto,True,False,https://transparencia.es.gov.br/Comum/incentivosfiscais/Download/439,dados/fontes_web/paginas/transp377_439.txt,59e0999200c56804b723383f18a33eb9b012bb9410bfb4d70f803c346b62d656
2024,,2023-L11TR,2024-05-28,150 anos da Imigração Italiana no Espírito Santo - Brasil - Exposição Itinerante “As Colônias Italianas no Espírito Santo,11277336000465,V.M COMERCIO DE AUTOMOVEIS LTDA,Associação Federativa Comunitá Italiana do Espírito Santo,0357177000127,42380.4,False,processo;data_processo;projeto,True,False,https://transparencia.es.gov.br/Comum/incentivosfiscais/Download/439,dados/fontes_web/paginas/transp377_439.txt,59e0999200c56804b723383f18a33eb9b012bb9410bfb4d70f803c346b62d656
2024,,2023-L11TR,2024-05-28,150 anos da Imigração Italiana no Espírito Santo - Brasil - Exposição Itinerante “As Colônias Italianas no Espírito Santo,11277336000899,VM,Associação Federativa Comunitá Italiana do Espírito Santo,0357177000127,30000.0,False,processo;data_processo;projeto,True,False,https://transparencia.es.gov.br/Comum/incentivosfiscais/Download/439,dados/fontes_web/paginas/transp377_439.txt,59e0999200c56804b723383f18a33eb9b012bb9410bfb4d70f803c346b62d656
2024,,2023-DDSJJ,2024-05-29,FESTA DO IMIGRANTE DE SANTA TERESA 2024,02077546000176,BIANCOGRES CERAMICA,CIRCOLO TRENTINO DI SANTA TERESA,31475999000159,133085.25,False,,True,True,https://transparencia.es.gov.br/Comum/incentivosfiscais/Download/439,dados/fontes_web/paginas/transp377_439.txt,59e0999200c56804b723383f18a33eb9b012bb9410bfb4d70f803c346b62d656
2024,,2023-DDSJJ,2024-05-29,FESTA DO IMIGRANTE DE SANTA TERESA 2024,08930868000100,BIANCOGRES VINILICO,CIRCOLO TRENTINO DI SANTA TERESA,31475999000159,105226.47,False,processo;data_processo;projeto,True,True,https://transparencia.es.gov.br/Comum/incentivosfiscais/Download/439,dados/fontes_web/paginas/transp377_439.txt,59e0999200c56804b723383f18a33eb9b012bb9410bfb4d70f803c346b62d656
2024,,2023-DDSJJ,2024-05-29,FESTA DO IMIGRANTE DE SANTA TERESA 2024,10524837000193,LM – COMÉRCIO ATACADISTA DE MATERIAL DE CONSTRUÇÃO LTDA,CIRCOLO TRENTINO DI SANTA TERESA,31475999000159,196534.24,False,processo;data_processo;projeto,True,True,https://transparencia.es.gov.br/Comum/incentivosfiscais/Download/439,dados/fontes_web/paginas/transp377_439.txt,59e0999200c56804b723383f18a33eb9b012bb9410bfb4d70f803c346b62d656
2024,,2023-K799N,2024-06-03,96ª Festa de São Pedro,03845717000122,Realmar Distribuidora Ltda,Colônia de Pescadores e Aquicultores,31300825000155,250000.0,False,,True,True,https://transparencia.es.gov.br/Comum/incentivosfiscais/Download/439,dados/fontes_web/paginas/transp377_439.txt,59e0999200c56804b723383f18a33eb9b012bb9410bfb4d70f803c346b62d656
2024,,2023-K799N,2024-06-03,96ª Festa de São Pedro,39786983000179,vd,Colônia de Pescadores e Aquicultores,31300825000155,170484.16,False,processo;data_processo;projeto,True,True,https://transparencia.es.gov.br/Comum/incentivosfiscais/Download/439,dados/fontes_web/paginas/transp377_439.txt,59e0999200c56804b723383f18a33eb9b012bb9410bfb4d70f803c346b62d656
2024,,2024-FPDG3,2024-06-03,31º Festival de Cinema de Vitória”;,17469701010482,ArcelorMittal Brasil S/A,GALPAO PRODUCOES ARTISTICAS E CULTURAIS LTDA,02616581000116,500000.0,False,,True,True,https://transparencia.es.gov.br/Comum/incentivosfiscais/Download/439,dados/fontes_web/paginas/transp377_439.txt,59e0999200c56804b723383f18a33eb9b012bb9410bfb4d70f803c346b62d656
2024,,2024-0VL47,,12ª Itália Unita,31759699000100,Comercial Devens,SECRETARIADO DOS IMIGRANTES FRIULANOS DE ARACRUZ ES,02439502000149,150000.0,False,,True,True,https://transparencia.es.gov.br/Comum/incentivosfiscais/Download/439,dados/fontes_web/paginas/transp377_439.txt,59e0999200c56804b723383f18a33eb9b012bb9410bfb4d70f803c346b62d656
2024,,2024-0VL47,,12ª Itália Unita,27451582001312,Estel Serviços Industriais,SECRETARIADO DOS IMIGRANTES FRIULANOS DE ARACRUZ ES,02439502000149,17000.0,False,processo;data_processo;projeto,True,True,https://transparencia.es.gov.br/Comum/incentivosfiscais/Download/439,dados/fontes_web/paginas/transp377_439.txt,59e0999200c56804b723383f18a33eb9b012bb9410bfb4d70f803c346b62d656
2024,,2024-0VL47,,12ª Itália Unita,27451582000189,Estel Serviços Industriais,SECRETARIADO DOS IMIGRANTES FRIULANOS DE ARACRUZ ES,02439502000149,9000.0,False,processo;data_processo;projeto,True,True,https://transparencia.es.gov.br/Comum/incentivosfiscais/Download/439,dados/fontes_web/paginas/transp377_439.txt,59e0999200c56804b723383f18a33eb9b012bb9410bfb4d70f803c346b62d656
2024,,2024-0VL47,,12ª Itália Unita,31790710000196,IMETAME Metalmecânica Ltda,SECRETARIADO DOS IMIGRANTES FRIULANOS DE ARACRUZ ES,02439502000149,150000.0,False,processo;data_processo;projeto,True,True,https://transparencia.es.gov.br/Comum/incentivosfiscais/Download/439,dados/fontes_web/paginas/transp377_439.txt,59e0999200c56804b723383f18a33eb9b012bb9410bfb4d70f803c346b62d656
2024,,2024-0VL47,,12ª Itália Unita,27555390000112,Oriundi Supermercado,SECRETARIADO DOS IMIGRANTES FRIULANOS DE ARACRUZ ES,02439502000149,104860.56,False,processo;data_processo;projeto,True,True,https://transparencia.es.gov.br/Comum/incentivosfiscais/Download/439,dados/fontes_web/paginas/transp377_439.txt,59e0999200c56804b723383f18a33eb9b012bb9410bfb4d70f803c346b62d656
2024,,2024-17HKP,2024-06-12,46ª Festa da Polenta,27277961000102,SUPERMERCADOS PAGOTO LTDA,ASSOCIACAO FESTA DA POLENTA - AFEPOL,36403111000196,381033.64,False,,True,True,https://transparencia.es.gov.br/Comum/incentivosfiscais/Download/439,dados/fontes_web/paginas/transp377_439.txt,59e0999200c56804b723383f18a33eb9b012bb9410bfb4d70f803c346b62d656
2024,,2024-17HKP,2024-06-12,46ª Festa da Polenta,28168102000482,DIACO DISTRIBUIDORA DE ACO SA,ASSOCIACAO FESTA DA POLENTA - AFEPOL,36403111000196,81502.28,False,processo;data_processo;projeto,True,True,https://transparencia.es.gov.br/Comum/incentivosfiscais/Download/439,dados/fontes_web/paginas/transp377_439.txt,59e0999200c56804b723383f18a33eb9b012bb9410bfb4d70f803c346b62d656
2024,,2023-69GRL,2024-06-20,Prêmio da Música Capixaba,17469701010482,ArcelorMittal Brasil S/A,DANIEL GONCALVES MORELO,17221352000170,500000.0,False,,True,True,https://transparencia.es.gov.br/Comum/incentivosfiscais/Download/439,dados/fontes_web/paginas/transp377_439.txt,59e0999200c56804b723383f18a33eb9b012bb9410bfb4d70f803c346b62d656
2024,,2022-VVS3B,2024-06-20,Residência Artística - Flávia Dalla Bernardina,01973495000521,Recreio Vitoria Veículos,GLOBAL VILLAGE CREATIVE E EXECUTIVE PRODUTORA LTDA ME,19780327000151,58116.0,False,,True,True,https://transparencia.es.gov.br/Comum/incentivosfiscais/Download/439,dados/fontes_web/paginas/transp377_439.txt,59e0999200c56804b723383f18a33eb9b012bb9410bfb4d70f803c346b62d656
2024,,2023-NK2V6,2024-06-20,"ESCOLA DE FOTÓGRAFOS CEGOS, NOVOS OLHARES: TERRITÓRIOS",05069718000310,PERFIL ALUMINIO DO BRASIL S A,ASSOCIACAO SOCIEDADE CULTURA E ARTE SOCA,30017858000120,120000.0,False,,True,True,https://transparencia.es.gov.br/Comum/incentivosfiscais/Download/439,dados/fontes_web/paginas/transp377_439.txt,59e0999200c56804b723383f18a33eb9b012bb9410bfb4d70f803c346b62d656
2024,,2023-KQRL6,2024-06-20,Som das Caieiras - Concertos,03845717000122,Realmar Distribuidora Ltda,FUNDACAO BENEFICENTE PRAIA DO CANTO,36422970000122,250000.0,False,,True,True,https://transparencia.es.gov.br/Comum/incentivosfiscais/Download/439,dados/fontes_web/paginas/transp377_439.txt,59e0999200c56804b723383f18a33eb9b012bb9410bfb4d70f803c346b62d656
2024,,2023-KQRL6,2024-06-20,Som das Caieiras - Concertos,11277336000627,V.M COMERCIO DE AUTOMOVEIS LTDA,FUNDACAO BENEFICENTE PRAIA DO CANTO,36422970000122,20000.0,False,processo;data_processo;projeto,True,True,https://transparencia.es.gov.br/Comum/incentivosfiscais/Download/439,dados/fontes_web/paginas/transp377_439.txt,59e0999200c56804b723383f18a33eb9b012bb9410bfb4d70f803c346b62d656
2024,,2023-KQRL6,2024-06-20,Som das Caieiras - Concertos,01465864000141,Vitoria Motors,FUNDACAO BENEFICENTE PRAIA DO CANTO,36422970000122,150000.0,False,processo;data_processo;projeto,True,True,https://transparencia.es.gov.br/Comum/incentivosfiscais/Download/439,dados/fontes_web/paginas/transp377_439.txt,59e0999200c56804b723383f18a33eb9b012bb9410bfb4d70f803c346b62d656
2024,,2023-KQRL6,2024-06-20,Som das Caieiras - Concertos,11277336000112,V.M COMERCIO DE AUTOMOVEIS LTDA,FUNDACAO BENEFICENTE PRAIA DO CANTO,36422970000122,39000.0,False,processo;data_processo;projeto,True,True,https://transparencia.es.gov.br/Comum/incentivosfiscais/Download/439,dados/fontes_web/paginas/transp377_439.txt,59e0999200c56804b723383f18a33eb9b012bb9410bfb4d70f803c346b62d656
2024,,2023-KQRL6,2024-06-20,Som das Caieiras - Concertos,39786983001221,VD,FUNDACAO BENEFICENTE PRAIA DO CANTO,36422970000122,41000.0,False,processo;data_processo;projeto,True,True,https://transparencia.es.gov.br/Comum/incentivosfiscais/Download/439,dados/fontes_web/paginas/transp377_439.txt,59e0999200c56804b723383f18a33eb9b012bb9410bfb4d70f803c346b62d656
2024,,2023-7ND2S,2024-06-21,Marien Calixte Jazz Music Festival,17469701010482,ArcelorMittal Brasil S/A,DANIEL GONCALVES MORELO,17221352000170,500000.0,False,,True,True,https://transparencia.es.gov.br/Comum/incentivosfiscais/Download/439,dados/fontes_web/paginas/transp377_439.txt,59e0999200c56804b723383f18a33eb9b012bb9410bfb4d70f803c346b62d656
2024,,2023-TV1JV,2024-06-21,VIII Seminário Internacional Arte!brasileiros,28152650000171,EDP Espírito Santo,TENDENCIA CONSULTORIA EMPRESARIAL LTDA.,00694480000138,489610.0,False,,True,True,https://transparencia.es.gov.br/Comum/incentivosfiscais/Download/439,dados/fontes_web/paginas/transp377_439.txt,59e0999200c56804b723383f18a33eb9b012bb9410bfb4d70f803c346b62d656
2024,,2023-GNGTZ,2024-06-24,Turma da Acao,39786983001655,VD,VIANA PROJETOS CULTURAIS LTDA,15302889000139,50000.0,False,,True,True,https://transparencia.es.gov.br/Comum/incentivosfiscais/Download/439,dados/fontes_web/paginas/transp377_439.txt,59e0999200c56804b723383f18a33eb9b012bb9410bfb4d70f803c346b62d656
2024,,2023-GNGTZ,2024-06-24,Turma da Acao,17615289000156,VD Pneus LTDA,VIANA PROJETOS CULTURAIS LTDA,15302889000139,7638.35,False,processo;data_processo;projeto,True,True,https://transparencia.es.gov.br/Comum/incentivosfiscais/Download/439,dados/fontes_web/paginas/transp377_439.txt,59e0999200c56804b723383f18a33eb9b012bb9410bfb4d70f803c346b62d656
2024,,2023-GNGTZ,2024-06-24,Turma da Acao,11277336000112,V.M COMERCIO DE AUTOMOVEIS LTDA,VIANA PROJETOS CULTURAIS LTDA,15302889000139,100000.0,False,processo;data_processo;projeto,True,True,https://transparencia.es.gov.br/Comum/incentivosfiscais/Download/439,dados/fontes_web/paginas/transp377_439.txt,59e0999200c56804b723383f18a33eb9b012bb9410bfb4d70f803c346b62d656
2024,,2023-GNGTZ,2024-06-24,Turma da Acao,11277336000384,VM,VIANA PROJETOS CULTURAIS LTDA,15302889000139,140000.0,False,processo;data_processo;projeto,True,True,https://transparencia.es.gov.br/Comum/incentivosfiscais/Download/439,dados/fontes_web/paginas/transp377_439.txt,59e0999200c56804b723383f18a33eb9b012bb9410bfb4d70f803c346b62d656
2024,,2023-GNGTZ,2024-06-24,Turma da Acao,45901867000156,EV COMERCIO DE VEICULOS LTDA,VIANA PROJETOS CULTURAIS LTDA,15302889000139,50000.0,False,processo;data_processo;projeto,True,True,https://transparencia.es.gov.br/Comum/incentivosfiscais/Download/439,dados/fontes_web/paginas/transp377_439.txt,59e0999200c56804b723383f18a33eb9b012bb9410bfb4d70f803c346b62d656
2024,,2023-G9CPF,2024-06-24,Circulação do Espetáculo “Fuscalhaço,17469701010482,ArcelorMittal Brasil S/A,ARVORE CASA DAS ARTES,09663754000104,349745.99,False,,True,True,https://transparencia.es.gov.br/Comum/incentivosfiscais/Download/439,dados/fontes_web/paginas/transp377_439.txt,59e0999200c56804b723383f18a33eb9b012bb9410bfb4d70f803c346b62d656
2024,,2022-NLCS2,2024-06-24,"Construir, Tocar e Cantar para Transformar",28152650000171,EDP Espírito Santo,CENTRO CULTURAL ARACA,01499271000104,232671.54,False,,True,True,https://transparencia.es.gov.br/Comum/incentivosfiscais/Download/439,dados/fontes_web/paginas/transp377_439.txt,59e0999200c56804b723383f18a33eb9b012bb9410bfb4d70f803c346b62d656
2024,,2022-660J2,2024-06-25,Baía de Vitória: outras margens possíveis,28152650000171,EDP Espírito Santo,Daus Design Arquitetura Urbanismo Sustentaveis LTDA,39273446000125,498176.0,False,,True,True,https://transparencia.es.gov.br/Comum/incentivosfiscais/Download/439,dados/fontes_web/paginas/transp377_439.txt,59e0999200c56804b723383f18a33eb9b012bb9410bfb4d70f803c346b62d656
2024,,2022-TPG5Z,2024-06-25,Travessia,14408399000582,KLEY HERTZ DISTRIBUIDORA LTDA,BALE DA ILHA - CIA. DE DANCA,03639627000185,,True,,True,True,https://transparencia.es.gov.br/Comum/incentivosfiscais/Download/439,dados/fontes_web/paginas/transp377_439.txt,59e0999200c56804b723383f18a33eb9b012bb9410bfb4d70f803c346b62d656
2024,,2022-TPG5Z,2024-06-25,Travessia,17469701010482,ArcelorMittal Brasil S/A,BALE DA ILHA - CIA. DE DANCA,03639627000185,79982.36,False,processo;data_processo;projeto,True,True,https://transparencia.es.gov.br/Comum/incentivosfiscais/Download/439,dados/fontes_web/paginas/transp377_439.txt,59e0999200c56804b723383f18a33eb9b012bb9410bfb4d70f803c346b62d656
2024,,2023-GJ366,2024-06-25,Samba Que Eu Quero Ver - Mostra Cultural de Bamba,03845717000122,Realmar Distribuidora Ltda,EXPURGACAO F I L M E S E P R O D U C O E S A R T I S T I C A S LT D A,15693797000127,250000.0,False,,True,True,https://transparencia.es.gov.br/Comum/incentivosfiscais/Download/439,dados/fontes_web/paginas/transp377_439.txt,59e0999200c56804b723383f18a33eb9b012bb9410bfb4d70f803c346b62d656
2024,,2022-C4V42,2024-06-26,Algazarra Coral,34307295000165,Companhia de Gás do Espírito Santo,INSTITUTO TODOS OS CANTOS,11510597000130,183418.64,False,,True,True,https://transparencia.es.gov.br/Comum/incentivosfiscais/Download/439,dados/fontes_web/paginas/transp377_439.txt,59e0999200c56804b723383f18a33eb9b012bb9410bfb4d70f803c346b62d656
2024,,2022-92247,2024-06-26,"Jogo Digital: ""12 Anos no ES""",11277336000708,V.M COMERCIO DE AUTOMOVEIS LTDA,Mito Games Ltda,25100184000192,100000.0,False,,True,True,https://transparencia.es.gov.br/Comum/incentivosfiscais/Download/439,dados/fontes_web/paginas/transp377_439.txt,59e0999200c56804b723383f18a33eb9b012bb9410bfb4d70f803c346b62d656
2024,,2023-MQSDZ,2024-06-26,Congo de Máscaras de Roda D’Água de Cariacica,27990092000150,Supermercados Calvi LTDA,ASSOCIAÇÃO DE BANDAS DE CONGO DE CARIACICA,05932468000138,250000.0,False,,True,True,https://transparencia.es.gov.br/Comum/incentivosfiscais/Download/439,dados/fontes_web/paginas/transp377_439.txt,59e0999200c56804b723383f18a33eb9b012bb9410bfb4d70f803c346b62d656
2024,,2023-9CL2D,2024-06-26,Festival do Sol,40432544011858,Claro S/A,CLUSTER COMUNICACAO E MARKETING LTDA,07386184000119,419115.58,False,,True,True,https://transparencia.es.gov.br/Comum/incentivosfiscais/Download/439,dados/fontes_web/paginas/transp377_439.txt,59e0999200c56804b723383f18a33eb9b012bb9410bfb4d70f803c346b62d656
2024,,2022-1557P,2024-07-01,CineMarias Mulheres Protagonistas,17469701010482,ArcelorMittal Brasil S/A,PURI PRODUCOES E EVENTOS LTDA,33625380000109,97417.44,False,,True,True,https://transparencia.es.gov.br/Comum/incentivosfiscais/Download/439,dados/fontes_web/paginas/transp377_439.txt,59e0999200c56804b723383f18a33eb9b012bb9410bfb4d70f803c346b62d656
2024,,2023-RC4LK,2024-07-02,Jose Carlos Vilar. Precisão e suavidade,17469701010482,ArcelorMittal Brasil S/A,"INSTITUTO MOD U S VIV E N DI D E D E S E N V O LVIM E N T O S O CIA L, C U LT U R A L E A M BIE N TA L",08636850000192,490437.23,False,,True,True,https://transparencia.es.gov.br/Comum/incentivosfiscais/Download/439,dados/fontes_web/paginas/transp377_439.txt,59e0999200c56804b723383f18a33eb9b012bb9410bfb4d70f803c346b62d656
2024,,2023-GXJLN,2024-07-03,JAZZ VITÓRIA FESTIVAL 2024,03845717000122,Realmar Distribuidora Ltda,ROTA SERVICE LTDA,00767029000101,500000.0,False,,True,True,https://transparencia.es.gov.br/Comum/incentivosfiscais/Download/439,dados/fontes_web/paginas/transp377_439.txt,59e0999200c56804b723383f18a33eb9b012bb9410bfb4d70f803c346b62d656
2024,,2023-GNGTZ,2024-07-04,Turma da Ação,11277336000384,VM,VIANA PROJETOS CULTURAIS LTDA,15302889000139,3916.58,False,,True,True,https://transparencia.es.gov.br/Comum/incentivosfiscais/Download/439,dados/fontes_web/paginas/transp377_439.txt,59e0999200c56804b723383f18a33eb9b012bb9410bfb4d70f803c346b62d656
2024,,2023-XP8G3,2024-07-05,Mostra Povoar,28152650000171,EDP Espírito Santo,R V VAGMAKER PRODUTORA,39946516000169,149271.88,False,,True,True,https://transparencia.es.gov.br/Comum/incentivosfiscais/Download/439,dados/fontes_web/paginas/transp377_439.txt,59e0999200c56804b723383f18a33eb9b012bb9410bfb4d70f803c346b62d656
2024,,2023-3RCKP,2024-07-08,CAPPITELLA – FESTA DO CAPPELLETTI E DA TAGLIATELLA,10607920000126,Supermercado Economia,ASSOCIACAO FESTA DA CAPPITELLA - AFECAPI,34388923000184,100000.0,False,,True,True,https://transparencia.es.gov.br/Comum/incentivosfiscais/Download/439,dados/fontes_web/paginas/transp377_439.txt,59e0999200c56804b723383f18a33eb9b012bb9410bfb4d70f803c346b62d656
2024,,2023-3RCKP,2024-07-08,CAPPITELLA – FESTA DO CAPPELLETTI E DA TAGLIATELLA,00381613000116,Supermercado Grechi,ASSOCIACAO FESTA DA CAPPITELLA - AFECAPI,34388923000184,138000.0,False,processo;data_processo;projeto,True,True,https://transparencia.es.gov.br/Comum/incentivosfiscais/Download/439,dados/fontes_web/paginas/transp377_439.txt,59e0999200c56804b723383f18a33eb9b012bb9410bfb4d70f803c346b62d656
2024,,2023-3RCKP,2024-07-08,CAPPITELLA – FESTA DO CAPPELLETTI E DA TAGLIATELLA,27942085003794,Cooperativa Centro Serrana,ASSOCIACAO FESTA DA CAPPITELLA - AFECAPI,34388923000184,234482.4,False,processo;data_processo;projeto,True,True,https://transparencia.es.gov.br/Comum/incentivosfiscais/Download/439,dados/fontes_web/paginas/transp377_439.txt,59e0999200c56804b723383f18a33eb9b012bb9410bfb4d70f803c346b62d656
2024,,2022-TPG5Z,2024-08-06,Travessia,17469701010482,ArcelorMittal Brasil S/A,BALE DA ILHA - CIA. DE DANCA,03639627000185,408000.0,False,,True,True,https://transparencia.es.gov.br/Comum/incentivosfiscais/Download/439,dados/fontes_web/paginas/transp377_439.txt,59e0999200c56804b723383f18a33eb9b012bb9410bfb4d70f803c346b62d656
2025,,2023-4Z9J3,2025-01-16,Boa vista Carnaval Capixaba,03845717000122,Realmar Distribuidora LTDA,Grêmio Recreativo Cultural Esportivo Social Escola de Samba Independente de Boa Vista,28483204000140,492000.0,False,,True,True,https://transparencia.es.gov.br/Comum/incentivosfiscais/Download/536,dados/fontes_web/paginas/transp377_536.txt,b8faffd84c702b43811d66efde37e6522b9bcfa39921ea4063d1e9f149e7988e
2025,,2023-QCBWF,2025-01-22,Carna Surpresa – O Carnaval da Barra do Jucu,05069718000310,Perfil Alumínio do Brasil S/A,Associação Cultural e Folclórica do Bloco Surpresa,06084223000160,200000.0,False,,True,True,https://transparencia.es.gov.br/Comum/incentivosfiscais/Download/536,dados/fontes_web/paginas/transp377_536.txt,b8faffd84c702b43811d66efde37e6522b9bcfa39921ea4063d1e9f149e7988e
2025,,2024-1V0QR,2025-01-23,MAIS CULTURA NAS ESCOLAS,28152650000171,EDP,ES Práticas Corporais,37357762000150,499896.0,False,,True,True,https://transparencia.es.gov.br/Comum/incentivosfiscais/Download/536,dados/fontes_web/paginas/transp377_536.txt,b8faffd84c702b43811d66efde37e6522b9bcfa39921ea4063d1e9f149e7988e
2025,,2023-8Z0GK,2025-01-23,Oficinas de Formação Música Clássica,28152650000171,EDP,Tonobooks Produções,30867425000163,499620.0,False,,True,True,https://transparencia.es.gov.br/Comum/incentivosfiscais/Download/536,dados/fontes_web/paginas/transp377_536.txt,b8faffd84c702b43811d66efde37e6522b9bcfa39921ea4063d1e9f149e7988e
2025,,2023-VM876,2025-01-24,Restauração e revitalização do casarão Família Baptista,27555390000546,Oriundi,CAEPES,04783303000189,120000.0,False,,True,True,https://transparencia.es.gov.br/Comum/incentivosfiscais/Download/536,dados/fontes_web/paginas/transp377_536.txt,b8faffd84c702b43811d66efde37e6522b9bcfa39921ea4063d1e9f149e7988e
2025,,2023-VM876,2025-01-24,Restauração e revitalização do casarão Família Baptista,31759699000282,Comercial Devens,CAEPES,04783303000189,43797.08,False,,True,True,https://transparencia.es.gov.br/Comum/incentivosfiscais/Download/536,dados/fontes_web/paginas/transp377_536.txt,b8faffd84c702b43811d66efde37e6522b9bcfa39921ea4063d1e9f149e7988e
2025,,2023-JRW61,2025-01-24,Festival Manhágua,39786983000179,VD Comercio de Veiculos LTDA,Caju Produções LTDA ME,04585783000173,500000.0,False,,True,True,https://transparencia.es.gov.br/Comum/incentivosfiscais/Download/536,dados/fontes_web/paginas/transp377_536.txt,b8faffd84c702b43811d66efde37e6522b9bcfa39921ea4063d1e9f149e7988e
2025,,2023-XPZLT,2025-01-24,Filarmônica de Mulheres do Espírito Santo: música e representatividade,39786983000179,VD Comercio de Veiculos LTDA,INSTITUTO TODOS OS CANTOS,11510597000130,440074.42,False,,True,True,https://transparencia.es.gov.br/Comum/incentivosfiscais/Download/536,dados/fontes_web/paginas/transp377_536.txt,b8faffd84c702b43811d66efde37e6522b9bcfa39921ea4063d1e9f149e7988e
2025,,2024-HT8QP,2025-01-27,Orquestra Brasileira de Cantores Cegos - 3º Repertório,05069718000310,Perfil Alumínio do Brasil S/A,Associação Sociedade Cultura e Arte SOCA,30017858000120,100000.0,False,,True,True,https://transparencia.es.gov.br/Comum/incentivosfiscais/Download/536,dados/fontes_web/paginas/transp377_536.txt,b8faffd84c702b43811d66efde37e6522b9bcfa39921ea4063d1e9f149e7988e
2025,,2024-HT8QP,2025-01-27,Orquestra Brasileira de Cantores Cegos - 3º Repertório,28152650000171,EDP,Associação Sociedade Cultura e Arte SOCA,30017858000120,400000.0,False,,True,True,https://transparencia.es.gov.br/Comum/incentivosfiscais/Download/536,dados/fontes_web/paginas/transp377_536.txt,b8faffd84c702b43811d66efde37e6522b9bcfa39921ea4063d1e9f149e7988e
2025,,2023-42TC3,2025-01-27,ESCOLA DE MÚSICA TOCANDO EM FRENTE,28152650000171,EDP,Programa de Promoção e Assistência Social,08215547000116,499560.0,False,,True,True,https://transparencia.es.gov.br/Comum/incentivosfiscais/Download/536,dados/fontes_web/paginas/transp377_536.txt,b8faffd84c702b43811d66efde37e6522b9bcfa39921ea4063d1e9f149e7988e
2025,,2023-SCGXC,2025-01-27,Circulação de Espetáculo - Igrejas Históricas Capixabas,28152650000171,EDP,Programa de Promoção e Assistência Social,08215547000116,499543.0,False,,True,True,https://transparencia.es.gov.br/Comum/incentivosfiscais/Download/536,dados/fontes_web/paginas/transp377_536.txt,b8faffd84c702b43811d66efde37e6522b9bcfa39921ea4063d1e9f149e7988e
2025,,2023-0J1G1,2025-01-28,A DANÇA: UNIVERSO EM EXPANSÃO,71189278000520,Orletti Veículos e Peças LTDA,MARA AZEVEDO PINTO,51359962000172,136397.0,False,,True,True,https://transparencia.es.gov.br/Comum/incentivosfiscais/Download/536,dados/fontes_web/paginas/transp377_536.txt,b8faffd84c702b43811d66efde37e6522b9bcfa39921ea4063d1e9f149e7988e
2025,,2023-32MFD,2025-01-28,Associação dos Moradores da Comunidade de São Pedro do Itabapoana,28152650000171,EDP,Associação dos Moradores da Comunidade de São Pedro do Itabapoana,02120099000190,250000.0,False,,True,True,https://transparencia.es.gov.br/Comum/incentivosfiscais/Download/536,dados/fontes_web/paginas/transp377_536.txt,b8faffd84c702b43811d66efde37e6522b9bcfa39921ea4063d1e9f149e7988e
2025,,2024-2C95T,2025-01-29,A Fantástica Carpintaria - Programa Educativo,39786983000179,VD Comercio de Veiculos LTDA,CIDADE QUINTAL SERVIÇOS DE DESIGN E ARTE URBANA LTDA,20859756000106,250000.0,False,,True,True,https://transparencia.es.gov.br/Comum/incentivosfiscais/Download/536,dados/fontes_web/paginas/transp377_536.txt,b8faffd84c702b43811d66efde37e6522b9bcfa39921ea4063d1e9f149e7988e
2025,,2024-2C95T,2025-01-29,A Fantástica Carpintaria - Programa Educativo,39786983000411,VD Comercio de Veiculos LTDA,CIDADE QUINTAL SERVIÇOS DE DESIGN E ARTE URBANA LTDA,20859756000106,173000.0,False,,True,True,https://transparencia.es.gov.br/Comum/incentivosfiscais/Download/536,dados/fontes_web/paginas/transp377_536.txt,b8faffd84c702b43811d66efde37e6522b9bcfa39921ea4063d1e9f149e7988e
2025,,2024-2C95T,2025-01-29,A Fantástica Carpintaria - Programa Educativo,11277336000112,VM Comercio de Automoveis LTDA,CIDADE QUINTAL SERVIÇOS DE DESIGN E ARTE URBANA LTDA,20859756000106,77000.0,False,,True,True,https://transparencia.es.gov.br/Comum/incentivosfiscais/Download/536,dados/fontes_web/paginas/transp377_536.txt,b8faffd84c702b43811d66efde37e6522b9bcfa39921ea4063d1e9f149e7988e
2025,,2024-8XRF4,2025-01-29,Festival Delírio Tropical,34307295000165,Companhia de Gás do Espírito Santo – ES GÁS,PURI PRODUÇÕES E EVENTOS LTDA,33625380000109,500000.0,False,,True,True,https://transparencia.es.gov.br/Comum/incentivosfiscais/Download/536,dados/fontes_web/paginas/transp377_536.txt,b8faffd84c702b43811d66efde37e6522b9bcfa39921ea4063d1e9f149e7988e
2025,,2023-GNGTZ,2025-01-30,Turma da Ação,11277336000112,VM Comercio de Automoveis LTDA,VIANA PROJETOS CULTURAIS LTDA,15302889000139,150000.0,False,,True,True,https://transparencia.es.gov.br/Comum/incentivosfiscais/Download/536,dados/fontes_web/paginas/transp377_536.txt,b8faffd84c702b43811d66efde37e6522b9bcfa39921ea4063d1e9f149e7988e
2025,,2023-WMPXZ,2025-01-30,Estúdio Escola de Animação,28152650000171,EDP,Atrom Produções e Consultoria LTDA,40222072000106,499998.0,False,,True,True,https://transparencia.es.gov.br/Comum/incentivosfiscais/Download/536,dados/fontes_web/paginas/transp377_536.txt,b8faffd84c702b43811d66efde37e6522b9bcfa39921ea4063d1e9f149e7988e
2025,,2024-HGG9K,2025-01-30,INSTITUTO DAS PRETAS.ORG,28152650000171,EDP,INSTITUTO DAS PRETAS.ORG,27861406000115,499999.84,False,,True,True,https://transparencia.es.gov.br/Comum/incentivosfiscais/Download/536,dados/fontes_web/paginas/transp377_536.txt,b8faffd84c702b43811d66efde37e6522b9bcfa39921ea4063d1e9f149e7988e
2025,,2024-7862T,2025-01-30,MÚSICA E ARTES NA CAPITAL VITÓRIA,28152650000171,EDP,ASSOCIAÇÃO ALEF BET,24784298000136,500000.0,False,,True,True,https://transparencia.es.gov.br/Comum/incentivosfiscais/Download/536,dados/fontes_web/paginas/transp377_536.txt,b8faffd84c702b43811d66efde37e6522b9bcfa39921ea4063d1e9f149e7988e
2025,,2024-X6HWG,2025-01-30,2ª Festa da Palavra,28152650000171,EDP,INSTITUTO MANGUERE,23630933000168,483000.0,False,,True,True,https://transparencia.es.gov.br/Comum/incentivosfiscais/Download/536,dados/fontes_web/paginas/transp377_536.txt,b8faffd84c702b43811d66efde37e6522b9bcfa39921ea4063d1e9f149e7988e
2025,,2023-PCDF2,2025-01-30,"Projeto Raízes da Aldeia: Cultura, Artesanato e Resgate",11277336000112,VM Comercio de Automoveis LTDA,"Associação Amigos da Justiça, Cidadania, Educação e Arte",10653530000192,250000.0,False,,True,True,https://transparencia.es.gov.br/Comum/incentivosfiscais/Download/536,dados/fontes_web/paginas/transp377_536.txt,b8faffd84c702b43811d66efde37e6522b9bcfa39921ea4063d1e9f149e7988e
2025,,2023-QCBWF,2025-01-31,Carna Surpresa – O Carnaval da Barra do Jucu,31819139000195,A.S. Materiais de Construção Ltda,Associação Cultural e Folclórica do Bloco Surpresa,06084223000160,50000.0,False,,True,True,https://transparencia.es.gov.br/Comum/incentivosfiscais/Download/536,dados/fontes_web/paginas/transp377_536.txt,b8faffd84c702b43811d66efde37e6522b9bcfa39921ea4063d1e9f149e7988e
2025,,2024-PM31K,2025-01-31,Crias.Lab,28152650000171,EDP,PURI PRODUÇÕES E EVENTOS LTDA,33625380000109,500000.0,False,,True,True,https://transparencia.es.gov.br/Comum/incentivosfiscais/Download/536,dados/fontes_web/paginas/transp377_536.txt,b8faffd84c702b43811d66efde37e6522b9bcfa39921ea4063d1e9f149e7988e
2025,,2023-83NRF,2025-01-31,FESTIVAL ORIGRAFFES,28152650000171,EDP,IÁ Estúdio,19198950000109,500000.0,False,,True,True,https://transparencia.es.gov.br/Comum/incentivosfiscais/Download/536,dados/fontes_web/paginas/transp377_536.txt,b8faffd84c702b43811d66efde37e6522b9bcfa39921ea4063d1e9f149e7988e
2025,,2023-0NZB3,2025-01-31,Encontro da Chefs,34307295000165,CIA GAS ES,Conexxo Serviços e Gestão de Eventos LTDA,02708317000102,489200.0,False,,True,True,https://transparencia.es.gov.br/Comum/incentivosfiscais/Download/536,dados/fontes_web/paginas/transp377_536.txt,b8faffd84c702b43811d66efde37e6522b9bcfa39921ea4063d1e9f149e7988e
2025,,2024-HZSBS,2025-02-03,Carnaval Folclórico do Boi Pintadinho de Muqui/ES - 2025,28152650000171,EDP,ASSOCIACAO COMERCIAL E EMPRESARIAL DE MUQUI,02718431000113,500000.0,False,,True,True,https://transparencia.es.gov.br/Comum/incentivosfiscais/Download/536,dados/fontes_web/paginas/transp377_536.txt,b8faffd84c702b43811d66efde37e6522b9bcfa39921ea4063d1e9f149e7988e
2025,,2024-D8SGC,2025-02-03,4A Mostra CineMarias,28152650000171,EDP,Odoyá Arte e Cultura Produções LTDA,46704567000140,500000.0,False,,True,True,https://transparencia.es.gov.br/Comum/incentivosfiscais/Download/536,dados/fontes_web/paginas/transp377_536.txt,b8faffd84c702b43811d66efde37e6522b9bcfa39921ea4063d1e9f149e7988e
2025,,2022-2NDS4,2025-02-03,A Paixão Segundo São João de J. S. Bach,28152650000171,EDP,FERNANDO COELHO SABINO,40110533000140,161912.01,False,,True,True,https://transparencia.es.gov.br/Comum/incentivosfiscais/Download/536,dados/fontes_web/paginas/transp377_536.txt,b8faffd84c702b43811d66efde37e6522b9bcfa39921ea4063d1e9f149e7988e
2025,,2024-LNTS6,2025-02-04,208ª FESTA DO DIVINO ESPÍRITO SANTO DE VIANA-ES,05069718000310,Perfil Alumínio do Brasil S/A,LÉO PRODUÇÕES,08936394000104,119369.98,False,,True,True,https://transparencia.es.gov.br/Comum/incentivosfiscais/Download/536,dados/fontes_web/paginas/transp377_536.txt,b8faffd84c702b43811d66efde37e6522b9bcfa39921ea4063d1e9f149e7988e
2025,,2024-VM90J,2025-02-04,Musicalização Agrícola,28152650000171,EDP,INSTITUTO TRES PONTOES DE ACAO SOCIAL E CULTURAL,51892817000152,500000.0,False,,True,True,https://transparencia.es.gov.br/Comum/incentivosfiscais/Download/536,dados/fontes_web/paginas/transp377_536.txt,b8faffd84c702b43811d66efde37e6522b9bcfa39921ea4063d1e9f149e7988e
2025,,2024-B7ZFZ,2025-02-04,Corais das Montanhas,28152650000171,EDP,INSTITUTO TRES PONTOES DE ACAO SOCIAL E CULTURAL,51892817000152,500000.0,False,,True,True,https://transparencia.es.gov.br/Comum/incentivosfiscais/Download/536,dados/fontes_web/paginas/transp377_536.txt,b8faffd84c702b43811d66efde37e6522b9bcfa39921ea4063d1e9f149e7988e
2025,,2023-PRGRB,2025-02-04,FECSTA 7 - FESTIVAL DE CINEMA DE SANTA TERESA,31731169000145,TUBOVAL COMERCIAL,SATIRICA FILMES PRODUÇÕES,11136684000170,264403.77,False,,True,True,https://transparencia.es.gov.br/Comum/incentivosfiscais/Download/536,dados/fontes_web/paginas/transp377_536.txt,b8faffd84c702b43811d66efde37e6522b9bcfa39921ea4063d1e9f149e7988e
2025,,2023-5V13M,2025-02-05,Cidades 20-30,00827783000505,Kurumá Veiculos S.A,INSTITUTO CAPIXABA DE CIENCIAS E ADMINISTRACAO,16987576000124,260000.0,False,,True,True,https://transparencia.es.gov.br/Comum/incentivosfiscais/Download/536,dados/fontes_web/paginas/transp377_536.txt,b8faffd84c702b43811d66efde37e6522b9bcfa39921ea4063d1e9f149e7988e
2025,,2023-5V13M,2025-02-05,Cidades 20-30,39786983001221,VD Comercio de Veiculos LTDA,INSTITUTO CAPIXABA DE CIENCIAS E ADMINISTRACAO,16987576000124,93550.0,False,,True,True,https://transparencia.es.gov.br/Comum/incentivosfiscais/Download/536,dados/fontes_web/paginas/transp377_536.txt,b8faffd84c702b43811d66efde37e6522b9bcfa39921ea4063d1e9f149e7988e
2025,,2023-5V13M,2025-02-05,Cidades 20-30,04330073000100,AMT Trading Ltda,INSTITUTO CAPIXABA DE CIENCIAS E ADMINISTRACAO,16987576000124,130000.0,False,,True,True,https://transparencia.es.gov.br/Comum/incentivosfiscais/Download/536,dados/fontes_web/paginas/transp377_536.txt,b8faffd84c702b43811d66efde37e6522b9bcfa39921ea4063d1e9f149e7988e
2025,,2023-LC19F,2025-02-05,Compondo na Rua,28152650000171,EDP,W/PAR & ASSOCIADOS LTDA,03047128000107,396394.83,False,,True,True,https://transparencia.es.gov.br/Comum/incentivosfiscais/Download/536,dados/fontes_web/paginas/transp377_536.txt,b8faffd84c702b43811d66efde37e6522b9bcfa39921ea4063d1e9f149e7988e
2025,,2024-L44FD,2025-02-05,Laboratório dos Sonhos,28152650000171,EDP,Associação Aprender Cultura,41273288000155,441301.51,False,,True,True,https://transparencia.es.gov.br/Comum/incentivosfiscais/Download/536,dados/fontes_web/paginas/transp377_536.txt,b8faffd84c702b43811d66efde37e6522b9bcfa39921ea4063d1e9f149e7988e
2025,,2024-WCJ53,2025-02-05,"Mãos Criativas - Artesanato, Sustentabilidade e Cultura",00827783000181,Kuruma Veiculos,ASSOCIACAO AMIGOS DA JUSTICA CIDADANIA,10653530000192,250000.0,False,,True,True,https://transparencia.es.gov.br/Comum/incentivosfiscais/Download/536,dados/fontes_web/paginas/transp377_536.txt,b8faffd84c702b43811d66efde37e6522b9bcfa39921ea4063d1e9f149e7988e
2025,,2024-WCJ53,2025-02-05,"Mãos Criativas - Artesanato, Sustentabilidade e Cultura",39786983000179,VD Comercio de Veiculos LTDA,ASSOCIACAO AMIGOS DA JUSTICA CIDADANIA,10653530000192,249999.0,False,,True,True,https://transparencia.es.gov.br/Comum/incentivosfiscais/Download/536,dados/fontes_web/paginas/transp377_536.txt,b8faffd84c702b43811d66efde37e6522b9bcfa39921ea4063d1e9f149e7988e
2025,,2024-0GZ3G,2025-02-06,FESTIVAL NACIONAL DE CAPOEIRA,00827783000505,Kurumá Veiculos S.A,"LR PRODUÇÕES LTDA,",38188851000182,281690.0,False,,True,True,https://transparencia.es.gov.br/Comum/incentivosfiscais/Download/536,dados/fontes_web/paginas/transp377_536.txt,b8faffd84c702b43811d66efde37e6522b9bcfa39921ea4063d1e9f149e7988e
2025,,2022-HH970,2025-02-06,"ENCANTANDO PESSOAS, CELEBRANDO A NATUREZA",28152650000171,EDP,PORTO E STEIN PRODUÇÕES LTDA,11144407000109,316411.12,False,,True,True,https://transparencia.es.gov.br/Comum/incentivosfiscais/Download/536,dados/fontes_web/paginas/transp377_536.txt,b8faffd84c702b43811d66efde37e6522b9bcfa39921ea4063d1e9f149e7988e
2025,,2023-1PRSJ,2025-02-06,ENCONTRO DE CULTURAS POPULARES E TRADICIONAIS,28152650000171,EDP,ASSOCIAÇÃO ARTISTICA E FOLCLORICA AFRO BRASILEIRA,04018247000196,365748.0,False,,True,True,https://transparencia.es.gov.br/Comum/incentivosfiscais/Download/536,dados/fontes_web/paginas/transp377_536.txt,b8faffd84c702b43811d66efde37e6522b9bcfa39921ea4063d1e9f149e7988e
2025,,2023-WQW4G,2025-02-06,Quintal do CSE: Intervenções Socioespaciais Identitárias,00827783002044,Kuruma Veiculos,CIDADE QUINTAL SERVIÇOS DE DESIGN E ARTE URBANA,20859756000106,250000.0,False,,True,True,https://transparencia.es.gov.br/Comum/incentivosfiscais/Download/536,dados/fontes_web/paginas/transp377_536.txt,b8faffd84c702b43811d66efde37e6522b9bcfa39921ea4063d1e9f149e7988e
2025,,2022-W21MB,2025-02-07,Programa de Residência do Mosteiro Zen Morro da Vargem,28152650000171,EDP,MOSTEIRO ZEN MORRO DA VARGEM,32405573000191,499955.2,False,,True,True,https://transparencia.es.gov.br/Comum/incentivosfiscais/Download/536,dados/fontes_web/paginas/transp377_536.txt,b8faffd84c702b43811d66efde37e6522b9bcfa39921ea4063d1e9f149e7988e
2025,,2023-CV6RH,2025-02-07,Orquestra de Câmara Infanto-juvenil João XXIII,00827783002044,Kuruma Veiculos,Instituto João XXIII,03284781000181,297210.57,False,,True,True,https://transparencia.es.gov.br/Comum/incentivosfiscais/Download/536,dados/fontes_web/paginas/transp377_536.txt,b8faffd84c702b43811d66efde37e6522b9bcfa39921ea4063d1e9f149e7988e
2025,,2023-QCBWF,2025-02-10,Carna Surpresa – O Carnaval da Barra do Jucu,03845717003571,REALMAR,Associação Cultural e Folclórica do Bloco Surpresa,06084223000160,100000.0,False,,True,True,https://transparencia.es.gov.br/Comum/incentivosfiscais/Download/536,dados/fontes_web/paginas/transp377_536.txt,b8faffd84c702b43811d66efde37e6522b9bcfa39921ea4063d1e9f149e7988e
2025,,2023-QCBWF,2025-02-10,Carna Surpresa – O Carnaval da Barra do Jucu,03845717004039,Realmar,Associação Cultural e Folclórica do Bloco Surpresa,06084223000160,149972.41,False,,True,True,https://transparencia.es.gov.br/Comum/incentivosfiscais/Download/536,dados/fontes_web/paginas/transp377_536.txt,b8faffd84c702b43811d66efde37e6522b9bcfa39921ea4063d1e9f149e7988e
2025,,2023-D2859,2025-02-10,Tecer Folias,45901867000156,EV,Associação Oficina da Vida,05890816000151,57000.0,False,,True,True,https://transparencia.es.gov.br/Comum/incentivosfiscais/Download/536,dados/fontes_web/paginas/transp377_536.txt,b8faffd84c702b43811d66efde37e6522b9bcfa39921ea4063d1e9f149e7988e
2025,,2023-D2859,2025-02-10,Tecer Folias,00827783000181,Kuruma Veiculos,Associação Oficina da Vida,05890816000151,250000.0,False,,True,True,https://transparencia.es.gov.br/Comum/incentivosfiscais/Download/536,dados/fontes_web/paginas/transp377_536.txt,b8faffd84c702b43811d66efde37e6522b9bcfa39921ea4063d1e9f149e7988e
2025,,2023-D2859,2025-02-10,Tecer Folias,39786983001736,VD Comercio de Veiculos LTDA,Associação Oficina da Vida,05890816000151,150000.0,False,,True,True,https://transparencia.es.gov.br/Comum/incentivosfiscais/Download/536,dados/fontes_web/paginas/transp377_536.txt,b8faffd84c702b43811d66efde37e6522b9bcfa39921ea4063d1e9f149e7988e
2025,,2023-6HNH7,2025-02-10,A Escola vai ao Teatro,00827783002044,Kuruma Veiculos,SER OFICINA DE TEATRO,09322815000161,136375.69,False,,True,True,https://transparencia.es.gov.br/Comum/incentivosfiscais/Download/536,dados/fontes_web/paginas/transp377_536.txt,b8faffd84c702b43811d66efde37e6522b9bcfa39921ea4063d1e9f149e7988e
2025,,2023-NB5P3,2025-02-11,14ª Festa Folclórica de Santo Antônio do Muqui,28152650000171,EDP,Associação Oficina da Vida,05890816000151,331937.73,False,,True,True,https://transparencia.es.gov.br/Comum/incentivosfiscais/Download/536,dados/fontes_web/paginas/transp377_536.txt,b8faffd84c702b43811d66efde37e6522b9bcfa39921ea4063d1e9f149e7988e
2025,,2023-6MBHB,2025-02-11,"Tratamento Técnico do Acervo Gráfico Editorial do Jornal Correio Popular de Cariacica/ES: Inventário, Conservação e Digitalização",45901867000318,EV,Instituto de Pesquisa e Documentação Cariaciquense,07807124000122,49855.55,False,,True,True,https://transparencia.es.gov.br/Comum/incentivosfiscais/Download/536,dados/fontes_web/paginas/transp377_536.txt,b8faffd84c702b43811d66efde37e6522b9bcfa39921ea4063d1e9f149e7988e
2025,,2023-6MBHB,2025-02-11,"Tratamento Técnico do Acervo Gráfico Editorial do Jornal Correio Popular de Cariacica/ES: Inventário, Conservação e Digitalização",39786983000179,VD Comercio de Veiculos LTDA,Instituto de Pesquisa e Documentação Cariaciquense,07807124000122,200000.0,False,,True,True,https://transparencia.es.gov.br/Comum/incentivosfiscais/Download/536,dados/fontes_web/paginas/transp377_536.txt,b8faffd84c702b43811d66efde37e6522b9bcfa39921ea4063d1e9f149e7988e
2025,,2023-6MBHB,2025-02-11,"Tratamento Técnico do Acervo Gráfico Editorial do Jornal Correio Popular de Cariacica/ES: Inventário, Conservação e Digitalização",00827783000505,Kurumá Veiculos S.A,Instituto de Pesquisa e Documentação Cariaciquense,07807124000122,250000.0,False,,True,True,https://transparencia.es.gov.br/Comum/incentivosfiscais/Download/536,dados/fontes_web/paginas/transp377_536.txt,b8faffd84c702b43811d66efde37e6522b9bcfa39921ea4063d1e9f149e7988e
2025,,2023-BL62F,,Festival Batidas do Mundo,00827783000181,Kuruma Veiculos,Caju Produções,04585783000173,250000.0,False,,True,True,https://transparencia.es.gov.br/Comum/incentivosfiscais/Download/536,dados/fontes_web/paginas/transp377_536.txt,b8faffd84c702b43811d66efde37e6522b9bcfa39921ea4063d1e9f149e7988e
2025,,2023-BL62F,,Festival Batidas do Mundo,39786983000179,VD Comercio de Veiculos LTDA,Caju Produções,04585783000173,94000.0,False,,True,True,https://transparencia.es.gov.br/Comum/incentivosfiscais/Download/536,dados/fontes_web/paginas/transp377_536.txt,b8faffd84c702b43811d66efde37e6522b9bcfa39921ea4063d1e9f149e7988e
2025,,2023-BL62F,,Festival Batidas do Mundo,04023387000152,DECOLARES,Caju Produções,04585783000173,150000.0,False,,True,True,https://transparencia.es.gov.br/Comum/incentivosfiscais/Download/536,dados/fontes_web/paginas/transp377_536.txt,b8faffd84c702b43811d66efde37e6522b9bcfa39921ea4063d1e9f149e7988e
2025,,2023-TQ8C9,2025-02-13,Ecos Culturais do Convento,00827783000181,Kuruma Veiculos,Instituto Brasileiro de Apoio ao Desenvolvimento Social e Econômico,06002128000170,230000.0,False,,True,True,https://transparencia.es.gov.br/Comum/incentivosfiscais/Download/536,dados/fontes_web/paginas/transp377_536.txt,b8faffd84c702b43811d66efde37e6522b9bcfa39921ea4063d1e9f149e7988e
2025,,2023-TQ8C9,2025-02-13,Ecos Culturais do Convento,39786983000179,VD Comercio de Veiculos LTDA,Instituto Brasileiro de Apoio ao Desenvolvimento Social e Econômico,06002128000170,250000.0,False,,True,True,https://transparencia.es.gov.br/Comum/incentivosfiscais/Download/536,dados/fontes_web/paginas/transp377_536.txt,b8faffd84c702b43811d66efde37e6522b9bcfa39921ea4063d1e9f149e7988e
2025,,2024-0QFT9,2025-02-14,Teatro vai à escola - De onde vem o dinheiro,39786983000179,VD Comercio de Veiculos LTDA,WB PRODUCOES ARTISTICAS E CULTURAIS LTDA,08775812000110,200000.0,False,,True,True,https://transparencia.es.gov.br/Comum/incentivosfiscais/Download/536,dados/fontes_web/paginas/transp377_536.txt,b8faffd84c702b43811d66efde37e6522b9bcfa39921ea4063d1e9f149e7988e
2025,,2023-ZZB43,2025-02-14,Mar Adentro,22280114000175,ELIT DISTRIBUIDORA,W/PAR & ASSOCIADOS LTDA,03047128000107,20000.0,False,,True,True,https://transparencia.es.gov.br/Comum/incentivosfiscais/Download/536,dados/fontes_web/paginas/transp377_536.txt,b8faffd84c702b43811d66efde37e6522b9bcfa39921ea4063d1e9f149e7988e
2025,,2024-LNTS6,2025-02-17,208ª FESTA DO DIVINO ESPÍRITO SANTO DE VIANA-ES,02689900000113,Distribuidora Pomar LTDA,LÉO PRODUÇÕES,08936394000104,50000.0,False,,True,True,https://transparencia.es.gov.br/Comum/incentivosfiscais/Download/536,dados/fontes_web/paginas/transp377_536.txt,b8faffd84c702b43811d66efde37e6522b9bcfa39921ea4063d1e9f149e7988e
2025,,2023-4MJCT,2025-02-18,25º FESTIVAL NACIONAL DE TEATRO DE GUAÇUÍ,07548056000124,Distribuidora Mascote LTDA,"grupo Teatral Gota, Pó e Poeira",28404168000181,56524.73,False,,True,True,https://transparencia.es.gov.br/Comum/incentivosfiscais/Download/536,dados/fontes_web/paginas/transp377_536.txt,b8faffd84c702b43811d66efde37e6522b9bcfa39921ea4063d1e9f149e7988e
2025,,2023-4MJCT,2025-02-18,25º FESTIVAL NACIONAL DE TEATRO DE GUAÇUÍ,09492311000190,Mundo Distribuidora de Cosméticos LTDA,"grupo Teatral Gota, Pó e Poeira",28404168000181,44308.24,False,,True,True,https://transparencia.es.gov.br/Comum/incentivosfiscais/Download/536,dados/fontes_web/paginas/transp377_536.txt,b8faffd84c702b43811d66efde37e6522b9bcfa39921ea4063d1e9f149e7988e
2025,,2022-CC9TK,2025-02-21,Baile Voador: 11º edição - Carnaval 2025,07526557001181,AMBEV,SAGUI PRODUÇÕES E EVENTOS LTDA,17813869000158,500000.0,False,,True,True,https://transparencia.es.gov.br/Comum/incentivosfiscais/Download/536,dados/fontes_web/paginas/transp377_536.txt,b8faffd84c702b43811d66efde37e6522b9bcfa39921ea4063d1e9f149e7988e
2025,,2024-8TB7C,2025-03-12,Raiar da Liberdade,27340074000808,Antônio Auto Peças S/A,Associação de Salvaguarda do Patrimônio Imaterial Cachoeirense,05989492000103,239751.08,False,,True,True,https://transparencia.es.gov.br/Comum/incentivosfiscais/Download/536,dados/fontes_web/paginas/transp377_536.txt,b8faffd84c702b43811d66efde37e6522b9bcfa39921ea4063d1e9f149e7988e
2025,,2024-LNTS6,2025-03-18,208ª FESTA DO DIVINO ESPÍRITO SANTO DE VIANA-ES,03380787000233,L&A DISTRIBUIDORA DE ALIMENTOS,LÉO PRODUÇÕES,08936394000104,80000.0,False,,True,True,https://transparencia.es.gov.br/Comum/incentivosfiscais/Download/536,dados/fontes_web/paginas/transp377_536.txt,b8faffd84c702b43811d66efde37e6522b9bcfa39921ea4063d1e9f149e7988e
2025,,2024-XDJHX,2025-03-19,Samba que Eu Quero Ver,03845717000556,REALMAR,ODOYÁ ARTE E CULTURA PRODUÇÕES LTDA,46704567000140,125000.0,False,,True,True,https://transparencia.es.gov.br/Comum/incentivosfiscais/Download/536,dados/fontes_web/paginas/transp377_536.txt,b8faffd84c702b43811d66efde37e6522b9bcfa39921ea4063d1e9f149e7988e
2025,,2024-XDJHX,2025-03-19,Samba que Eu Quero Ver,03845717001366,REALMAR,ODOYÁ ARTE E CULTURA PRODUÇÕES LTDA,46704567000140,125000.0,False,,True,True,https://transparencia.es.gov.br/Comum/incentivosfiscais/Download/536,dados/fontes_web/paginas/transp377_536.txt,b8faffd84c702b43811d66efde37e6522b9bcfa39921ea4063d1e9f149e7988e
2025,,2024-XDJHX,2025-03-19,Samba que Eu Quero Ver,03845717001609,REALMAR,ODOYÁ ARTE E CULTURA PRODUÇÕES LTDA,46704567000140,125000.0,False,,True,True,https://transparencia.es.gov.br/Comum/incentivosfiscais/Download/536,dados/fontes_web/paginas/transp377_536.txt,b8faffd84c702b43811d66efde37e6522b9bcfa39921ea4063d1e9f149e7988e
2025,,2024-XDJHX,2025-03-19,Samba que Eu Quero Ver,03845717000203,REALMAR,ODOYÁ ARTE E CULTURA PRODUÇÕES LTDA,46704567000140,125000.0,False,,True,True,https://transparencia.es.gov.br/Comum/incentivosfiscais/Download/536,dados/fontes_web/paginas/transp377_536.txt,b8faffd84c702b43811d66efde37e6522b9bcfa39921ea4063d1e9f149e7988e
2025,,2025-BJXHC,2025-03-26,Núcleo de Formação de Sanfona e Viola de São Pedro do Itabapoana,28152650000171,EDP,Associação dos Moradores da Comunidade de São Pedro do Itabapoana,02120099000190,330000.0,False,,True,True,https://transparencia.es.gov.br/Comum/incentivosfiscais/Download/536,dados/fontes_web/paginas/transp377_536.txt,b8faffd84c702b43811d66efde37e6522b9bcfa39921ea4063d1e9f149e7988e
2025,,2023-R7GC8,2025-03-31,FESTIVAL RAÍZES DO SAMBA,03845717001870,REAL,Instituto Raízes,33253187000194,125000.0,False,,True,True,https://transparencia.es.gov.br/Comum/incentivosfiscais/Download/536,dados/fontes_web/paginas/transp377_536.txt,b8faffd84c702b43811d66efde37e6522b9bcfa39921ea4063d1e9f149e7988e
2025,,2023-R7GC8,2025-03-31,FESTIVAL RAÍZES DO SAMBA,03845717001790,REAL,Instituto Raízes,33253187000194,103914.45,False,,True,True,https://transparencia.es.gov.br/Comum/incentivosfiscais/Download/536,dados/fontes_web/paginas/transp377_536.txt,b8faffd84c702b43811d66efde37e6522b9bcfa39921ea4063d1e9f149e7988e
2025,,2023-K1BQH,2025-04-08,Galpão De Ideias — Tornando Ideias Realidade,03845717001528,REALMAR,Alpha Empreendimentos,11609242000101,70000.0,False,,True,True,https://transparencia.es.gov.br/Comum/incentivosfiscais/Download/536,dados/fontes_web/paginas/transp377_536.txt,b8faffd84c702b43811d66efde37e6522b9bcfa39921ea4063d1e9f149e7988e
2025,,2023-K1BQH,2025-04-08,Galpão De Ideias — Tornando Ideias Realidade,03845717002508,REALMAR,Alpha Empreendimentos,11609242000101,50000.0,False,,True,True,https://transparencia.es.gov.br/Comum/incentivosfiscais/Download/536,dados/fontes_web/paginas/transp377_536.txt,b8faffd84c702b43811d66efde37e6522b9bcfa39921ea4063d1e9f149e7988e
2025,,2023-K1BQH,2025-04-08,Galpão De Ideias — Tornando Ideias Realidade,03845717001285,REALMAR,Alpha Empreendimentos,11609242000101,75000.0,False,,True,True,https://transparencia.es.gov.br/Comum/incentivosfiscais/Download/536,dados/fontes_web/paginas/transp377_536.txt,b8faffd84c702b43811d66efde37e6522b9bcfa39921ea4063d1e9f149e7988e
2025,,2023-K1BQH,2025-04-08,Galpão De Ideias — Tornando Ideias Realidade,08625038000161,KUBIT,Alpha Empreendimentos,11609242000101,89192.8,False,,True,True,https://transparencia.es.gov.br/Comum/incentivosfiscais/Download/536,dados/fontes_web/paginas/transp377_536.txt,b8faffd84c702b43811d66efde37e6522b9bcfa39921ea4063d1e9f149e7988e
2025,,2025-SXX99,2025-04-30,97ª FESTA DE SÃO PEDRO,03845717000122,Realmar Distribuidora LTDA,COLÔNIA DE PESCADORES E AQUICULTORES,31300825000155,250000.0,False,,True,True,https://transparencia.es.gov.br/Comum/incentivosfiscais/Download/536,dados/fontes_web/paginas/transp377_536.txt,b8faffd84c702b43811d66efde37e6522b9bcfa39921ea4063d1e9f149e7988e
2025,,2025-SXX99,2025-04-30,97ª FESTA DE SÃO PEDRO,39786983000179,VD Comercio de Veiculos LTDA,COLÔNIA DE PESCADORES E AQUICULTORES,31300825000155,250000.0,False,,True,True,https://transparencia.es.gov.br/Comum/incentivosfiscais/Download/536,dados/fontes_web/paginas/transp377_536.txt,b8faffd84c702b43811d66efde37e6522b9bcfa39921ea4063d1e9f149e7988e
2025,,2025-C1KRL,2025-05-09,Festival Internacional de Jazz e Bossa Nova de Santa Teresa - Santa Jazz 2025 12ª edição,00827783002044,Kuruma Veiculos,Rota Service Ltda Epp,00767029000101,250000.0,False,,True,True,https://transparencia.es.gov.br/Comum/incentivosfiscais/Download/536,dados/fontes_web/paginas/transp377_536.txt,b8faffd84c702b43811d66efde37e6522b9bcfa39921ea4063d1e9f149e7988e
2025,,2025-C1KRL,2025-05-09,Festival Internacional de Jazz e Bossa Nova de Santa Teresa - Santa Jazz 2025 12ª edição,03845717000122,Realmar Distribuidora LTDA,Rota Service Ltda Epp,00767029000101,250000.0,False,,True,True,https://transparencia.es.gov.br/Comum/incentivosfiscais/Download/536,dados/fontes_web/paginas/transp377_536.txt,b8faffd84c702b43811d66efde37e6522b9bcfa39921ea4063d1e9f149e7988e
2025,,2023-BKLZN,2025-05-09,Festival Nacional de Teatro Cidade de Vitória 20ª Ed,06248349000476,Transportadora Associada de Gás S.A - TAG,ASSOCIAÇÃO CULTURAL CIRCENSE E AMBIENTAL UMA FLOREST,04201181000175,500000.0,False,,True,True,https://transparencia.es.gov.br/Comum/incentivosfiscais/Download/536,dados/fontes_web/paginas/transp377_536.txt,b8faffd84c702b43811d66efde37e6522b9bcfa39921ea4063d1e9f149e7988e
2025,,2025-QW9S1,2025-05-13,47ª Festa da Polenta,06955576000199,ITAPOA SUPERMERCADO LTDA,Associação Festa da Polenta,36403111000196,500000.0,False,,True,True,https://transparencia.es.gov.br/Comum/incentivosfiscais/Download/536,dados/fontes_web/paginas/transp377_536.txt,b8faffd84c702b43811d66efde37e6522b9bcfa39921ea4063d1e9f149e7988e
2025,,2025-DV11N,2025-05-22,Roda de Boteco 2025,07526557001181,AMBEV,CONEXXO SERVIÇOS E GESTÃO DE EVENTOS LTDA,02708317000102,500000.0,False,,True,True,https://transparencia.es.gov.br/Comum/incentivosfiscais/Download/536,dados/fontes_web/paginas/transp377_536.txt,b8faffd84c702b43811d66efde37e6522b9bcfa39921ea4063d1e9f149e7988e
2025,,2023-9RT9Q,2025-05-27,10º FESTIVAL NACIONAL DE CINEMA AMBIENTAL DO ESPÍRITO SANTO – CINE.EMA,06248349000476,Transportadora Associada de Gás S.A - TAG,CAJU PRODUÇÕES LTDA,04585783000173,480000.0,False,,True,True,https://transparencia.es.gov.br/Comum/incentivosfiscais/Download/536,dados/fontes_web/paginas/transp377_536.txt,b8faffd84c702b43811d66efde37e6522b9bcfa39921ea4063d1e9f149e7988e
2025,,2023-1FDSB,2025-06-04,73°Encontro Nacional de Folias de Reis,28152650000171,EDP,ASSOCIAÇÃO COMERCIAL E EMPRESARIAL DE MUQUI - ACE,02718431000113,500000.0,False,,True,True,https://transparencia.es.gov.br/Comum/incentivosfiscais/Download/536,dados/fontes_web/paginas/transp377_536.txt,b8faffd84c702b43811d66efde37e6522b9bcfa39921ea4063d1e9f149e7988e
2025,,2025-RC8N2,2025-06-11,13ª ITALIA UNITA – Festa da Imigração Italiana de Aracruz - Município de Guaraná,31790710000196,Imetame Metalmecânica LTDA,Secretariado dos Imigrantes Friulanos de Aracruz-ES,02439502000149,150000.0,False,,True,True,https://transparencia.es.gov.br/Comum/incentivosfiscais/Download/536,dados/fontes_web/paginas/transp377_536.txt,b8faffd84c702b43811d66efde37e6522b9bcfa39921ea4063d1e9f149e7988e
2025,,2025-RC8N2,2025-06-11,13ª ITALIA UNITA – Festa da Imigração Italiana de Aracruz - Município de Guaraná,31759699000363,Comercial Devens LTDA,Secretariado dos Imigrantes Friulanos de Aracruz-ES,02439502000149,61123.0,False,,True,True,https://transparencia.es.gov.br/Comum/incentivosfiscais/Download/536,dados/fontes_web/paginas/transp377_536.txt,b8faffd84c702b43811d66efde37e6522b9bcfa39921ea4063d1e9f149e7988e
2025,,2025-RC8N2,2025-06-11,13ª ITALIA UNITA – Festa da Imigração Italiana de Aracruz - Município de Guaraná,31759699000100,Comercial Devens LTDA,Secretariado dos Imigrantes Friulanos de Aracruz-ES,02439502000149,65000.0,False,,True,True,https://transparencia.es.gov.br/Comum/incentivosfiscais/Download/536,dados/fontes_web/paginas/transp377_536.txt,b8faffd84c702b43811d66efde37e6522b9bcfa39921ea4063d1e9f149e7988e
2025,,2025-RC8N2,2025-07-10,13ª ITALIA UNITA – Festa da Imigração Italiana de Aracruz - Município de Guaraná,31790710000196,Imetame Metalmecânica LTDA,Secretariado dos Imigrantes Friulanos de Aracruz-ES,02439502000149,75000.0,False,,True,True,https://transparencia.es.gov.br/Comum/incentivosfiscais/Download/536,dados/fontes_web/paginas/transp377_536.txt,b8faffd84c702b43811d66efde37e6522b9bcfa39921ea4063d1e9f149e7988e
2025,,2025-RC8N2,2025-07-10,13ª ITALIA UNITA – Festa da Imigração Italiana de Aracruz - Município de Guaraná,31759699000444,Comercial Devens Ltda,Secretariado dos Imigrantes Friulanos de Aracruz-ES,02439502000149,5012.99,False,,True,True,https://transparencia.es.gov.br/Comum/incentivosfiscais/Download/536,dados/fontes_web/paginas/transp377_536.txt,b8faffd84c702b43811d66efde37e6522b9bcfa39921ea4063d1e9f149e7988e
2025,,2025-RC8N2,2025-07-10,13ª ITALIA UNITA – Festa da Imigração Italiana de Aracruz - Município de Guaraná,31759699000606,Comercial Devens Ltda,Secretariado dos Imigrantes Friulanos de Aracruz-ES,02439502000149,0.0,True,,True,True,https://transparencia.es.gov.br/Comum/incentivosfiscais/Download/536,dados/fontes_web/paginas/transp377_536.txt,b8faffd84c702b43811d66efde37e6522b9bcfa39921ea4063d1e9f149e7988e
