termo,id,trecho_n,data,pagina,diario,meta,trecho
Lei de Incentivo à Cultura Capixaba,11500_41,0,2026-09-25,41,DIO,"{""data"": ""2026-09-25"", ""paginas"": 80, ""pagina"": 41, ""pdf_id"": 1153193, ""year"": ""2026"", ""month"": ""09"", ""day"": ""25"", ""diario_id"": 11500, ""tipo_edicao"": 1}","ho, Assistência e Desenvolvimento Social. Convenente: Associação de Pais e Amigos dos Excepcionais de Guaçuí. Objeto: alterar o montante total de recursos a serem empregados na execução do Termo de Fomento nº SETADES/036/2025 para R$ 61.265,56 (sessenta e um mil duzentos e sessenta e cinco reais e cinquenta e seis centavos), devido utilização do saldo remanescente dos recursos, inclusive os rendimentos da aplicação financeira no valor de R$ 710,00 (setecentos e dez reais) para aplicação no objeto da parceria. V itória, 24 de setembro de 2026 FERNANDA MOTA GONÇALLO Secretária de Estado de Trabalho, Assistência e Desenvolvimento Protocolo 1875381 Secretaria de Estado da Cultura - SECULT ATO DE CONFIRMAÇÃO DE DOCUMENTAÇÃO - PARCIAL Edital 14/2025 - Edital Literatura, Livro e Leitura A Secretaria de Estado da Cultura torna públicos o Ato de Confirmação de Documentação do Edital em epígrafe, conforme processo nº 2025-19LXK. A íntegra do ato está disponível no site da Secult. Vitória, 24 de Setembro de 2026. Maria Emília Vasconcellos Subsecretária de Estado de Fomento e Incentivo à Cultura Protocolo 1874859 ATO DE CONVOCAÇÃO representante do Projeto State of Coffee projeto habilitado na Lei de Incentivo à Cultura Capixaba - LICC - processo de número 2022 -83B3M, a apresentar a prestação de contas do projeto State of Coffee de acordo com o artigo 52 da Instrução Normativa 002 de 31 de Janeiro de 2022, até o prazo máximo de 10 dias após a publicação, estando sujeito às penalidades previstas no artigo 62 do referido IN. Vitória, 22 de setembro de 2026 MARIA EMILIA FERNANDES MOÇA VASCONCELLOS Subsecretária de Fomento e Incentivo à Cultura Protocolo 1874919 Secretaria de Estado da Agricultura, Abastecimento, Aquicultura e Pesca - SEAG NOTIFICAÇÃO SEAG Processo nº 2024-HR2MZ Notificante: A Secretaria de Estado da Agricultura, Abastecimento, Aquicultura e Pesca - SEAG, inscrita no CNPJ nº 27.080.555/0001-47. Notificada: CUSTOMIZE SERVIÇOS EIRELI ME, CNPJ nº 27.335.066/0001-99. Fica a empresa NOTIFICADA acerca da intenção desta Secretaria na aplicação das seguintes penalidades: a) Advertência, nos termos da Cláusula 11.2, alínea “a”, do Contrato nº 467/2021. b) Multa compensatória por perdas e danos, nos termos da Cláusula 11.2, alínea “b”, do Contrato nº 467/2021, no montante de até 10% (dez por cento). c) Multa pelo atraso na renovação da garantia contratual, nos termos da Cláusula 9.6 do Contrato nº 467/2021, correspondente a 0,2% (dois décimos por cento) do valor do contrato por dia de atraso, limitada a 5% (cinco por cento). Ante ao exposto, caso queira, apresente DEFESA PRÉVIA no prazo de 05 (cinco) dias úteis a contar da publicação desta notificação. CARLOS LUIZ TESCH XAVIER Subsecretário de Estado para Assuntos Administrativos - SEAG Protocolo 1875525 A Secretaria de Estado da Cultura - SECULT CONVOCA a senhor a Flora Simon Gurgel, representante do Projeto Do Forte da Barra ao Batalhão Tibúrcio: cinco séculos de história projeto habilitado na Lei de Incentivo à Cultura Capixaba - LICC processo de número 2022 -ZZ8WC, a apresentar a prestação de contas do projeto Do Forte da Barra ao Batalhão Tibúrcio: cinco séculos de história de acordo com o artigo 52 da Instrução Normativa 002 de 31 de Janeiro de 2022, até o prazo máximo de 10 dias após a publicação, estando sujeito às penalidades previstas no artigo 62 do referido IN. Vitória, 22 de setembro de 2026 MARIA EMILIA FERNANDES MOÇA VASCONCELLOS Subsecretária de Fomento e Incentivo à Cultura Protocolo 1874918 ATO DE CONVOCAÇÃO A Secretaria de Estado da Cultura - SECULT CONVOCA o senhor Eder Formigoni Valadares, Instituto de Defesa Agropecuária e Florestal do Espírito Santo - IDAF DECISÃO ADMINISTRATIVA/DIPRE Nº 013/2026 Vistos e relatados os presentes autos do Processo Administrativo Disciplinar nº 2026-B8ZW5, instaurado pela Instrução de Serviço Idaf nº 061-P, de 6 de abril de 2026, publicada no Diário Oficial do Estado do Espírito Santo (DOE/ES) em 7 de abril de 2026 e suas prorrogações, a fim de apurar possíveis irregularidades atribuídas ao servidor Rui de Macedo Chaves Filho, nº funcional 2839830, por meio do relatório de incidente, (...) com fundamento nos arts. 269, § 1º, 270 e 271 da Lei Complementar Estadual nº 46/1994, acolho o relatório final da Comissão Permanente de Processo Administrativo Disciplinar (CPPAD), por concordar com suas conclusões, reconhecendo a inocência do servidor e, consequentemente, isentando-o de responsabilidade administrativa, diante da ausência de elementos probatórios Assinado digitalmente pelo DIO - DEPARTAMENTO DE IMPRENSA OFICIAL DO ESTADO DO ESPÍRITO SANTO Data: Quinta-feira, 24 de Setembro de 2026 às 22:39:28 Código de Autenticação: 065b2074"
Lei de Incentivo à Cultura Capixaba,11499_62,0,2026-09-24,62,DIO,"{""data"": ""2026-09-24"", ""paginas"": 93, ""pagina"": 62, ""pdf_id"": 1152717, ""year"": ""2026"", ""month"": ""09"", ""day"": ""24"", ""diario_id"": 11499, ""tipo_edicao"": 1}","EXECUTIVO DIÁRIO OFICIAL DOS PODERES DO ESTADO 61 Vitória (ES), quinta-feira, 24 de Setembro de 2026. Portaria nº 101-S de 14/11/2025, publicada DOE em 18/11/2025, a servidora BIANCA LEGORA DE PAULA, NF 2986965-7, no mês de novembro/2026. Vitória, 21 de setembro de 2026. JOEMAR BRUNO FRANCISCO ZAGOTO Subsecretário de Estado de Gestão Administrativa Protocolo 1874268 AVISO DE RESULTADO LEI DE INCENTIVO À CULTURA CAPIXABA - LICC A SECULT torna público para amplo conhecimento a HABILITAÇÃO do projeto abaixo indicado: 1) Título do Projeto: Dia Mundial do Skate Processo n°: 2025-Q4QZD Proponente: Associação Capixaba De Skate Cnpj: 10.589.860/0001-66 Valor: R$300.000,00 2) Título do Projeto: 7º Festival Internacional de Violão do Espírito Santo e 8º Concurso de Violão Maurício de Oliveira Processo n°: 2026-KC2QK Proponente: Acordes Centro de Música e Artes LTDA. Cnpj: 05.558.955/0001-82 Valor ano 1: R$500.000,00 Valor ano 2: R$500.000,00 Valor ano 3: R$500.000,00 Valor Total: R$1.500.000,00 3) Título do Projeto: Restauração e Revitalização do Casarão Família Baptista - 1ª etapa das obras civis de Restauração Estrutural: Estabilização e Reforço Estrutural Processo n°: 2026-7BHMQ Proponente: CAEPES Castiglioni Consultoria, Assessoria, Estudos e Pesquisas Educacionais Ltda Cnpj: 04.783.303/0001-89 Valor: R$982.664,57 4) Título do Projeto: Espaço GG5 Processo n°: 2025-TH8J5 Proponente: Instituto GG5 de Desenvolvimento Comunitário Cnpj: 11.357.419/0001-11 Valor ano 1: R$499.949,98 Valor ano 2: R$499.900,00 Valor ano 3: R$500.000,00 Valor Total: R$1.499.849,98 A autorização de captação é válida por 01 (um) ano, a contar da data desta publicação. A SECULT torna público para amplo conhecimento a INABILITAÇÃO do projeto abaixo indicado: 1) Título do Projeto: Se Parar, Você Cai! Processo n°: 2025-8CCBJ Proponente: Instituto Da Biodiversidade - Ibio Cnpj: 07.274.443/0001-10 Fica aberto o prazo de 10(dez) dias para apresentação de recurso administrativo na forma do art. 44º da Instrução Normativa Secult nº 01/25. O extrato da ATA estará disponível no site da SECULT: www.secult.es.gov.br Vitória, 17 de Setembro de 2026 Maria Emilia Fernandes Moça Vasconcellos Subsecretária de Estado de Fomento e Incentivo à Cultura. Protocolo 1874271 Secretaria de Estado da Agricultura, Abastecimento, Aquicultura e Pesca - SEAG PORTARIA nº 082-S, de 23 de setembro de 2026 O SUBSECRETÁRIO DE ESTADO PARA ASSUNTOS ADMINISTRATIVOS, no uso da delegação de competência que lhe foi outorgada pela Portaria SEAG nº 014-S, de 26 de janeiro de 2023, publicada no DOE de 27 de janeiro de 2023, RESOLVE: INTERROMPER, por necessidade de serviços, as férias referentes ao Exercício de 2024, da servidora abaixo relacionada, ressalvando-lhe o direito de gozar os dias restantes oportunamente. Nome Neuza Ferreira Nº Funcional 272714 A partir de 22/09/2026 Dias Restantes 11 Vitória, 23 de setembro de 2026. CARLOS LUIZ TESCH XAVIER Subsecretário de Estado para Assuntos Administrativos Assinado digitalmente pelo DIO - DEPARTAMENTO DE IMPRENSA OFICIAL DO ESTADO DO ESPÍRITO SANTO Data: Quarta-feira, 23 de Setembro de 2026 às 22:22:47 Código de Autenticação: 0085600f Documento e-Docs 2026-QHB2MC Protocolo 1874287"
Lei de Incentivo à Cultura Capixaba,11482_45,0,2026-09-18,45,DIO,"{""data"": ""2026-09-18"", ""paginas"": 86, ""pagina"": 45, ""pdf_id"": 1150709, ""year"": ""2026"", ""month"": ""09"", ""day"": ""18"", ""diario_id"": 11482, ""tipo_edicao"": 1}","E X E C U T I V O DIÁRIO OFICIAL DOS PODERES DO ESTADO 44 Vitória (ES), sexta-feira, 18 de Setembro de 2026. 1º TERMO ADITIVO AO TERMO DE FOMENTO N.º 095/2025 Processo nº: 2025-L8PQZ Adm. Pública: Estado do Espírito Santo por intermédio da Secretaria de Estado de Trabalho, Assistência e Desenvolvimento Social. Convenente: Associação de Pais e Amigos dos Excepcionais - APAE Muniz Freire. Objeto: Prorrogar o prazo de vigência que trata a Cláusula Sexta - Da vigência, de 31 de dezembro de 2026, para 31 de março de 2027. Vitória, 17 de setembro de 2026 FERNANDA MOTA GONÇALLO Secretária de Estado de Trabalho, Assistência e Desenvolvimento Protocolo 1871311 Secretaria de Estado da Cultura - SECULT AVISO DE RESULTADO FINAL - EDITAL DE CREDENCIAMENTO SECULT nº 001/2025 A Secretaria de Estado da Cultura - SECULT torna público o resultado final do Credenciamento de Profissionais Especializados para atuarem como Pareceristas na Análise Técnica das propostas culturais submetidas à Lei de Incentivo à Cultura Capixaba - LICC, considerando as inscrições encaminhadas entre os dias 15/05/2025 a partir das 18h até 15/08/2025 ás 18h - Terceira composição da demanda. A íntegra do resultado está disponível no site da Secult. Vitória, 17 de setembro de 2026. Letícia Schuwartz Deps Agente de Contratação Portaria 091-S de 23 de junho de 2026 Protocolo 1871091 ATO DE CONFIRMAÇÃO DE DOCUMENTAÇÃO- SUPLENTES Edital 17/2025 - Valorização de Grupos e Territórios A Secretaria de Estado da Cultura torna público o Ato de Confirmação de Documentação de Proponentes suplentes do Edital em epígrafe, conforme processo nº 2025-PCSBW. A íntegra do documento estará disponível no site da Secult. Vitória, 17 de setembro de 2026. Maria Emília Vasconcellos Subsecretária de Estado de Fomento e Incentivo à Cultura Protocolo 1871271 Secretaria de Estado da Agricultura, Abastecimento, Aquicultura e Pesca - SEAG Instituto de Defesa Agropecuária e Florestal do Espírito Santo - IDAF Errata No Extrato de Publicação de Edital de Discriminação de Terra Devoluta nº 011/2026, publicado no DOE/ES em 15/9/2026. Onde se lê: ... 3 2025-H3PT2 Antônio César Zanoni 244.***.***.-87 Calogi Serra Antônio César Zanoni 244.***.***.-87 Calogi Serra ... Leia-se: ... 3 2026-VCFNQ ... Vitória/ES, 15 de setembro de 2026. CEPD Instituto Capixaba de Pesquisa, Assistência Técnica e Extensão Rural - INCAPER - Protocolo 1871110 de Gerente do GPDI, no período de 15/09/2026 a 29/09/2026, por motivo de férias do titular, conforme documento 2026-VRRW6D. INSTRUÇÃO DE SERVIÇO N° 087-P, de 16 de setembro de 2026. O Diretor-Geral do Instituto Capixaba de Pesquisa, Assistência Técnica e Extensão Rural - Incaper, Autarquia Estadual, no uso das atribuições que lhe confere o Art. 11 da LC 194, de 04/12/2000, RESOLVE: Art. 1º Designar, na forma do Art. 52 da LC 46/94, a servidora pública efetiva Ita Maria Santos Macedo, NF 2909294, para exercer a função gratificada Art. 2° Localizar, nos termos do Inciso II do Art. 35 da LC 46/94, o servidor público efetivo Filipe Pereira de Castro, NF 5236266, na Coordenação de Infraestrutura, retroativamente a partir de 30/07/2026. Assinado digitalmente pelo DIO - DEPARTAMENTO DE IMPRENSA OFICIAL DO ESTADO DO ESPÍRITO SANTO Data: Quinta-feira, 17 de Setembro de 2026 às 23:27:44 Código de Autenticação: bd8f32f6 André Santos de Barros Diretor-Geral Protocolo 1871401"
Lei de Incentivo à Cultura Capixaba,11481_83,0,2026-09-17,83,DIO,"{""data"": ""2026-09-17"", ""paginas"": 129, ""pagina"": 83, ""pdf_id"": 1150252, ""year"": ""2026"", ""month"": ""09"", ""day"": ""17"", ""diario_id"": 11481, ""tipo_edicao"": 1}","3.2303 - Promoção da Diversidade e Difusão Cultural Elemento de Despesa: 3.3.50.43.00 - Subvenções Sociais Fonte de Recursos: 500 Prazo de Vigência: a partir do primeiro dia seguinte ao da publicação de seu extrato na imprensa oficial até 31/08/2027, podendo ser prorrogado mediante aditamento. Gestores/Fiscais da Parceria: Titular: Brenda Soares Bernardes, Matrícula nº 4799186-1 Suplente: Luiz Henrique Rodrigues, Matrícula nº 3621880-2 Vitória, 16 de setembro de 2026. Ana Laura Nahas Florentino Subsecretária de Políticas Culturais Protocolo 1870399 Vitória, 16 de setembro de 2026. Maria Emília Vasconcellos Subsecretária de Estado de Fomento e Incentivo à Cultura Protocolo 1870028 ATO DE CONFIRMAÇÃO DE DOCUMENTAÇÃO DE PROPONENTE SUPLENTE Edital 22/2025 - Programação Continuada de Espaços Culturais A Secretaria de Estado da Cultura torna pública a Ato de Confirmação de Documentação de Proponente Suplente do Edital em epígrafe, conforme processo nº 2025-S7LLG. A íntegra dos documentos está disponível no site da Secult. Vitória, 16 de setembro de 2026. Maria Emília Vasconcellos Subsecretária de Estado de Fomento e Incentivo à Cultura Protocolo 1870033 AVISO DE DEPÓSITO DE PATROCÍNIO - LEI DE INCENTIVO À CULTURA CAPIXABA - LICC A SECULT torna público para amplo conhecimento o DEPÓSITO DE RECURSOS FINANCEIROS PELO CONTRIBUINTE PATROCINADOR abaixo indicado: 1) Patrocinador: Realmar Distribuidora LTDA CNPJ: 03.845.717/0030-67 IE: 083.571.90-6 Valor do crédito presumido: R$ 50.000,00 Beneficiário: Odoyá Arte e Cultura Produções Projeto contemplado: Samba Que Eu Quero Ver Mostra Cultural de Bamba 2026 2) Patrocinador: Realmar Distribuidora LTDA CNPJ: 03.845.717/0057-87 IE: 084.273.12-7 Valor do crédito presumido: R$ 50.000,00 Beneficiário: Odoyá Arte e Cultura Produções Projeto contemplado: Samba Que Eu Quero Ver Mostra Cultural de Bamba 2026 Assinado digitalmente pelo DIO - DEPARTAMENTO DE IMPRENSA OFICIAL DO ESTADO DO ESPÍRITO SANTO Data: Quarta-feira, 16 de Setembro de 2026 às 22:15:50 Código de Autenticação: 64a971fb"
Lei de Incentivo à Cultura Capixaba,11461_46,0,2026-09-11,46,DIO,"{""data"": ""2026-09-11"", ""paginas"": 90, ""pagina"": 46, ""pdf_id"": 1148532, ""year"": ""2026"", ""month"": ""09"", ""day"": ""11"", ""diario_id"": 11461, ""tipo_edicao"": 1}","Incentivo à Cultura Protocolo 1866472 Secretaria de Estado da Cultura - SECULT Edital 002/2026 - Edital de Premiação por Trajetória da Política Nacional de Cultura Viva A Secretaria de Estado da Cultura torna público o Resultado Preliminar da Etapa de Seleção do Edital em epígrafe, conforme processo nº 2025-78K92. A íntegra do resultado está disponível no site da Secult (www.secult.es.gov.br). Vitória, 10 de setembro de 2026. CAROLINA RUAS PALOMARES Secretária de Estado da Cultura Protocolo 1866802 Edital 003/2026 - Fomento a Continuados de Pontos de Cultura Projetos A Secretaria de Estado da Cultura torna público o Resultado Preliminar da Etapa de Seleção do Edital em epígrafe, conforme processo nº 2025-S7XLW. A íntegra do resultado está disponível no site da Secult (www.secult.es.gov.br). Vitória, 10 de setembro de 2026. CAROLINA RUAS PALOMARES Secretária de Estado da Cultura Protocolo 1866808 AVISO DE RESULTADO PRELIMINAR EDITAL DE CREDENCIAMENTO SECULT nº 001/2025 A Secretaria de Estado da Cultura - SECULT torna público o resultado preliminar do Credenciamento de Profissionais Especializados para atuarem como Pareceristas na Análise Técnica das propostas culturais submetidas à Lei de Incentivo à Cultura Capixaba - LICC, considerando as inscrições encaminhadas entre os dias 15/05/2025 a partir das 18h até 15/08/2025 ás 18h - Terceira composição da demanda. A íntegra do resultado está disponível no site da Secult. Vitória, 10 de setembro de 2026. Leticia Schuwartz Deps Agente de Contratação Portaria 091-S de 23 de junho de 2026 Protocolo 1866951 ATA DE JULGAMENTO E ATO DE CONVOCAÇÃO Edital 06/2025 - Meu Primeiro Edital A Secretaria de Estado da Cultura torna pública a Ata de Julgamento de Recursos e Ato de Convocação de Proponentes Selecionados do Edital em epígrafe, conforme processo nº 2025-11J7D. A íntegra dos documentos está disponível no site da Secult. Vitória, 10 de setembro de 2026. Maria Emília Vasconcellos Subsecretária de Estado de Fomento e Incentivo à Cultura Protocolo 1866703 Secretaria de Estado da Agricultura, Abastecimento, Aquicultura e Pesca - SEAG PORTARIA nº 071-S, de 10 de setembro de 2026 O SECRETÁRIO DE ESTADO DA AGRICULTURA, ABASTECIMENTO, AQUICULTURA E PESCA, usando das atribuições que lhe confere o Art. 46, da Lei nº 3043, de 31 de dezembro de 1975, e CONSIDERANDO o Decreto nº 4999-R, de 25 de outubro de 2021, publicado em 26 de outubro de 2021, que regulamentou os critérios de avaliação do cumprimento dos requisitos para fins de aprovação em Estágio Probatório aplicáveis aos servidores públicos do Poder Executivo Estadual; CONSIDERANDO que a servidora abaixo relacionada foi aprovada na Avaliação Especial de Desempenho; RESOLVE: DECLARAR estável, na forma do Art. 23 do Decreto nº 4999-R/2021, a servidora efetiva, conforme discriminado abaixo, a partir da data respectiva. Nº Funcional Nome 4797540/1 MARIANA GONÇALVES PIRES LOPES Cargo Data Estabilidade Analista do Executivo 21/07/2026 Vitória, 10 de setembro de 2026. ENIO BERGOLI DA COSTA Secretário de Estado da Agricultura, Abastecimento, Aquicultura e Pesca Protocolo 1866942 Assinado digitalmente pelo DIO - DEPARTAMENTO DE IMPRENSA OFICIAL DO ESTADO DO ESPÍRITO SANTO Data: Quinta-feira, 10 de Setembro de 2026 às 22:31:35 Código de Autenticação: 9055ef94"
Lei de Incentivo à Cultura Capixaba,11456_37,0,2026-09-09,37,DIO,"{""data"": ""2026-09-09"", ""paginas"": 74, ""pagina"": 37, ""pdf_id"": 1147444, ""year"": ""2026"", ""month"": ""09"", ""day"": ""09"", ""diario_id"": 11456, ""tipo_edicao"": 1}","DIÁRIO OFICIAL DOS PODERES DO ESTADO E X E C U T I V O 36 Vitória (ES), quarta-feira, 9 de Setembro de 2026. AVISO DE RESULTADO LEI DE INCENTIVO À CULTURA CAPIXABA - LICC Art. 2º Esta Portaria entra em vigor na data de sua publicação, retroagindo seus efeitos a contar de 01/09/2026. A SECULT torna público para amplo conhecimento a HABILITAÇÃO do projeto abaixo indicado: Vitória, 04 de setembro de 2026. 1) Título do Projeto: 3ª Festa Internacional da Palavra Processo n°: 2026-9T9CZ Proponente: Instituto Manguerê Cnpj: 23.630.933/0001-68 Valor: R$500.000,00 2) Título do Projeto: Passagem de Som Processo n°: 2026-FK2ST Proponente: Anthony Altoe Musica e Performance Digital Ltda. Cnpj: 40.031.335/0001-91 Valor: R$398.500,00 CARLOS LUIZ TESCH XAVIER Subsecretário de Estado para Assuntos Administrativos Protocolo 1863824 Resumo da Ordem de Serviço SEAG nº 029/2026 O extrato da ATA estará disponível no site da SECULT: www.secult.es.gov.br PROCESSO: 2025-RGMM5 CONTRATO: 2026.000936.31101.01 CONTRATANTE: Secretaria de Estado da Agricultura, Abastecimento, Aquicultura e Pesca - SEAG. CONTRATADA: EDP ESPÍRITO SANTO DISTRIBUIÇÃO DE ENERGIA S/A. OBJETO: Contratação de serviços de remanejamento de postes na LOCALIDADE DE TRECHO “Santa Izabel (Alto da Gruta) - ES 485”, localizado no município de Cachoeiro de Itapemirim/ ES, Ordem de Venda nº 3435271. Vitória, 03 de Setembro de 2026 A partir de 09/09/2026. A autorização de captação é válida por 01 (um) ano, a contar da data desta publicação. Maria Emilia Fernandes Moça Vasconcellos Subsecretária de Estado de Fomento e Incentivo à Cultura. Protocolo 1864272 Vitória/ES, 04 de setembro de 2026. RODRIGO JOSÉ COSTA NÓBREGA Subsecretário de Estado de Infraestrutura Rural Protocolo 1863593 Secretaria de Estado da Agricultura, Abastecimento, Aquicultura e Pesca - SEAG PORTARIA nº 070-S, de 04 de setembro de 2026 O SUBSECRETÁRIO DE ESTADO PARA ASSUNTOS ADMINISTRATIVOS, no uso da delegação de competência que lhe foi outorgada pela Portaria SEAG nº 014-S, de 26 de janeiro de 2023, publicada no DOE de 27 de janeiro de 2023, e com fulcro nas deliberações constantes no processo nº 2026-JDVT1 e na legislação vigente, RESOLVE: Art. 1º DESIGNAR a servidora abaixo para atuar como Fiscal, do respectivo contrato administrativo da SEAG, nos termos do Regulamento de Aquisições para Mutuários de Operações de Financiamento de Projetos de Investimento do Banco Mundial, e da legislação vigente, considerando ainda as informações constantes no processo e-Docs nº 2026-JDVT1. Contrato 2026.000929.31101.01 Objeto Consultoria Individual Especializada em Aquisições e Gestão de Contratos para assessoramento técnico - Projeto Campo do Amanhã. Fiscal Daniella Gonçalves Daniel Velten RESUMO 1º TERMO ADITIVO SEAG nº 0157/2026 Contrato: 2026.000821.31101.01 Processo nº: 2024-15L6K Contratante: SEAG Contratada: ADIGE ARQUITETURA E ENGENHARIA LTDA. Objeto: O presente Termo Aditivo tem por objeto a rerratificação da"
Lei de Incentivo à Cultura Capixaba,11431_38,0,2026-08-28,38,DIO,"{""data"": ""2026-08-28"", ""paginas"": 85, ""pagina"": 38, ""pdf_id"": 1144905, ""year"": ""2026"", ""month"": ""08"", ""day"": ""28"", ""diario_id"": 11431, ""tipo_edicao"": 1}","o do Edital em epígrafe, conforme processo nº 2026-RGCZL, referente às inscrições no mês de julho. A íntegra do documento está disponível no site da Secult. Vitória, 27 de agosto de 2026. Maria Emília Vasconcellos Subsecretária de Estado de Fomento e Incentivo à Cultura Protocolo 1858258 Secretaria de Estado de Trabalho, Assistência e Desenvolvimento Social - SETADES ORDEM DE SERVIÇO Nº. 081/2026 CONCEDER recesso à estagiária abaixo, em conformidade com o artigo 13, da Lei nº 11.788/2008, de 25 de setembro de 2008, publicada no DOU do dia 26/09/2008: NOME Nº FUNCIONAL Gabriella Filomena dos 5065810 Reis TOTAL DE PERÍODO DIAS 09 10 a 18/09/2026 Vitória, 27 de agosto de 2026. AURÉLIO SIMÕES MONTEIRO JÚNIOR Chefe de Grupo de Recursos Humanos/SETADES Protocolo 1858202 AVISO DE RESULTADO Edital 11/2025 - Artes Visuais A Secretaria de Estado da Cultura torna público o Resultado da Seleção do Edital em epígrafe, conforme processo nº 2025-PX5FX. A íntegra do Resultado está disponível no site da Secult (www. secult.es.gov.br). Vitória, 27 de agosto de 2026. Maria Emília Vasconcellos Subsecretária de Estado de Fomento e Incentivo à Cultura Protocolo 1858606 AVISO DE DEPÓSITO DE PATROCÍNIO - LEI DE INCENTIVO À CULTURA CAPIXABA - LICC A SECULT torna público para amplo conhecimento o DEPÓSITO DE RECURSOS FINANCEIROS PELO CONTRIBUINTE PATROCINADOR abaixo indicado: 1) Patrocinador: Companhia de Gás do Espirito Assinado digitalmente pelo DIO - DEPARTAMENTO DE IMPRENSA OFICIAL DO ESTADO DO ESPÍRITO SANTO Data: Quinta-feira, 27 de Agosto de 2026 às 22:48:08 Código de Autenticação: e5b5d203"
Lei de Incentivo à Cultura Capixaba,11421_66,0,2026-08-26,66,DIO,"{""data"": ""2026-08-26"", ""paginas"": 107, ""pagina"": 66, ""pdf_id"": 1144092, ""year"": ""2026"", ""month"": ""08"", ""day"": ""26"", ""diario_id"": 11421, ""tipo_edicao"": 1}","EXECUTIVO DIÁRIO OFICIAL DOS PODERES DO ESTADO 65 Vitória (ES), quarta-feira, 26 de Agosto de 2026. publicação, estando sujeito às penalidades previstas no item 9.1 do referido Edital. Vitória, 25 de agosto de 2026 MARIA EMILIA FERNANDES MOCA VASCONCELLOS Subsecretária de Estado de Fomento e Incentivo à Cultura Protocolo 1856286 ATO DE CONVOCAÇÃO A Secretaria de Estado da Cultura - SECULT CONVOCA a Associação Aprender Cultura, sob a responsabilidade legal de Miquéias Gonçalves Silva, proponente contemplado no Edital Nº 04/2024 SELEÇÃO DE PROJETOS DE VALORIZAÇÃO DE TERRITÓRIOS E DIVERSIDADE CULTURAL, a apresentar o resultado final do projeto “Act Agência Escola do Instituto Aprender Cultura”, de acordo com o item 8.1 do Termo de Compromisso firmado, até o prazo máximo de 30 dias após a publicação, estando sujeito às penalidades previstas no item 9.1 do referido Edital. AVISO DE RESULTADO LEI DE INCENTIVO À CULTURA CAPIXABA - LICC A SECULT torna público para amplo conhecimento a HABILITAÇÃO do projeto abaixo indicado: 1) Título do Projeto: Capoeira e Cultura Popular Processo n°: 2026-TQMK8 Proponente: Produtora Cultural, Artística e Esportiva Cnpj: 38.188.851/0001-82 Valor: R$499.941,78 A autorização de captação é válida por 01 (um) ano, a contar da data desta publicação. O extrato da ATA estará disponível no site da SECULT: www.secult.es.gov.br Vitória, 20 de Agosto de 2026 Vitória, 25 de agosto de 2026 MARIA EMILIA FERNANDES MOCA VASCONCELLOS Subsecretária de Estado de Fomento e Incentivo à Cultura Protocolo 1856292 Maria Emilia Fernandes Moça Vasconcellos Subsecretária de Estado de Fomento e Incentivo à Cultura. Protocolo 1856385 Secretaria de Estado da Agricultura, Abastecimento, Aquicultura e Pesca - SEAG Instituto de Defesa Agropecuária e Florestal do Espírito Santo - IDAF EXTRATO DE PUBLICAÇÃO DE EDITAL DE DISCRIMINAÇÃO DE TERRA DEVOLUTA Nº 010/2026 A Comissão Especial Permanente de Discriminatória - CEPD, do Instituto de Defesa Agropecuária e Florestal do Estado - IDAF, no uso de suas atribuições legais e tendo em vista o disposto no art. 7º da Lei 9.769/11, VEM TORNAR PÚBLICO QUE OS EDITAIS DE DISCRIMINAÇÃO DE TERRAS DEVOLUTAS SE ENCONTRAM DISPONÍVEIS NO SÍTIO ELETRÔNICO DO IDAF (http://idaf.es.gov.br/editais-de-terras-devolutas) em 26/08/2026. Assim, convida os confinantes ou quem se julgar prejudicado e, ainda, a quaisquer interessados, a apresentar suas impugnações, embargos ou suscitações de dúvidas por escrito a esta Comissão, na sede desta Autarquia no prazo de 15 (quinze) dias da data de publicação do presente, findo o qual a área será declarada devoluta. Cumprido os requisitos contidos na Lei 9.769/11, as áreas discriminadas serão regularizadas em nome do (s) requerente (s); de outra maneira, havendo interesse público, será feita a matrícula ou registro em nome do Estado do Espírito Santo. E, para que não se alegue desconhecimento, vai este publicado no Diário Oficial do Estado (DIO/ES), no Escritório Local onde se situa o imóvel e na sede da Autarquia. N° 1 PROCESSO REQUERENTE CPF/CNPJ LOCALIDADE MUNICÍPIO 2026-3NN20 Aderbal Domingos Palauro 086.***.***.-00 Timbuí Fundão 2 2026-VZ2XM Adilson Pereira de Oliveira 069.***.***.-17 Córrego Floresta Ecoporanga 3 2026-BLFV3 Adriano Bozi de Oliveira e outro 169.***.***.-86 Lagoa do Aguiar Aracruz 4 2026-H2QV2 Aleni Ferreira da Costa - Parte 1 830.***.***.-68 Córrego Explosão Ecoporanga 5 2026-H2QV2 Aleni Ferreira da Costa - Parte 2 830.***.***.-68 Córrego Explosão Ecoporanga Assinado digitalmente pelo DIO - DEPARTAMENTO DE IMPRENSA OFICIAL DO ESTADO DO ESPÍRITO SANTO Data: Terça-feira, 25 de Agosto de 2026 às 22:59:15 Código de Autenticação: 3974cbd1"
Lei de Incentivo à Cultura Capixaba,11408_57,0,2026-08-21,57,DIO,"{""data"": ""2026-08-21"", ""paginas"": 97, ""pagina"": 57, ""pdf_id"": 1142745, ""year"": ""2026"", ""month"": ""08"", ""day"": ""21"", ""diario_id"": 11408, ""tipo_edicao"": 1}","Dotação Orçamentária: 47.904.08.244.0026.2240 Elementos de Despesas: 4.4.50.42 e 3.3.50.43 Fonte: 761 Gestor Titular: Lutz Franthesco da Silva Rocha - N. F. 3287831. Vitória, 20 de agosto de 2026. Fernanda Mota Gonçallo Secretária de Estado de Trabalho, Assistência e Desenvolvimento Social Protocolo 1854077 Secretaria de Estado da Cultura - SECULT AVISO DE RESULTADO DA SELEÇÃO Edital 28/2025 - Desenvolvimento de Obras Audiovisuais A Secretaria de Estado da Cultura torna público o Resultado da Seleção do Edital em epígrafe, conforme processo nº 2025-XSWLN. A íntegra dos documentos está disponível no site da Secult. Vitória, 20 de agosto de 2026. Maria Emília Vasconcellos Subsecretária de Estado de Fomento e Incentivo à Cultura Protocolo 1853675 ATO DE CONVOCAÇÃO DE PROPONENTE SUPLENTE Edital 12/2025 Produção Musical A Secretaria de Estado da Cultura torna público o Ato de Convocação de Proponente Suplente do Edital em epígrafe, conforme processo nº 2025-472B7. A íntegra do documento estará disponível no site da Secult. Vitória, 20 de agosto de 2026. Maria Emília Vasconcellos Subsecretária de Estado de Fomento e Incentivo à Cultura Protocolo 1854085 AVISO DE DEPÓSITO DE PATROCÍNIO - LEI DE INCENTIVO À CULTURA CAPIXABA - LICC A SECULT torna público para amplo conhecimento o DEPÓSITO DE RECURSOS FINANCEIROS PELO CONTRIBUINTE PATROCINADOR abaixo indicado: 1) Patrocinador: EDP Espírito Santo Distribuição de Energia S.A CNPJ: 28.152.650/0001-71 IE: 080.250.16-5 Valor do crédito presumido: R$ 500.000,00 Beneficiário: Associação Comercial e Empresarial de Muqui - Ace Muqui Projeto contemplado: 74º Encontro Nacional de Folias de Reis Vitória, 20 de agosto de 2026 Maria Emilia Fernandes Moça Vasconcellos Subsecretaria de Fomento e Incentivo Cultural - SECULT Protocolo 1853631 Secretaria de Estado de Mobilidade e Infraestrutura SEMOBI Departamento de Edificações e de Rodovias do Estado do Espírito Santo - DER-ES RESOLUÇÃO DICOL Nº 76/2026 - Em conformidade com o Relato supramencionado, exposto pelo Diretor Setorial de Obras de Infraestrutura Logística do DER-ES, que fundamentou o mesmo com base nos documentos elaborados pela diretoria interessada, a Diretoria Colegiada desta Autarquia RESOLVE: Aprovar, por unanimidade, o assunto constante no Relato nº 076/2026-DIREN/DER-ES, inserto nos autos 2026-8D7B0, o qual foi incluído na Ata da 15ª Reunião da DICOL realizada no dia 20/8/2026. Protocolo 1853750 Assinado digitalmente pelo DIO - DEPARTAMENTO DE IMPRENSA OFICIAL DO ESTADO DO ESPÍRITO SANTO Data: Quinta-feira, 20 de Agosto de 2026 às 22:44:12 Código de Autenticação: 391af053"
Lei de Incentivo à Cultura Capixaba,11374_51,0,2026-08-11,51,DIO,"{""data"": ""2026-08-11"", ""paginas"": 80, ""pagina"": 51, ""pdf_id"": 1139014, ""year"": ""2026"", ""month"": ""08"", ""day"": ""11"", ""diario_id"": 11374, ""tipo_edicao"": 1}","DIÁRIO OFICIAL DOS PODERES DO ESTADO E X E C U T I V O 50 AVISO DE RESULTADO LEI DE INCENTIVO À CULTURA CAPIXABA - LICC A SECULT torna público para amplo conhecimento a HABILITAÇÃO do projeto abaixo indicado: 1) Título do Projeto: Jazz Vix Festival 4ª Edição Processo n°: 2026-SCKNF Proponente: Rota Service Ltda Cnpj: 00.767.029/0001-01 Valor: R$500.000,00 2) Título do Projeto: Paula Cassaro - 20 Anos - Ao Vivo Processo n°: 2026-NZ9D3 Proponente: Paula Aparecida Cassaro Cnpj: 27.088.208/0001-60 Valor: R$385.097,77 3) Título do Projeto: Procura-se Lara Processo n°: 2026-5PBHL Proponente: Wb Producoes Artisticas E Culturais Ltda Cnpj: 08.775.812/0001-10 Valor: R$500.000,00 A autorização de captação é válida por 01 (um) ano, a contar da data desta publicação. O extrato da ATA estará disponível no site da SECULT: www.secult.es.gov.br Vitória, 10 de Agosto de 2026 Maria Emilia Fernandes Moça Vasconcellos Subsecretária de Estado de Fomento e Incentivo à Cultura Protocolo 1846752 Secretaria de Estado da Agricultura, Abastecimento, Aquicultura e Pesca - SEAG Vitória (ES), terça-feira, 11 de Agosto de 2026. Complementar nº 46, de 31 de janeiro de 1994; RESOLVE: Art. 1º Interromper por imperiosa necessidade do serviço, a contar de 11 de agosto de 2026, as férias regulamentares do servidor Denevaldo Feletti, nº funcional 3287033, referente ao exercício 2024/2025, reservando o direito de gozar os dias restantes em data oportuna, sem incidência de recursos financeiros. Art. 2º Esta Instrução de Serviço entra em vigor na data de sua publicação. Vitória/ES, 10 de agosto de 2026 RONALDO SALOMÃO LUBIANA Diretor-geral/Idaf Protocolo 1846474 INSTRUÇÃO DE SERVIÇO IDAF Nº 132-P, DE 10 DE AGOSTO DE 2026 O diretor-geral do Instituto de Defesa Agropecuária e Florestal do Espírito Santo (Idaf), no uso de suas atribuições legais, considerando o resultado apurado pela Comissão Permanente de Avaliação de Estágio Probatório - CAEP, instituída pela Instrução de Serviço nº 079-P, de 14 de julho de 2022, e visando atender às normas estabelecidas no art. 41 da Lei Complementar nº 46, de 31 de janeiro de 1994, bem como o disposto no art. 23 do Decreto Estadual nº 4999-R, de 25 de outubro de 2021; RESOLVE: Art. 1º DECLARAR ESTÁVEL, na forma do art. 41 da Constituição da República Federativa do Brasil, de 5 de outubro de 1988, com a nova redação que lhe foi dada pelo art. 6º da Emenda Constitucional nº 19, de 4 de junho de 1998, o servidor Thiago Vasconcelos Passos - número funcional: 4817524 data da estabilidade: 19 de junho de 2026. Art. 2º Esta Instrução de Serviço entra em vigor na data de sua publicação, retroagindo seus efeitos à data de estabilidade informada no art. 1º, revogando as disposições em contrário. Vitória/ES, 10 de agosto de 2026 RONALDO SALOMÃO LUBIANA Diretor-geral/Idaf Protocolo 1846475 ERRATA No RESUMO DO CONTRATO DE DOAÇÃO COM ENCARGOS SEAG Nº 0367/2026 - PROCESSO SEAG Nº2"
Lei de Incentivo à Cultura Capixaba,11346_58,0,2026-07-31,58,DIO,"{""data"": ""2026-07-31"", ""paginas"": 98, ""pagina"": 58, ""pdf_id"": 1136325, ""year"": ""2026"", ""month"": ""07"", ""day"": ""31"", ""diario_id"": 11346, ""tipo_edicao"": 1}","6-394H4 Partes: Estado do Espírito Santo por intermédio da Secretaria de Estado de Trabalho, Assistência e Desenvolvimento Social e aA.A.T.R. - Associação de Apoio Terapêutico Reviver. Objeto: Cooperação técnica e financeira para a continuidade da oferta do Serviço de Acolhimento Institucional para aproximadamente 33 pessoas idosas desenvolvido pela Associação de Apoio Terapêutico Reviver, por meio da realização de despesas de custeio. Valor: R$ 89.989,50 (oitenta e nove mil, novecentos e oitenta e nove reais e cinquenta centavos), proveniente das Emendas Parlamentares nº 0682, 1340 e 1345. Fundamento Legal: Artigo 29, Lei 13.019/2014, alterada pela Lei nº 13.204/2015. Justificativa: Trata-se de recursos decorrentes de emenda parlamentar à Lei Orçamentária Anual - LOA. Vitória, 30 de julho de 2026. Fernanda Mota Gonçallo Secretária de Estado de Trabalho, Assistência e Desenvolvimento Social Protocolo 1841155 RETIFICAÇÃO Na redação da Ordem de Serviço nº. 066, de 29/07/2026, publicada no Diário Oficial em 30/07/2026; ONDE SE LÊ: Elizangela Fantin Carneiro LEIA-SE: Elisangela Fantin Carneiro Protocolo 1841088 Secretaria de Estado da Cultura - SECULT AVISO DE DEPÓSITO DE PATROCÍNIO - LEI DE INCENTIVO À CULTURA CAPIXABA - LICC A SECULT torna público para amplo conhecimento o DEPÓSITO DE RECURSOS FINANCEIROS PELO CONTRIBUINTE PATROCINADOR abaixo indicado: 1) Patrocinador: Indústria de Alimentos Santa Maria LTDA CNPJ: 07.260.084/0001-41 IE: 082.321.14-0 Valor do crédito presumido: R$100.000,00 Beneficiário: Balaio Design Estrategico LTDA Projeto contemplado: ES Design 2) Patrocinador: Intercores Comercio Representacoes LTDA CNPJ: 39.639.745/0001-30 IE: 081.695.233 Valor do crédito presumido: R$ 14.813,50 Beneficiário: Balaio Design Estrategico LTDA Projeto contemplado: ES Design e 3) Patrocinador: Borana Indústria CNPJ: 30.563.332/0001-45 IE: 081.438.73-7 Valor do crédito presumido: R$ 15.000,00 Beneficiário: Associação do Menino Jesus - AME Projeto contemplado: Orquestra de violões e canto infanto-juvenil 4) Patrocinador: Borana Indústria e Comércio LTDA CNPJ: 30.563.332/0002-26 IE: 082.989.45-1 Valor do crédito presumido: R$ 15.000,00 Beneficiário: Associação do Menino Jesus - AME Projeto contemplado: Orquestra de violões e canto infanto-juvenil Assinado digitalmente pelo DIO - DEPARTAMENTO DE IMPRENSA OFICIAL DO ESTADO DO ESPÍRITO SANTO Data: Quinta-feira, 30 de Julho de 2026 às 22:52:30 Código de Autenticação: 0fdc512f"
Lei de Incentivo à Cultura Capixaba,11339_40,0,2026-07-29,40,DIO,"{""data"": ""2026-07-29"", ""paginas"": 79, ""pagina"": 40, ""pdf_id"": 1135041, ""year"": ""2026"", ""month"": ""07"", ""day"": ""29"", ""diario_id"": 11339, ""tipo_edicao"": 1}","ares Secretária de Estado da Cultura Protocolo 1838255 Resumo do 1º Termo Aditivo ao Termo de Convênio n.º 001/2025 Processo nº: 2025-320H9 Adm. Pública: Estado do Espírito Santo por intermédio da Secretaria de Estado de Trabalho, Assistência e Desenvolvimento Social. Convenente: Município de Nova Venécia. Objeto: prorrogar o prazo de vigência que trata a Cláusula Quinta - Da vigência ao Convênio nº 001/2025, de 31 de agosto de 2026, para 28 de fevereiro de 2027. Vitória, 28 de julho de 2026 FERNANDA MOTA GONÇALLO Secretária de Estado de Trabalho, Assistência e Desenvolvimento Protocolo 1839046 AVISO DE RESULTADO Edital 26/2025 - Cultura Digital A Secretaria de Estado da Cultura torna público o Resultado das Etapas de Pré-Seleção e Seleção do Edital em epígrafe, conforme processo nº 2025-L26BJ. A íntegra do Resultado está disponível no site da Secult (www.secult.es.gov.br). Vitória, 28 de julho de 2026. Carolina Ruas Palomares Secretária de Estado da Cultura Protocolo 1838765 Secretaria de Estado da Agricultura, Abastecimento, Aquicultura e Pesca - SEAG Instituto de Defesa Agropecuária e Florestal do Espírito Santo - IDAF Secretaria de Estado da Cultura - SECULT AVISO DE RESULTADO LEI DE INCENTIVO À CULTURA CAPIXABA - LICC A SECULT torna público para amplo conhecimento a HABILITAÇÃO do projeto abaixo indicado: 1) Título do Projeto: Nosso Ouro é a PolentaAspectos históricos e culturais dos imigrantes italianos em Venda Nova do Imigrante Processo n°: 2025-WGKTT Proponente: Folha Da Terra Das Montanhas Ltda Cnpj: 36.359.354/0001-74 Valor: R$300.000,00 2) Título do Projeto: Flinc - Festa Literária Internacional Capixaba (ano 3) Processo n°: 2026-W7TBM Proponente: Letra Preta Produções LTDA Cnpj: 40.630.772/0001-21 Valor: R$500.000,00 A autorização de captação é válida por 01 (um) ano, a contar da data desta publicação. A SECULT torna público para amplo conhecimento a INABILITAÇÃO do projeto abaixo indicado: 1) Título do Projeto: Maestro Max Carvalho Chorus Inside - Croácia 2026 INSTRUÇÃO DE SERVIÇO IDAF Nº 127-P, DE 27 DE JULHO DE 2026 O diretor-geral do Instituto de Defesa Agropecuária e Florestal do Espírito Santo (Idaf), no uso das atribuições que lhe confere o art. 48 do Regulamento do Idaf, aprovado pelo Decreto Estadual nº 910-R, de 31 de outubro de 2001, e suas alterações; e tendo em vista o constante no processo nº 2023-VNN9W; RESOLVE: Art. 1º Conceder, com base no art. 7º I, II, III, IV, §2º I da Lei Complementar nº 938/2020, abono de permanência ao servidor Marcos Adriano Rauta, número funcional 2798956, fiscal estadual agropecuário, com vigência a partir de 15/04/2026. Vitória/ES, 27 de julho de 2026. RONALDO SALOMÃO LUBIANA Diretor-geral/Idaf Protocolo 1838544 Instituto Capixaba de Pesquisa, Assistência Técnica e Extensão Rural - INCAPER EXTRATO DO CONTRATO nº 2026.000026.31202.01 Contratante: Instituto Capixaba de Pesquisa, Assistência Técnica e Extensão Rural - INCAPER Processo nº: 2026-4P283 Forma de Contratação: Pregão nº 008/2025 / ARP/SEGER nº 001/2026 ID CidadES nº: 2025.500E0600002.01.0008 Contratado: BRS SUPRIMENTOS CORPORATIVOS S/A Assinado digitalmente pelo DIO - DEPARTAMENTO DE IMPRENSA OFICIAL DO ESTADO DO ESPÍRITO SANTO Data: Terça-feira, 28 de Julho de 2026 às 23:26:47 Código de Autenticação: c81fd120"
Lei de Incentivo à Cultura Capixaba,11298_45,0,2026-07-14,45,DIO,"{""data"": ""2026-07-14"", ""paginas"": 75, ""pagina"": 45, ""pdf_id"": 1129847, ""year"": ""2026"", ""month"": ""07"", ""day"": ""14"", ""diario_id"": 11298, ""tipo_edicao"": 1}","DES. Objeto: Prorrogar o prazo de vigência que trata a Cláusula Sexta - Da vigência, de 31 de julho de 2026, para 31 de outubro de 2026. Vitória, 13 de julho de 2026 Fernanda Mota Gonçallo Secretária de Estado de Trabalho, Assistência e Desenvolvimento Protocolo 1828088 Secretaria de Estado da Cultura - SECULT ONDE SE LÊ: Resumo do Termo de Compromisso nº 993765/2026/MINC/CAIXA Partícipes: Estado do Espírito Santo/ES, junto à UNIÃO por intermédio do Ministério da Cultura, representada pela Caixa Econômica Federal Objeto: implantação do ceu da cultura, no município de Baixo Guandu, Espírito Santo, objetivando a execução de ações reativas ao Programa Novo PAC CEUs da Cultura - Propostas Selecionadas Valor: R$ 2.609.144,00; dos recursos: R$ 2.609.143,99, correrão à conta da União no exercício de 2026, UG 420045, Programa de Trabalho XXXXXXXXXXXUV0001, NE 2026NE000194, e R$ 0,01 nos exercícios subsequentes, e R$ 0,00 de contrapartida. Vigência: 30/04/2026 a 30/04/2030. Vitória, 13 de julho de 2026 Carolina Ruas Palomares Secretária de Estado da Cultura Protocolo 1827825 17 a 31/07/2026 RETIFICAÇÃO Na redação da Retificação publicada em 26/06/2026, no Diário Oficial; AVISO DE RESULTADO LEI DE INCENTIVO À CULTURA CAPIXABA - LICC LEIA-SE: 21/07 a 04/08/2026 Protocolo 1828150 A SECULT torna público para amplo conhecimento a HABILITAÇÃO do projeto abaixo indicado: Assinado digitalmente pelo DIO - DEPARTAMENTO DE IMPRENSA OFICIAL DO ESTADO DO ESPÍRITO SANTO Data: Segunda-feira, 13 de Julho de 2026 às 22:30:23 Código de Autenticação: a573720f"
Lei de Incentivo à Cultura Capixaba,11289_40,0,2026-07-10,40,DIO,"{""data"": ""2026-07-10"", ""paginas"": 74, ""pagina"": 40, ""pdf_id"": 1128799, ""year"": ""2026"", ""month"": ""07"", ""day"": ""10"", ""diario_id"": 11289, ""tipo_edicao"": 1}","orgada pela Instrução de Serviço nº 006, de 29.01.2024, publicada no DIO-ES de 31.01.2024, RESOLVE: Conceder férias regulamentares à servidora abaixo relacionada: Nome Augeniria Martins Rosa Ribeiro N° Período Exercício Funcional 13 a 4080904 2026 27/07/2026 Vitória, 09 de julho de 2026. Lucia Aparecida de Queiroz Araujo Diretora Setorial Administrativo-Financeira Protocolo 1826552 Resumo do 1.º Termo Aditivo ao Termo de Compromisso nº 155/2025, referente ao EDITAL FAPES nº 10/2024 - PROCAP 2025 - Mestrado. Contratante: FAPES. Beneficiária: Victoria Brunoro Cyprestes. Coordenador: Augusto Cesar Salomão Mozine. Objeto: I. Alteração do número de parcelas de bolsa de Mestrado, que passará de 16 (dezesseis) para 22 (vinte e duas) parcelas DIÁRIO OFICIAL DOS PODERES DO ESTADO mensais a serem recebidas pela bolsista. II. Prorrogação do prazo de vigência do Termo de Compromisso por mais 11 (onze) meses, passando de 22 (vinte dois) para 33 (trinta e três) meses. Processo: 2025-Z0RQ1. Assinado em 09.07.2026. Rodrigo Varejão Andreão Diretor-Geral da FAPES Protocolo 1826174 Resumo do 1.º Termo Aditivo ao Termo de Outorga n.º 633/2025, celebrado no âmbito da DI 025/2024 - Análise Executiva da Lei de Incentivo à Cultura Capixaba (PM&APP - 2024). Objeto: cessão e transferência de todos os direitos e obrigações relativos às atividades pactuadas no Termo de Outorga, anteriormente atribuídas à coordenadora cedente Ligia da Motta Silveira Borges, para a coordenadora cessionária Edna Morais Tresinari. Processo: 2025-GMQ0P. Data da assinatura: 09.07.2026. Rodrigo Varejão Andreão Diretor-Geral da FAPES Protocolo 1826299 Resumo do 1º Termo Aditivo ao Termo de Outorga nº 1438/2025, celebrado por meio do Edital FAPES nº 13/2025 - Universal. Objeto: cessão e transferência de todos os direitos e obrigações relativos às atividades pactuadas no Termo de Outorga, anteriormente atribuídas à coordenadora cedente Ana Júlia Alves Câmara para a coordenadora cessionária Mariane Pigossi. Processo: 2025-KZNQK. Data da assinatura: 09.07.2026. Rodrigo Varejão Andreão Diretor-Geral - FAPES Protocolo 1826745 Resumo do 1.º Termo Aditivo ao Termo de Outorga nº 732/2024, contratado por meio do EDITAL FAPES Nº 21/2023 - MULHERES NA CIÊNCIA. Contratante: FAPES. Outorgada: Cristina Klippel Dominicini. Objeto: prorrogação do prazo de vigência e execução do projeto por mais 03 (três) meses, a partir de 01.08.2026. Processo: 2024-4GR7J. Assinado em 09.07.2026. Rodrigo Varejão Andreão Diretor-Geral da FAPES Protocolo 1826753 Resumo do Termo de Concessão de Bolsa de Mestrado nº 259/2026, oriundo do EDITAL FAPES Nº 13/2023 - PROCAP 2024 - MESTRADO. Recursos: FUNCITEC. Coordenador: Hélio Marcos André Antunes. Bolsista: Igor Kort-Kamp Wernz. Processo: 2026-ZBZ98. Parcelas: 7 (sete). Vigência: 34 (trinta e quatro) meses, com início em 01.07.2026. Valor mensal: tabela em vigor de Bolsa de Pós-Graduação. Assinatura: 09.07.2026. Rodrigo Varejão Andreão Diretora-Geral - FAPES Protocolo 1826762 Assinado digitalmente pelo DIO - DEPARTAMENTO DE IMPRENSA OFICIAL DO ESTADO DO ESPÍRITO SANTO Data: Quinta-feira, 9 de Julho de 2026 às 22:19:20 Código de Autenticação: ceafaad9"
Lei de Incentivo à Cultura Capixaba,11256_41,0,2026-06-30,41,DIO,"{""data"": ""2026-06-30"", ""paginas"": 75, ""pagina"": 41, ""pdf_id"": 1125460, ""year"": ""2026"", ""month"": ""06"", ""day"": ""30"", ""diario_id"": 11256, ""tipo_edicao"": 1}","ltura - SECULT ATO DE CONFIRMAÇÃO DE DOCUMENTAÇÃO Edital 01/2026 - Locomoção para Circulação e Intercambio - maio A Secretaria de Estado da Cultura torna público o Ato de Confirmação de documentação do Edital em epígrafe, conforme processo nº 2026-RGCZL, referente às inscrições no mês de maio. A íntegra do documento estará disponível no site da Secult. Vitória, 29 de junho de 2026. Maria Thereza Bosi de Magalhães Subsecretária de Estado de Fomento e Incentivo à Cultura Protocolo 1818508 AVISO DE PRORROGAÇÃO de PRAZO INSCRIÇÃO - EDITAIS CULTURA VIVA DE A Secretaria de Estado da Cultura - SECULT torna público para amplo conhecimento que o prazo para inscrição dos Editais 02/2026 - Premiação de Pontos e Pontões de Cultura, 03/2026 - Fomento aos Pontos de Cultura, 04/2026 - Fomento aos Pontões de Cultura e 05/2026 - Concessão de Bolsas Cultura Viva a Mestras e Mestres das Culturas Tradicionais e Populares foi prorrogado para o dia 15 de julho de 2026. Os interessados poderão obter cópia integral do Edital no site da Secult (www.secult.es.gov.br). Vitória, 29 de junho de 2026. Fabrício Noronha Fernandes Secretário de Estado da Cultura Protocolo 1818811 AVISO DE DEPÓSITO DE PATROCÍNIO - LEI DE INCENTIVO À CULTURA CAPIXABA - LICC A SECULT torna público para amplo conhecimento o DEPÓSITO DE RECURSOS FINANCEIROS PELO CONTRIBUINTE PATROCINADOR abaixo indicado: 1) Patrocinador: Supermercado Grechi LTDA CNPJ: 00.381.613/0001-16 IE: 081.724.69-1 Valor do crédito presumido: R$42.000,00 Beneficiário: Associação Festa Da Cappitella - Afecapi Projeto contemplado: Cappitella - Festa Do Cappelletti E Da Tagliatella 2025 2) Patrocinador: Supermercado Economia LTDA CNPJ: 10.607.920/0001-26 IE: 082.600.97-0 Valor do crédito presumido: R$41.666,67 Beneficiário: Associação Festa Da Cappitella - Afecapi Projeto contemplado: Cappitella - Festa Do Cappelletti E Da Tagliatella 2025 3) Patrocinador: VD Comercio De Veiculos LTDA CNPJ: 39.786.983/0004-11 IE: 082.258.82-1 Valor do crédito presumido: R$ 237.644,05 Beneficiário: Paris Serviços e Treinamentos LTDA Projeto contemplado: Despertando Olhares Vitória, 29 de junho de 2026 Maria Thereza Bosi de Magalhães Subsecretaria de Fomento e Incentivo Cultural - SECULT Assinado digitalmente pelo DIO - DEPARTAMENTO DE IMPRENSA OFICIAL DO ESTADO DO ESPÍRITO SANTO Data: Segunda-feira, 29 de Junho de 2026 às 17:26:43 Código de Autenticação: 54b190fc Protocolo 1818595"
Lei de Incentivo à Cultura Capixaba,11256_6,0,2026-06-30,6,DIO,"{""data"": ""2026-06-30"", ""paginas"": 75, ""pagina"": 6, ""pdf_id"": 1125425, ""year"": ""2026"", ""month"": ""06"", ""day"": ""30"", ""diario_id"": 11256, ""tipo_edicao"": 1}","IMPRENSA OFICIAL DO ESPÍRITO SANTO 30 de junho de 2026 Cultura em Dados: resultados de pesquisa sobre a Lei de Incentivo à Cultura Capixaba (LICC) O encontro busca promover o diálogo sobre o aprimoramento contínuo das políticas culturais e o fortalecimento da economia criativa capixaba, ampliando o acesso a informações estratégicas sobre o setor \ A programação é voltada para produtoras e produtores culturais do Espírito Santo U m encontro dedicado à apresentação e ao debate de evidências sobre os resultados, os investimentos e os impactos econômicos da Lei de Incentivo à Cultura Capixaba (LICC), além do lançamento do Boletim da Economia Criativa, será realizado amanhã (01), a partir das 14h30 horas, no HUB ES+, no Centro de Vitória. A programação é voltada para produtoras e produtores culturais do Espírito Santo, potenciais proponentes e empresas patrocinadoras da LICC, além de gestores públicos, pesquisadores e demais interessados em políticas culturais, economia criativa e nos impactos gerados pelos investimentos realizados por meio das políticas públicas de cultura no Estado. A participação é gratuita. Os interessados devem realizar a inscrição por meio do formulário disponível neste LINK AQUI. Além da divulgação dos dados, o encontro busca promover o diálogo sobre o aprimoramento contínuo das políticas culturais e o fortalecimento da economia criativa capixaba, ampliando o acesso a informações estratégicas sobre o setor e incentivando uma cultura de gestão orientada por evidências. DIVULGAÇÃO / SECULT A pesquisa sobre a LICC foi desenvolvida pelo Instituto Jones dos Santos Neves (IJSN), em parceria com a Secretaria da Cultura (Secult), com apoio da Fundação de Amparo à Pesquisa e Inovação do Espírito Santo (Fapes). Já o Boletim da Economia Criativa é uma publicação elaborada pelo Instituto Jones em parceria com a Secult para monitorar trimestralmente o desempenho dos setores criativos no Espírito Santo. PREVISÃO DO TEMPO / Nesta terça-feira, os ventos costeiros transportam umidade do mar e trazem chuva rápida no começo do dia, somente no Litoral Nordeste capixaba. Nas demais áreas, o sol predomina entre algumas nuvens e não há previsão de chuva. PROGRAMAÇÃO TVE/ES - TV ABERTA - CANAL 2 / NET - CANAL 15 / RCA - CANAL 5 06:00 - ENERGIA 06:30 - NOSSA LÍNGUA (2010) 07:00 - PEPPA PIG 07:15 - LÉO, O CAMINHÃO 07:20 - PLANETA PALAVRA 07:30 - BINO E FINO 07:40 - PARQUINHO JURÁSSICO 07:45 - PALALOOS 08:00 - QUINTAL DA CULTURA 12:00 - TVE REVISTA 12:45 - REPÓRTER BRASIL TARDE 13:30 - JORNAL DA TARDE 14:15 - MASHA E O URSO 14:30 - NINHOS EM MOVIMENTO 14:45 - SOL EM DÓ RÉ MI 15:00 - GILDO 15:15 - BLUEY III 15:30 - IURI & UDI 15:45 - O MUNDIAL E EU - ARGENTINA: 1ª VEZ EM UM CAMPO 15:50 - O SHOW DA LUNA 16:00 - SEM CENSURA 18:00 - TVE NOTICIA 18:30 - STADIUM 19:00 - ANTIMATÉRIA 20:00 - É LOGO ALI - REPRISE Assinado digitalmente pelo DIO - DEPARTAMENTO DE IMPRENSA OFICIAL DO ESTADO DO ESPÍRITO SANTO Data: Segunda-feira, 29 de Junho de 2026 às 17:26:21 Código de Autenticação: 54b190fc 20:30 - CULTURAS DO CAMPO 21:00 - JORNAL DA CULTURA 22:00 - METRÓPOLIS 22:30 - PROVOCA 23:30 - O NOVO SEMPRE VEM 00:00 - CAMAROTE 21 00:30 - METRÓPOLIS 01:00 - CULTURAS DO CAMPO - REPRISE 01:30 - UM MILAGRE 02:30 - COMO NASCEM OS HERÓIS? 03:00 - CHE, MEMÓRIAS DE UM ANO SECRETO 04:30 - SESSÃO DE CINEMA – OS OLHOS DE ARTHUR 05:00 - BRASIL VISTO DE CIMA 6"
Lei de Incentivo à Cultura Capixaba,11253_76,0,2026-06-29,76,DIO,"{""data"": ""2026-06-29"", ""paginas"": 133, ""pagina"": 76, ""pdf_id"": 1125198, ""year"": ""2026"", ""month"": ""06"", ""day"": ""29"", ""diario_id"": 11253, ""tipo_edicao"": 1}","á disponível no site da Secult. Vitória, 26 de junho de 2026. Maria Thereza Bosi de Magalhães Subsecretária de Estado de Fomento e Incentivo à Cultura Protocolo 1818072 PORTARIA Nº 102-S, DE 26 DE JUNHO DE 2026 O SECRETÁRIO DE ESTADO DA CULTURA - SECULT, no uso das atribuições que lhe conferem o art. 98, inciso II, da Constituição Estadual e o art. 46, alínea “o”, da Lei nº 3.043, de 31 de dezembro de 1975, e conforme o disposto no art. 10 da Portaria Conjunta SECULT/PGE nº 083-S, de 14 de maio de 2026, R ESOLVE: Art. 1º DESIGNAR os seguintes servidores para compor o Centro de Negociação Preventiva da SECULT - CNP-SECULT: I - Julia Ferreira da Cunha (NF 43595934) e Priscila De Lai Cruz Godoy (NF 32197201) como membros titulares, sendo a primeira sua coordenadora; II - Yasmim Vital Ribeiro Duarte (NF 4344480) e Michele Gasparini de Miranda (NF 2941104), como membros suplentes. Art. 2º As atribuições do CNP-SECULT estão dispostas na Portaria Conjunta SECULT/PGE nº 083-S, de 14 de maio de 2026. Art. 3º Esta Portaria entra em vigor na data de sua publicação. Vitória/ES, 26 de junho de 2026. FABRICIO NORONHA FERNANDES Secretário de Estado da Cultura Protocolo 1818170 AVISO DE RESULTADO LEI DE INCENTIVO À CULTURA CAPIXABA - LICC A SECULT torna público para amplo conhecimento a HABILITAÇÃO do projeto abaixo indicado: 1) Título do Projeto: Festival Nacional De Teatro Cidade De Vitória 22ª Edição - FENATEVI Processo n°: 2025-70M5F Proponente: Associação Cultural Circense E Ambiental Uma Floresta Cnpj: 04.201.181/0001-75 Valor: R$500.000,00 2) Título do Projeto: Circulação Do Espetáculo “Os Fuzis De Teresa Carrar” Processo n°: 2025-BN12V Proponente: Z Produção Ltda Cnpj: 05.397.130/0001-23 Valor: R$497.899,15 A autorização de captação é válida por 01 (um) ano, a contar da data desta publicação. O extrato da ATA estará disponível no site da SECULT: www.secult.es.gov.br Vitória, 25 de Junho de 2026 Maria Thereza Bosi de Magalhães Subsecretaria de Estado - SECULT/SUBFIC Protocolo 1817795 Assinado digitalmente pelo DIO - DEPARTAMENTO DE IMPRENSA OFICIAL DO ESTADO DO ESPÍRITO SANTO Data: Sexta-feira, 26 de Junho de 2026 às 23:56:38 Código de Autenticação: 3fda55eb"
Lei de Incentivo à Cultura Capixaba,11247_65,0,2026-06-26,65,DIO,"{""data"": ""2026-06-26"", ""paginas"": 129, ""pagina"": 65, ""pdf_id"": 1124322, ""year"": ""2026"", ""month"": ""06"", ""day"": ""26"", ""diario_id"": 11247, ""tipo_edicao"": 1}","de Planejamento e Orçamento - GPO, desta Secretaria de Estado da Cultura, no período de 13/07/2026 a 27/07/2026, por ocasião das Férias do Titular. Art. 1º. Designar a servidora abaixo para exercer a Função Gratificada de Agente de Contratação, Ref. FG-AG: a) Letícia Schuwartz Deps, matricula 4802705-1 b) Bruna Bolonha de Menezes, 3146138-1 Vitória, 25 de junho de 2026 Art. 2°. Designar os servidores abaixo para exercerem a função de Equipe de Apoio, referente a Gratificação de Apoio à Licitação-GAL: a) João Adriano Dallapicola Veenings, 653011/3; b) José Roberto Bispo de Sousa, matrícula 371911-51; c) Késia do Nascimento Rangel, matrícula 3098133-2; d) Julia Ferreira da Cunha, matrícula 4359593-1; Art. 3º. As atribuições dos Agentes de Contratação estão descritas na Lei Federal 14.133/2021, no Decreto Estadual 5.352-R/2023, na Lei Complementar nº 1.078 e no Decreto nº 5713-R. Art. 4º. Os trabalhos da Equipe de Apoio serão coordenados pelo Agente de Contratação designado. Art. 5º. Fica revogada a Portaria Nº 029-S, de 27 de Março 2026, publicada no Diário Oficial de 30 de Março de 2026. Fabricio Noronha Fernandes Secretário de Estado da Cultura Protocolo 1816677 AVISO DE RESULTADO LEI DE INCENTIVO À CULTURA CAPIXABA - LICC A SECULT torna público para amplo conhecimento a HABILITAÇÃO do projeto abaixo indicado: 1) Título do Projeto: Circuito Cultural Verde Processo n°: 2026-B4JW8 Proponente: Rian Melo Soares Cnpj: 46.946.563/0001-78 Valor: R$165.000,00 A autorização de captação é válida por 01 (um) ano, a contar da data desta publicação. Assinado digitalmente pelo DIO - DEPARTAMENTO DE IMPRENSA OFICIAL DO ESTADO DO ESPÍRITO SANTO Data: Quinta-feira, 25 de Junho de 2026 às 23:18:47 Código de Autenticação: 3f6d482a"
Lei de Incentivo à Cultura Capixaba,11236_62,0,2026-06-24,62,DIO,"{""data"": ""2026-06-24"", ""paginas"": 115, ""pagina"": 62, ""pdf_id"": 1123896, ""year"": ""2026"", ""month"": ""06"", ""day"": ""24"", ""diario_id"": 11236, ""tipo_edicao"": 1}","Maria Thereza Bosi de Magalhães Subsecretária de Estado de Fomento e Incentivo à Cultura Protocolo 1814117 Resumo do Termo de Convênio Nº 005/2026 Proposta SIGA/SECULT/0007/2026 Processo nº 2026-QPRW4 Registro SIGEFES Nº 260370 Concedente: Secretaria de Estado da Cultura Convenente: Município de Baixo Guandu. Objeto: Aquisição de Instrumentos musicais para o município de Baixo Guandu/ES. Valor Total: R$ 57.047,66 (cinquenta e sete mil e quarenta e sete reais e sessenta e seis centavos). Contrapartida do Município: R$ 7.047,66 (sete mil e quarenta e sete reais e sessenta e seis centavos). Dotação Orçamentária: Programa: 13.392.0043.2303 - Promoção da Diversidade e Difusão Cultural Elemento de Despesa: 44.40.42.00 - Auxílios Fonte de Recursos: 1500 Prazo de Vigência: partir do primeiro dia seguinte ao da publicação de seu extrato na imprensa oficial até 30/06/2027, podendo ser prorrogado mediante aditamento. Gestores do Convênio: Titular: Renato Luiz Duarte de Morais - Matrícula: 3314812-1 Suplente: Andrea Alves Buenes, Matrícula nº 2911191-5 Vitória, 23 de junho de 2026. Carolina Ruas Palomares Subsecretária de Políticas Culturais Protocolo 1814777 AVISO DE DEPÓSITO DE PATROCÍNIO - LEI DE INCENTIVO À CULTURA CAPIXABA - LICC A SECULT torna público para amplo conhecimento o DEPÓSITO DE RECURSOS FINANCEIROS PELO CONTRIBUINTE PATROCINADOR abaixo indicado: 1) Patrocinador: Kurumá Veículos S/A CNPJ: 00.827.783/0020-44 IE: 083.011.34-0 Valor do crédito presumido: R$ 149.991,00 Beneficiário: Instituto Últimos Refúgios Projeto contemplado: Livro Corredor de Vida Santa Teresa 2) Patrocinador: VD Comércio De Veiculos LTDA CNPJ: 39.786.983/0001-79 IE: 081.648.25-1 Valor do crédito presumido: R$ 300.000,00 Beneficiário: Instituto Últimos Refúgios Projeto contemplado: Livro Corredor de Vida Santa Teresa 3) Patrocinador: V.M. Comercio De Automoveis LTDA CNPJ: 11.277.336/0008-99 IE: 083.884.92-0 Valor do crédito presumido: R$ 50.000,00 Beneficiário: Instituto Últimos Refúgios Projeto contemplado: Livro Corredor de Vida Santa Teresa 4) Patrocinador: Cooperativa Agropecuária Centro Serrana CNPJ: 27.942.085/0037-94 IE: 083.045.29-5 Valor do crédito presumido: R$ 40.000,00 Beneficiário: AMITAJ - Associação Do Movimento Italiano de Jaguaré Projeto contemplado: 13ª Semana Cultural Italiana de Jaguaré 5) Patrocinador: Itapoa Supermercado LTDA CNPJ: 06.955.576/0008-65 IE: 082.047.95-2 Valor do crédito presumido: R$ 499.223,20 Beneficiário: Associação Festa do Morango Projeto contemplado: 36ª Festa do Morango Vitória, 23 de junho de 2026 Maria Thereza Bosi de Magalhães Subsecretaria de Fomento e Incentivo Cultural - SECULT Protocolo 1814952 Secretaria de Estado da Agricultura, Abastecimento, Aquicultura e Pesca - SEAG NOTIFICAÇÃO SEAG Processo nº 2024-V3NB6 Notificante: A Secretaria de Estado da Agricultura, Abastecimento, Aquicultura e Pesca - SEAG, inscrita no CNPJ nº 27.080.555/0001-47. Notificada: BC AGRO COMERCIO LTDA, CNPJ nº 29.220.447/0001-58. Fica a empresa NOTIFICADA acerca da intenção desta Secretaria na aplicação da seguinte penalidade: I - Impedimento de licitar e contratar com a Administração Pública ESTADUAL, por 90 (noventa) dias, nos termos do subitem 10.1.1 e 10.1.2.1 do Edital; Ante ao exposto, caso queira, apresente DEFESA PRÉVIA no prazo de 15 (quinze) dias úteis a contar da publicação desta notificação. LINDSAY ITABORAÍ ROCHA Presidente da Comissão de Apuração e Responsabilização de Infrações Administrativas - SEAG Protocolo 1814180 NOTIFICAÇÃO SEAG Processo nº 2025-0TM5N Notificante: A Secretaria de Estado da Agricultura, Abastecimento, Aquicultura e Pesca - SEAG, inscrita no CNPJ nº 27.080.555/0001-47. Notificada: 58.687.699 LUAN MATEUS DA SILVA BEGHINI, CNPJ nº 58.687.699/0001-90. Fica a empresa NOTIFICADA acerca da intenção desta Secretaria na aplicação da seguinte penalidade: Assinado digitalmente pelo DIO - DEPARTAMENTO DE IMPRENSA OFICIAL DO ESTADO DO ESPÍRITO SANTO Data: Terça-feira, 23 de Junho de 2026 às 22:48:40 Código de Autenticação: f20e4619"
Lei de Incentivo à Cultura Capixaba,11234_35,0,2026-06-23,35,DIO,"{""data"": ""2026-06-23"", ""paginas"": 79, ""pagina"": 35, ""pdf_id"": 1123406, ""year"": ""2026"", ""month"": ""06"", ""day"": ""23"", ""diario_id"": 11234, ""tipo_edicao"": 1}","Buenes, Matrícula nº 2911191-5 Suplente: Renato Luiz Duarte de Morais - Matrícula: 3314812-1 Vitória, 19 de junho de 2026. Carolina Ruas Palomares Subsecretária de Políticas Culturais Protocolo 1813209 Vitória (ES), terça-feira, 23 de Junho de 2026. 4) Patrocinador: Borana Indústria e Comércio LTDA CNPJ: 30.563.332/0003-07 IE: 083.842.67-5 Valor do crédito presumido: R$ 15.000,00 Beneficiário: Associação do Menino Jesus - AME Projeto contemplado: Orquestra de violões e canto infanto-juvenil 5) Patrocinador: Nater Coop CNPJ: 27.942.085/0037-94 IE: 083.045.29-5 Valor do crédito presumido: R$ 83.333,00 Beneficiário: Associação Festa da Cappitella - AFECAPI Projeto contemplado: Cappitella - Festa do Cappelletti e da Tagliatella 2025 Vitória, 22 de junho de 2026 Maria Thereza Bosi de Magalhães Subsecretaria de Fomento e Incentivo Cultural - SECULT Protocolo 1814004 Secretaria de Estado da Agricultura, Abastecimento, Aquicultura e Pesca - SEAG PORTARIA nº 048-S, de 19 de junho de 2026 O SECRETÁRIO DE ESTADO DA AGRICULTURA, ABASTECIMENTO, AQUICULTURA E PESCA, no uso das atribuições que lhe confere o art. 98, inciso II, da Constituição Estadual, RESOLVE: AVISO DE DEPÓSITO DE PATROCÍNIO - LEI DE INCENTIVO À CULTURA CAPIXABA - LICC A SECULT torna público para amplo conhecimento o DEPÓSITO DE RECURSOS FINANCEIROS PELO CONTRIBUINTE PATROCINADOR abaixo indicado: 1) Patrocinador: Realmar Distribuidora Ltda CNPJ: 03.845.717/0001-22 IE: 082.324.17-4 Valor do crédito presumido: R$ 200.000,00 Beneficiário: Rota Service LTDA EPP Projeto contemplado: Jazz Vitória Festival 2025 EXONERAR, de acordo com o art. 61, § 2º, letra “a”, da Lei Complementar nº 46 de 31 de janeiro de 1994, RICARDO HAO CHIANG MENDEZ, nº funcional 2600013, do cargo de provimento em comissão de Chefe do Grupo de Administração, Ref. QCE-05, da Secretaria de Estado da Agricultura, Abastecimento, Aquicultura e Pesca. Vitória, 19 de junho de 2026. ENIO BERGOLI DA COSTA Secretário de Estado da Agricultura, Abastecimento, Aquicultura e Pesca Protocolo 1814225 2) Patrocinador: Borana Indústria CNPJ: 30.563.332/0001-45 IE: 081.438.73-7 Valor do crédito presumido: R$ 10.000,00 Beneficiário: Associação do Menino Jesus - AME Projeto contemplado: Orquestra de violões e canto infanto-juvenil 3) Patrocinador: Borana Indústria e Comércio LTDA CNPJ: 30.563.332/0002-26 IE: 082.989.45-1 Valor do crédito presumido: R$ 15.000,00 Beneficiário: Associação do Menino Jesus - AME Projeto contemplado: Orquestra de violões e canto infanto-juvenil PORTARIA nº 049-S, de 19 de junho de 2026 O SECRETÁRIO DE ESTADO DA AGRICULTURA, ABASTECIMENTO, AQUICULTURA E PESCA, no uso das atribuições que lhe confere o art. 98, inciso II, da Constituição Estadual, RESOLVE: EXONERAR, de acordo com o art. 61, § 2º, letra “a”, da Lei Complementar nº 46 de 31 de janeiro de 1994, RUBIA MARIA ALVARENGA, nº funcional 3102777, do cargo de provimento em comissão de Assessor Especial Nível II, Ref. QCE-05, da Secretaria de Estado da Agricultura, Abastecimento, Aquicultura e Pesca. Assinado digitalmente pelo DIO - DEPARTAMENTO DE IMPRENSA OFICIAL DO ESTADO DO ESPÍRITO SANTO Data: Segunda-feira, 22 de Junho de 2026 às 22:29:52 Código de Autenticação: 9c35c410"
Lei de Incentivo à Cultura Capixaba,11217_62,0,2026-06-17,62,DIO,"{""data"": ""2026-06-17"", ""paginas"": 152, ""pagina"": 62, ""pdf_id"": 1121562, ""year"": ""2026"", ""month"": ""06"", ""day"": ""17"", ""diario_id"": 11217, ""tipo_edicao"": 1}","31 de outubro de 2026. Vitória, 16 de junho de 2026 FERNANDA MOTA GONÇALLO Secretária de Estado de Trabalho, Assistência e Desenvolvimento Protocolo 1809955 2º TERMO ADITIVO AO TERMO DE FOMENTO N.º 126/2024 Processo nº: 2024-3X4NQ Adm. Pública: Estado do Espírito Santo por intermédio da Secretaria de Estado de Trabalho, Assistência e Desenvolvimento Social. Convenente: Associação Pestalozzi de Mimoso do Sul. Objeto: Prorrogar o prazo de vigência que trata a Cláusula Sexta - Da vigência, de 31 de julho 2026, para 31 de maio de 2027. Vitória, 16 de junho de 2026 FERNANDA MOTA GONÇALLO Secretária de Estado de Trabalho, Assistência e Desenvolvimento Protocolo 1809970 Secretaria de Estado da Cultura - SECULT AVISO DE RESULTADO Edital 01/2026 - Locomoção para Circulação e Intercambio - maio A Secretaria de Estado da Cultura torna público o Resultado da Seleção do Edital em epígrafe, conforme processo nº 2026-RGCZL, referente às inscrições no mês de maio. A íntegra do Resultado está disponível no site da Secult. www.secult.es.gov. br Vitória, 16 de junho de 2026. Maria Thereza Bosi de Magalhães Subsecretária de Estado de Fomento e Incentivo à Cultura Protocolo 1810220 AVISO DE RESULTADO LEI DE INCENTIVO À CULTURA CAPIXABA - LICC A SECULT torna público para amplo conhecimento a HABILITAÇÃO do projeto abaixo indicado: 1) Título do Projeto: Circuito Cultural - Região 5 Processo n°: 2025-WBCHT Proponente: Instituto Gg5 De Desenvolvimento Comunitário Cnpj: 11.357.419/0001-11 Valor: R$300.000,00 2) Título do Projeto: Paisagem Continuada: Fotografias, Desenhos e Depoimentos Processo n°: 2025-7NPG5 Proponente: Lupino Produções Ltda Cnpj: 25.103.064/0001-49 Valor: R$230.182,31 Assinado digitalmente pelo DIO - DEPARTAMENTO DE IMPRENSA OFICIAL DO ESTADO DO ESPÍRITO SANTO Data: Terça-feira, 16 de Junho de 2026 às 23:49:14 Código de Autenticação: 4a8d75bd"
Lei de Incentivo à Cultura Capixaba,11184_55,0,2026-06-03,55,DIO,"{""data"": ""2026-06-03"", ""paginas"": 107, ""pagina"": 55, ""pdf_id"": 1117918, ""year"": ""2026"", ""month"": ""06"", ""day"": ""03"", ""diario_id"": 11184, ""tipo_edicao"": 1}","DIÁRIO OFICIAL DOS PODERES DO ESTADO E X E C U T I V O 48 Vitória (ES), quarta-feira, 3 de Junho de 2026. Proponente: Instituto Nacional Afro Origem Cnpj: 21.559.183/0001-50 Valor: R$300.000,00 A autorização de captação é válida por 01 (um) ano, a contar da data desta publicação. O extrato da ATA estará disponível no site da SECULT: www.secult.es.gov.br Vitória, 28 de Maio de 2026 Maria Thereza Bosi de Magalhães Subsecretaria de Estado - SECULT/SUBFIC Protocolo 1800434 1) Patrocinador: Café Meridiano Ind. E Com. Ltda CNPJ: 01.434.609/0001-31 IE: 081.834.27-6 Valor do crédito presumido: R$78.000,00 Beneficiário: Renato Sabaini XXXXXXXXXXX Projeto contemplado: A Música e a Arte de Renato Sabaini 2) Patrocinador: Cooperativa Agrária dos Cafeicultores de São Gabriel - Cooabriel CNPJ: 27.494.152/0007-30 IE: 081.254.05-9 Valor do crédito presumido: R$ 499.913,88 Beneficiário: Centro de Cultura Italiana de Vila Pavão - CECIVIP Projeto contemplado: 26ª Pomitafro AVISO DE DEPÓSITO DE PATROCÍNIO - LEI DE INCENTIVO À CULTURA CAPIXABA - LICC A SECULT torna público para amplo conhecimento o DEPÓSITO DE RECURSOS FINANCEIROS PELO CONTRIBUINTE PATROCINADOR abaixo indicado: Vitória, 02 de junho de 2026 Maria Thereza Bosi de Magalhães Subsecretaria de Fomento e Incentivo Cultural - SECULT Protocolo 1801381 Secretaria de Estado da Agricultura, Abastecimento, Aquicultura e Pesca - SEAG PORTARIA Nº 029-R, DE 02 DE JUNHO DE 2026 Aprova a 19ª alteração de Quadro de Detalhamento de Despesa da Secretaria de Estado da Agricultura, Abastecimento, Aquicultura e Pesca. O SUBSECRETÁRIO DE ESTADO PARA ASSUNTOS ADMINISTRATIVOS, no uso da atribuição que lhe confere o art. 98, inciso II da Constituição Estadual, e tendo em vista o disposto no § 1º do art. 25 da Lei nº 12.485, de 18 de julho de 2025 e na Lei nº 12.718, de 23 de dezembro de 2025; RESOLVE: Art. 1º - Proceder na forma dos Anexos I e II a esta Portaria a 19ª alteração do Quadro de Detalhamento de Despesa, publicado em conformidade com a Portaria SEP nº 001-R, de 07 de janeiro de 2026. Art. 2º - Esta Portaria entra em vigor na data de sua publicação. CARLOS LUIZ TESCH XAVIER Subsecretário de Estado para Assuntos Administrativos Protocolo 1801212 Assinado digitalmente pelo DIO - DEPARTAMENTO DE IMPRENSA OFICIAL DO ESTADO DO ESPÍRITO SANTO Data: Terça-feira, 2 de Junho de 2026 às 22:55:26 Código de Autenticação: 94dc0eea"
Lei de Incentivo à Cultura Capixaba,11184_54,0,2026-06-03,54,DIO,"{""data"": ""2026-06-03"", ""paginas"": 107, ""pagina"": 54, ""pdf_id"": 1117917, ""year"": ""2026"", ""month"": ""06"", ""day"": ""03"", ""diario_id"": 11184, ""tipo_edicao"": 1}","26, podendo ser prorrogado mediante aditamento. Gestores do Convênio: Titular: Chaliny Bertholdi de Laia Sathler, Matrícula nº 2951070-2 Suplente: Vinicius Fabio Ferreira Silva - Matrícula: 2961105-2 Vitória, 02 de junho de 2026. Carolina Ruas Palomares Subsecretária de Políticas Culturais Protocolo 1801383 3º TERMO ADITIVO AO TERMO DE FOMENTO N.º 014/2025 Processo nº: 2025-L3594 Adm. Pública: Estado do Espírito Santo por intermédio da Secretaria de Estado de Trabalho, Assistência e Desenvolvimento Social. Convenente: Rede de Atendimento Integrado à Criança e ao Adolescente. Objeto: alterar o montante total de recursos a serem empregados na execução do Termo de Fomento nº SETADES/014/2025 para R$ 21.294,38 (vinte e um mil duzentos e noventa e quatro reais e trinta e oito centavos), devido utilização dos rendimentos da aplicação financeira no valor de R$ 1.292,22 (mil duzentos e noventa e dois reais e vinte e dois centavos), inclusive o aporte no valor de R$ 2,20 (dois reais e vinte centavos), para aplicação no objeto da parceria. Vitória, 01 de junho de 2026. FERNANDA MOTA GONÇALLO Secretária de Estado de Trabalho, Assistência e Desenvolvimento Protocolo 1800834 AVISO DE RESULTADO LEI DE INCENTIVO À CULTURA CAPIXABA - LICC A SECULT torna público para amplo conhecimento a HABILITAÇÃO do projeto abaixo indicado: 1) Título do Projeto: Mulheres, Grãos E Memórias Processo n°: 2025-33P6C Proponente: Connect Agência de comunicação integrada Cnpj: 23.284.098/0001-51 Valor: R$787.253,67 2) Título do Projeto: Café Conilon: O Ouro Negro Do Espírito Santo Processo n°: 2025-LHW3M Proponente: Prodcom Produção Comercial LTDA Cnpj: 09.385.630/0001-04 Valor: R$299.580,00 3) Título do Projeto: Territórios Criativos e Ancestrais: Juventudes Guardiãs da Cultura Processo n°: 2025-DZ8W2 Assinado digitalmente pelo DIO - DEPARTAMENTO DE IMPRENSA OFICIAL DO ESTADO DO ESPÍRITO SANTO Data: Terça-feira, 2 de Junho de 2026 às 22:55:25 Código de Autenticação: 94dc0eea"
Lei de Incentivo à Cultura Capixaba,11177_98,0,2026-05-29,98,DIO,"{""data"": ""2026-05-29"", ""paginas"": 156, ""pagina"": 98, ""pdf_id"": 1116331, ""year"": ""2026"", ""month"": ""05"", ""day"": ""29"", ""diario_id"": 11177, ""tipo_edicao"": 1}","COOPERAÇÃO Nº 002/2023 PROCESSO: 2023-MPX6Z ESPÉCIE: 2º Termo Aditivo ao Termo de Cooperação para Descentralização de Crédito Orçamentário nº. 002/2023. OBJETO: Acréscimo no valor de R$ 1.292.000,00 ao montante de recursos orçamentários descentralizados por meio do Termo de Cooperação nº 002/2023, referente à prestação de serviços técnicos profissionais especializados de gerenciamento geral, para Conclusão das Obras do Empreendimento denominado “Cais das Artes”, passando o valor total para R$ 6.187.000,00. PRAZO: Prorrogação do prazo de vigência até 30 de janeiro de 2028. DOTAÇÃO ORÇAMENTÁRIA DESCENTRALIZAÇÃO DE CREDITO UG EMITENTE: 400.101 - SECULT CÓDIGO ESPECIFICAESFERA ÇÃO (NOME DA PROG. UO AÇÃO) TRABALHO Conclusão da Fiscal 40101 13.392.0043.1605 Construção do Cais das Artes UG FAVORECIDA: 350.201 - DER NATUREZA FONTE PLANO VALOR DA UGR RECURSO ORÇAMENTÁRIO (R$) DESPESA 1500.000000 4.4.90.39.00 400101 01242 - Cais das Artes 1.292.000,00 FABRICIO NORONHA FERNANDES SECRETÁRIO DE ESTADO DA CULTURA CONCEDENTE EDMAR FRAGA ROCHA DIRETOR- PRESIDENTE DO Departamento de Edificações e de Rodovias do Espírito Santo - DER/ES EXECUTANTE Protocolo 1798234 AVISO DE DEPÓSITO DE PATROCÍNIO - LEI DE INCENTIVO À CULTURA CAPIXABA - LICC A SECULT torna público para amplo conhecimento o DEPÓSITO DE RECURSOS FINANCEIROS PELO CONTRIBUINTE PATROCINADOR abaixo indicado: 1) Patrocinador: Cooperativa Agropecuária Centro Serrana CNPJ: 27.942.085/0037-94 IE: 083.045.29-5 Valor do crédito presumido: R$ 40.000,00 Beneficiário: AMITAJ - Associação Do Movimento Italiano de Jaguaré Projeto contemplado: 13ª Semana Cultural Italiana de Jaguaré 2) Patrocinador: VM Comercio de Automoveis LTDA CNPJ: 11.277.336/0001-12 IE: 082.690.71-5 Valor do crédito presumido: R$ 318.873,81 Beneficiário: Associação Federativa Comunità Italiana do Espírito Santo Projeto contemplado: Comunitá Fest 2025 Encontro das Diversidades Vitória, 27 de Maio de 2026 Maria Thereza Bosi de Magalhães Subsecretaria de Fomento e Incentivo Cultural - SECULT Protocolo 1797862 Secretaria de Estado da Agricultura, Abastecimento, Aquicultura e Pesca - SEAG - torna público a DECISÃO ADMINISTRATIVA SUBADM/ SEAG Nº 009/2026, referente ao RECURSO ADMINISTRATIVO, onde decidiu-se pela aplicação da penalidade de: I - IMPEDIMENTO de licitar e contratar com a Administração Pública Direta e Indireta do Estado do Espírito Santo pelo prazo de 15 (quinze) dias, nos termos do art. 155, c/c art. 156, §4º, à REP ENGENHARIA E SERVICOS LTDA - CNPJ Nº 36.157.982/0001-77. conforme Lei nº 14.133/2021. CARLOS LUIZ TESCH XAVIER Subsecretário de Estado para Assuntos Administrativos - SEAG Protocolo 1797413 Instituto de Defesa Agropecuária e Florestal do Espírito Santo - IDAF EXTRATO DO 1º TERMO ADITIVO Contrato 2024.000012.31201.01 Pregão Eletrônico 003/2023/Seger Processo licitatório 2021-BC081 Ata de Registro de Preços 001/2023/Seger Processo 2024-CWBLV ID CidadES 2023.500E0600002.02.0002 CONTRATANTE: IDAF, CNPJ 02.254.666/0001- 00 CONTRATADA: Claro S.A., CNJP 40.432.544/0001-47 OBJETO: acréscimo do objeto do Contrato Original em 10 linhas com aparelho e dados. VALOR MENSAL: R$ 7.369,50. RESUMO DA DECISÃO ADMINISTRATIVA SUBADM/SEAG Nº 009/2026 Processo nº 2025-RL91F A Secretaria de Estado da Agricultura, Abastecimento, Aquicultura e Pesca - SEAG, Vitória, 10 de dezembro de 2025. LEONARDO CUNHA MONTEIRO Diretor Geral Protocolo 1797962 Assinado digitalmente pelo DIO - DEPARTAMENTO DE IMPRENSA OFICIAL DO ESTADO DO ESPÍRITO SANTO Data: Quinta-feira, 28 de Maio de 2026 às 23:06:38 Código de Autenticação: 65c7ca5a"
Lei de Incentivo à Cultura Capixaba,11149_63,0,2026-05-20,63,DIO,"{""data"": ""2026-05-20"", ""paginas"": 100, ""pagina"": 63, ""pdf_id"": 1111665, ""year"": ""2026"", ""month"": ""05"", ""day"": ""20"", ""diario_id"": 11149, ""tipo_edicao"": 1}","envolvimento Social Protocolo 1790687 Resumo do Termo de Colaboração 028/2026 Processo nº.: 2026-M8L4T Registro SIGEFES: 260227 Administração Pública: Estado do Espírito Santo por intermédio da Secretaria de Estado de Trabalho, Assistência e Desenvolvimento Social. Organização da Sociedade Civil: Associação Pestalozzi de Marechal Floriano. Objeto: Cooperação Técnica e Financeira para manutenção do Serviço de Proteção Social Especial para Pessoas com Deficiência, Idosas e suas Famílias, ofertado pela Associação Pestalozzi de Marechal Floriano, por meio de despesa de custeio e investimento. Valor: R$ 74.993,32 (setenta e quatro mil novecentos e noventa e três reais e trinta e dois centavos), de repasse da Administração Pública Estadual. Vigência: a partir do primeiro dia subsequente ao da publicação até 30/04/2027. Dotação Orçamentária: 08.244.0026.2240 Elementos de Despesas: 4.4.50.42 e 3.3.50.43 Fonte: 761 Gestor Titular: Lutz Franthesco da Silva Rocha - N. F. 3287831. Vitória, 19 de maio de 2026. Fernanda Mota Gonçallo Secretária de Estado de Trabalho, Assistência e Desenvolvimento Social Protocolo 1790810 Secretaria de Estado da Cultura - SECULT AVISO DE DEPÓSITO DE PATROCÍNIO - LEI DE INCENTIVO À CULTURA CAPIXABA - LICC A SECULT torna público para amplo conhecimento o DEPÓSITO DE RECURSOS FINANCEIROS PELO CONTRIBUINTE PATROCINADOR abaixo indicado: 1) Patrocinador: Borana Indústria e Comércio LTDA CNPJ: 30.563.332/0003-07 IE: 083.842.67-5 Valor do crédito presumido: R$ 15.000,00 Beneficiário: Associação do Menino Jesus - AME Projeto contemplado: Orquestra de violões e canto infanto-juvenil 2) Patrocinador: Borana Indústria e Comércio LTDA CNPJ: 30.563.332/0002-26 IE: 082.989.45-1 Valor do crédito presumido: R$ 15.000,00 Beneficiário: Associação do Menino Jesus - AME Projeto contemplado: Orquestra de violões e canto infanto-juvenil 3) Patrocinador: Borana Indústria CNPJ: 30.563.332/0001-45 IE: 081.438.73-7 Valor do crédito presumido: R$ 15.000,00 Beneficiário: Associação do Menino Jesus - AME Projeto contemplado: Orquestra de violões e canto infanto-juvenil 4) Patrocinador: Realmar Distribuidora LTDA CNPJ: 03.845.717/0001-22 IE: 082.324.17-4 Valor do crédito presumido: R$ 250.000,00 Beneficiário: GZZ ART ENTRETENIMENTO LTDA Projeto contemplado: Festival BigStep 5) Patrocinador: Realcafé Solúvel do Brasil S.A CNPJ: 28.154.847/0003-01 IE: 080.233.88-0 Valor do crédito presumido: R$ 200.000,00 Beneficiário: Satírica Filmes Produções LTDA Projeto contemplado: Fecsta 9 - Festival de Cinema de Santa Teresa - ES Vitória, 19 de maio de 2026 Maria Thereza Bosi de Magalhães Subsecretaria de Fomento e Incentivo Cultural - SECULT Protocolo 1790593 Secretaria de Estado da Agricultura, Abastecimento, Aquicultura e Pesca - SEAG RESUMO DO CONTRATO DE DOAÇÃO COM ENCARGOS SEAG Nº 0233/2026 - PROCESSO SEAG Nº 2025-7X78W. Secretaria da Agricultura, DOADOR: Abastecimento, Agricultura e Pesca - SEAG, CNPJ/ MF: 27.080.555/0001-47. DONATÁRIO: Município de Ibatiba, CNPJ/MF: 27.744.150/0001-66. OBJETOS: 01 (uma) Retroescavadeira. Valor: R$ 319.999,00. Vitória, 19 de maio de 2026 Enio Bergoli da Costa Secretário de Estado da Agricultura, Abastecimento, Aquicultura e Pesca. Assinado digitalmente pelo DIO - DEPARTAMENTO DE IMPRENSA OFICIAL DO ESTADO DO ESPÍRITO SANTO Data: Terça-feira, 19 de Maio de 2026 às 22:26:54 Código de Autenticação: bc38af14 Protocolo 1790041"
Lei de Incentivo à Cultura Capixaba,11145_49,0,2026-05-19,49,DIO,"{""data"": ""2026-05-19"", ""paginas"": 93, ""pagina"": 49, ""pdf_id"": 1111236, ""year"": ""2026"", ""month"": ""05"", ""day"": ""19"", ""diario_id"": 11145, ""tipo_edicao"": 1}","s Subsecretária de Políticas Culturais Protocolo 1789240 Secretaria de Estado de Trabalho, Assistência e Desenvolvimento Social - SETADES Resumo do Termo de Colaboração 027/2026 Processo nº.: 2026-P6B7N Registro SIGEFES: 260237 Administração Pública: Estado do Espírito Santo por intermédio da Secretaria de Estado de Trabalho, Assistência e Desenvolvimento Social. Organização da Sociedade Civil: Associação Pestalozzi de Itapemirim. Objeto: Cooperação Técnica e financeira para a continuidade do serviço de proteção social especial para pessoas com deficiência, e suas famílias, ofertado pela Associação Pestalozzi de Itapemirim, por meio de despesa de investimento e custeio Valor: R$ 74.952,00 (setenta e quatro mil e novecentos e cinquenta e dois reais) de repasse da Administração Pública Estadual. Vigência: a partir do primeiro dia subsequente ao da publicação até 30/04/2027. Dotação Orçamentária: 08.244.0026.2240 Elemento de Despesa:4.4.50.42 3.3.50.43 Fonte: 761 Gestor Titular: Lutz Franthesco da Silva Rocha - N. F. 3287831. Vitória, 18 de abril de 2026. Fernanda Mota Gonçallo Secretária de Estado de Trabalho, Assistência e Desenvolvimento Social Protocolo 1789762 AVISO DE RESULTADO LEI DE INCENTIVO À CULTURA CAPIXABA - LICC A SECULT torna público para amplo conhecimento a HABILITAÇÃO do projeto abaixo indicado: 1) Título do Projeto: Projeto Negraô - 35 Anos Processo n°: 2025-GXTFK Proponente: Samora Producoes Artisticas E Eventos Cnpj: 06.308.546/0001-90 Valor ano 1: R$300.000,00 Valor ano 2: R$300.000,00 Valor ano 3: R$300.000,00 Valor Total: R$900.000,00 2) Título do Projeto: Memórias Do Lar Processo n°: 2025-C1XPG Proponente: Porto E Stein Produções LTDA ME Cnpj: 11.144.407/0001-09 Valor: R$500.000,00 A autorização de captação é válida por 01 (um) ano, a contar da data desta publicação. O extrato da ATA estará disponível no site da SECULT: www.secult.es.gov.br Vitória, 14 de Maio de 2026 Maria Thereza Bosi de Magalhães Subsecretaria de Estado - SECULT/SUBFIC Protocolo 1789338 Secretaria de Estado da Cultura - SECULT Resumo do Termo de Fomento Nº 009/2026 Registro SIGEFES Nº 260219 Processo Nº 2026-TQHQ1 Dispensado de Chamamento Público com base no Artigo 29 da Lei 13.019/2014. Concedente: Secretaria de Estado da Cultura AVISO DE DEPÓSITO DE PATROCÍNIO - LEI DE INCENTIVO À CULTURA CAPIXABA - LICC A SECULT torna público para amplo conhecimento o DEPÓSITO DE RECURSOS FINANCEIROS PELO CONTRIBUINTE PATROCINADOR abaixo indicado: 1) Patrocinador: EDP Distribuição de Energia S.A CNPJ: 28.152.650/0001-71 IE: 080.250.16-5 Assinado digitalmente pelo DIO - DEPARTAMENTO DE IMPRENSA OFICIAL DO ESTADO DO ESPÍRITO SANTO Data: Segunda-feira, 18 de Maio de 2026 às 22:54:32 Código de Autenticação: d8a3a321 Espírito Santo"
Lei de Incentivo à Cultura Capixaba,11134_77,0,2026-05-15,77,DIO,"{""data"": ""2026-05-15"", ""paginas"": 127, ""pagina"": 77, ""pdf_id"": 1110407, ""year"": ""2026"", ""month"": ""05"", ""day"": ""15"", ""diario_id"": 11134, ""tipo_edicao"": 1}","DIÁRIO OFICIAL DOS PODERES DO ESTADO E X E C U T I V O 70 Vitória (ES), sexta-feira, 15 de Maio de 2026. as organizações da sociedade civil, por se tratar de entidade da sociedade civil responsável pela organização do projeto Cariacica Geek Game, desde a sua primeira edição, o que o torna o Instituto Nacional de Desenvolvimento e Econômico e Social, o único parceiro apto dada a exclusividade no evento. Valor Total: R$ 510.000,00 (quinhentos e dez mil reais). Vitória, 13 de maio de 2026. Fabricio Noronha Fernandes Secretário de Estado da Cultura Protocolo 1787030 de recurso administrativo na forma do art. 44º da Instrução Normativa Secult nº 01/25. AVISO DE RESULTADO LEI DE INCENTIVO À CULTURA CAPIXABA - LICC Na Publicação da PORTARIA Nº 81-S, DE 07 DE MAIO DE 2024, publicada no DIO-ES em sua edição de 13/05/2026: A SECULT torna público para amplo conhecimento a HABILITAÇÃO do projeto abaixo indicado: 1) Título do Projeto: Filarmônica De Mulheres Do Espírito Santo: Música E Representatividade - II Temporada Processo n°: 2025-X1KG0 Proponente: Instituto Todos os Cantos Cnpj: 11.510.597/0001-30 Valor: R$492,800,00 2) Título do Projeto: Literomusical Ambiental Alman’arte: Artes Em Biocomposição Edição 2025 Processo n°: 2025-RK2BJ Proponente: Grupo Moxuara Produções Artísticas Ltda. Cnpj: 02.222.059./0001-50 Valor: R$198.751,00 3) Título do Projeto: A Capoeira Capixaba: Apoio, Preservação e Promoção do Patrimônio Cultural Imaterial Processo n°: 2025-58RFR Proponente: Associação Cultural Artística Popular Orientada Ao Esporte E De Incentivo Às Raízes Afro-Brasileiras. Cnpj: 31.698.608/0001-65 Valor: R$300.000,00 4) Título do Projeto: Festival Jam (Jazz Arte E Movimento) 2ª Edição Processo n°: 2026-BXDB7 Proponente: Lupino Produções Ltda Cnpj: 25.103.064/0001-49 Valor: R$499.945,20 A autorização de captação é válida por 01 (um) ano, a contar da data desta publicação. A SECULT torna público para amplo conhecimento a INABILITAÇÃO do projeto abaixo indicado: 1) Título do Projeto: Festa De São Pedro Processo n°: 2025-45Z60 Proponente: Vert Shows E Estruturas Ltda Cnpj: 40.969.237/0001-08 2) Título do Projeto: Festa De Emancipação Política De João Neiva/Es 38 Anos Processo n°: 2025-0N164 Proponente: Vert Shows E Estruturas Ltda Cnpj: 40.969.237/0001-08 Fica aberto o prazo de 10(dez) dias para apresentação O extrato da ATA estará disponível no site da SECULT: www.secult.es.gov.br Vitória, 07 de Maio de 2026 Maria Thereza Bosi de Magalhães Subsecretaria de Estado - SECULT/SUBFIC Protocolo 1787448 ERRATA ONDE SE LÊ: PORTARIA Nº 81-S, DE 07 DE MAIO DE 2024 LEIA-SE: PORTARIA Nº 81-S, DE 07 DE MAIO DE 2026 Vitória, 14 de Maio de 2026. FABRÍCIO NORONHA FERNANDES Secretário de Estado da Cultura Protocolo 1787331 Secretaria de Estado da Agricultura, Abastecimento, Aquicultura e Pesca - SEAG RESUMO DA DECISÃO ADMINISTRATIVA SUBADM/SEAG Nº 046/2026 Processo nº 2025-W7V8B A Secretaria de Estado da Agricultura, Abastecimento, Aquicultura e Pesca - SEAG, torna público a DECISÃO ADMINISTRATIVA SUBADM/ SEAG Nº 046/2026, referente ao RECURSO ADMINISTRATIVO, onde decidiu-se pela aplicação da penalidade de: I - IMPEDIMENTO de licitar e contratar com a Administração Pública Direta e Indireta do Estado do Espírito Santo pelo prazo de 90 (noventa) dias, nos termos do art. 155, c/c art. 156, §4º, à COMPRASNET COMERCIAL LTDA - CNPJ Nº 57.778.437/0001-78. conforme Lei nº 14.133/2021. CARLOS LUIZ TESCH XAVIER Subsecretário de Estado para Assuntos Administrativos - SEAG Protocolo 1787"
Lei de Incentivo à Cultura Capixaba,11134_76,0,2026-05-15,76,DIO,"{""data"": ""2026-05-15"", ""paginas"": 127, ""pagina"": 76, ""pdf_id"": 1110406, ""year"": ""2026"", ""month"": ""05"", ""day"": ""15"", ""diario_id"": 11134, ""tipo_edicao"": 1}",". Art. 4º O CNP-SECULT funcionará na sede da Secretaria de Estado da Cultura e suas atividades serão realizadas preferencialmente de forma eletrônica, sem prejuízo da possibilidade de atos presenciais na sede da SECULT. Art. 5º O CNP-SECULT terá a seguinte composição: I - 2 (dois) membros titulares, servidores da SECULT, sendo 1 (um) o coordenador; II - 2 (dois) suplentes; a) Servidores das Autarquias vinculadas à CNP-SECULT poderão ser solicitados conforme o caso concreto levando em consideração a territorialidade para colaboração processual; b) Às partes é facultado se fazerem acompanhadas de seus defensores legalmente constituídos em reunião ou sessão agendada previamente por este CNPSECULT. Art. 6º Os servidores integrantes do CNP-SECULT deverão estar disponíveis para eventual atendimento ao público no horário de 12:00 a 18:00 horas, de forma online ou presencial na sede da SECULT. Art. 7º O CNP-SECULT somente poderá negociar preventivamente o pedido o relativo ao Fundo de Cultura do Estado do Espírito Santo - FUNCULTURA, ao Regime Jurídico Próprio de Fomento à Cultura, aos Convênios, às Parcerias com as Organizações da Sociedade Civil, aos Projetos Culturais incentivados pela Lei de Incentivo à Cultura Capixaba - LICC e aqueles decorrentes de contratos administrativos em que a SECULT seja contratante. Art. 8º O procedimento de autocomposição pode ser instaurado a pedido do interessado, pessoa física ou jurídica, ou de ofício pelo coordenador do CNPSECULT, mediante autorização do Secretário de Estado da Cultura. § 1º O prazo para autuação do procedimento autocompositivo pelo CNPSECULT é de até 2 (dois) dias úteis, contados do protocolo do pedido feito pelo particular. § 2º Depois de recebido e autuado o pedido de autocomposição, o CNPSECULT terá o prazo de até 10 (dez) dias úteis para apresentar uma resposta ao pedido da parte interessada ou agendar uma reunião/sessão com objetivo de construir com a parte solicitante possíveis alternativas para a solução da controvérsia. § 3º A contagem do prazo constante no §2º terá início no dia seguinte à autuação do processo de autocomposição. § 4º Será facultado às partes manifestação escrita no prazo de até 10 (dez) dias úteis contados a partir da ciência da resposta apresentada pelo CNP-SECULT quanto ao pedido de autocomposição. § 5º Caso se entenda necessário realizar uma reunião/sessão de autocomposição com as partes solicitantes, serão estas notificadas para participarem do ato, preferencialmente no formato virtual, com antecedência mínima de 10 (dez) dias úteis de sua realização. Art. 9º As reuniões e/ou sessões realizadas pelo CNP-SECULT deverão ser documentadas por meio da lavratura de ata contendo o resumo das tratativas entre as partes envolvidas na controvérsia. § 1º Finalizadas as tratativas e havendo consenso, deverá ser elaborada termo de acordo, contendo as obrigações que as partes envolvidas pretendem firmar para prevenção ou resolução do conflito e as sanções para o caso de descumprimento, com posterior envio dos autos à CPRACES (PGE-ES) para encaminhamento à Setorial competente para atestar a juridicidade da composição almejada. § 2º Constatados vícios sanáveis no termo de acordo, o Procurador do Estado fará a devolução do documento para as adequações indicadas. § 3º Sempre que o acordo estipular obrigações a serem assumidas pela SECULT e, caso a PGE-ES se manifeste pela juridicidade do acordo pretendido pelas partes, o termo de acordo definitivo deverá ser assinado pelo Secretário da SECULT e pelo representante da outra parte envolvida na controvérsia. Art. 10. O Secretário de Estado da Cultura designará em Portaria própria, no prazo de 30 (trinta) dias, os servidores que irão compor o SECULT, de acordo com a previsão do art. 10 do Decreto Estadual nº 5566-R, de 2023. Art.11. Esta Portaria entra em vigor na data de sua publicação. FABRICIO NORONHA FERNANDES Secretário de Estado da Cultura - SECULT IURI CARLYLE DO AMARAL ALMEIDA MADRUGA Procurador-Geral do Estado Protocolo 1787268 RATIFICAÇÃO EXTRATO"
Lei de Incentivo à Cultura Capixaba,11131_57,0,2026-05-14,57,DIO,"{""data"": ""2026-05-14"", ""paginas"": 101, ""pagina"": 57, ""pdf_id"": 1108957, ""year"": ""2026"", ""month"": ""05"", ""day"": ""14"", ""diario_id"": 11131, ""tipo_edicao"": 1}","Distribuição de Energia S.A CNPJ: 28.152.650/0001-71 IE: 080.250.16-5 Valor do crédito presumido: R$500.000,00 Beneficiário: Rota Service LTDA EPP Projeto contemplado: Festival Internacional de Jazz e Bossa de Santa Teresa - 13ª Edição Vitória, 12 de maio de 2026 Maria Thereza Bosi de Magalhães Subsecretaria de Fomento e Incentivo Cultural - SECULT Protocolo 1785954 Secretaria de Estado da Cultura - SECULT - Secretaria de Estado da Agricultura, Abastecimento, Aquicultura e Pesca - SEAG - Resumo do 1º Termo Aditivo ao Termo de Fomento nº 033/2025 Registro SIGEFES Nº 250854 Processo Nº 2025-7L2Z1 Concedente: Secretaria de Estado da Cultura - SECULT. OSC: Instituto Três Pontões de Ação Social e Cultural - Instituto Cultural das Montanhas. Cláusula Primeira - O presente termo tem por objetivo prorrogar a vigência estabelecida na Cláusula Sexta - Item 6.1 do Termo de Fomento, a partir de 01.06.2026 até 30.09.2026. Cláusula Segunda - Ficam mantidas todas as demais cláusulas do Termo de Fomento originário. Vitória, 13 de maio de 2026. Carolina Ruas Palomares Subsecretária de Políticas Culturais Protocolo 1786287 PORTARIA Nº 023 -R, DE 13 DE MAIO DE 2026 AVISO DE DEPÓSITO DE PATROCÍNIO - LEI DE INCENTIVO À CULTURA CAPIXABA - LICC A SECULT torna público para amplo conhecimento O SUBSECRETÁRIO DE ESTADO PARA ASSUNTOS ADMINISTRATIVOS, no uso da atribuição que lhe confere o art. 98, inciso II da Constituição Estadual, e tendo em vista o disposto no § 1º do art. 25 da Lei nº 12.485, de 18 de julho de 2025 e na Lei nº 12.718, de 23 de dezembro de 2025; RESOLVE: Art. 1º - TORNAR INSUBSISTENTE, a PORTARIA Nº 022 -R, DE 12 DE MAIO DE 2026, publicada no Diário Oficial do Estado de 13 de maio de 2026. Art. 2º - Esta Portaria entra em vigor na data de sua publicação. CARLOS LUIZ TESCH XAVIER Subsecretário de Estado para Assuntos Administrativos Protocolo 1786191 Assinado digitalmente pelo DIO - DEPARTAMENTO DE IMPRENSA OFICIAL DO ESTADO DO ESPÍRITO SANTO Data: Quarta-feira, 13 de Maio de 2026 às 23:00:30 Código de Autenticação: 7eab6805"
Lei de Incentivo à Cultura Capixaba,11130_66,0,2026-05-13,66,DIO,"{""data"": ""2026-05-13"", ""paginas"": 113, ""pagina"": 66, ""pdf_id"": 1108840, ""year"": ""2026"", ""month"": ""05"", ""day"": ""13"", ""diario_id"": 11130, ""tipo_edicao"": 1}","EXECUTIVO 59 Vitória (ES), quarta-feira, 13 de Maio de 2026. AVISO DE DEPÓSITO DE PATROCÍNIO - LEI DE INCENTIVO À CULTURA CAPIXABA - LICC A SECULT torna público para amplo conhecimento o DEPÓSITO DE RECURSOS FINANCEIROS PELO CONTRIBUINTE PATROCINADOR abaixo indicado: 1) Patrocinador: Realcafé Solúvel do Brasil S.A CNPJ: 28.154.847/0003-01 IE: 080.233.88-0 Valor do crédito presumido: R$300.000,00 Beneficiário: Instituto Três Pontões de Ação Social e Cultural - Instituto Cultural das Montanhas Projeto contemplado: Orquestra Jônice Tristão 2) Patrocinador: Café Meridiano Ind. E Com. Ltda CNPJ: 01.434.609/0001-31 IE: 081.834.27-6 Valor do crédito presumido: R$ 78.924,00 Beneficiário: Renato Sabaini XXXXXXXXXXX Projeto contemplado: A Música E A Arte De Renato Sabaini Vitória, 11 de Maio de 2026 Maria Thereza Bosi de Magalhães Subsecretaria de Fomento e Incentivo Cultural - SECULT Protocolo 1785094 Secretaria de Estado da Agricultura, Abastecimento, Aquicultura e Pesca - SEAG NOTIFICAÇÃO SEAG Processo nº 2025-234CW Edital de Pregão Eletrônico SEAG nº 90006/2025. Notificante: A Secretaria de Estado da Agricultura, Abastecimento, Aquicultura e Pesca - SEAG, inscrita no CNPJ nº 27.080.555/0001-47. Notificada: BEM LIGADOS LTDA, CNPJ nº 30.169.008/0001-47. Fica a empresa NOTIFICADA acerca da intenção desta Secretaria na aplicação da seguinte penalidade: I - Impedimento de licitar e contratar com a Administração Pública ESTADUAL, por 90 (noventa) dias, nos termos do subitem 10.1.1 e 10.1.2.1 do Edital; Ante ao exposto, caso queira, apresente DEFESA PRÉVIA no prazo de 15 (quinze) dias úteis a contar da publicação desta notificação. LINDSAY ITABORAÍ ROCHA Presidente da Comissão de Apuração e Responsabilização de Infrações Administrativas - SEAG Protocolo 1785126 DIÁRIO OFICIAL DOS PODERES DO ESTADO PORTARIA nº 035-S, de 11 de maio de 2026. Designa servidor para exercer a função de Equipe de Apoio ao Agente de Contratação. O SECRETÁRIO DE ESTADO DE AGRICULTURA, ABASTECIMENTO, AQUICULTURA E PESCA, no uso da atribuição que lhe confere o Art. 98, inciso VI, da Constituição Estadual, tendo em vista a necessidade de designar Agentes de Contratação e Equipe de Apoio, para condução dos processos de contratação do órgão, conforme disposto na Lei Federal nº 14.133/21, na Lei Complementar Estadual nº 1.078/2024, no Decreto Estadual nº 5.352-R/2023, no Decreto Estadual nº 5.713-R/2024, Decreto Estadual nº 5.731-R/2024, Decreto Estadual nº 5.747-R/2024, bem como as disposições constantes no processo nº 2024- 2ZDCR, RESOLVE: Art. 1º CESSAR os efeitos da designação da servidora descrita abaixo para exercer a função de Equipe de Apoio ao Agente de Contratação, designado por meio da Portaria nº 031-S, de 05 de maio de 2026: ▪ MARIA EDUARDA CAMARGO Art. 2º DESIGNAR o servidor público descrito abaixo para exercer a função de Equipe de Apoio ao Agente de Contratação: ▪ WAGNER FREIRE ROCHA Art. 3º As atribuições"
Lei de Incentivo à Cultura Capixaba,11122_43,0,2026-05-11,43,DIO,"{""data"": ""2026-05-11"", ""paginas"": 84, ""pagina"": 43, ""pdf_id"": 1107868, ""year"": ""2026"", ""month"": ""05"", ""day"": ""11"", ""diario_id"": 11122, ""tipo_edicao"": 1}","DIÁRIO OFICIAL DOS PODERES DO ESTADO E X E C U T I V O 36 Vitória (ES), segunda-feira, 11 de Maio de 2026. LOCOMOÇÃO PARA CIRCULAÇÃO E INTERCÂMBIO DE PROFISSIONAIS DO SETOR CULTURAL DO ESPIRÍTO SANTO, processo nº 2026-RGCZL: • Jackelanne Alves da Costa Barros, NF 3777936-2 (Presidente da comissão); • Artur Araújo de Souza, NF 5083265-1 (Membro da comissão); • Veronica Aparecida Ribeiro Haacke, NF 4294734-1 (Membro da comissão); • Juliana Ferreira de Paula, NF 4012453-1 (1ª Suplente); • Thomás Pinheiro Ceschin, NF 4935969-1 (2º Suplente). • Jéfica Roberta Teixeira Barros, NF 3530744-3 (3ª Suplente). Artº 2º: Esta Portaria entra em vigor na data da sua publicação. Artº 3º: Revogam-se as disposições contrárias. Vitória, 08 de maio de 2026. Maria Thereza Bosi de Magalhães Subsecretária de Estado de Incentivo e Fomento à Cultura Protocolo 1783571 AVISO DE DEPÓSITO DE PATROCÍNIO - LEI DE INCENTIVO À CULTURA CAPIXABA - LICC A SECULT torna público para amplo conhecimento o DEPÓSITO DE RECURSOS FINANCEIROS PELO CONTRIBUINTE PATROCINADOR abaixo indicado: 1) Patrocinador: EDP Distribuição de Energia S.A CNPJ: 28.152.650/0001-71 Espírito Santo IE: 080.250.16-5 Valor do crédito presumido: R$459.163,19 Beneficiário: Andaluz Produções Ltda Projeto contemplado: Caminho Jesuíta Vitória, 08 de Maio de 2026 Maria Thereza Bosi de Magalhães Subsecretaria de Fomento e Incentivo Cultural - SECULT Protocolo 1783712 Secretaria de Estado da Agricultura, Abastecimento, Aquicultura e Pesca - SEAG PORTARIA Nº 021-R, DE 08 DE MAIO DE 2026 Aprova a 12ª alteração de Quadro de Detalhamento de Despesa da Secretaria de Estado da Agricultura, Abastecimento, Aquicultura e Pesca. O SUBSECRETÁRIO DE ESTADO PARA ASSUNTOS ADMINISTRATIVOS, no uso da atribuição que lhe confere o art. 98, inciso II da Constituição Estadual, e tendo em vista o disposto no § 1º do art. 25 da Lei nº 12.485, de 18 de julho de 2025 e na Lei nº 12.718, de 23 de dezembro de 2025; RESOLVE: Art. 1º - Proceder na forma dos Anexos I e II a esta Portaria a 12ª alteração do Quadro de Detalhamento de Despesa, publicado em conformidade com a Portaria SEP nº 001-R, de 07 de janeiro de 2026. Art. 2º - Esta Portaria entra em vigor na data de sua publicação. WAGNER FREIRE ROCHA Subsecretário de Estado para Assuntos Administrativos Protocolo 1783536 Assinado digitalmente pelo DIO - DEPARTAMENTO DE IMPRENSA OFICIAL DO ESTADO DO ESPÍRITO SANTO Data: Domingo, 10 de Maio de 2026 às 18:42:36 Código de Autenticação: 7b4c32da"
Lei de Incentivo à Cultura Capixaba,11112_80,0,2026-05-07,80,DIO,"{""data"": ""2026-05-07"", ""paginas"": 122, ""pagina"": 80, ""pdf_id"": 1105893, ""year"": ""2026"", ""month"": ""05"", ""day"": ""07"", ""diario_id"": 11112, ""tipo_edicao"": 1}","bro de 1975, e a Lei Complementar nº 1.146, de 12 de março de 2026. RESOLVE: DESIGNAR, a servidora VALDIRENE LEMOS DA COSTA para responder pelo cargo de Chefe do Grupo Setorial Financeiro - GFS, desta Secretaria de Estado da Cultura, no período de 08/06/2026 a 07/07/2026, por ocasião das Férias do Titular. Vitória, 06 de maio de 2026 Fabricio Noronha Fernandes Secretário de Estado da Cultura Protocolo 1781395 Resumo do 1º Termo Aditivo ao Termo de Compromisso Cultural nº 01/2025 Registro SIGEFES Nº 250134 Processo Nº 2025-TF1V7 Concedente: Secretaria de Estado da Cultura - SECULT. Pontão de Cultura: Associação de Salvaguarda do Patrimônio Imaterial Cachoeirense. Cláusula Primeira - O presente termo tem por objetivo prorrogar a vigência estabelecida na Cláusula Décima - Item 10.1 do Termo de Compromisso Cultural, a partir de 19.05.2026 até 31.07.2026 e adequar o cronograma e de valores sem a alteração de metas e valor global do Termo de Compromisso Cultural nº 01/2025. Cláusula Segunda - Ficam mantidas todas as demais cláusulas do Termo de Fomento originário. Vitória, 06 de maio de 2026. Fabricio Noronha Fernandes Secretário de Estado da Cultura Protocolo 1781484 AVISO DE RESULTADO LEI DE INCENTIVO À CULTURA CAPIXABA - LICC A SECULT torna público para amplo conhecimento a HABILITAÇÃO do projeto abaixo indicado: 1) Título do Projeto: Entre A Senzala E O Quilombo: Malungo desde o navio negreiro Processo n°: 2025-QR8HV Proponente: Centro Desportivo de Capoeira e Cultura Afro-brasileira Nação Malungos. Cnpj: 02.170.299/0001-58 Valor: R$231.909,20 2) Título do Projeto: Festejos Tradicionais Capixabas - Registros do Folclore e da Fé Processo n°: 2025-CFX7G Proponente: 23.331.720 Anderson Marta Valfre Cnpj: 23.331.720/0001-35 Valor: R$161.282,50 Assinado digitalmente pelo DIO - DEPARTAMENTO DE IMPRENSA OFICIAL DO ESTADO DO ESPÍRITO SANTO Data: Quarta-feira, 6 de Maio de 2026 às 22:51:31 Código de Autenticação: a813d9a8"
Lei de Incentivo à Cultura Capixaba,11112_6,0,2026-05-07,6,DIO,"{""data"": ""2026-05-07"", ""paginas"": 122, ""pagina"": 6, ""pdf_id"": 1105819, ""year"": ""2026"", ""month"": ""05"", ""day"": ""07"", ""diario_id"": 11112, ""tipo_edicao"": 1}","IMPRENSA OFICIAL DO ESPÍRITO SANTO 07 de maio de 2026 Confira a programação do ‘Samba que Eu Quero Ver’, evento que ocupa o Cais das Artes \ Com entrada gratuita, o evento celebra a identidade brasileira e o papel do samba como expressão cultural A realização é da Odoyá Arte e Cultura, viabilizado com recursos da Lei de Incentivo à Cultura Capixaba (LICC), por meio da Secretaria da Cultura (Secult) e do Governo do Estado N os dias 22 e 23 de maio, o Samba que Eu Quero Ver – Festival de Samba e Brasilidades pede passagem para ocupar o complexo cultural Cais das Artes, na Enseada do Suá, reunindo shows, cinema ao ar livre, oficinas, palestra, feira criativa e atividades para crianças. O Samba que Eu Quero Ver conta com o patrocínio master do Extrabom, patrocínio da Vale, produção do Instituto Odara, LC Market, Lúdica Audiovisual e Maché, e apoio do Cais das Artes, TVE e Promídia. Com entrada gratuita, mediante a retirada de ingresso, o evento celebra a identidade brasileira e o papel do samba como expressão cultural e musical no Brasil e no Espírito Santo, que abriga o terceiro maior carnaval de avenida do país. No Palco Extrabom, os destaques são o show de Renato da Rocinha, na sexta-feira (22), ícone do samba carioca, que se apresenta em um encontro especial com o grupo Mesa Branca, liderado por Kleber Simpatia, um dos grandes intérpretes do samba capixaba; e o grupo Galocantô, no sábado (23), referência na renovação do samba de raiz na Lapa (RJ) e no cenário nacional. O público também poderá curtir a apresentação da escola de samba Chegou o que Faltava. Outro destaque é o coletivo Disco Voador, dedicado às brasilidades em vinil, que conduz o público por uma viagem sonora tipicamente brasileira e tem lotado as ruas do Centro de Vitória, fortalecendo a cultura capixaba. Saiba mais PREVISÃO DO TEMPO / Nesta quinta-feira, a umidade transportada pelos ventos costeiros provoca chuva na madrugada e pela manhã no Litoral Norte e no litoral da Grande Vitória, com tempo aberto nos demais períodos. Nas demais áreas do Espírito Santo, o ar seco associado a um sistema de alta pressão mantém o tempo aberto, sem previsão de chuva. PROGRAMAÇÃO TVE/ES - TV ABERTA - CANAL 2 / NET - CANAL 15 / RCA - CANAL 5 06:00 - ENERGIA 06:30 - NEGROS EM FOCO 07:00 - PEPPA PIG 07:15 - LÉO, O CAMINHÃO 07:20 - PLANETA PALAVRA 07:30 - OI, DUGGEE II 07:40 - PARQUINHO JURÁSSICO 07:45 - PALALOOS 08H00 – QUINTAL DA CULTURA 12H00 – TVE REVISTA 12H45 – REPÓRTER BRASIL TARDE 13H30 – JORNAL DA TARDE 14:15 - MASHA E O URSO 14:30 - VIOLA E TAMBOR 14:45 - SOL EM DÓ RÉ MI 15:00 - PASSADO DA HORA: HISTÓRIA UNIVERSAL 15:15 - BLUEY III 15:30 - PEQUENOS MESTRES 15:45 - O SHOW DA LUNA 16H00 – SEM CENSURA 18H00 – TVE NOTICIA 18H30 – STADIUM 19H00 – COPA ES 2026 – 2º RODADA – VITÓRIA X A. SÃO MATEUS - AO VIVO 21:00 - JORNAL DA CULTURA 22H00 – TV É CINEMA Assinado digitalmente pelo DIO - DEPARTAMENTO DE IMPRENSA OFICIAL DO ESTADO DO ESPÍRITO SANTO Data: Quarta-feira, 6 de Maio de 2026 às 22:50:53 Código de Autenticação: a813d9a8 23H00 – SOLTA O SOM 23:30 - BRASIL JAZZ SINFÔNICA - ESPECIAL JAZZ TOCA MAIS SAMBAS 00:30 - METRÓPOLIS 01:00 - CULTURA LI"
Lei de Incentivo à Cultura Capixaba,11092_54,0,2026-04-30,54,DIO,"{""data"": ""2026-04-30"", ""paginas"": 129, ""pagina"": 54, ""pdf_id"": 1104085, ""year"": ""2026"", ""month"": ""04"", ""day"": ""30"", ""diario_id"": 11092, ""tipo_edicao"": 1}","a Protocolo 1776811 Resumo do 1º Termo Aditivo ao Termo de Compromisso Cultural nº 03/2025 Registro SIGEFES Nº 250153 Processo Nº 2025-7BSP0 Concedente: Secretaria de Estado da Cultura - SECULT. Pontão de Cultura: Associação Sinestesia Criatividade Coletiva. Cláusula Primeira - O presente termo tem por objetivo prorrogar a vigência estabelecida na Cláusula Décima - Item 10.1 do Termo de Compromisso Cultural, a partir de 27.05.2026 até 31.07.2026. Cláusula Segunda - Ficam mantidas todas as demais cláusulas do Termo de Fomento originário. Vitória, 29 de abril de 2026. Fabricio Noronha Fernandes Secretário de Estado da Cultura Protocolo 1777246 ATO DE CONFIRMAÇÃO DE DOCUMENTAÇÃO Edital 01/2026 - Locomoção para Circulação e Intercambio - março A Secretaria de Estado da Cultura torna público o Ato de Confirmação de documentação do Edital em epígrafe, conforme processo nº 2026-RGCZL, referente às inscrições no mês de março. A íntegra do documento estará disponível no site da Secult. Vitória, 29 de abril de 2026. Maria Thereza Bosi de Magalhães Subsecretária de Estado de Fomento e Incentivo à Cultura Protocolo 1776866 DIÁRIO OFICIAL DOS PODERES DO ESTADO AVISO DE DEPÓSITO DE PATROCÍNIO - LEI DE INCENTIVO À CULTURA CAPIXABA - LICC A SECULT torna público para amplo conhecimento o DEPÓSITO DE RECURSOS FINANCEIROS PELO CONTRIBUINTE PATROCINADOR abaixo indicado: 1) Patrocinador: Companhia de Gás do Espírito Santo - ES Gás CNPJ: 34.307.295/0001-65 IE: 32.300.044.743 Valor do crédito presumido: R$ 300.000,00 Beneficiário: Associação Cultural Circense e Ambiental Uma Floresta Projeto contemplado: Jardins do Afeto e da Memória 2) Patrocinador: Kurumá Veículos S/A CNPJ: 00.827.783/0004-24 IE: 081.918.85-2 Valor do crédito presumido: R$ 196.800,00 Beneficiário: Associação Sociedade Cultura e Arte SOCA Projeto contemplado: Escola de Fotógrafos Cegos, A Exposição: 4 Cidades - 2ª Edição 3) Patrocinador: Borana Indústria e Comércio LTDA CNPJ: 30.563.332/0003-07 IE: 083.842.67-5 Valor do crédito presumido: R$ 15.000,00 Beneficiário: Associação do Menino Jesus - AME Projeto contemplado: Orquestra de violões e canto infanto-juvenil 4) Patrocinador: Borana Indústria e Comércio LTDA CNPJ: 30.563.332/0002-26 IE: 082.989.45-1 Valor do crédito presumido: R$ 15.000,00 Beneficiário: Associação do Menino Jesus - AME Projeto contemplado: Orquestra de violões e canto infanto-juvenil 5) Patrocinador: EDP Espírito Santo Distribuição de Energia S.A CNPJ: 28.152.650/0001-71 IE: 080.250.16-5 Valor do crédito presumido: R$ 499.195,00 Beneficiário: Karoline Delfino Felicio Projeto contemplado: Cinematoka - Mostra de Cinema Indígena e Vivência Etnico-Cultural 6) Patrocinador: EDP Espírito Santo Distribuição de Energia S.A CNPJ: 28.152.650/0001-71 IE: 080.250.16-5 Valor do crédito presumido: R$ 355.635,40 Beneficiário: Andaluz Produções LTDA Projeto contemplado: Ato Final em Debate Vitória, 29 de abril de 2026 Maria Thereza Bosi de Magalhães Subsecretaria de Fomento e Incentivo Cultural - SECULT Protocolo 1777176 Assinado digitalmente pelo DIO - DEPARTAMENTO DE IMPRENSA OFICIAL DO ESTADO DO ESPÍRITO SANTO Data: Quinta-feira, 30 de Abril de 2026 às 0:08:06 Código de Autenticação: 7dfc4923"
Lei de Incentivo à Cultura Capixaba,11080_43,0,2026-04-27,43,DIO,"{""data"": ""2026-04-27"", ""paginas"": 86, ""pagina"": 43, ""pdf_id"": 1102686, ""year"": ""2026"", ""month"": ""04"", ""day"": ""27"", ""diario_id"": 11080, ""tipo_edicao"": 1}","Fomento nº SETADES/048/2025 para R$ 20.799,95 (vinte mil setecentos e noventa e nove reais e noventa e cinco centavos), devido utilização dos rendimentos da aplicação financeira no valor de R$ 800,12 (oitocentos reais e doze centavos), para aplicação no objeto da parceria. Vitória, 24 de abril de 2026. FERNANDA MOTA GONÇALLO Secretária de Estado de Trabalho, Assistência e Desenvolvimento Protocolo 1774101 1ª CERTIDÃO DE APOSTILAMENTO AO TERMO DE FOMENTO Nº SETADES/048/2025 Processo nº: 2025-C7BJX Adm. Pública: Estado do Espírito Santo por intermédio da Secretaria de Estado de Trabalho, Assistência e Desenvolvimento Social. OSC: Cáritas Diocesana de Colatina - Território da Paz. Objeto: autoriza neste ato a ORGANIZAÇÃO DA SOCIEDADE CIVIL - OSC ajustar a execução do objeto da parceria com remanejamento dos recursos, conforme plano de trabalho constante dos autos do processo administrativo nº 2025-C7BJX, referente ao do Termo de Fomento nº SETADES/048/2025. Vitória, 24 de abril de 2026 FERNANDA MOTA GONÇALLO Secretária de Estado de Trabalho, Assistência e Desenvolvimento Social - Respondendo Protocolo 1774117 Secretaria de Estado da Cultura - SECULT AVISO DE DEPÓSITO DE PATROCÍNIO - LEI DE INCENTIVO À CULTURA CAPIXABA - LICC A SECULT torna público para amplo conhecimento o DEPÓSITO DE RECURSOS FINANCEIROS PELO CONTRIBUINTE PATROCINADOR abaixo indicado: 1) Patrocinador: Kurumá Veículos S/A CNPJ: 00.827.783/0020-44 IE: 083.011.34-0 Valor do crédito presumido: R$ 231.000,00 Beneficiário: Associação Amigos da Justiça Cidadania Educação e Arte Projeto contemplado: Projeto Nós que Transformamos: Marcenaria e Cultura Assinado digitalmente pelo DIO - DEPARTAMENTO DE IMPRENSA OFICIAL DO ESTADO DO ESPÍRITO SANTO Data: Sexta-feira, 24 de Abril de 2026 às 22:14:48 Código de Autenticação: cf06d2f8"
Lei de Incentivo à Cultura Capixaba,11069_57,0,2026-04-22,57,DIO,"{""data"": ""2026-04-22"", ""paginas"": 91, ""pagina"": 57, ""pdf_id"": 1101094, ""year"": ""2026"", ""month"": ""04"", ""day"": ""22"", ""diario_id"": 11069, ""tipo_edicao"": 1}","o pelo Decreto nº 4137-R, de 02/08/2017, republicado em 08/08/2017; e o Resultado Final do Edital de Seleção de Profissionais para Compor as Comissões Julgadoras dos Editais Funcultura (conforme processos nº 2025-95D8M). RESOLVE: Art. 1º: DESIGNAR os membros abaixo relacionados, para compor a COMISSÃO JULGADORA prevista no Edital Funcultura PNAB nº 021/2025 - Preservação e Difusão de Acervos na Midiateca Capixaba, processo nº 2025-LRDK4: - Aluane de Sá da Silva -Ingrid Fiorante -Marcos Prado Rabelo Art. 2º: Esta Portaria entra em vigor na data da sua publicação. Art. 3º: Revogam-se as disposições contrárias. Vitória, 20 de abril de 2026 Maria Thereza Bosi de Magalhães Subsecretária de Estado de Incentivo e Fomento à Cultura Protocolo 1771530 Resumo do 3º Termo Aditivo Contrato nº 2024.0000087.40101.01 Contratante: Secretaria de Estado da Cultura Contratada: OI - SA Objeto: Prorrogação do prazo de vigencia por 12 meses a partir de 23/04/2026 Dotação orçamentária: 10.40.101.13.122.0043.2070; Elemento de Despesa: 3.3.90.39.58; Fonte: 1500.000000 Vitória, 20 de abril de 2026. Fabrício Noronha Fernandes Secretário de Estado da Cultura Protocolo 1771449 AVISO DE DEPÓSITO DE PATROCÍNIO - LEI DE INCENTIVO À CULTURA CAPIXABA - LICC A SECULT torna público para amplo conhecimento o DEPÓSITO DE RECURSOS FINANCEIROS PELO CONTRIBUINTE PATROCINADOR abaixo indicado: 1) Patrocinador: EDP Espírito Santo Distribuição de Energia S.A CNPJ: 28.152.650/0001-71 IE: 080.250.16-5 Valor do crédito presumido: R$ 500.000,00 Beneficiário: Associação dos Moradores da Comunidade de São Pedro do Itabapoana Projeto contemplado: 27º - 28º e 29º Festival de Inverno da Sanfona e da Viola de São Pedro do Itabapoana 2) Patrocinador: Kurumá Veículos S/A CNPJ: 00.827.783/0001-81 IE: 081.918.85-2 Valor do crédito presumido: R$ 500.000,00 Beneficiário: Instituto Viva Vida Projeto contemplado: R2R Música Para Todos 2 Vitória, 20 de abril de 2026 Maria Thereza Bosi de Magalhães Subsecretaria de Fomento e Incentivo Cultural - SECULT Protocolo 1771501 Assinado digitalmente pelo DIO - DEPARTAMENTO DE IMPRENSA OFICIAL DO ESTADO DO ESPÍRITO SANTO Data: Segunda-feira, 20 de Abril de 2026 às 22:13:21 Código de Autenticação: 340a85b5"
Lei de Incentivo à Cultura Capixaba,11066_39,0,2026-04-20,39,DIO,"{""data"": ""2026-04-20"", ""paginas"": 85, ""pagina"": 39, ""pdf_id"": 1099772, ""year"": ""2026"", ""month"": ""04"", ""day"": ""20"", ""diario_id"": 11066, ""tipo_edicao"": 1}","(soft opening), programação cultural/educativa, serviços operacionais essenciais e comunicação institucional. Parágrafo único. A alteração promovida por este instrumento não implica modificação do objeto principal do Acordo Executivo, permanecendo vinculada às finalidades de cooperação técnica voltadas à implantação, ativação e estruturação operacional do Complexo Cultural Cais das Artes. Valor: R$ 4.956.303,60(quatro milhões novecentos e cinquenta e seis mil trezentos e três reais e sessenta centavos). Dotação Orçamentária: Programa:10.40.101.13.3 92.0043.1605;Natureza:338041;Fonte:500 Vigência: A vigência do presente Termo Aditivo observará a vigência do Acordo Executivo de Cooperação Técnica Internacional, sem prejuízo da execução das atividades ora reprogramadas no período correspondente ao ciclo de ativação do Museu e abertura da exposição inaugural. Parágrafo único. Caso necessário à adequada execução das ações objeto deste instrumento, eventual ajuste de cronograma ou prorrogação de prazo deverá ser formalizado na forma prevista no Acordo Executivo. Vitória, 30 de março de 2026. Fabricio Noronha Fernandes Secretário de Estado da Cultura Protocolo 1770444 AVISO DE RESULTADO LEI DE INCENTIVO À CULTURA CAPIXABA - LICC A SECULT torna público para amplo conhecimento a HABILITAÇÃO do projeto abaixo indicado: 1) Título do Projeto: Espírito Santo por Cima Do noroeste capixaba até os Doce Pontões Processo n°: 2025-7K1FV Proponente: Renato Sabaini XXXXXXXXXXX Cnpj: 40.035.237/0001-22 Valor: R$161.786,67 2) Título do Projeto: 14ª Itália Unita - Aracruz: Sua História Une Gerações: “Sabores E Tradições Da Itália Dei Nostri Nonni” Processo n°: 2026-3LXT7 Proponente: Secretariado Dos Imigrantes Friulanos De Aracruz Es Cnpj: 02.439.502/0001-49 Valor: R$500.000,00 3) Título do Projeto: Bendito Samba 2025 - O Show Tem Que Continuar Processo n°: 2025-RZ6SH Proponente: Daiane Matheus Pessoa XXXXXXXXXXX Cnpj: 33.893.853/0001-59 Valor: R$117.154,89 A autorização de captação é válida por 01 (um) ano, a contar da data desta publicação. O extrato da ATA estará disponível no site da SECULT: www.secult.es.gov.br Vitória, 16 de Abril de 2026 Maria Thereza Bosi de Magalhães Subsecretaria de Estado - SECULT/SUBFIC Protocolo 1770595 Secretaria de Estado da Agricultura, Abastecimento, Aquicultura e Pesca - SEAG PORTARIA nº 016-R, DE 17 DE ABRIL DE 2026 O SUBSECRETÁRIO DE ESTADO PARA ASSUNTOS ADMINISTRATIVOS, no uso da delegação de competência que lhe foi outorgada pela Portaria SEAG nº 014-S, de 26 de março de 2023, publicada no DOE de 27 de janeiro de 2023, no uso de suas atribuições legais, e de acordo com a Lei nº 12.718, de 29 de dezembro de 2025, que aprova o Orçamento Anual do Estado para o exercício de 2026, a Portaria nº 001-R, de 07 de janeiro de 2026 que aprova os Quadros de Detalhamento das Despesas Orçamentárias - QDD e o Decreto nº 3541-R, de 12 de 2014 e nº 3636-R, de 19 de agosto de 2014 e nº 3994-R, de 08 de julho de 2016 que dispõe sobre a Descentralização da Execução de Créditos Orçamentários, RESOLVE: Art. 1º Descentralizar a execução do (s) crédito(s) orçamentário(s) prevista no Termo de Cooperação nº 001/2026 na forma a seguir especificada: I - OBJETO: Participação em Feiras e Eventos do Agronegócio Capixaba II -Termo de Cooperação para Descentralização de Crédito Orçamentário nº. 001/2026. III - VIGÊNCIA: 17/04/2026 a 30/06/2026. IV - DE/Concedente: Órgão 31 - Secretaria de Estado da Agricultura, Abastecimento, Aquicultura e Pesca UO: 31.101 - Secretaria de Estado da Agricultura, Abastecimento, Aquicultura e Pesca UG: 31.0101 - Secretaria de Estado da Agricultura, Abastecimento, Aquicultura e Pesca Assinado digitalmente pelo DIO - DEPARTAMENTO DE IMPRENSA OFICIAL DO ESTADO DO ESPÍRITO SANTO Data: Sexta-feira, 17 de Abril de 2026 às 22:40:52 Código de Autenticação: 89b7ca8d"
Lei de Incentivo à Cultura Capixaba,11053_45,0,2026-04-15,45,DIO,"{""data"": ""2026-04-15"", ""paginas"": 90, ""pagina"": 45, ""pdf_id"": 1098592, ""year"": ""2026"", ""month"": ""04"", ""day"": ""15"", ""diario_id"": 11053, ""tipo_edicao"": 1}","o. Espírito Santo, 10 de abril de 2026 FABRICIO NORONHA FERNANDES SECRETÁRIO DE ESTADO DA CULTURA *Republicada por ter sido publicada com incorreção. Protocolo 1767138 RATIFICAÇÃO EXTRATO DE INEXIGIBILIDADE DE CHAMAMENTO PÚBLICO PROCESSO nº 2026-W6QS6 A Secretária de Estado da Cultura, no uso de suas atribuições legais torna público a Inexigibilidade de Chamamento Público, nos termos do Art.32, § 1º da Lei nº 13.019/2014, para firmar parceria com o Instituto Nacional de Desenvolvimento e Econômico e Social - INADES, no sentido de viabilizar apoio técnico cultural e financeiro para realização da 3ª edição do “Cariacica Geek Game”, em razão da inviabilidade de competição entre as organizações da sociedade civil, por se tratar de entidade da sociedade civil responsável pela organização do projeto Cariacica Geek Game, desde a sua primeira edição, o que o torna o Instituto Nacional de Desenvolvimento e Econômico e Social, o único parceiro apto a sua realização dada a exclusividade no evento. Valor Total: R$ 510.000,00 (quinhentos e dez mil reais). Vitória, 14 de abril de 2026. Fabricio Noronha Fernandes Secretário de Estado da Cultura Protocolo 1767243 AVISO DE DEPÓSITO DE PATROCÍNIO - LEI DE INCENTIVO À CULTURA CAPIXABA - LICC A SECULT torna público para amplo conhecimento o DEPÓSITO DE RECURSOS FINANCEIROS Assinado digitalmente pelo DIO - DEPARTAMENTO DE IMPRENSA OFICIAL DO ESTADO DO ESPÍRITO SANTO Data: Terça-feira, 14 de Abril de 2026 às 22:52:46 Código de Autenticação: 3183e4e8"
Lei de Incentivo à Cultura Capixaba,11052_41,0,2026-04-14,41,DIO,"{""data"": ""2026-04-14"", ""paginas"": 102, ""pagina"": 41, ""pdf_id"": 1098223, ""year"": ""2026"", ""month"": ""04"", ""day"": ""14"", ""diario_id"": 11052, ""tipo_edicao"": 1}","IO CRUZ OLIVEIRA DIRETOR SETORIAL EXECUTIVO GERAL DO DEPARTAMENTO DE EDIFICAÇÕES E DE RODOVIAS DO ESPÍRITO SANTO - DER/ES EXECUTANTE Protocolo 1766686 Resumo do Termo de Convênio Nº 003/2026 Proposta SIGA/SECULT/0008/2026 Processo nº 2026-V1TTX Registro SIGEFES Nº 260128 Concedente: Secretaria de Estado da Cultura Convenente: Município de Cachoeiro de Itapemirim Objeto: realização da “Programação Comemorativa do Aniversário do Rei, em homenagem ao cantor Roberto Carlos”. Valor Total: R$ 179.433,34 (cento e setenta e nove mil, quatrocentos e trinta e três reais e trinta e quatro centavos). Dotação Orçamentária: Programa: 13.392.0043.2303 - Promoção da Diversidade e Difusão Cultural Elemento de Despesa: 33.40.41.00 - Contribuições Fonte de Recursos: 1500 Prazo de Vigência: partir do primeiro dia seguinte ao da publicação de seu extrato na imprensa oficial até 15/05/2027, podendo ser prorrogado mediante aditamento. Gestores do Convênio: Titular: Chaliny Bertholdi de Laia Sathler - Matrícula: 2951070/2 Suplente: Fabricia Torres De Freitas - Matrícula: 2538784/2 Vitória, 10 de abril de 2026. Fabricio Noronha Fernandes Secretário de Estado da Cultura Protocolo 1766450 AVISO DE RESULTADO LEI DE INCENTIVO À CULTURA CAPIXABA - LICC A SECULT torna público para amplo conhecimento a HABILITAÇÃO do projeto abaixo indicado: 1) Título do Projeto: 3,2,1 REC - Difusão e Democratização da Música Urbana Processo n°: 2025-CNFWC Proponente: VVS Studio Records Ltda Cnpj: 43.870.494/0001-78 Valor: R$500.000,00 2) Título do Projeto: Orquestra Som Da Ilha Processo n°: 2025-T178P Proponente: Instituto Som Da Ilha Cnpj: 09.130.837/0001-20 Valor: R$300.000,00 3) Título do Projeto: Encontro Das Pretas Processo n°: 2025-B7ZJZ Proponente: Instituto Das Pretas Cnpj: 27.861.406/0001-15 Valor: R$500.000,00 4) Título do Projeto: Grupo Árvore De Teatro 10 anos Processo n°: 2025-9T9WD Proponente: Árvore Casa das Artes Cnpj: 09.663.754/0001-04 Valor: R$468.148,92 5) Título do Projeto: Arte por toda a Parte Capixaba Processo n°: 2025-J7NGB Proponente: Instituto Muniz & Cia Ltda Cnpj: 45.725.784/0001-53 Valor: R$297.100,00 6) Título do Projeto: 3ª Edição Do Livro Negros No Espirito Santo Processo n°: 2025-HFKGT Proponente: Instituto Elimu Professor Cleber Maciel Cnpj: 06.206.979/0001-35 Valor: R$444.191,92 7) Título do Projeto: Costa das Baleias Processo n°: 2025-9R9X2 Proponente: Andaluz Produções LTDA Cnpj: 26.671.292/0001-88 Valor: R$687.720,00 A autorização de captação é válida por 01 (um) ano, a contar da data desta publicação. O extrato da ATA estará disponível no site da SECULT: www.secult.es.gov.br Vitória, 09 de Abril de 2026 Maria Thereza Bosi de Magalhães Subsecretaria de Estado - SECULT/SUBFIC Protocolo 1766712 ERRATA ONDE SE LÊ: TERMO DE CONVÊNIO DE CESSÃO Nº 009/2025 QUE ENTRE SI CELEBRAM O MUNICÍPIO DE FUNDÃO/ ES E O GOVERNO DO ESTADO DO ESPIRITO SANTO, NA QUALIDADE DE CEDENTE E CESSIONÁRIO, RESPECTIVAMENTE, PARA FINS EXPRESSOS NAS CLÁUSULAS QUE O INTEGRAM. LEIA-SE: TERMO DE CONVÊNIO DE CESSÃO Nº 002/2026 QUE ENTRE SI CELEBRAM O MUNICÍPIO DE FUNDÃO/ ES E O GOVERNO DO ESTADO DO ESPIRITO SANTO, NA QUALIDADE DE CEDENTE E CESSIONÁRIO, RESPECTIVAMENTE, PARA FINS EXPRESSOS NAS CLÁUSULAS QUE O INTEGRAM. As demais informações permanecem inalteradas. Vitória, 10 de abril de 2026 Fabricio Noronha Fernandes Secretário de Estado da Cultura Protocolo 1766825 Assinado digitalmente pelo DIO - DEPARTAMENTO DE IMPRENSA OFICIAL DO ESTADO DO ESPÍRITO SANTO Data: Sexta-feira, 10 de Abril de 2026 às 21:49:49 Código de Autenticação: 869e25ec"
Lei de Incentivo à Cultura Capixaba,11043_41,0,2026-04-09,41,DIO,"{""data"": ""2026-04-09"", ""paginas"": 88, ""pagina"": 41, ""pdf_id"": 1096892, ""year"": ""2026"", ""month"": ""04"", ""day"": ""09"", ""diario_id"": 11043, ""tipo_edicao"": 1}","DIÁRIO OFICIAL DOS PODERES DO ESTADO E X E C U T I V O 34 Vitória (ES), quinta-feira, 9 de Abril de 2026. PORTARIA Nº 101 -S, DE 08 DE ABRIL DE 2026 O DIRETOR-GERAL DA POLÍCIA PENAL, no uso da atribuição que lhe confere o Art.9º, inciso IV, da Lei Complementar 1061/2023, resolve: DESIGNAR FELIPE DA SILVA PIMENTEL, NF. 3179915, para responder como Chefe de Divisão, durante as férias da titular GLADSON ROSSI DA COSTA, NF. 3174980, no período 14/04/2026 a 13/05/2026. BRIGIDA HELENA SIMOES DE LIMA DIRETOR-GERAL DA POLÍCIA PENAL DO ESPÍRITO SANTO- Respondendo Decreto N°620-S, de 31.03.2026 Protocolo 1764059 Secretaria de Estado da Cultura - SECULT AVISO DE DEPÓSITO DE PATROCÍNIO - LEI DE INCENTIVO À CULTURA CAPIXABA - LICC A SECULT torna público para amplo conhecimento o DEPÓSITO DE RECURSOS FINANCEIROS PELO CONTRIBUINTE PATROCINADOR abaixo indicado: 1) Patrocinador: Companhia de Gás do Espírito Santo - ES Gás CNPJ: 34.307.295/0001-65 IE: 32.300.044.743 Valor do crédito presumido: R$ 500.000,00 Beneficiário: Fundação Espírito Santo Turismo & Eventos Projeto contemplado: Festa da Penha 2026 Vitória, 08 de abril de 2026 Maria Thereza Bosi de Magalhães Subsecretaria de Fomento e Incentivo Cultural - SECULT Protocolo 1764258 Secretaria de Estado da Agricultura, Abastecimento, Aquicultura e Pesca - SEAG Resumo do Contrato de Doação com Encargos nº 195/2026 Processo nº 2023-ZDP8D Doador: Secretaria de Agricultura, Abastecimento, Aquicultura e Pesca - SEAG. Donatário: Viana/ES. Objeto: a) Blocos de concreto, intertravados tipo holandês para pavimentação - espessura 08 cm, resistência 35 MPa - 14.400,00m². b) Meios fios, dimensões 12x30x15cm, posto em obra - 4.800,00m, Araçatiba. Valor total: R$ 1.488.000,00. Data da assinatura: 31/03/2026 ENIO BERGOLI DA COSTA Secretário de Estado da Agricultura, Abastecimento, Aquicultura e Pesca Protocolo 1764583 ERRATA No RESUMO DO CONTRATO DE DOAÇÃO COM ENCARGOS SEAG Nº 0092/2025 - PROCESSO SEAG Nº 2025-6KJGK, publicado no DIO/ES no dia 02/03/2026. Onde se lê: OBJETO: 01 (um) Trator Agrícola Cabinado 75cv. Valor: R$ 138.000,00. Leia-se: OBJETO: 02 (dois) Tratores Agrícola Cabinado 75cv. Valor: R$ 276.000,00 Protocolo 1764681 Instituto de Defesa Agropecuária e Florestal do Espírito Santo - IDAF INSTRUÇÃO DE SERVIÇO IDAF Nº 063-P, DE 8 DE ABRIL DE 2026 O diretor-geral do Instituto de Defesa Agropecuária e Florestal do Espírito Santo (Idaf), no uso das atribuições que lhe confere o art. 48 do Regulamento do Idaf, aprovado pelo Decreto Estadual nº 910-R, de 31 de outubro de 2001, e suas alterações, bem como o disposto no art. 52 da Lei Complementar nº 46/94 e, considerando a necessidade de substituição dos titulares dos cargos para afastamentos por motivo de férias regulamentares; RESOLVE: Art. 1º Designar o servidor Carlos Varejão Fonseca, nº funcional 3671976, para exercer o cargo comissionado de Gerente Administrativo, no período de 27 de abril de 2026 a 26 de maio de 2026. Art. 2º Designar a servidora Maira de Jesus Rosa, nº funcional 4924070, para exercer o cargo comissionado de Gerente de Recursos Humanos, no período de 18 de maio de 2026 a 1º de junho de 2026. Art. 3º Esta Instrução de Serviço entra em vigor na data de sua publicação. Vitória/ES, 8 de abril de 2026. RONALDO SALOMÃO LUBIANA Diretor-geral/Idaf Protocolo 1764263 INSTRUÇÃO DE SERVIÇO IDAF Nº 064-P, DE 8 DE ABRIL DE 2026 O diretor-geral do Instituto de Defesa Agropecuária e Florestal do Espírito Santo (Idaf), no uso das atribuições que lhe confere o art. 48 do Regul"
Lei de Incentivo à Cultura Capixaba,11037_51,0,2026-04-08,51,DIO,"{""data"": ""2026-04-08"", ""paginas"": 103, ""pagina"": 51, ""pdf_id"": 1096016, ""year"": ""2026"", ""month"": ""04"", ""day"": ""08"", ""diario_id"": 11037, ""tipo_edicao"": 1}","qualquer outra hipótese de vedação prevista na Portaria nº ___/2026 ou em norma aplicável. 2. COMPROMISSO DE COMUNICAÇÃO IMEDIATA Comprometo-me a comunicar imediatamente e por escrito à Secretaria de Estado da Cultura do Espírito Santo - SECULT/ES qualquer fato superveniente que possa configurar impedimento, suspeição ou conflito de interesses, abstendo-me de atuar no respectivo processo até manifestação da Administração. 3. CIÊNCIA DAS RESPONSABILIDADES Declaro estar ciente de que: I - a presente declaração constitui requisito para minha atuação como parecerista, membro de comissão julgadora ou membro da CAP; II - a omissão de informação relevante, a não comunicação de fato superveniente ou a prestação de declaração falsa poderá ensejar, conforme o caso: a) meu afastamento da atividade; b) exclusão do credenciamento ou da comissão; c) anulação de atos praticados; d) apuração de responsabilidade administrativa; e) responsabilização civil e penal, quando cabível; Por ser expressão da verdade, firmo a presente declaração. Local: ________________________ Data: ____ / ____ / ______ ________________________ Assinatura do(a) Declarante Protocolo 1763702 AVISO DE DEPÓSITO DE PATROCÍNIO - LEI DE INCENTIVO À CULTURA CAPIXABA - LICC A SECULT torna público para amplo conhecimento o DEPÓSITO DE RECURSOS FINANCEIROS PELO CONTRIBUINTE PATROCINADOR abaixo indicado: 1) Patrocinador: Kurumá Veículos S/A CNPJ: 00.827.783/0020-44 Assinado digitalmente pelo DIO - DEPARTAMENTO DE IMPRENSA OFICIAL DO ESTADO DO ESPÍRITO SANTO Data: Terça-feira, 7 de Abril de 2026 às 22:34:21 Código de Autenticação: 4b4a361e"
Lei de Incentivo à Cultura Capixaba,11037_49,0,2026-04-08,49,DIO,"{""data"": ""2026-04-08"", ""paginas"": 103, ""pagina"": 49, ""pdf_id"": 1096014, ""year"": ""2026"", ""month"": ""04"", ""day"": ""08"", ""diario_id"": 11037, ""tipo_edicao"": 1}","cial - CRAS e Centro de Referência Especializado de Assistência Social - CREAS, no âmbito do SUAS, segue com a seguinte retificação: ONDE SE LÊ: ANEXO I - Relação das Unidades a serem contempladas: Nº 35 36 44 45 48 56 Município Linhares Linhares Ponto Belo Ponto Belo Santa Maria de Jetibá São Roque do Canaã Unidades CRAS CREAS CRAS CRAS CRAS CRAS LEIA-SE: ANEXO I - Relação das Unidades a serem contempladas: Nº 35 36 44 45 48 56 Município Linhares Linhares Ponto Belo Ponto Belo Santa Maria de Jetibá São Roque do Canaã Unidades CRAS CRAS CRAS CREAS CREAS CREAS Protocolo 1763672 CONSIDERANDO a necessidade de assegurar a lisura, a transparência e a credibilidade dos processos de seleção, análise e habilitação de projetos culturais; CONSIDERANDO a atuação de comissões julgadoras, pareceristas credenciados e membros da Comissão de Avaliação Permanente (CAP) nos mecanismos de fomento cultural; RESOLVE: CAPÍTULO I - DAS DISPOSIÇÕES GERAIS Art. 1º Esta Portaria estabelece regras para prevenção, identificação e tratamento de conflitos de interesse envolvendo: I - membros de comissões julgadoras de editais de fomento (FUNCULTURA) ou das parcerias; II - pareceristas credenciados no âmbito da Lei de Incentivo à Cultura Capixaba; III - membros da Comissão de Avaliação Permanente - CAP; IV - quaisquer outros agentes públicos ou colaboradores que atuem na análise, seleção ou decisão sobre projetos culturais. Art. 2º Para os fins desta Portaria, considera-se: I - conflito de interesse: situação em que interesses pessoais, profissionais, econômicos ou institucionais possam comprometer ou aparentar comprometer a imparcialidade da atuação do agente; II - impedimento: situação objetiva que inviabiliza a atuação do agente no processo; III - suspeição: situação subjetiva que pode afetar a confiança na imparcialidade do agente. CAPÍTULO II PROPONENTES - DAS VEDAÇÕES Art. 3º Não poderão inscrever mecanismos de fomento cultural: projetos AOS nos I - agentes culturais que tenham participado diretamente, da elaboração do edital, da análise de propostas, do julgamento de recursos; Assinado digitalmente pelo DIO - DEPARTAMENTO DE IMPRENSA OFICIAL DO ESTADO DO ESPÍRITO SANTO Data: Terça-feira, 7 de Abril de 2026 às 22:34:19 Código de Autenticação: 4b4a361e"
Lei de Incentivo à Cultura Capixaba,11032_33,0,2026-04-06,33,DIO,"{""data"": ""2026-04-06"", ""paginas"": 66, ""pagina"": 33, ""pdf_id"": 1095492, ""year"": ""2026"", ""month"": ""04"", ""day"": ""06"", ""diario_id"": 11032, ""tipo_edicao"": 1}","-R, de 24/09/2013. RESUMO DA RESCISÃO DO COMPROMISSO DE ESTÁGIO ESTAGIÁRIOS Paulo Ricardo Bolsoni Ferretti Lucas Costa Vidigal Aline Mendes Barbosa Valdirene das Neves Souza Ana Carolina Gomes Tatiele Santos da Silva Siqueira Thompson Alencar Griffo Mendenval TERMO DE 1) Título do Projeto: Centro Cultural Ambiental do Instituto Últimos Refúgios Processo n°: 2025-9TB08 Proponente: Instituto Últimos Refúgios Cnpj: 15.716.272/0001-60 2) Título do Projeto: Ballare in altri campi: intercâmbio da Compagnia Radici Città Di Torino na 31º Festitália. Processo n°: 2025-71SD9 Proponente: Sociedade Castelense De Cultura Italo-Brasileira Cnpj: 36.401.065/0001-96 Fica aberto o prazo de 10(dez) dias para apresentação de recurso administrativo na forma do art. 44º da Instrução Normativa Secult nº 01/25. RESCISÃO O extrato da ATA estará disponível no site da SECULT: www.secult.es.gov.br 01/01/2026 Vitória, 26 de Março de 2026 31/01/2026 09/02/2026 Maria Thereza Bosi de Magalhães Subsecretaria de Estado - SECULT/SUBFIC Protocolo 1761526 11/02/2026 28/02/2026 09/03/2026 31/03/2026 Vitória, 02 de abril de 2026. ELIANE PERIN Chefe do Grupo Recursos Humanos - Secult Protocolo 1761689 AVISO DE RESULTADO LEI DE INCENTIVO À CULTURA CAPIXABA - LICC A SECULT torna público para amplo conhecimento a HABILITAÇÃO do projeto abaixo indicado: 1) Título do Projeto: Espírito Geek - 2ª Edição Processo n°: 2025-L2ZQD Proponente: Alpha Empreendimentos Ltda ME. Cnpj: 11.609.242/0001-01 Valor: R$492.216,00 2) Título do Projeto: A Milionária, comédia de Bernard Shaw Processo n°: 2025-34FH0 Proponente: Beta Produção Ltda Cnpj: 11.484.440/0001-88 Valor: R$498.786,90 3) Título do Projeto: 5ª Mostra Cinemarias Processo n°: 2025-PHW93 Proponente: Odoyá Arte E Cultura Produções Ltda Cnpj: 46.704.567/0001-40 Valor: R$500.000,00 A autorização de captação é válida por 01 (um) ano, a contar da data desta publicação. Secretaria de Estado da Agricultura, Abastecimento, Aquicultura e Pesca - SEAG AVISO DE LIBERAÇÃO PARCIAL DE RECURSO A Secretaria de Estado da Agricultura, Abastecimento, Aquicultura e Pesca - SEAG, torna público para os devidos fins que no ano de 2025 recebeu do orçamento da União, através do Ministério da Agricultura e Pecuaria - MAPA, parte de recursos financeiros do Convênio Federal nº 942504/2023 Emenda de Bancada 2023, no valor de R$ 31.890,03. Ressaltamos que todas as informações constam https://transparencia.es.gov.br/ Vitória, 02 de abril de 2026. CARLOS LUIZ TESCH XAVIER Subsecretário para Assuntos Administrativos - SEAG Protocolo 1761403 AVISO DE LIBERAÇÃO PARCIAL DE RECURSO A Secretaria de Estado da Agricultura, Abastecimento, Aquicultura e Pesca - SEAG, torna público para os devidos fins que no ano de 2025 recebeu do orçamento da União, através do Ministério da Agricultura e Pecuaria - MAPA, parte de recursos financeiros do Convênio Federal nº 957866/2024 no valor de R$ 30.938,05. Ressaltamos que todas as informações constam no site https://transparencia. es.gov.br/ Vitória, 02 de abril de 2026. CARLOS LUIZ TESCH XAVIER Subsecretário para Assuntos Administrativos - SEAG Protocolo 1761405 AVISO DE LIBERAÇÃO PARCIAL DE RECURSO A Secretaria de Estado da Agricultura, Abastecimento, Aquicultura e Pesca - SEAG, torna público para os devidos fins que no ano de 2025 recebeu do orçamento da União, através do Ministério da Integração e do desenvolvimento Regional - MIDR, parte de recursos financeiros do Convênio Federal nº 979958/2025 no Assinado digitalmente pelo DIO - DEPARTAMENTO DE IMPRENSA OFICIAL DO ESTADO DO ESPÍRITO SANTO Data: Quinta-feira, 2 de Abril de 2026 às 21:40:36 Código de Autenticação: 2021f309"
Lei de Incentivo à Cultura Capixaba,11018_157,0,2026-03-31,157,DIO,"{""data"": ""2026-03-31"", ""paginas"": 202, ""pagina"": 157, ""pdf_id"": 1093578, ""year"": ""2026"", ""month"": ""03"", ""day"": ""31"", ""diario_id"": 11018, ""tipo_edicao"": 1}","DIÁRIO OFICIAL DOS PODERES DO ESTADO E X E C U T I V O 150 Vitória (ES), terça-feira, 31 de Março de 2026. AVISO DE DEPÓSITO DE PATROCÍNIO - LEI DE INCENTIVO À CULTURA CAPIXABA - LICC A SECULT torna público para amplo conhecimento o DEPÓSITO DE RECURSOS FINANCEIROS PELO CONTRIBUINTE PATROCINADOR abaixo indicado: 1) Patrocinador: Papelaria Rainha LTDA CNPJ: 00.412.876.0001-45 IE: 081.723.14-8 Valor do crédito presumido: R$ 25.000,00 Beneficiário: 31.244.448 WANYA DE SIQUEIRA MAYHE Projeto contemplado: UMA BREVE HISTORINHA DO MUNDO - O Livro de Elis Vitória, 30 de março de 2026 Maria Thereza Bosi de Magalhães Subsecretaria de Fomento e Incentivo Cultural - SECULT Protocolo 1758941 Secretaria de Estado da Agricultura, Abastecimento, Aquicultura e Pesca - SEAG Resumo do Termo de Fomento SEAG nº 002/2026 Processo nº: 2026-W74GW Administração Pública: Estado do Espírito Santo, por intermédio da Secretaria de Estado da Agricultura, Abastecimento, Aquicultura e Pesca - SEAG. Organização da Sociedade Civil: Cooperativa da Agricultura familiar de Cachoeiro de Itapemirim - CAF Objeto: Aquisição de equipamentos para estruturação da CAF Valor: R$ 39.945,00 (trinta e nove mil novecentos e quarenta e cinco reais) Vigência: a partir do primeiro dia seguinte ao da publicação de seu extrato na imprensa oficial até 31/12/2026. Dotação Orçamentária: 10.31.101.20.608.0062.1060 - Fonte: 1500 ED: 449052 Vitória, ES, 30/03/2026. ENIO BERGOLI DA COSTA Secretário da Agricultura, Abastecimento, Aquicultura e Pesca Protocolo 1758240 RESUMO DO CONTRATO DE DOAÇÃO COM ENCARGOS SEAG Nº 0175/2026 - PROCESSO SEAG Nº 2025-0ZRPK. DOADOR: Secretaria da Agricultura, Abastecimento, Agricultura e Pesca - SEAG, CNPJ/ MF: 27.080.555/0001-47. DONATÁRIO: Município de Ibiraçu, CNPJ/MF: 27.165.208/0001-17. OBJETOS: 01 (um) Caminhão Truck Prancha 8,5 metros. Valor: R$ 540.500,00. Vitória, 27 de março de 2026 Enio Bergoli da Costa Secretário de Estado da Agricultura, Abastecimento, Aquicultura e Pesca. Protocolo 1758281 3º TERMO ADITIVO SEAG nº 033/2026 Contrato: 00748/2023 Processo nº: 2023-T9XBR Contratante: SEAG Contratada: EMPRESA RDJ ENGENHARIA LTDA. Objeto: O presente Termo Aditivo tem por objeto o acréscimo qualitativo e quantitativo ao Contrato nº 00748/2023, no percentual de 1,57%, conforme autorização prevista na sua Cláusula Sexta, e previsto no artigo 65, § 1º, da Lei 8.666/93, a contar de 27/03/2026. Vitória, 30 de março de 2026. RODRIGO JOSÉ COSTA NÓBREGA Subsecretário de Estado de Infraestrutura Rural Protocolo 1758584 Secretaria de Estado de Mobilidade e Infraestrutura SEMOBI Departamento de Edificações e de Rodovias do Estado do Espírito Santo - DER-ES EXTRATO DO TERMO DE RESCISÃO AMIGAVEL Contrato Nº: 104/2023 Contratante: Departamento de Edificações e de Rodovias do Espírito Santo - DER-ES Processo Nº: 2023-LW4P1 Forma de Contratação: Edital de Pregão Eletrônico nº 006/2023 Contratada: PRIME CONSULTORIA E ASSESSORIA EMPRESARIAL LTDA CNPJ: 05.340.639/0"
Lei de Incentivo à Cultura Capixaba,11013_67,0,2026-03-27,67,DIO,"{""data"": ""2026-03-27"", ""paginas"": 113, ""pagina"": 67, ""pdf_id"": 1092098, ""year"": ""2026"", ""month"": ""03"", ""day"": ""27"", ""diario_id"": 11013, ""tipo_edicao"": 1}","DIÁRIO OFICIAL DOS PODERES DO ESTADO E X E C U T I V O 60 Vitória (ES), sexta-feira, 27 de Março de 2026. 1º TERMO ADITIVO AO TERMO DE FOMENTO N.º 005/2025 Processo nº: 2025-GMHB9 Adm. Pública: Estado do Espírito Santo por intermédio da Secretaria de Estado de Trabalho, Assistência e Desenvolvimento Social. Convenente: Associação de Pais e Amigos dos Excepcionais de Vila Valério - APAE de Vila Valério. Objeto: Prorrogar o prazo de vigência que trata a Cláusula Sexta - Da vigência, de 30 de abril de 2026, para 31 de outubro de 2026. Vitória, 25 de março de 2026 CYNTIA FIGUEIRA GRILLO Secretária de Estado de Trabalho, Assistência e Desenvolvimento Protocolo 1757068 Secretaria de Estado da Cultura - SECULT AVISO DE RESULTADO LEI DE INCENTIVO À CULTURA CAPIXABA - LICC A SECULT torna público para amplo conhecimento a HABILITAÇÃO do projeto abaixo indicado: 1) Título do Projeto: Ecologicamente Divertido Cultura e Afeto para Crianças Processo n°: 2025-DCRC9 Proponente: Associação Beneficente Renascer Em Cristo - ABREC Cnpj: 04.079.792/0001-92 Valor: R$219.480,71 2) Título do Projeto: Tornando Ideias Realidade - 2º ano Processo n°: 2025-00C1Z Proponente: Alpha Empreendimentos Ltda Me Cnpj: 11.609.242/0001-01 Valor: R$479.685,00 3) Título do Projeto: Festival do Beijú - 8ª Edição Processo n°: 2025-FFQ31 Proponente: Associação De Mulheres Agricultoras De Conceição Do Muqui Cnpj: 32.958.243/0001-23 Valor: R$296.509,07 A autorização de captação é válida por 01 (um) ano, a contar da data desta publicação. A SECULT torna público para amplo conhecimento a INABILITAÇÃO do projeto abaixo indicado: 1) Título do Projeto: Salto para o Campo: Êxodo Urbano e a Reconexão com a Raiz Processo n°: 2025-090C2 Proponente: Alexandre Angelo Altoe Freire Cnpj: 13.074.764/0001-73 Valor: R$142.999,90 Fica aberto o prazo de 10(dez) dias para apresentação de recurso administrativo na forma do art. 44º da Instrução Normativa Secult nº 01/25. O extrato da ATA estará disponível no site da SECULT: www.secult.es.gov.br Vitória, 26 de Março de 2026 Maria Thereza Bosi de Magalhães Subsecretaria de Estado - SECULT/SUBFIC Protocolo 1756472 AVISO DE DEPÓSITO DE PATROCÍNIO - LEI DE INCENTIVO À CULTURA CAPIXABA - LICC A SECULT torna público para amplo conhecimento o DEPÓSITO DE RECURSOS FINANCEIROS PELO CONTRIBUINTE PATROCINADOR abaixo indicado: 1) Patrocinador: Kurumá Veículos S/A CNPJ: 00.827.783/0004-24 IE: 081.918.85-2 Valor do crédito presumido: R$ 250.000,00 Beneficiário: Fernanda Lima Garcia Eventos Projeto contemplado: Festival Nacional de Forró de Itaúnas 2) Patrocinador: VD Comércio De Veiculos LTDA CNPJ: 39.786.983/0001-79 IE: 081.648.25-1 Valor do crédito presumido: R$ 250.000,00 Beneficiário: Fernanda Lima Garcia Eventos Projeto contemplado: Festival Nacional de Forró de Itaúnas 3) Patrocinador: Kurumá Veículos S/A CNPJ: 00.827.783/0004-24 IE: 081.918.85-2 Valor do crédito presumido: R$ 249.524,00 Beneficiário: Cabelo Seco Soluções Culturais Projeto contemplado: Luz, Câmera, Preservação 4) Patrocinador: VD Comércio De Veiculos LTDA CNPJ: 39.786.983/0001-79 IE: 081.648.25-1 Valor do crédito presumido: R$ 250.000,00 Beneficiário: Cabelo Seco Soluções Culturais Projeto contemplado: Luz, Câmera, Preservação 5) Patrocinador: EDP Espírito Santo Distribuição de Energia S.A CNPJ: 28.152.650/0001-71 IE: 080.250.16-5 Valor do crédito presumido: R$ 397.440,00 Beneficiário: Associação dos Moradores da Comunidade de São Pedro do Itabapoana Projeto contemplado: Núcleo de Formação de Sanfona e Viola de São Pedro do Itabapoana - Ciclo II 6) Patrocinador: Kurumá Veículos S/A CNPJ: 00.827.783/0001-81 IE: 081.918.85-2 Valor do crédito presumido: R$ 389.074,50 Beneficiário: Instituto Todos os Cantos Projeto contemplado: Algazarra Coral: formação vocal e responsabilidade social 7) Patrocinador: Kurumá Veículos S/A CNPJ: 00.827.783/0019-00 IE: 082.946.30-2 Valor do crédito presumido: R$ 388.000,00 Beneficiário: Instituto Baleia Jubarte Projeto contemplado: Ampliação e qualificação do Museu da Baleia e Galeria de Arte Memorial da Paz no Espaço Baleia Jubarte 8) Patrocinador: Bianco - Comércio Atacadista de Material de Construção LTDA CNPJ: 10.524.837/0001-93 IE: 082.591.70-9 Valor do crédito presumido: R$ 445.370,47 Assinado digitalmente pelo DIO - DEPARTAMENTO DE IMPRENSA OFICIAL DO ESTADO DO ESPÍRITO SANTO Data: Quinta-feira, 26 de Março de 2026 às 23:22:33 Código de Autenticação: 98a2c0ad"
Lei de Incentivo à Cultura Capixaba,10995_38,0,2026-03-23,38,DIO,"{""data"": ""2026-03-23"", ""paginas"": 80, ""pagina"": 38, ""pdf_id"": 1090042, ""year"": ""2026"", ""month"": ""03"", ""day"": ""23"", ""diario_id"": 10995, ""tipo_edicao"": 1}","TADES PORTARIA Nº 021-S, DE 20 DE MARÇO DE 2026. A SECRETÁRIA DE ESTADO DE TRABALHO, ASSISTÊNCIA E DESENVOLVIMENTO SOCIAL, no uso das atribuições que lhe são conferidas pelo Art. 65, da Lei nº. 46, de 31 de janeiro de 1994, RESOLVE: EXONERAR, na forma do artigo 61, § 2º, alínea “b” da Lei Complementar nº. 46, de 31 de janeiro de 1994, CLÁUDIA FARDIN SOARES PEREIRA, Número Funcional 2740249, do cargo em comissão de ASSESSOR ESPECIAL NÍVEL I - QCE-04, da Secretaria de Estado de Trabalho, Assistência e Desenvolvimento Social, a contar de 05 de março de 2026. Vitória, 20 de março de 2026. CYNTIA FIGUEIRA GRILLO Secretária de Estado de Trabalho, Assistência e Desenvolvimento Social - SETADES Protocolo 1752894 Secretaria de Estado da Cultura - SECULT ATA DE JULGAMENTO DE RECURSOS Edital 05/2025 - Ocupação Cais das Artes: Artes Visuais A Secretaria de Estado da Cultura torna público a Ata de Julgamento de Recursos do Edital em epígrafe, conforme processo nº 2025-CNPDG. A íntegra do ato está disponível no site da Secult. Vitória, 20 de março de 2026. Maria Thereza Bosi de Magalhães Subsecretária de Estado de Fomento e Incentivo à Cultura Protocolo 1752790 AVISO DE DEPÓSITO DE PATROCÍNIO - LEI DE INCENTIVO À CULTURA CAPIXABA - LICC A SECULT torna público para amplo conhecimento o DEPÓSITO DE RECURSOS FINANCEIROS PELO CONTRIBUINTE PATROCINADOR abaixo indicado: 1) Patrocinador: Kurumá Veículos S/A CNPJ: 00.827.783/0004-24 IE: 081.918.85-2 Valor do crédito presumido: R$ 500.000,00 Beneficiário: Associação Oficina da Vida - ONG Projeto contemplado: Projeto Cultural Tecer Folias - Ano II 2) Patrocinador: EDP Espírito Santo Distribuição de Energia S.A CNPJ: 28.152.650/0001-71 IE: 080.250.16-5 Valor do crédito presumido: R$ 300.000,00 Beneficiário: Associação Sociedade Cultura e Arte SOCA Projeto contemplado: Escola de Fotógrafos Cegos, A Exposição: 4 Cidades - 2ª Edição 3) Patrocinador: EDP Espírito Santo Distribuição de Energia S.A CNPJ: 28.152.650/0001-71 IE: 080.250.16-5 Valor do crédito presumido: R$ 500.000,00 Beneficiário: Companhia de Ópera do Espírito Santo Projeto contemplado: Festival de Música Erudita do Espírito Santo 4) Patrocinador: EDP Espírito Santo Distribuição de Energia S.A CNPJ: 28.152.650/0001-71 IE: 080.250.16-5 Valor do crédito presumido: R$ 300.000,00 Beneficiário: Porto e Stein Produções LTDA ME Projeto contemplado: Festival de Música do Norte do Espírito Santo | FEMUNES Vitória, 20 de março de 2026 Maria Thereza Bosi de Magalhães Subsecretaria de Fomento e Incentivo Cultural - SECULT Protocolo 1752805 Assinado digitalmente pelo DIO - DEPARTAMENTO DE IMPRENSA OFICIAL DO ESTADO DO ESPÍRITO SANTO Data: Sexta-feira, 20 de Março de 2026 às 22:29:02 Código de Autenticação: 70fe7eee"
Lei de Incentivo à Cultura Capixaba,10983_45,0,2026-03-19,45,DIO,"{""data"": ""2026-03-19"", ""paginas"": 95, ""pagina"": 45, ""pdf_id"": 1088799, ""year"": ""2026"", ""month"": ""03"", ""day"": ""19"", ""diario_id"": 10983, ""tipo_edicao"": 1}","rrer exclusivamente por meio do Sistema Corporativo de Gestão de Documentos Arquivísticos Digitais - E-Docs. § 3º O envio da documentação deverá conter os seguintes documentos: I - Plano de Ação 2026, assinado eletronicamente pelo Gestor Municipal da Assistência Social; II - Termo de Aceite (quando houver), assinado eletronicamente pelo Gestor Municipal da Assistência Social e pelo Presidente do Conselho Municipal de Assistência Social; III - Cópia da Resolução do Conselho Municipal de Assistência Social - CMAS, contendo a manifestação do Conselho em relação ao Plano de Ação 2026 e ao Termo de Aceite (quando houver), devidamente assinada; IV - Cópia de documento que comprove o exercício no cargo de Gestor Municipal da Assistência Social; V - Cópia do documento de identificação oficial com foto e do Cadastro de Pessoa Física - CPF do Gestor Municipal da Assistência Social, ou da Carteira Nacional de Habilitação - CNH. Art. 2º Esta Portaria entra em vigor na data de sua publicação. Vitória/ES, 17 de março de 2026. CYNTIA FIGUEIRA GRILLO Secretária de Estado de Trabalho, Assistência e Desenvolvimento Social Protocolo 1750069 Secretaria de Estado da Cultura - SECULT AVISO DE RESULTADO LEI DE INCENTIVO À CULTURA CAPIXABA - LICC A SECULT torna público para amplo conhecimento a HABILITAÇÃO do projeto abaixo indicado: 1) Título do Projeto: Casa Decola Processo n°: 2025-FH60M Proponente: Associação de Inovação do Núcleo Cultural Colatinense Cnpj: 49.962.367/0001-85 Valor: R$500.000,00 2) Título do Projeto: 2ª edição - Festival Batidas do Mundo Processo n°: 2025-2M4DV Proponente: Caju Produções LTDA ME Cnpj: 04.585.783/0001-73 Valor: R$500.000,00 3) Título do Projeto: Natal dos Reis Magos Concerto de Música e Magia Processo n°: 2025-XBV4P Proponente: Premium Comunicação E Marketink Ltda Cnpj: 07.386.184/0001-19 Valor: R$299.984,00 4) Título do Projeto: Festival Delírio Tropical 2026 Processo n°: 2025-J6GZF Proponente: Puri Produções e Eventos LTDA Cnpj: 33.625.380/0001-09 Valor: R$500.000,00 5) Título do Projeto: Viagem Literária Processo n°: 2025-8JPM7 Proponente: Mb Produção Cultural Cnpj: 48.933.301/0001-02 Valor: R$161.247,57 Assinado digitalmente pelo DIO - DEPARTAMENTO DE IMPRENSA OFICIAL DO ESTADO DO ESPÍRITO SANTO Data: Quarta-feira, 18 de Março de 2026 às 22:54:49 Código de Autenticação: 1e72e126"
Lei de Incentivo à Cultura Capixaba,10977_56,0,2026-03-17,56,DIO,"{""data"": ""2026-03-17"", ""paginas"": 105, ""pagina"": 56, ""pdf_id"": 1088144, ""year"": ""2026"", ""month"": ""03"", ""day"": ""17"", ""diario_id"": 10977, ""tipo_edicao"": 1}","EXECUTIVO 49 Vitória (ES), terça-feira, 17 de Março de 2026. AVISO DE DEPÓSITO DE PATROCÍNIO - LEI DE INCENTIVO À CULTURA CAPIXABA - LICC A SECULT torna público para amplo conhecimento o DEPÓSITO DE RECURSOS FINANCEIROS PELO CONTRIBUINTE PATROCINADOR abaixo indicado: 1) Patrocinador: Realmar Distribuidora Ltda CNPJ: 03.845.717/0027-61 IE: 083.140.22-0 Valor do crédito presumido: R$ 45.000,00 Beneficiário: Instituto Raízes Projeto contemplado: 2ª Capacitação para fazedores de alegorias e adereços da Escola de Samba Unidos da Piedade 2) Patrocinador: Realmar Distribuidora Ltda CNPJ: 03.845.717/0020-95 IE: 082.341.45-1 Valor do crédito presumido: R$ 35.000,00 Beneficiário: Instituto Raízes Projeto contemplado: 2ª Capacitação para fazedores de alegorias e adereços da Escola de Samba Unidos da Piedade 3) Patrocinador: Realmar Distribuidora Ltda CNPJ: 03.845.717/0015-28 IE: 082.343.06-3 Valor do crédito presumido: R$ 29.908,36 Beneficiário: Instituto Raízes Projeto contemplado: 2ª Capacitação para fazedores de alegorias e adereços da Escola de Samba Unidos da Piedade 4) Patrocinador: Realmar Distribuidora Ltda CNPJ: 03.845.717/0033-00 IE: 083.609.96-2 Valor do crédito presumido: R$ 30.000,00 Beneficiário: Instituto Raízes Projeto contemplado: 2ª Capacitação para fazedores de alegorias e adereços da Escola de Samba Unidos da Piedade 5) Patrocinador: Realmar Distribuidora Ltda CNPJ: 03.845.717/0028-42 IE: 083.176.44-6 Valor do crédito presumido: R$ 85.000,00 Beneficiário: Instituto Raízes Projeto contemplado: 2ª Capacitação para fazedores de alegorias e adereços da Escola de Samba Unidos da Piedade 6) Patrocinador: Realmar Distribuidora Ltda CNPJ: 03.845.717/0010-13 IE: 082.336.90-3 Valor do crédito presumido: R$ 20.000,00 Beneficiário: Instituto Raízes Projeto contemplado: 2ª Capacitação para fazedores de alegorias e adereços da Escola de Samba Unidos da Piedade 7) Patrocinador: Realmar Distribuidora Ltda CNPJ: 03.845.717/0023-38 IE: 082.758.36-0 Valor do crédito presumido: R$ 40.000,00 Beneficiário: Instituto Raízes Projeto contemplado: 2ª Capacitação para fazedores de alegorias e adereços da Escola de Samba Unidos da Piedade 8) Patrocinador: Realmar Distribuidora Ltda CNPJ: 03.845.717/0019-51 DIÁRIO OFICIAL DOS PODERES DO ESTADO IE: 082.344.66-3 Valor do crédito presumido: R$ 130.000,00 Beneficiário: Instituto Raízes Projeto contemplado: 2ª Capacitação para fazedores de alegorias e adereços da Escola de Samba Unidos da Piedade 9) Patrocinador: Realmar Distribuidora Ltda CNPJ: 03.845.717/0034-90 IE: 083.609.98-9 Valor do crédito presumido: R$ 60.000,00 Beneficiário: Instituto Raízes Projeto contemplado: 2ª Capacitação para fazedores de alegorias e adereços da Escola de Samba Unidos da Piedade 10) Patrocinador: Realmar Distribuidora Ltda CNPJ: 03.845.717/0047-05 IE: 083.821.79-1 Valor do crédito presumido: R$ 15.000,00 Beneficiário: Instituto Raízes Projeto contemplado: 2ª Capacitação"
Lei de Incentivo à Cultura Capixaba,10977_6,0,2026-03-17,6,DIO,"{""data"": ""2026-03-17"", ""paginas"": 105, ""pagina"": 6, ""pdf_id"": 1088094, ""year"": ""2026"", ""month"": ""03"", ""day"": ""17"", ""diario_id"": 10977, ""tipo_edicao"": 1}","IMPRENSA OFICIAL DO ESPÍRITO SANTO 17 de março de 2026 Filarmônica de Mulheres do Espírito Santo realiza concerto em homenagem ao mês da mulher \ Com a regência da maestra Alice Nascimento, o concerto integra as comemorações do Dia Internacional da Mulher O repertório da noite privilegia a música da chamada primeira escola vienense, com obras como a abertura “As Criaturas de Prometheus” (Opus 43), de Beethoven DIVULGAÇÃO / SECULT A brindo sua temporada de concertos, a Filarmônica de Mulheres do Espírito Santo (Femes), ocupa pela primeira vez o palco do Theatro Carlos Gomes, no Centro de Vitória, amanhã (18), às 20h. O concerto, que tem regência da maestra Alice Nascimento, integra as comemorações pelo Dia Internacional da Mulher e entrega um repertório clássico. A entrada é gratuita, com acesso liberado uma hora antes da apresentação, sujeita à lotação. O concerto é uma realização da Femes, com gestão do Instituto Todos os Cantos, com recursos da Lei de Incentivo à Cultura Capixaba (LICC), por meio da Secretaria da Cultura (Secult), e patrocínio da Viação Águia Branca. A filarmônica recebe a solista Amanda Martins, integrante do naipe de violinos da Sinfônica de São Paulo desde 2013. A violinista concluiu o bacharelado na Universidade Mozarteum de Salzburgo, na Áustria, na classe da violinista Klara Flieder. Segundo o site da Sinfônica de São Paulo: “Amanda é uma entusiasta da música de câmara e do repertório barroco, atuando tanto com instrumentos modernos quanto de época e atua como professora da Academia de Música da Osesp”. Além disso, a apresentação ainda conta com participação das contrabaixistas Giullia Assmann Knothe - mestre em cognição musical pela UNESP - e Renata Rodrigues, uma musicista experiente. PREVISÃO DO TEMPO / Nesta terça-feira, a instabilidade perde força no Espírito Santo. O ar seco associado a um sistema de alta pressão dificulta a formação de nuvens, mantendo o tempo aberto e sem previsão de chuva no Estado. PROGRAMAÇÃO TVE/ES - TV ABERTA - CANAL 2 / NET - CANAL 15 / RCA - CANAL 5 06H00 – ENERGIA 06H30 – NOSSA LÍNGUA (2010) 07H00 – COCORICÓ III 07H15 – PEPPA PIG IV 07H30 – LÉO, O CAMINHÃO II 07H35 – PLANETA PALAVRA 07H45 – OI, DUGGEE! II 07H55 – PARQUINHO JURÁSSICO 08H00 – QUINTAL DA CULTURA 11H00 – OLHA O PASSARINHO 11H15 – QUINTAL DA CULTURA 12H00 – TVE REVISTA 12H45 – REPÓRTER BRASIL TARDE 13H30 – JORNAL DA TARDE 14H15 – OLHA O PASSARINHO 14H30 – VIOLA E TAMBOR 14H45 – MISSÃO 347 15H00 – PJ MASKS – HERÓIS DE PIJAMA I 15H15 – BLUEY III 15H30 – PEQUENOS MESTRES 15H45 – O SHOW DA LUNA II 16H00 – SEM CENSURA 18H00 – TVE NOTICIA 18H30 – STADIUM 19H00 – ANTIMATÉRIA II 20H00 – REPÓRTER ECO Assinado digitalmente pelo DIO - DEPARTAMENTO DE IMPRENSA OFICIAL DO ESTADO DO ESPÍRITO SANTO Data: Segunda-feira, 16 de Março de 2026 às 22:02:57 Código de Autenticação: ea396288 20H30 – CULTURAS DO CAMPO 21H00 – JORNAL DA CULTURA 22H00 – METRÓPOLIS 22H30 – PROVOCA 23H30 – O NOVO SEMPRE VEM 00H00 – CAMAROTE 21 00H30 – METRÓPOLIS 01H00 – CULTURAS DO CAMPO 01H30 – SANGUE OCULTO 02H30 – D.R COM DEMORI 03H00 – NA MESA COM DATENA 04H30 – SESSÃO DE CINEMA – ANGELI 05H00 – BRASIL VISTO DE CIMA 6"
Lei de Incentivo à Cultura Capixaba,10974_80,0,2026-03-16,80,DIO,"{""data"": ""2026-03-16"", ""paginas"": 130, ""pagina"": 80, ""pdf_id"": 1087788, ""year"": ""2026"", ""month"": ""03"", ""day"": ""16"", ""diario_id"": 10974, ""tipo_edicao"": 1}","EXECUTIVO 73 Vitória (ES), segunda-feira, 16 de Março de 2026. Secretaria de Estado da Cultura - SECULT AVISO DE DEPÓSITO DE PATROCÍNIO - LEI DE INCENTIVO À CULTURA CAPIXABA - LICC A SECULT torna público para amplo conhecimento o DEPÓSITO DE RECURSOS FINANCEIROS PELO CONTRIBUINTE PATROCINADOR abaixo indicado: 1) Patrocinador: Realmar Distribuidora Ltda CNPJ: 03.845.717/0037-33 IE: 083.625.99-2 Valor do crédito presumido: R$ 30.000,00 Beneficiário: Andaluz Produções LTDA ME Projeto contemplado: Maria, essa fé que me leva 2) Patrocinador: Realmar Distribuidora Ltda CNPJ: 03.845.717/0029-23 IE: 083.235.70-1 Valor do crédito presumido: R$ 30.000,00 Beneficiário: Andaluz Produções LTDA ME Projeto contemplado: Maria, essa fé que me leva 3) Patrocinador: Realmar Distribuidora Ltda CNPJ: 03.845.717/0041-10 IE: 083.687.12-2 Valor do crédito presumido: R$ 25.000,00 Beneficiário: Andaluz Produções LTDA ME Projeto contemplado: Maria, essa fé que me leva 4) Patrocinador: Realmar Distribuidora Ltda CNPJ: 03.845.717/0043-81 IE: 083.687.14-9 Valor do crédito presumido: R$ 30.000,00 Beneficiário: Andaluz Produções LTDA ME Projeto contemplado: Maria, essa fé que me leva 5) Patrocinador: Realmar Distribuidora Ltda CNPJ: 03.845.717/0026-80 IE: 082.572.90-9 Valor do crédito presumido: R$ 30.000,00 Beneficiário: Andaluz Produções LTDA ME Projeto contemplado: Maria, essa fé que me leva 6) Patrocinador: Realmar Distribuidora Ltda CNPJ: 03.845.717/0042-09 IE: 083.687.13-0 Valor do crédito presumido: R$ 25.000,00 Beneficiário: Andaluz Produções LTDA ME Projeto contemplado: Maria, essa fé que me leva 7) Patrocinador: Realmar Distribuidora Ltda CNPJ: 03.845.717/0050-00 IE: 084.054.36-0 Valor do crédito presumido: R$ 30.000,00 Beneficiário: Andaluz Produções LTDA ME Projeto contemplado: Maria, essa fé que me leva 8) Patrocinador: VD COMÉRCIO DE VEICULOS LTDA CNPJ: 39.786.983/0001-79 IE: 081.648.25-1 Valor do crédito presumido: R$ 248.506,00 Beneficiário: Instituto Todos os Cantos Projeto contemplado: Filarmônica de Mulheres do Espirito Santo - Natal Iluminado Vitória, 13 de março de 2026 Maria Thereza Bosi de Magalhães Subsecretaria de Fomento e Incentivo Cultural - SECULT Protocolo 1747917 DIÁRIO OFICIAL DOS PODERES DO ESTADO Secretaria de Estado da Agricultura, Abastecimento, Aquicultura e Pesca - SEAG RESUMO DO CONTRATO DE DOAÇÃO COM ENCARGOS SEAG Nº 0149/2026 - PROCESSO SEAG Nº 2025-H7XD9. Secretaria da Agricultura, DOADOR: Abastecimento, Agricultura e Pesca - SEAG, CNPJ/ MF: 27.080.555/0001-47. DONATÁRIO: Município de Sooretama, CNPJ/MF: 01.612.155/0001-41. OBJETOS: 01 (uma) Grade Aradora Hidráulica para Trator 75cv. Valor: R$ 26.500,00. Vitória, 12 de março de 2026 Enio Bergoli da Costa Secretário de Estado da Agricultura, Abastecimento, Aquicultura e Pesca. Protocolo 1746859 RESUMO DO CONTRATO DE DOAÇÃO COM ENCARGOS SEAG Nº 0161/2026 - PROCESSO SEAG Nº 2025-N1XGG. Secretaria da Agricultura, DOADOR: Abastecimento, Agricultura e Pesca - SEAG,"
Lei de Incentivo à Cultura Capixaba,10973_12,0,2026-03-13,12,DIO,"{""data"": ""2026-03-13"", ""paginas"": 145, ""pagina"": 12, ""pdf_id"": 1087209, ""year"": ""2026"", ""month"": ""03"", ""day"": ""13"", ""diario_id"": 10973, ""tipo_edicao"": 1}","-feira, 13 de Março de 2026. DIÁRIO OFICIAL DOS PODERES DO ESTADO 5 institucionais; VI - planejar e coordenar a produção de vídeos institucionais e registros fotográficos de eventos internos e externos realizados pela Secretaria de Estado da Cultura ou por ela organizados e que contribuam para a preservação da memória institucional; e VII - planejar e coordenar a produção de conteúdos institucionais, bem como orientar a aplicação de identidade visual nas ações realizadas e/ou apoiadas pela Secretaria de Estado da Cultura. Seção III Subsecretaria de Estado de Fomento e Incentivo à Cultura Art. 8º Compete à Subsecretaria de Fomento e Incentivo à Cultura - SUBFIC, dentre outras atividades correlatas e complementares na sua área de atuação: I - formular e desenvolver mecanismos de fomento e financiamento de programas, ações e projetos culturais em consonância com as políticas públicas de cultura do Espírito Santo; II - coordenar o planejamento e a elaboração de ações que promovam a ampliação do acesso aos recursos, bens e serviços culturais; III - definir, orientar e acompanhar os processos administrativos para o cumprimento das diretrizes do Fundo Estadual de Cultura - Funcultura, da Lei de Incentivo à Cultura Capixaba - LICC e de outros instrumentos correlatos; IV - promover a integração e a articulação das ações da Secretaria de Estado da Cultura com demais agentes públicos ou privados para o incremento do incentivo, da promoção e do financiamento das atividades culturais no Espírito Santo; e V - desempenhar outras atividades que lhe venham a ser atribuídas ou delegadas pelo Secretário de Estado da Cultura. Art. 9º Compete à GFOC, dentre outras atribuições correlatas e complementares na sua área de atuação: I - formular e desenvolver os mecanismos previstos em Lei para aplicação e destinação dos recursos do Fundo Estadual de Cultura; II - elaborar a proposta orçamentária anual do Funcultura, sob orientação do órgão estadual responsável pela elaboração do orçamento do estado; III - formular e conduzir os chamamentos públicos para a celebração dos instrumentos de execução do regime próprio de fomento à cultura; IV - definir, orientar e acompanhar todos os processos administrativos necessários ao cumprimento das diretrizes do Funcultura, elaborando o cronograma financeiro de receitas e despesas; e V - prestar suporte técnico aos demais setores da pasta na elaboração, no acompanhamento e na respectiva execução dos projetos, bem como propor a normatização dos procedimentos de prestação de contas referentes à aplicação dos recursos. Art. 10. Compete à Gerência de Incentivo à Cultura - GIC, dentre outras atividades correlatas e complementares na sua área de atuação: I - formular e executar todos os instrumentos necessários para a aplicação da LICC; II - desenvolver ações para a promoção e ampliação do incentivo à cultura no Espírito Santo; III - elaborar e acompanhar os processos administrativos relacionados ao credenciamento de projetos, à captação de recursos, à concessão de benefício incentivado e à execução dos projetos e dos recursos financeiros viabilizados; e IV - monitorar e fiscalizar a execução de projetos culturais incentivados, bem como propor a normatização dos processos de prestação de contas referentes à aplicação dos recursos da LICC. Art. 11. Compete à Gerência do Sistema Estadual de Cultura - GESEC, dentre outras atividades correlatas e complementares na sua área de atuação: I - promover a articulação e a integração entre as ações da Secretaria de Estado da Cultura e dos municípios capixabas, no desenvolvimento das políticas públicas de cultura em todo o território do Espírito Santo; II - elaborar e acompanhar todos os instrumentos necessários para a implementação da modalidade de transferências fundo a fundo, prevista na Lei do Funcultura, em cooperação com os municípios integrantes do Sistema Estadual de Cultura; e III - monitorar as ações relacionadas à aplicação dos recursos nos municípios parceiros, definindo indicadores e procedimentos para a an"
Lei de Incentivo à Cultura Capixaba,10958_41,0,2026-03-10,41,DIO,"{""data"": ""2026-03-10"", ""paginas"": 78, ""pagina"": 41, ""pdf_id"": 1085459, ""year"": ""2026"", ""month"": ""03"", ""day"": ""10"", ""diario_id"": 10958, ""tipo_edicao"": 1}","O DA CULTURA, em exercício, no uso das atribuições legais, RESOLVE: Cessar os efeitos da Portaria nº 040-S, de 03 de junho de 2019, publicada em 05 de junho de 2019, que designou servidores para compor a Comissão de Assessoria Técnica (CAT) da Câmara de Patrimônio Arquitetônico, Bens Móveis e Acervos (CPABMA) do Conselho Estadual de Cultura (CEC), no âmbito da Secretaria de Estado da Cultura. Vitória, 09 de março de 2026 FABRICIO NORONHA FERNANDES Secretário de Estado da Cultura Protocolo 1743416 PORTARIA Nº 023-S, 09 de março de 2026 O SUBSECRETÁRIO DE ESTADO DE GESTÃO ADMINISTRATIVA, no uso das atribuições legais conferidas pelo art. 1º, da Portaria nº 098-S, de 19 de dezembro de 2024; RESOLVE: Art.1º Alterar a escala de férias 2025/2026, aprovada pela Portaria nº 101-S de 14/11/2025, publicada em 18/11/2025, no que se refere aos servidores abaixo: Servidor Thais Souto Amorim Nº Funcional 3406687-3 Excluir Incluir Maio/2026 Abril/2026 Art. 2° Esta Portaria entra em vigor na data de sua publicação, revogando as disposições em contrário. Vitória, 09 de março de 2026. JOEMAR BRUNO FRANCISCO ZAGOTO Subsecretário de Estado de Gestão Administrativa Protocolo 1743446 AVISO DE RESULTADO LEI DE INCENTIVO À CULTURA CAPIXABA - LICC A SECULT torna público para amplo conhecimento a HABILITAÇÃO do projeto abaixo indicado: 1) Título do Projeto: 74º Encontro Nacional de Folias de Reis Processo n°: 2025-51382 Proponente: Associação Comercial e Empresarial De Muqui - Ace Muqui Cnpj: 02.718.431/0001-13 Valor: R$500.000,00 2) Título do Projeto: Assinado digitalmente pelo DIO - DEPARTAMENTO DE IMPRENSA OFICIAL DO ESTADO DO ESPÍRITO SANTO Data: Segunda-feira, 9 de Março de 2026 às 22:07:32 Código de Autenticação: 581adf10 Flinc Festa Literária"
Lei de Incentivo à Cultura Capixaba,10942_53,0,2026-03-03,53,DIO,"{""data"": ""2026-03-03"", ""paginas"": 94, ""pagina"": 53, ""pdf_id"": 1083336, ""year"": ""2026"", ""month"": ""03"", ""day"": ""03"", ""diario_id"": 10942, ""tipo_edicao"": 1}","/2023 TA11.8/2023 TA.38.22/2023 TA.47.26/2023 TA.49.59/2024 TA.75.40/2023 TA.35.21/2023 TOTAIS Plano de Aplicação N° Agricultores N° Unidades Receptoras 30 11 40 1 40 5 22 2 40 8 30 3 15 1 217 31 Valor Total R$ R$ 325.187,10 R$ 433.582,80 R$ 433.582,80 R$ 238.470,54 R$ 433.582,80 R$ 325.187,10 R$ 162.593,55 R$ 2.352.186,69 Vitória, 03 de março de 2026 Giovanni Lívio Presidente Conselho de Segurança Alimentar e Nutricional do Estado do Espírito Santo - CONSEA/ES Protocolo 1739039 TERMO DE CONTRATO DE DOAÇÃO COM ENCARGOS Nº 008/2025 Processo nº: 2025-QDZQQ Doador: Estado do Espírito Santo por intermédio da Secretaria de Estado de Trabalho, Assistência e Desenvolvimento Social. Donatário: Instituto de Gestão Social do Terceiro Setor - IGES. Objeto: Doação de bens móveis, visando a oferta do serviço de acolhimento para pessoas em situação de risco social e vulnerável socialmente. VALOR: R$ 13.535,73 (treze mil quinhentos e trinta e cinco reais e setenta e três centavos). Vitória, 02 de março de 2026. CYNTIA FIGUEIRA GRILLO Secretária de Estado de Trabalho, Assistência e Desenvolvimento Social. Protocolo 1739022 Secretaria de Estado da Cultura - SECULT AVISO DE DEPÓSITO DE PATROCÍNIO - LEI DE INCENTIVO À CULTURA CAPIXABA - LICC A SECULT torna público para amplo conhecimento o DEPÓSITO DE RECURSOS FINANCEIROS PELO CONTRIBUINTE PATROCINADOR abaixo indicado: 1) Patrocinador: Papelaria Rainha LTDA CNPJ: 00.412.876.0001-45 IE: 081.723.14-8 Valor do crédito presumido: R$ 19.371,00 Beneficiário: 31.244.448 WANYA DE SIQUEIRA MAYHE Projeto contemplado: UMA BREVE HISTORINHA DO MUNDO - O Livro de Elis Vitória, 02 de março de 2025 Maria Thereza Bosi de Magalhães Subsecretaria de Fomento e Incentivo Cultural - SECULT Protocolo 1738462 Resumo do 1º Termo Aditivo ao Termo de Fomento nº 024/2025 Registro SIGEFES Nº 250660 Processo Nº 2025-VLJ7M Concedente: Secretaria de Estado da Cultura - SECULT. OSC: Liga Independente das Escolas de Samba do Grupo Especial - LIESGE. Cláusula Primeira - O presente termo tem por objetivo prorrogar a vigência estabelecida na Cláusula Sexta - Item 6.1 do Termo de Fomento, a partir de 01.03.2026 até 31.05.2026. Cláusula Segunda - Ficam mantidas todas as demais cláusulas do Termo de Fomento originário. Vitória, 02 de março de 2026. Fabricio Noronha Fernandes Secretário de Estado da Cultura Protocolo 1738277 RESUMO DO TERMO DE CONVÊNIO DE CESSÃO DE SERVIDOR Nº 009/2025 CEDENTE: Município de Fundão/ES CNPJ/MF nº 27.165.182/0001-07 CESSIONÁRIO: Governo do Estado do Espírito Santo, por intermédio da Secretaria de Estado da Cultura - SECULT. CNPJ/MF nº. 01.062.213/0001-00 OBJETO: Cessão da servidora Juliana Ferreira de Paula, matrícula nº 411091-01, ocupante do cargo de Bibliotecário, para atuar na Secretaria de Estado da Cultura. VIGENCIA: a partir da publicação até 31 de dezembro de 2027. PROCESSO N º: 2025-FWT9S Vitória, 02 de março de 2026 FABRICIO NORONHA FERNANDES Secretário de Estado da Cultura Protocolo 1738944 Secretaria de Estado da Agricultura, Abastecimento, Aquicultura e Pesca - SEAG Resumo da Ordem de Serviço SEAG nº 005/2026 PROCESSO: 2024-BJXT9 CONTRATO: 2025.000429.31101.01 CONTRATANTE: Secretaria de Estado da Agricultura, Abastecimento, Aquicultura e Pesca - SEAG. CONTRATADA: ALFA T CONSTRUÇÃO E SERVIÇOS LTDA. Assinado digitalmente pelo DIO - DEPARTAMENTO DE IMPRENSA OFICIAL DO ESTADO DO ESPÍRITO SANTO Data: Segunda-feira, 2 de Março de 2026 às 22:52:01 Código de Autenticação: 520d4ced"
Lei de Incentivo à Cultura Capixaba,10931_52,0,2026-02-27,52,DIO,"{""data"": ""2026-02-27"", ""paginas"": 105, ""pagina"": 52, ""pdf_id"": 1081835, ""year"": ""2026"", ""month"": ""02"", ""day"": ""27"", ""diario_id"": 10931, ""tipo_edicao"": 1}","se da Administração, de forma discricionária, respeitadas as condições de compatibilidade das atividades desempenhadas com a modalidade remota, nos termos legais aplicáveis. Art. 5º Esta Portaria entra em vigor na data de sua publicação. Vitória, 26 de fevereiro de 2026. CYNTIA FIGUEIRA GRILLO Secretária de Estado de Trabalho, Assistência e Desenvolvimento Social Protocolo 1736283 ORDEM DE SERVIÇO Nº. 022/2026 RESUMO DA RESCISÃO DE TERMO DE COMPROMISSO DE ESTÁGIO. NOME Nº FUNCIONAL A PARTIR DE Ana Beatriz Magalhães de 5073332 27/02/2026 Amorim Juliana Santos Rosa 5114896 26/02/2026 Vitória, 26 de fevereiro de 2026. AURÉLIO SIMÕES MONTEIRO JÚNIOR Chefe de Grupo de Recursos Humanos/SETADES Protocolo 1736495 ORDEM DE SERVIÇO Nº. 023/2026 CONCEDER recesso à estagiária abaixo, em conformidade com o artigo 13, da Lei nº 11.788/2008, de 25 de setembro de 2008, publicada no DOU do dia 26/09/2008: NOME Nº FUNCIONAL TOTAL PERÍODO DE DIAS Halana Leite Pereira 4015290 05 13 a de Souza 17/04/2026 Vitória, 26 de fevereiro de 2026. AURÉLIO SIMÕES MONTEIRO JÚNIOR Chefe de Grupo de Recursos Humanos/SETADES Protocolo 1736501 Secretaria de Estado da Cultura - SECULT AVISO DE DEPÓSITO DE PATROCÍNIO - LEI DE INCENTIVO À CULTURA CAPIXABA - LICC A SECULT torna público para amplo conhecimento o DEPÓSITO DE RECURSOS FINANCEIROS PELO CONTRIBUINTE PATROCINADOR abaixo indicado: 1) Patrocinador: Recreio Vitória Veículos S/A CNPJ: 01.973.495/0005-21 IE: 082.265.29-1 Valor do crédito presumido: R$ 497.457,60 Beneficiário: Acordes centro de Música e Artes LTDA Projeto contemplado: VI Festival Internacional de Violão do Espírito Santo (FIVES) e VII Concurso de Violão Maurício de Oliveira 100 Anos 2) Patrocinador: VD Comércio de Veiculos LTDA CNPJ: 39.786.983/0001-79 IE: 081.648.25-1 Assinado digitalmente pelo DIO - DEPARTAMENTO DE IMPRENSA OFICIAL DO ESTADO DO ESPÍRITO SANTO Data: Quinta-feira, 26 de Fevereiro de 2026 às 23:34:41 Código de Autenticação: f155c0d7"
Lei de Incentivo à Cultura Capixaba,10920_44,0,2026-02-24,44,DIO,"{""data"": ""2026-02-24"", ""paginas"": 78, ""pagina"": 44, ""pdf_id"": 1080763, ""year"": ""2026"", ""month"": ""02"", ""day"": ""24"", ""diario_id"": 10920, ""tipo_edicao"": 1}","EXECUTIVO 37 Vitória (ES), terça-feira, 24 de Fevereiro de 2026. Secretaria de Estado da Cultura - SECULT AVISO DE DEPÓSITO DE PATROCÍNIO - LEI DE INCENTIVO À CULTURA CAPIXABA - LICC A SECULT torna público para amplo conhecimento o DEPÓSITO DE RECURSOS FINANCEIROS PELO CONTRIBUINTE PATROCINADOR abaixo indicado: 1) Patrocinador: Kurumá Veículos S/A CNPJ: 00.827.783/0021-25 IE: 083.046.12-7 Valor do crédito presumido: R$ 499.781,00 Beneficiário: Associação Cultural e Folclórica do Bloco Surpresa Projeto contemplado: Carna Barra - Carnaval da Barra do Jucu Vitória, 23 de fevereiro de 2026 Maria Thereza Bosi de Magalhães Subsecretaria de Fomento e Incentivo Cultural - SECULT Protocolo 1733549 PORTARIA Nº 020-S, 12 de fevereiro de 2026 O SECRETÁRIO DE ESTADO DA CULTURA, no uso das atribuições legais, RESOLVE: EXONERAR A PEDIDO, a partir de 19 de fevereiro de 2026, de acordo com o Art.º 61, § 2º, alínea “b” da Lei Complementar nº 46, de 31 de janeiro de 1994, o servidor MATHEUS AFONSO CARNEIRO DA ROCHA do cargo de provimento em comissão de SUPERVISOR I - REF QCE-06, da Secretaria de Estado da Cultura - SECULT. Vitória, 12 de fevereiro de 2026 Fabricio Noronha Fernandes Secretário de Estado da Cultura Protocolo 1734099 Secretaria de Estado da Agricultura, Abastecimento, Aquicultura e Pesca - SEAG RESUMO DO CONTRATO DE DOAÇÃO COM ENCARGOS SEAG Nº 0065/2026 - PROCESSO SEAG Nº 2025-MSFGB. DOADOR: Secretaria da Agricultura, Abastecimento, Agricultura e Pesca - SEAG, CNPJ/ MF: 27.080.555/0001-47. DONATÁRIO: Município de Iúna, CNPJ/MF: 27.167.394/0001-23. OBJETO: 01 (uma) Retroescavadeira. Valor: R$ 319.999,00 Vitória, 23 de fevereiro de 2026 Enio Bergoli da Costa Secretário de Estado da Agricultura, Abastecimento, Aquicultura e Pesca. Protocolo 1733812 RESUMO DO CONTRATO DE DOAÇÃO COM ENCARGOS SEAG Nº 0064/2026 - PROCESSO SEAG Nº 2025-361VZ. DOADOR: Secretaria da Agricultura, Abastecimento, Agricultura e Pesca - SEAG, CNPJ/ MF: 27.080.555/0001-47. DIÁRIO OFICIAL DOS PODERES DO ESTADO DONATÁRIO: Município de Muqui, CNPJ/MF: 27.082.403/0001-83. OBJETO: 01 (uma) Retroescavadeira. Valor: R$ 319.999,00 Vitória, 23 de fevereiro de 2026 Enio Bergoli da Costa Secretário de Estado da Agricultura, Abastecimento, Aquicultura e Pesca. Protocolo 1733826 Instituto de Defesa Agropecuária e Florestal do Espírito Santo - IDAF INSTRUÇÃO DE SERVIÇO IDAF Nº 041-P, DE 23 DE FEVEREIRO DE 2026 O diretor-geral do Instituto de Defesa Agropecuária e Florestal do Espírito Santo (Idaf), no uso das atribuições que lhe confere o art. 48 do Regulamento do Idaf, aprovado pelo Decreto Estadual nº 910-R, de 31 de outubro de 2001, e suas alterações; RESOLVE: Art. 1º Autorizar, na forma do art. 258, caput da Lei Complementar nº 46, de 31 de janeiro de 1994, a prorrogação de prazo, por mais 60 dias, para conclusão e apresentação dos trabalhos nos processos administrativos nº 2025-R0CM8, nº 2025-WRC9S e nº 2025-42WG7, instaurados pela Instrução de Serviço Idaf nº 170-P,"
Lei de Incentivo à Cultura Capixaba,10912_58,0,2026-02-19,58,DIO,"{""data"": ""2026-02-19"", ""paginas"": 102, ""pagina"": 58, ""pdf_id"": 1079395, ""year"": ""2026"", ""month"": ""02"", ""day"": ""19"", ""diario_id"": 10912, ""tipo_edicao"": 1}","º 051/2023 CONTRATANTE: O Estado do Espírito Santo, por intermédio da Secretaria de Estado da Justiça. CONTRATADA: VMI SISTEMAS DE SEGURANÇA LTDA OBJETO: prorrogação do prazo de vigência do Contrato nº 051/2023, pelo prazo de 9 meses, conforme autorização prevista na sua Cláusula Quinta, a contar de 01/03/2026. VALOR GLOBAL: R$ 853.200,00 RATIFICAÇÃO: Ficam mantidas todas as demais cláusulas e condições anteriormente avençadas, não alteradas pelo presente Termo Aditivo. PROCESSO Nº 2023-9DHLX FILIPE LUBE Subsecretário Tecnologia de Estado De Infraestrutura e Protocolo 1730661 Polícia Penal do Espírito Santo - PPES PORTARIA Nº 42-S, DE 13 DE FEVEREIRO DE 2026 O DIRETOR-GERAL DA POLÍCIA PENAL, no uso da atribuição que lhe confere o Art.9º, inciso IV, da Lei Complementar 1061/2023, resolve: DESIGNAR FERNANDO RANGEL DA SILVA NF. 3637743, para responder como Chefe de Grupo, QCE-05, no Grupo de Recursos Humanos da Polícia Penal do Espírito Santo, durante as férias do titular TAYANE MARTINS DE MORAES, NF. 2932580, no período 19/02/2026 à 05/03/2026. JOSE FRANCO MORAIS JUNIOR Diretor-Geral da Polícia Penal PP/ES Protocolo 1730669 Secretaria de Estado da Cultura - SECULT AVISO DE RESULTADO LEI DE INCENTIVO À CULTURA CAPIXABA - LICC A SECULT torna público para amplo conhecimento a HABILITAÇÃO do projeto abaixo indicado: 1) Título do Projeto: Nostra Cultura - Santa Teresa Processo n°: 2025-RM1D1 Proponente: R Coutinho Filmes Ltda Cnpj: 32.992.475/0001-06 Valor: R$490.547,98 2) Título do Projeto: Projeto De Dança Pipoca Social Processo n°: 2025-CSZT8 Proponente: Associação Alef Bet Cnpj: 24.784.298/0001-36 Valor: R$483.727,55 3) Título do Projeto: Orquestra Jônice Tristão Processo n°: 2025-LJ7X2 Proponente: Instituto Três Pontões de Ação Social e Cultural - Instituto Cultural das Montanhas Cnpj: 51.892.817/0001-52 Valor ano 1: R$500.000,00 Valor ano 2: R$500.000,00 Valor ano 3: R$500.000,00 Valor Total: R$1.500.000,00 4) Título do Projeto: Camerata João XXIII Processo n°: 2025-1BPCP Proponente: Instituto João XXIII Cnpj: 03.284.781/0001-81 Valor: R$443.788,85 5) Título do Projeto: Das Pretas Oppen Lab Processo n°: 2025-K1235 Proponente: Instituto Das Pretas.Org Cnpj: 27.861.406/0001-15 Valor ano 1: R$500.000,00 Valor ano 2: R$500.000,00 Valor ano 3: R$500.000,00 Valor Total: R$1.500.000,00 6) Título do Projeto: 3º Festival Manhágua Processo n°: 2025-GRD95 Proponente: Caju Produções LTDA Cnpj: 04.585.783/0001-73 Valor: R$500.000,00 7) Título do Projeto: Orquestra Brasileira De Cantores Cegos: Cantos Do Brasil Processo n°: 2025-NC3C3 Proponente: Associação Sociedade Cultura e Arte SOCA Cnpj: 30.017.858/0001-20 Valor: R$500.000,00 8) Título do Projeto: Orquestra Brasileira de Cantores Cegos - Repertório #04, patrimônio cultural capixaba Processo n°: 2025-V0HCH Proponente: Associação Sociedade Cultura e Arte SOCA Cnpj: 30.017.858/0001-20 Valor: R$500.000,00 9) Título do Projeto: Festa da Penha 2026 Processo n°: 2025-JM8G8 Proponente: Fundação Espírito Santo Turismo & Eventos Cnpj: 02.616.238/0001-71 Valor: R$500.000,00 10) Título do Projeto: Congo de Máscaras de Roda D’Água - Cariacica - 2026 Processo n°: 2025-XJ6C2 Proponente: Associação De Bandas De Congo De Cariacica Cnpj: 05.932.468/0001-38 Valor: R$500.000,00 11) Título do Projeto: Laboratório dos Sonhos Processo n°: 2025-R38F3 Proponente: Associação Aprender Cultura Cnpj: 41.273.288/0001-55 Valor: R$500.000,00 12) Título do Projeto: Projeto Musin - Festival Música na Infância - 5a. edição Processo n°: 2025-KHZVZ Proponente: MM Projetos Culturais Ltda Cnpj: 17.221.352/0001-70 Valor: R$500.000,00 A autorização de captação é válida por 01 (um) ano, a contar da data desta publicação. Assinado digitalmente pelo DIO - DEPARTAMENTO DE IMPRENSA OFICIAL DO ESTADO DO ESPÍRITO SANTO Data: Sexta-feira, 13 de Fevereiro de 2026 às 20:47:46 Código de Autenticação: 27ed717a"
Lei de Incentivo à Cultura Capixaba,10905_67,0,2026-02-12,67,DIO,"{""data"": ""2026-02-12"", ""paginas"": 100, ""pagina"": 67, ""pdf_id"": 1078251, ""year"": ""2026"", ""month"": ""02"", ""day"": ""12"", ""diario_id"": 10905, ""tipo_edicao"": 1}","IMPRENSA OFICIAL DO ESPÍRITO SANTO 12 de fevereiro de 2026 Carnaval cultural em Atílio Vivácqua terá blocos comunitários e diversas atrações \ O município de Atílio Vivácqua será um dos palcos da celebração do Carnaval na região sul capixaba entre este sábado (14) e a próxima terça-feira (17) DIVULGAÇÃO / SECULT O Atílio Folia — Carnaval Cultural de Atílio Vivácqua, terá a concentração dos blocos na Avenida Carolina Fraga, com desfile seguindo até a Praça da Prefeitura, no Centro da cidade E ntre este sábado (14) e a terça-feira (17) da próxima semana, o município de Atílio Vivácqua será um dos palcos da celebração do Carnaval na região sul capixaba, com diversos blocos comunitários, matinês para crianças e shows musicais. É o Atílio Folia — Carnaval Cultural de Atílio Vivácqua, que terá a concentração dos blocos na Avenida Carolina Fraga, com desfile seguindo até a Praça da Prefeitura, no Centro da cidade. O evento é gratuito. Realizado pela Prefeitura Municipal, o evento foi contemplado com recursos da Lei de Incentivo à Cultura Capixaba (LICC), da Secretaria da Cultura (Secult), e conta com patrocínio integral da empresa EDP, além do apoio da Inovar Turismo e Cultura. Desde o ano passado, o festejo passou a ser denominado de “carnaval cultural” por preservar diversas tradições, como marchinhas carnavalescas, boi pintadinho, bonecos gigantes e mulinhas, ou seja, símbolos que atravessam gerações e representam a folia local, segundo os organizadores. Confira a programação completa Assinado digitalmente pelo DIO - DEPARTAMENTO DE IMPRENSA OFICIAL DO ESTADO DO ESPÍRITO SANTO Data: Quarta-feira, 11 de Fevereiro de 2026 às 22:32:17 Código de Autenticação: fe7c2fb6 44"
Lei de Incentivo à Cultura Capixaba,10901_65,0,2026-02-11,65,DIO,"{""data"": ""2026-02-11"", ""paginas"": 123, ""pagina"": 65, ""pdf_id"": 1077744, ""year"": ""2026"", ""month"": ""02"", ""day"": ""11"", ""diario_id"": 10901, ""tipo_edicao"": 1}","DIÁRIO OFICIAL DOS PODERES DO ESTADO E X E C U T I V O 58 Vitória (ES), quarta-feira, 11 de Fevereiro de 2026. Secretaria de Estado da Cultura - SECULT - AVISO DE DEPÓSITO DE PATROCÍNIO - LEI DE INCENTIVO À CULTURA CAPIXABA - LICC A SECULT torna público para amplo conhecimento o DEPÓSITO DE RECURSOS FINANCEIROS PELO CONTRIBUINTE PATROCINADOR abaixo indicado: 1) Patrocinador: EDP Espírito Santo Distribuição de Energia S.A CNPJ: 28.152.650/0001-71 IE: 080.250.16-5 Valor do crédito presumido: R$ 489.267,00 Beneficiário: I G Abreu Turismo e Cultura LTDA Projeto contemplado: ATÍLIO FOLIA - Carnaval Cultural de Atílio Vivácqua 2) Patrocinador: EDP Espírito Santo Distribuição de Energia S.A CNPJ: 28.152.650/0001-71 IE: 080.250.16-5 Valor do crédito presumido: R$ 500.000,00 Beneficiário: ASSOCIAÇÃO COMERCIAL E EMPRESARIAL DE MUQUI - ACE MUQUI Projeto contemplado: Carnaval Folclórico do Boi Pintadinho de Muqui/ES - 2026 Vitória, 10 de fevereiro de 2026 Maria Thereza Bosi de Magalhães Subsecretaria de Fomento e Incentivo Cultural - SECULT Protocolo 1727057 PORTARIA Nº 017-S, 10 DE FEVEREIRO DE 2026 O SECRETÁRIO DE ESTADO DA CULTURA, no uso das atribuições legais conferidas pela Lei Complementar nº 391, CONSIDERANDO: A Lei 14.399/2022 - Política Nacional Aldir Blanc de Fomento à Cultura, pelo Decreto nº 11.740/2023 - que regulamenta a Lei nº 14.399, de 8 de julho de 2022, que institui a Política Nacional Aldir Blanc de Fomento à Cultura, pela Lei Complementar Estadual nº 458/08 que instituiu o Fundo de Cultura do Estado do Espírito Santo - Funcultura, e o Decreto nº 2155-R/08 que a regulamentou, alterado pelo Decreto nº 4137-R, de 02/08/2017, republicado em 08/08/2017, RESOLVE: Art.1º: DESIGNAR os membros abaixo relacionados, para compor a COMISSÃO JULGADORA do Chamamento nº 03/2025 ENCONTRO PATRIMONIO VIVO - Seleção de Organização da Sociedade Civil (OSC), processo nº 2025-2NLFJ, sob a presidência do primeiro: - Herialdo Marcos Rosario Plotegher - Número Funcional 3297608-1 - Bruna Bolonha de Menezes - Número Funcional 3146138-1 - Vinicius Fabio Ferreira Silva - Número Funcional 2961105-2 Art. 2º: Esta Portaria entra em vigor na data da sua publicação. Art. 3º: Revogam-se as disposições contrárias. FABRICIO NORONHA FERNANDES Secretário de Estado da Cultura Protocolo 1726868 PORTARIA Nº 018-S, 10 DE FEVEREIRO DE 2026 O SECRETÁRIO DE ESTADO DA CULTURA, no uso das atribuições legais conferidas pela Lei Complementar nº 391, CONSIDERANDO: A Lei 14.399/2022 - Política Nacional Aldir Blanc de Fomento à Cultura, pelo Decreto nº 11.740/2023 - que regulamenta a Lei nº 14.399, de 8 de julho de 2022, que institui a Política Nacional Aldir Blanc de Fomento à Cultura, pela Lei Complementar Estadual nº 458/08 que instituiu o Fundo de Cultura do Estado do Espírito Santo - Funcultura, e o Decreto nº 2155-R/08 que a regulamentou, alterado pelo Decreto nº 4137-R, de 02/08/2017, republicado em 08/08/2017, RESOLVE: Art.1º: DESIGNAR os membros abaixo relacionados, para compor a COMISSÃO JULGADORA do"
Lei de Incentivo à Cultura Capixaba,10892_54,0,2026-02-09,54,DIO,"{""data"": ""2026-02-09"", ""paginas"": 340, ""pagina"": 54, ""pdf_id"": 1076327, ""year"": ""2026"", ""month"": ""02"", ""day"": ""09"", ""diario_id"": 10892, ""tipo_edicao"": 1}","esponsabilidade administrativa quanto à irregularidade descrita no Processo nº. 2026-Z2KB8, bem como demais fatos conexos que surgirem no transcurso das apurações. Art. 2º - Determinar, por distribuição do Corregedor, que a Comissão Processante que for designada para atuar no processo supramencionado, cumpra o disposto nesta Portaria e notifique o acusado da instauração do PAD. Art. 3º - Esta Portaria entra em vigor a partir da data de sua publicação. MARCIO BARROS DUARTE Corregedor da Polícia Penal (respondendo) Protocolo 1724576 Secretaria de Estado de Trabalho, Assistência e Desenvolvimento Social - SETADES 2º Termo Aditivo ao Termo de Fomento n.º 161/2024 Processo nº: 2024-J2QTC Adm. Pública: Estado do Espírito Santo por intermédio da Secretaria de Estado de Trabalho, Assistência e Desenvolvimento Social. Convenente: Associação Pestalozzi de Linhares. Objeto: Prorrogar o prazo de vigência que trata a Cláusula Sexta - Da vigência, de 28 de fevereiro de 2026, para 30 de abril de 2026. Vitória, 06 de fevereiro de 2026 CYNTIA FIGUEIRA GRILLO Secretária de Estado de Trabalho, Assistência e Desenvolvimento Protocolo 1724976 Secretaria de Estado da Cultura - SECULT AVISO DE RESULTADO LEI DE INCENTIVO À CULTURA CAPIXABA - LICC A SECULT torna público para amplo conhecimento a HABILITAÇÃO do projeto abaixo indicado: 1) Título do Projeto: 35ª Festa do Morango Processo n°: 2025-G3RNR Proponente: Associação Festa do Morango Cnpj: 03.024.888/0001-90 Valor: R$499.223,20 2) Título do Projeto: Encontro das Chef’s Processo n°: 2025-4CV2N Proponente: Conexxo Serviços e Gestão de Eventos. Cnpj: 02.708.317/0001-02 Valor: R$500.000,00 Assinado digitalmente pelo DIO - DEPARTAMENTO DE IMPRENSA OFICIAL DO ESTADO DO ESPÍRITO SANTO Data: Sexta-feira, 6 de Fevereiro de 2026 às 22:05:59 Código de Autenticação: f202e1f1"
Lei de Incentivo à Cultura Capixaba,10880_63,0,2026-02-04,63,DIO,"{""data"": ""2026-02-04"", ""paginas"": 106, ""pagina"": 63, ""pdf_id"": 1074324, ""year"": ""2026"", ""month"": ""02"", ""day"": ""04"", ""diario_id"": 10880, ""tipo_edicao"": 1}","DIÁRIO OFICIAL DOS PODERES DO ESTADO E X E C U T I V O 56 Vitória (ES), quarta-feira, 4 de Fevereiro de 2026. Secretaria de Estado da Cultura - SECULT - AVISO DE DEPÓSITO DE PATROCÍNIO - LEI DE INCENTIVO À CULTURA CAPIXABA - LICC A SECULT torna público para amplo conhecimento o DEPÓSITO DE RECURSOS FINANCEIROS PELO CONTRIBUINTE PATROCINADOR abaixo indicado: 1) Patrocinador: Realmar Distribuidora LTDA CNPJ: 03.845.717/0038-14 IE: 083.673.57-1 Valor do crédito presumido: R$ 92.000,00 Beneficiário: Grêmio Recreativo Cultural Esportivo Social Escola de Samba Independente de Boa Vista Projeto contemplado: Boa Vista Carnaval Capixaba 2026 2) Patrocinador: Realmar Distribuidora LTDA CNPJ: 03.845.717/0048-96 IE: 083.821.80-5 Valor do crédito presumido: R$ 158.898,32 Beneficiário: Grêmio Recreativo Cultural Esportivo Social Escola de Samba Independente de Boa Vista Projeto contemplado: Boa Vista Carnaval Capixaba 2026 3) Patrocinador: Realmar Distribuidora LTDA CNPJ: 03.845.717/0031-48 IE: 083.602.12-7 Valor do crédito presumido: R$ 189.040,95 Beneficiário: Grêmio Recreativo Cultural Esportivo Social Escola de Samba Independente de Boa Vista Projeto contemplado: Boa Vista Carnaval Capixaba 2026 Vitória, 02 de fevereiro de 2026 Maria Thereza Bosi de Magalhães Subsecretaria de Fomento e Incentivo Cultural - SECULT Protocolo 1721211 CONSELHO ESTADUAL DE CULTURA - CEC CERTIFICADO DE CIRCO TRADICIONAL ITINERANTE CAPIXABA Nº 009/2025 Resumo do Termo de Fomento Nº 001/2026 Registro SIGEFES Nº 260017 Processo Nº 2026-M7PDW Dispensado de Chamamento Público com base no Artigo 29 da Lei 13.019/2014. Concedente: Secretaria de Estado da Cultura OSC: Associação Cultura Capixaba - CUCA Objeto: realização do projeto “Puta Bloco 2026”. Valor Total: R$ 20.000,00 (vinte mil reais). Dotação Orçamentária: Programa de Trabalho: 13.392.0043.2303 - Promoção da Diversidade e Difusão Cultural Elemento de Despesa: 3.3.50.43.00 - Subvenções Sociais Fonte de Recursos: 500 Prazo de Vigência: a partir do primeiro dia seguinte ao da publicação de seu extrato na imprensa oficial até 28/02/2026, podendo ser prorrogado mediante aditamento. Gestores/Fiscais da Parceria: Titular: Renato Luiz Duarte De Morais, Matrícula nº 3314812 Suplente: Veronica Aparecida Ribeiro Haacke, Matrícula nº4294734 Vitória, 03 de fevereiro de 2026. Carolina Ruas Palomares Subsecretária de Políticas Culturais Protocolo 1721833 Secretaria de Estado da Agricultura, Abastecimento, Aquicultura e Pesca - SEAG RESUMO DO CONTRATO DE CONCESSÃO DE USO SEAG Nº 0126/2025 - PROCESSO SEAG Nº 2025-BNQTP. CONCEDENTE: Secretaria de Estado da Agricultura, Abastecimento, Aquicultura e Pesca - SEAG, CNPJ/ MF: 27.080.555/0001-47. CESSIONÁRIO: Associação dos Produtores Rurais do Córrego Oswaldo Cruz - APROC, CNPJ/MF: 11.183.582/0001-05. OBJETO: 01 (uma) Carreta Agrícola para Trator 75cv e 01 (um) Secador de Café 15.000 litros. RP: 05000000008897 e 05000000008903. VIGÊNCIA: Vigorará até 120 (cento e vinte) meses, a partir da publicação do seu resumo no DIO/"
Lei de Incentivo à Cultura Capixaba,10872_59,0,2026-02-02,59,DIO,"{""data"": ""2026-02-02"", ""paginas"": 106, ""pagina"": 59, ""pdf_id"": 1072706, ""year"": ""2026"", ""month"": ""02"", ""day"": ""02"", ""diario_id"": 10872, ""tipo_edicao"": 1}","DIÁRIO OFICIAL DOS PODERES DO ESTADO E X E C U T I V O 52 Vitória (ES), segunda-feira, 2 de Fevereiro de 2026. Secretaria de Estado da Cultura - SECULT - AVISO DE RESULTADO LEI DE INCENTIVO À CULTURA CAPIXABA - LICC A SECULT torna público para amplo conhecimento a HABILITAÇÃO do projeto abaixo indicado: 1) Título do Projeto: Samba Que Eu Quero Ver - Mostra Cultural De Bamba 2026 Processo n°: 2025-B2PQC Proponente: Odoyá Arte E Cultura Produções Cnpj: 46.704.567/0001-40 Valor: R$500.000,00 2) Título do Projeto: 98ª Festa de São Pedro Edição 2026 Processo n°: 2025-77BHP Proponente: Colônia De Pescadores E Aquicultores Z-5 Maria Ortiz. Cnpj: 31.300.825/0001-55 Valor: R$500.000,00 3) Título do Projeto: Roda de Boteco 2026 Processo n°: 2025-90TBK Proponente: Conexxo Serviços e Gestão DE Eventos Ltda Cnpj: 02.708.317/0001-02 Valor: R$500.000,00 4) Título do Projeto: Casarão Carapebus: Preservação Emergencial do Patrimônio Processo n°: 2025-M644N Proponente: Grupo de Desenvolvimento Humano e Ambiental Instituto Goiamum Cnpj: 06.925.386/0001-29 Valor: R$831.290,00 5) Título do Projeto: Despertando Olhares Processo n°: 2025-SJQ9R Proponente: Paris Serviços E Treinamentos LTDA Cnpj: 36.850.633/0001-36 Valor: R$487.644,05 6) Título do Projeto: XVI, XVII, XVIII Festa Folclórica de Santo Antônio do Muqui Processo n°: 2025-T5H46 Proponente: Associação de Folclore de Santo Antônio de Muqui. Cnpj: Valor Valor Valor Valor 13.513.602/0001-94 ano 1: R$455.490,00 ano 2: R$455.490,00 ano 3: R$455.490,00 Total: R$ 1.366.470,00 7) Título do Projeto: Cine Capixaba Processo n°: 2025-HJ1PF Proponente: Porto Cultural VIX LTDA. Cnpj: 15.302.889/0001-39 Valor: R$496.789,86 8) Título do Projeto: Vovô E O Mar Processo n°: 2025-NK2K5 Proponente: Marina Jordem Almança Possatti - MEI Cnpj: 33.979.369/0001-47 Valor: R$160.462,66 9) Título do Projeto: PETER | Projeto Escolas no Teatro Eliziário Rangel Processo n°: 2025-XKQD2 Proponente: Associação Centro Cultural Eliziário Rangel Cnpj: 30.059.947/0001-39 Valor: R$500.000,00 A autorização de captação é válida por 01 (um) ano, a contar da data desta publicação. A SECULT torna público para amplo conhecimento o INDEFERIMENTO da alteração do projeto abaixo indicado: 1) Título do Projeto: Festival “Movimento Cidade” 2026-2028 (8ª, 9ª e 10ª Edições) Processo n°: 2025-3XG6Z Proponente: Movimento Cidade Projetos Criativos Cnpj: 37.281.569/0001-82 Valor ano 1: R$500.000,00 Valor ano 2: R$500.000,00 Valor ano 3: R$500.000,00 Valor Total: R$1.500.000,00 O extrato da ATA estará disponível no site da SECULT: www.secult.es.gov.br. Vitória, 29 de Janeiro de 2026 Maria Thereza Bosi de Magalhães Subsecretaria de Estado - SECULT/SUBFIC Protocolo 1719471 DESCENTRALIZAÇÃO ORÇAMENTÁRIA EXTERNA PORTARIA N º 004-R, de 30 de janeiro de 2026 O Secretário de Estado da Cultura, no uso de suas atribuições legais, de acordo com a Lei nº 12.718, de 23 de dezembro de 2025, que aprova o Orçamento Anual do Estado para o exercício de 2026, a Portaria SEP nº 001-R, de 07 de"
Lei de Incentivo à Cultura Capixaba,10853_57,0,2026-01-23,57,DIO,"{""data"": ""2026-01-23"", ""paginas"": 104, ""pagina"": 57, ""pdf_id"": 1069153, ""year"": ""2026"", ""month"": ""01"", ""day"": ""23"", ""diario_id"": 10853, ""tipo_edicao"": 1}","DIÁRIO OFICIAL DOS PODERES DO ESTADO E X E C U T I V O 50 Vitória (ES), sexta-feira, 23 de Janeiro de 2026. DESCENTRALIZAÇÃO ORÇAMENTÁRIA EXTERNA PORTARIA N º 002-R, de 22 de janeiro de 2026 O Secretário de Estado da Cultura, no uso de suas atribuições legais, de acordo com a Lei nº 12.718, de 23 de dezembro de 2025, que aprova o Orçamento Anual do Estado para o exercício de 2026, a Portaria SEP nº 001-R, de 07 de janeiro de 2026, que aprova os Quadros de Detalhamento das Despesas Orçamentárias - QDD e o Decreto nº 3.541 de 12 de março de 2014 e nº 3636-R, de 19 de agosto de 2014 e suas alterações, que dispõem sobre a Descentralização da Execução de Créditos Orçamentários, RESOLVE: Art. 1º - Descentralizar a execução do crédito orçamentário prevista no Termo de Cooperação Nº. 002/2025, na forma a seguir especificada: I - OBJETO: Realização de projeto de pesquisa com foco na análise executiva da Lei de Incentivo à Cultura Capixaba (LICC), a fim de identificar oportunidades e mensurar o impacto do investimento na economia capixaba. II - Termo de Cooperação nº. 002/2025, 05 de junho de 2025 III - VIGÊNCIA: Data de início: 23 de janeiro de 2026 Data de término: 31 de dezembro de 2026 IV - DE/Concedente: Órgão: 40 - SECRETARIA DE ESTADO DA CULTURA UO: 40101 - SECRETARIA DE ESTADO DA CULTURA UG: 400101 - SECRETARIA DE ESTADO DA CULTURA V - PARA/Executante: Órgão 32 - SECRETARIA DE ESTADO DE CIÊNCIA, TECNOLOGIA, INOVAÇÃO E EDUCAÇÃO PROFISSIONAL UO: 32901 - FUNDO ESTADUAL DE CIÊNCIA E TECNOLOGIA - FUNCITEC UG: 320901 - FUNDO ESTADUAL DE CIÊNCIA E TECNOLOGIA - FUNCITEC V - CRÉDITO DESCENTRALIZAÇÃO DE CREDITO UG EMITENTE: 400.101 - SECULT ESFERA CÓDIGO ESPECIFICAÇÃO (NOME DA AÇÃO) UO PROG. TRABALHO Fiscal 40101 Pesquisa e Diagnóstico das Cadeias Produtivas 13.392.0043.2111 da Cultura UG FAVORECIDA: 320.901 - FUNCITEC FONTE NATUREZA DA UGR PLANO RECURSO DESPESA ORÇAMENTÁRIO VALOR (R$) 1500.000000 169.217,77 3.3.90.20.00 400101 1580 - Desenvolvimento de Ações de Ciência, Tecnologia e Inovação CRONOGRAMA DE DISTRIBUIÇÃO MENSAL DE LIBERAÇÃO DE COTA DISPONIVEL A EMPENHAR JAN: 169.217,77 MAI: SET: FEV: JUN: OUT: MAR JUL: NOV: ABR: AGO: DEZ: TOTAL 169.217,77 Art. 2º - Esta Portaria entra em vigor na data de sua publicação, revogadas as disposições em contrário. Espírito Santo, 22 de janeiro de 2026 FABRICIO NORONHA FERNANDES SECRETÁRIO DE ESTADO DA CULTURA Protocolo 1713278 Assinado digitalmente pelo DIO - DEPARTAMENTO DE IMPRENSA OFICIAL DO ESTADO DO ESPÍRITO SANTO Data: Quinta-feira, 22 de Janeiro de 2026 às 23:07:27 Código de Autenticação: be7d4c3a"
Lei de Incentivo à Cultura Capixaba,10853_53,0,2026-01-23,53,DIO,"{""data"": ""2026-01-23"", ""paginas"": 104, ""pagina"": 53, ""pdf_id"": 1069149, ""year"": ""2026"", ""month"": ""01"", ""day"": ""23"", ""diario_id"": 10853, ""tipo_edicao"": 1}","cativa de Dispensa de Chamamento Público para Celebração do Termo de Fomento Nº SETADES/168/2025 Processo nº.: 2025-80GV2 Partes: Estado do Espírito Santo por intermédio da Secretaria de Estado de Trabalho, Assistência e Desenvolvimento Social e a Associação de Pais e Amigos dos Excepcionais de Governador Lindenberg. Objeto: Cooperação técnica e financeira para manutenção do Serviço de Convivência e Fortalecimento de Vínculos ofertado pela Associação de Pais e Amigos dos Excepcionais de Governador Lindenberg, para pessoas com deficiência mental, múltipla e transtorno global do desenvolvimento e seus familiares, por meio da realização de despesas de custeio. Valor: R$ 14.995,78 (quatorze mil novecentos e noventa e cinco reais e setenta e oito centavos), proveniente da Emenda Parlamentar nº 0153 LOA 2025. Fundamento Legal: Artigo 29, Lei 13.019/2014, alterada pela Lei nº 13.204/2015 Justificativa: Trata-se de recursos decorrentes de emenda parlamentar à Lei Orçamentária Anual - LOA. Vitória, 22 de janeiro de 2026. Cyntia Figueira Grillo Secretária de Estado de Trabalho, Assistência e Desenvolvimento Social Protocolo 1713425 Secretaria de Estado da Cultura - SECULT AVISO DE RESULTADO LEI DE INCENTIVO À CULTURA CAPIXABA - LICC A SECULT torna público para amplo conhecimento a HABILITAÇÃO do projeto abaixo indicado: 1) Título do Projeto: Borana Jazz Processo n°: 2025-Z13BW Proponente: Julio Cesar De Vasconcelos Cnpj: 21.715.980/0001-89 Valor: R$161.937,30 2) Título do Projeto: Festivalzinho de Cinema de Vitória Processo n°: 2025-KCGPL Proponente: Galpão Produções Artísticas e Culturais LTDA Cnpj: 02.616.581/0001-16 Valor: R$500.000,00 Assinado digitalmente pelo DIO - DEPARTAMENTO DE IMPRENSA OFICIAL DO ESTADO DO ESPÍRITO SANTO Data: Quinta-feira, 22 de Janeiro de 2026 às 23:07:26 Código de Autenticação: be7d4c3a"
Lei de Incentivo à Cultura Capixaba,10842_29,0,2026-01-21,29,DIO,"{""data"": ""2026-01-21"", ""paginas"": 68, ""pagina"": 29, ""pdf_id"": 1068716, ""year"": ""2026"", ""month"": ""01"", ""day"": ""21"", ""diario_id"": 10842, ""tipo_edicao"": 1}","DIÁRIO OFICIAL DOS PODERES DO ESTADO E X E C U T I V O 22 Art. 4º: Esta Portaria entra em vigor na data da sua publicação. Vitória, 19 de janeiro de 2026 Fabrício Noronha Fernandes Secretário de Estado da Cultura Protocolo 1710875 Vitória (ES), quarta-feira, 21 de Janeiro de 2026. ERRATA No AVISO DE RESULTADO LEI DE INCENTIVO À CULTURA CAPIXABA - LICC, publicado no Diário Oficial dos Poderes do Estado - DIO/ES, na data de 11/12/2025 de pág. 43, referente ao projeto Algazarra Coral: formação vocal e responsabilidade social. Onde se lê: 7) Valor ano 1: R$ 389.174,50 PORTARIA Nº 010-S, de 19 DE JANEIRO DE 2026 Dispõe sobre a COMISSÃO DE SELEÇÃO que conduzirá o processo de seleção das propostas enviadas pelos municípios do Estado do Espírito Santo no âmbito do Programa de Coinvestimento da Cultura - Fundo a Fundo Espaços Culturais, visando à transferência de recursos na modalidade fundo a fundo do Fundo de Cultura do Estado do Espírito Santo - FUNCULTURA, criado pela Lei Complementar nº 458, de 20 de outubro de 2008, destinada exclusivamente a ações de requalificação de centros culturais, bibliotecas, museus, arquivos, salas de cinema e outros espaços culturais em posse do Poder Público Municipal. O SECRETÁRIO DE ESTADO DA CULTURA, no uso das atribuições legais e considerando o disposto na Lei Complementar nº 458, de 20 de outubro de 2008, no Decreto nº 4960-R, de 27 de agosto de 2021, e suas alterações posteriores, na Instrução Normativa SECULT Nº 004, de 15 de outubro de 2025, e suas alterações posteriores. RESOLVE: Art. 1º DESIGNAR os membros abaixo relacionados para compor a COMISSÃO DE SELEÇÃO prevista no art. 8º, da Instrução Normativa SECULT Nº 004, de 15 de outubro de 2025: Diego Loureiro Cecato Nunes - n° funcional 4510623-1 Villinevy Koppe Robbi - n° funcional 4509935-1 Marcelo Braz de Souza - nº funcional 3868559-3 Kivia Silva Tosta - nº funcional 4799968-1 Miria Donadia Nascimento - nº funcional 4846397-1 Rodrigo Zotelli Queiroz - nº funcional 2949008-4 Duílio Henrique Kuster Cid - nº funcional 2668866-2 Maria Emília Fernandes Moça Vasconcellos - n° funcional 4003217-1 Art. 2º A COMISSÃO DE SELEÇÃO será presidida pelo Gerente do Sistema Estadual de Cultura, servidor Villinevy Koppe Robbi, e em sua ausência, pelo servidor Diego Loureiro Cecato Nunes. Art. 3º A vigência da Comissão instituída por este ato encerrará 01 (um) ano a partir da data da publicação desta portaria. Art. 4º: Esta Portaria entra em vigor na data da sua publicação. Vitória, 19 de janeiro de 2026 Fabrício Noronha Fernandes Secretário de Estado da Cultura Protocolo 1710877 Leia-se: 7) Valor ano 1: 389.074,50 Vitória, 20 de janeiro de 2026. Maria Thereza Bosi de Magalhães Subsecretaria de Fomento e Incentivo à Cultura Protocolo 1711372 Secretaria de Estado da Agricultura, Abastecimento, Aquicultura e Pesca - SEAG PORTARIA nº 006-S, de 20 de janeiro de 2026. O SUBSECRETÁRIO DE ESTADO PARA ASSUNTOS ADMINISTRATIVOS, no uso da delegação de competência que lhe foi outorgada pela Portaria SEAG nº 014-S, de 26 de janeiro de 2023, publicada no DOE de 27 de janeiro de 2023, RESOLVE: DESIGNAR, a servidora LOUISE BUSSOLOTTI,"
Lei de Incentivo à Cultura Capixaba,10837_6,0,2026-01-19,6,DIO,"{""data"": ""2026-01-19"", ""paginas"": 76, ""pagina"": 6, ""pdf_id"": 1067478, ""year"": ""2026"", ""month"": ""01"", ""day"": ""19"", ""diario_id"": 10837, ""tipo_edicao"": 1}","IMPRENSA OFICIAL DO ESPÍRITO SANTO 19 de janeiro de 2026 Festival Batidas do Mundo traz grandes nomes da percussão ao Cais das Artes Marcos Suzano Trio, Barbatuques e Negadeza estão entre as atrações do evento. A entrada é gratuita, e os ingressos podem ser retirados pelo site www.batidasdomundo.com.br \ O Festival será nos dias 30 e 31 de janeiro, no Cais das Artes, Enseada do Suá, em Vitória A primeira edição do Festival Batidas do Mundo vai trazer grandes nomes da percussão nacional ao palco do Cais das Artes, em Vitória, nos próximos dias 30 e 31 de janeiro. Marcos Suzano Trio, Barbatuques e Negadeza estão entre as atrações do evento, que vai contar com uma homenagem ao mestre Naná Vasconcelos (1944-2016) e com shows de percussionistas renomados em atividade no Espírito Santo, como Edu Szajnbrum, Luccas Martins e Léo de Paula. A curadoria é do músico percussionista Marcos Suzano, diretor artístico do Percpan – Festival Panorama Percussivo Mundial, um dos maiores eventos de percussão do Brasil, realizado anualmente na Bahia. O Festival Batidas do Mundo é uma realização da Caju Produções, viabilizada pela Lei de Incentivo à Cultura Capixaba (Licc) do Governo do Estado, através da Secretaria da Cultura (Secult). Tem patrocínio do Grupo Águia Branca e da Decolores, e o apoio cultural da Organização de Estados Ibero-americanos para a Educação, a DIVULGAÇÃO / SECULT Ciência e a Cultura (OEI) e da VAM Instrumentos Musicais. As apresentações no Cais das Artes coroam uma programação que teve início no dia 14 de janeiro, com o ciclo de oficinas gratuitas de percussão coordenadas por Edu Szajnbrum, em Cachoeiro de Itapemirim; por Mestre Léo, da Banda de Congo Carapebus, e Wander Sagrilo, no município de Serra; e Gabriel Policarpo, em Vitória. PREVISÃO DO TEMPO / Nesta segunda-feira, o tempo permanece aberto até o fim da manhã em todo o Espírito Santo. A partir da tarde, áreas de instabilidade associadas à aproximação de uma frente fria provocam pancadas de chuva com trovoadas nas regiões Sul, Serrana e em parte da Região Noroeste. À noite, as trovoadas avançam para o litoral sul e a Grande Vitória. PROGRAMAÇÃO TVE/ES - TV ABERTA - CANAL 2 / NET - CANAL 15 / RCA - CANAL 5 06H00 – ENERGIA 06H30 – AGROCULTURA 07H00 – COCORICÓ 07H15 – PEPPA PIG 07H30 – LÉO, O CAMINHÃO 07H35 – PLANETA PALAVRA 07H45 – OI, DUGGEE! 07H55 – PARQUINHO JURÁSSICO 08H00 – QUINTAL DA CULTURA 12H00 – TVE REVISTA AO VIVO 12H45 – REPÓRTER BRASIL TARDE – AO VIVO 13H30 – JORNAL DA TARDE – GRAVADO (Com LIBRAS) 14H15 – MEU AMIGÃOZÃO 14H30 – CONTOS DA MASHA 14H45 – VIOLA E TAMBOR 15H00 – GILDO 15H15 – BLUEY 15H30 – PEQUENOS MESTRES 15H45 – O SHOW DA LUNA 16H00 – SEM CENSURA AO VIVO 18H00 – TVE NOTICIA AO VIVO 18H30 – STADIUM AO VIVO 19H00 – TVE ESPORTES AO VIVO 20H00 – CARTÃO VERDE (ESPECIAL SÓCRATES) Assinado digitalmente pelo DIO - DEPARTAMENTO DE IMPRENSA OFICIAL DO ESTADO DO ESPÍRITO SANTO Data: Domingo, 18 de Janeiro de 2026 às 0:01:44 Código de Autenticação: c4b49ecc 21H00 – JORNAL DA CULTURA – AO VIVO 22H00 – RODA VIVA 23H30 – METRÓPOLIS – INÉDITO 00H00 – ENTRELINHAS 00H30 – CULTURA LIVRE 01H00 – FUTURANDO 01H30 – SANGUE OCULTO 02H30 – CAMINHOS DA REPORTAGEM 03H00 – SESSÃO DE CINEMA – O BANDIDO DA LUZ VERMELHA 05H00 – BRASIL VISTO DE CIMA 05H30 – BRASIL VISTO DE CIMA 6"
Lei de Incentivo à Cultura Capixaba,10821_54,0,2026-01-13,54,DIO,"{""data"": ""2026-01-13"", ""paginas"": 90, ""pagina"": 54, ""pdf_id"": 1065541, ""year"": ""2026"", ""month"": ""01"", ""day"": ""13"", ""diario_id"": 10821, ""tipo_edicao"": 1}","EXECUTIVO DIÁRIO OFICIAL DOS PODERES DO ESTADO 47 Vitória (ES), terça-feira, 13 de Janeiro de 2026. I - Advertência; II - Devolução parcial ou integral da importância recebida, com correção monetária, a partir da autorização de movimentação da conta, baseada na conversão do valor pela VRTE (Valor de Referência do Tesouro Estadual) e juros de 1% ao mês. III - Suspensão, por até 2 (dois) anos, para inscrever, captar e executar projetos pela Lei de Incentivo à Cultura Capixaba. Parágrafo único. As sanções previstas neste artigo serão aplicadas de forma proporcional à gravidade da infração. Art. 75. O agente cultural que cometer fraudes ou praticar qualquer ação para burlar a lei estará sujeito às sanções previstas no art. 74. Art. 76 A aplicação das sanções previstas nesta Instrução Normativa será realizada pelo Secretário Estadual de Cultura, por meio de notificação ao responsável, decorrendo de recomendação do fiscal de execução ou parecer técnico da análise da prestação de contas. § 1º O agente cultural responsabilizado poderá interpor recurso dirigido ao Secretário, no prazo de 05 (cinco) dias contados a partir da notificação da decisão de aplicação de sanção. § 2º No caso de parcial procedência ou improcedência do recurso, o agente cultural será notificado do julgamento, bem como do valor definitivo a ser recolhido, se for o caso, dentro do prazo de 15 (quinze) dias, ao tesouro do Estado. § 3º Se após notificação, o agente cultural descumprir o prazo estabelecido no parágrafo anterior deste artigo a reprovação da prestação de contas será automática, bem como a inclusão de seu CNPJ no CADIN-ES e a devida inscrição em Dívida Ativa. CAPÍTULO VIII DAS DISPOSIÇÕES FINAIS Art. 77 Fica vedada a transferência de titularidade de projetos para outra pessoa jurídica. Art. 78 Os prazos previstos nesta Instrução Normativa serão contados em dias corridos. Art. 79 Todos os anexos apresentados pelo agente cultural deverão ser nomeados de acordo com o seu conteúdo e devem estar em formato PDF com tamanho máximo de 10MB. Art. 80 O agente cultural é responsável por comunicar a qualquer tempo, sobre fato ou evento que venha a alterar seus dados cadastrais e a sua situação particular. Art. 81 O agente cultural é responsável pela guarda e manutenção de toda documentação referente ao projeto, devendo a documentação original ser mantida em arquivo de boa ordem, à disposição da SECULT e dos órgãos de controle interno e externo, pelo prazo de 10 (dez) anos. Art. 82 Os casos não previstos nesta Instrução Normativa serão decididos pelo Secretário de Estado da Cultura. Art. 83 Fazem parte integrante desta Instrução Normativa os seguintes anexos: Anexo I - Planilha De Custos Anexo II - Carta De Anuência Anexo III - Plano De Distribuição Anexo IV - Plano Pedagógico Anexo V - Plano De Comercialização Anexo VI - Memorial Descritivo Dos Serviços A Serem Realizados No Imóvel Anexo VII - Termo De Compromisso De Patrocínio Anexo VIII - Relatório De Execução Anexo IX - Relatório De Encerramento De Conta Art. 84 Essa Instrução Normativa entra em vigor na data de sua publicação no Diário Oficial do Estado. FABRICIO NORONHA FERNANDES Secretário de Estado da Cultura Protocolo 1705597 PORTARIA Nº 004-S, 09 de janeiro de 2026 O SECRETÁRIO DE ESTADO DA CULTURA,"
Lei de Incentivo à Cultura Capixaba,10821_52,0,2026-01-13,52,DIO,"{""data"": ""2026-01-13"", ""paginas"": 90, ""pagina"": 52, ""pdf_id"": 1065539, ""year"": ""2026"", ""month"": ""01"", ""day"": ""13"", ""diario_id"": 10821, ""tipo_edicao"": 1}","ação de Serviços, quando for cabível. DIÁRIO OFICIAL DOS PODERES DO ESTADO Art. 60 Os recursos incentivados não podem ser utilizados para pagamento das seguintes despesas: I - Remuneração, a qualquer título, de servidor público do quadro de pessoal ativo da Secretaria de Estado da Cultura; II - Remuneração, a qualquer título, de colaborador do quadro de pessoal ativo do patrocinador; III - Aquisição de bebidas alcóolicas; IV - Instalação de camarotes, áreas VIP e similares; e V - Premiações. Parágrafo único. Em casos específicos, em razão da natureza do projeto, o disposto no inciso V poderá ser relativizado, desde que devidamente justificado. Art. 61 Nos casos de projetos que tiverem previsão de outras fontes de financiamento, estas deverão ser informadas no momento da inscrição, mediante apresentação de planilha de custos detalhando as despesas e especificando as respectivas fontes de financiamento. Além disso, essas informações deverão ser apresentadas na prestação de contas. § 1º Fica vedada a utilização de recursos provenientes de editais Fundo Estadual de Cultura do Espírito Santo (FUNCULTURA-ES) como fonte de financiamento complementar para projetos incentivados por meio da Lei de Incentivo à Cultura Capixaba (LICC). § 2º A incompatibilidade de fontes de financiamento, quando identificada, poderá acarretar o indeferimento da inscrição do projeto ou outras sanções previstas nesta Instrução Normativa. CAPÍTULO VI DA PRESTAÇÃO DE CONTAS Art. 62 Por meio da prestação de contas, o agente cultural deve comprovar inequivocamente a realização do objeto do projeto. Parágrafo único. Entende-se como objeto do projeto cultural o conjunto de atividades, ações, etapas e fases descritas nos formulários e demais documentos apresentados pelo agente cultural e aprovadas pela Comissão de Avaliação Permanente - CAP, como período e local de realização, contratações, bem como ações de comunicação, divulgação, uso correto da logomarca e alcance do público alvo do projeto. Art. 63 A prestação de contas consiste na apresentação do Relatório de Execução junto com o Relatório de Encerramento da Conta, o qual deve ser apresentado pelo agente cultural à SECULT no prazo de até 60 (sessenta) dias contados da data final prevista para a etapa de pós-produção no cronograma apresentado. § 1º O prazo descrito no caput pode ser prorrogado uma única vez, por até 30 (trinta) dias, desde que o agente cultural apresente solicitação justificada antes do término do prazo estabelecido. § 2º Os modelos de relatórios citados no caput deste artigo estarão disponíveis nos ANEXOS VIII e IX desta Instrução Normativa, bem como no site da Secretaria de Estado da Cultura. Art. 64 Para fins de análise da prestação de contas, o agente cultural deverá apresentar os seguintes documentos: I - Relatório de Execução, acompanhado de documentos que evidenciem a execução da ação cultural, tais como: a) fotos; b) convites; c) DVDs, CDs, livros, revistas e catálogos; d) relatório de venda de ingressos e borderôs, quando houver; e) lista de presença, declaração de estimativa de público, declaração de realização do espetáculo/ Assinado digitalmente pelo DIO - DEPARTAMENTO DE IMPRENSA OFICIAL DO ESTADO DO ESPÍRITO SANTO Data: Segunda-feira, 12 de Janeiro de 2026 às 22:40:16 Código de Autenticação: aa380104"
Lei de Incentivo à Cultura Capixaba,10821_51,0,2026-01-13,51,DIO,"{""data"": ""2026-01-13"", ""paginas"": 90, ""pagina"": 51, ""pdf_id"": 1065538, ""year"": ""2026"", ""month"": ""01"", ""day"": ""13"", ""diario_id"": 10821, ""tipo_edicao"": 1}","artigo não se aplica aos projetos inscritos na linha de formatos especiais, especificamente os que possuam planos plurianuais, podendo ter prazo de execução de até 03 anos. § 4º Em caso fortuito, força maior, ou considerando a natureza do objeto do projeto, desde que devidamente justificado pelo agente cultural e aprovado pela SECULT, o prazo estabelecido no caput deste artigo poderá ser ampliado. Art. 52 Durante a realização do projeto, o agente cultural deverá: I - Manter o perfil do projeto atualizado na aba correspondente do Mapa Cultural com todas as atividades, para fins de alimentação do banco de dados, acompanhamento e divulgação. II - Informar, com antecedência mínima de 15 (quinze) dias, as datas, horários, locais e nomes dos responsáveis pela execução de todas as ações previstas no projeto, através do envio das informações por e-mail; III - Incluir, em todo material de comunicação, as marcas que identificam o financiamento da LICC e o patrocínio da empresa nos bens, produtos e serviços culturais resultantes, conforme Manual de Identidade Visual disponibilizado pela SECULT; IV - Citar verbalmente o apoio do Governo do Espírito Santo por meio da Secretaria da Cultura e da Lei de Incentivo à Cultura Capixaba em todas as ocasiões de apresentação e divulgação do projeto, bem como em todas as entrevistas à imprensa. V - Exibir o vídeo institucional da LICC, disponibilizado por esta Secretaria, em todas as ocasiões de exibição de vídeos institucionais, seja do proponente, patrocinador ou eventuais outros apoiadores. Parágrafo único. Observado o descumprimento de qualquer inciso disposto neste artigo, o proponente estará sujeito à aplicação de sanções previstas no Art. 74. Art. 53 Em todas as ações de comunicação, os logotipos e demais marcadores que identificam o Patrocinador devem manter a proporcionalidade com o Governo do Estado. Parágrafo único. O disposto no caput deste artigo é aplicável para peças publicitárias como banners, Assinado digitalmente pelo DIO - DEPARTAMENTO DE IMPRENSA OFICIAL DO ESTADO DO ESPÍRITO SANTO Data: Segunda-feira, 12 de Janeiro de 2026 às 22:40:16 Código de Autenticação: aa380104"
Lei de Incentivo à Cultura Capixaba,10821_44,0,2026-01-13,44,DIO,"{""data"": ""2026-01-13"", ""paginas"": 90, ""pagina"": 44, ""pdf_id"": 1065531, ""year"": ""2026"", ""month"": ""01"", ""day"": ""13"", ""diario_id"": 10821, ""tipo_edicao"": 1}","de bens, serviços e conteúdos culturais do Espírito Santo; VIII - fomentar a pesquisa, a crítica e a produção de conhecimento no campo da cultura, das linguagens artísticas e do patrimônio cultural; IX - apoiar a capacitação e o aperfeiçoamento dos artistas, técnicos, gestores e demais trabalhadores das áreas da cultura; X - contribuir para a implementação das ações do Plano Estadual de Cultura do Espírito Santo e demais políticas públicas de cultura nos territórios capixabas; XI - apoiar a ativação, reforma e manutenção de espaços culturais que realizem atividades culturais abertas ao público. CAPÍTULO II DA APRESENTAÇÃO DE PROJETOS Art. 6º Poderão apresentar projetos culturais as pessoas jurídicas de direito privado, com ou sem fins lucrativos, regularmente cadastradas como agente cultural na plataforma online Mapa Cultural ES, por meio do endereço eletrônico www.mapa.cultura. es.gov.br. Parágrafo único. O agente cultural deverá ter natureza ou finalidade cultural expressa em seus atos constitutivos e sede comprovada no Estado do Espírito Santo há pelo menos 02 anos. Art. 7º Não será permitida a apresentação de DIÁRIO OFICIAL DOS PODERES DO ESTADO projetos culturais no âmbito da Lei de Incentivo à Cultura Capixaba (LICC) pelas seguintes entidades: I - Empresas de imprensa e comunicação detentoras de concessão de rádio ou de televisão; II - Periódicos de publicação regular e de caráter comercial, como jornais diários; III - Entidades que compõem o Sistema S. Art. 8º Fica vedada a apresentação de projetos por agente cultural nas situações descritas no artigo 6º Decreto nº 5.035-R/21, a saber: I - pessoa jurídica que tenha como proprietários, sócios ou diretores servidores estaduais ativos; e II- pessoa jurídica cujos proprietários, sócios ou diretores sejam cônjuges, companheiros ou parentes até terceiro grau, na linha reta ou colateral, consanguíneo ou afim, de servidor da Secretaria de Estado da Cultura. Art. 9º Os projetos culturais poderão ser apresentados nas seguintes linhas de financiamento: I - Linguagens artísticas: a) Artes Cênicas: teatro, dança, circo, performance, ópera e outras manifestações congêneres; b) Artes Visuais: artes plásticas, fotografia e outras manifestações congêneres; c) Música; d) Literatura, livro e leitura. § 1º Os projetos apresentados na linha de financiamento acima indicada poderão ser destinados à produção de novos bens e serviços; ou que promovam a fruição de bens, produtos e atividades culturais; ou, destinados à capacitação ou formação artística; ou ainda, que promovam a difusão e circulação de atividades artístico-culturais. II - Outros segmentos da economia criativa: a) Cultura Digital, inovação e tecnologia; b) Jogos e aplicativos; c) Programas de rádio, podcasts, webséries e outras manifestações congêneres; d) Design; e) Arquitetura e urbanismo; f) Gastronomia; g) Moda; h) Artesanato § 2º Os projetos apresentados neste inciso destinam-se a estimular a economia solidária, promover a inovação e desenvolvimento, e/ou incentivar a formalização das cadeias produtivas, ampliação do mercado de trabalho, do emprego e da geração de renda. III - Planos plurianuais: a) Projetos que tenham como objeto apoio a Espaços Culturais, com o objetivo de viabilizar sua manutenção, programação, atividades de comunicação, aquisição de móveis, aquisição de equipamentos e soluções tecnológicas, adaptações de espaços, entre outras necessidades; b) Projetos que tenham como objeto formação cultural, com atividades de caráter permanente e continuado; c) Projetos que tenham como objeto apoio a corpos artísticos estáveis ou a outros grupos culturais com execução contínua de atividades; d) Projetos que tenham como objeto realização de eventos com edições recorrentes. § 3º Os projetos apresentados neste inciso podem propor plano de execução de até 03 anos, ficando condicionado à apresentação de termos de compromissos de patrocínios anuais e prestação de contas periódicas. § 4º Para efeito de aplicação da alínea “a”, entende-se Assinado digitalmente pe"
Lei de Incentivo à Cultura Capixaba,10821_43,0,2026-01-13,43,DIO,"{""data"": ""2026-01-13"", ""paginas"": 90, ""pagina"": 43, ""pdf_id"": 1065530, ""year"": ""2026"", ""month"": ""01"", ""day"": ""13"", ""diario_id"": 10821, ""tipo_edicao"": 1}","Lima - N.F. 4463820. Vitória, 12 de janeiro de 2026. Cyntia Figueira Grillo Secretária de Estado de Trabalho, Assistência e Desenvolvimento Social Protocolo 1705649 1º Termo Aditivo ao Termo de Fomento n.º 144/2024 Processo nº: 2024-546WK Adm. Pública: Estado do Espírito Santo por intermédio da Secretaria de Estado de Trabalho, Assistência e Desenvolvimento Social. Convenente: Obras Sociais Nossa Senhora da Penha - Obra Social Vill’agindo para Ser Feliz. Objeto: Prorrogar o prazo de vigência que trata a Cláusula Sexta - Da vigência, de 31 de janeiro de 2026, para 30 de abril de 2026. Vitória, 09 de janeiro de 2026 CYNTIA FIGUEIRA GRILLO Secretária de Estado de Trabalho, Assistência e Desenvolvimento Protocolo 1705165 RETIFICAÇÃO Na redação da Portaria nº. 007-S, de 08/01/2026, publicada no Diário Oficial em 12/01/2026; ONDE SE LÊ: Sandy Costa Velasco LEIA-SE: Sandy Velasco Fontana Protocolo 1705187 Secretaria de Estado da Cultura - SECULT INSTRUÇÃO NORMATIVA Nº 001/2026 DE 12 DE JANEIRO DE 2026. Dispõe sobre os procedimentos para cadastramento, inscrição do projeto, julgamento, captação de recursos, execução e prestação de contas de projetos culturais com financiamento indireto da Lei de Incentivo à Cultura Capixaba conforme previsto na Lei Estadual nº 11.246/21 e pelo Decreto nº 5.035-R, de 15 de dezembro de 2021. O SECRETÁRIO DE ESTADO DA CULTURA, no uso das atribuições legais e considerando o disposto na Lei Estadual nº 11.246/21 e o art. 1º do Decreto nº 5.035-R, de 15 de dezembro de 2021, RESOLVE: CAPÍTULO I DAS DISPOSIÇÕES PRELIMINARES Art. 1º O financiamento de projetos culturais por meio da Lei de Incentivo à Cultura Capixaba - LICC, nos termos dos arts. 5º-B, IX, da Lei nº 7.000, de 27 de dezembro de 2001, alterado pela Lei nº 11.246, de 07 de abril de 2021, é regido pelo Decreto nº 5.035-R, de 15 de dezembro de 2021, pela presente Assinado digitalmente pelo DIO - DEPARTAMENTO DE IMPRENSA OFICIAL DO ESTADO DO ESPÍRITO SANTO Data: Segunda-feira, 12 de Janeiro de 2026 às 22:40:12 Código de Autenticação: aa380104"
Lei de Incentivo à Cultura Capixaba,10800_34,0,2026-01-07,34,DIO,"{""data"": ""2026-01-07"", ""paginas"": 76, ""pagina"": 34, ""pdf_id"": 1061806, ""year"": ""2026"", ""month"": ""01"", ""day"": ""07"", ""diario_id"": 10800, ""tipo_edicao"": 1}","RATO DE DOAÇÃO COM ENCARGOS SEAG Nº 0605/2025 - PROCESSO SEAG Nº 2025-K3MW2. DOADOR: Secretaria da Agricultura, Abastecimento, Agricultura e Pesca - SEAG, CNPJ/ MF: 27.080.555/0001-47. DONATÁRIO: Município de Atílio Vivacqua, CNPJ/ MF: 27.165.620/0001-37. OBJETO: 02 (dois) Arados Fixo para Trator 75cv. Valor: R$ 18.540,00 Vitória, 06 de janeiro de 2026 Enio Bergoli da Costa Secretário de Estado da Agricultura, Abastecimento, Aquicultura e Pesca Protocolo 1701562 ERRATA RESUMO DO CONTRATO DE DOAÇÃO COM ENCARGOS SEAG Nº 0606/2025 - PROCESSO SEAG Nº 2025-ZLSNB. DOADOR: Secretaria da Agricultura, Abastecimento, Agricultura e Pesca - SEAG, CNPJ/ MF: 27.080.555/0001-47. DONATÁRIO: Município de Pancas, CNPJ/MF: 27.174.150/0001-78. OBJETO: 01 (um) Arado Fixo para Trator 75cv. Valor: R$ 9.270,00 Vitória, 06 de janeiro de 2026 Enio Bergoli da Costa Secretário de Estado da Agricultura, Abastecimento, Aquicultura e Pesca Protocolo 1701568 Parágrafo Único: A íntegra do referido Código de Ética encontra-se disponível no site da Secretaria de Estado da Cultura. Art.2º. Esta Portaria entrará em vigor na data da sua publicação. Art. 3º. Revogam-se as disposições em contrário. No AVISO DE RESULTADO LEI DE INCENTIVO À CULTURA CAPIXABA - LICC, publicado no Diário Oficial dos Poderes do Estado - DIO/ES, na data de 14/08/2025 de pág. 27. Onde se lê: 1) Título do Projeto: Festival “Movimento Cidade” 2025-2027 (7ª, 8ª e 9ª Edições) Processo n: 2025-T35L6 Leia-se: 1) Título do Projeto: Festival “Movimento Cidade” 2026-2028 (8ª, 9ª E 10ª Edições) Processo n: 2025-3XG6Z Vitória, 06 de janeiro de 2026. Maria Thereza Bosi de Magalhães Subsecretaria de Fomento e Incentivo à Cultura Protocolo 1701526 Secretaria de Estado da Agricultura, Abastecimento, Aquicultura e Pesca - SEAG RESUMO DO CONTRATO DE DOAÇÃO COM ENCARGOS SEAG Nº 0643/2025 - PROCESSO SEAG Nº 2025-DQCW7. DOADOR: Secretaria da Agricultura, Abastecimento, Agricultura e Pesca - SEAG, CNPJ/ MF: 27.080.555/0001-47. DONATÁRIO: Município de Marilândia, CNPJ/MF: 27.744.176/0001-04. RESUMO DO CONTRATO DE DOAÇÃO COM ENCARGOS SEAG Nº 0626/2025 - PROCESSO SEAG Nº 2025-LBWX2. DOADOR: Secretaria da Agricultura, Abastecimento, Agricultura e Pesca - SEAG, CNPJ/ MF: 27.080.555/0001-47. DONATÁRIO: Município de Águia Branca, CNPJ/MF: 31.796.584/0001-87. OBJETO: 04 (quatro) Carretas Agrícola para Trator 75cv. Valor: R$ 83.300,00 Vitória, 06 de janeiro de 2026 Enio Bergoli da Costa Secretário de Estado da Agricultura, Abastecimento, Aquicultura e Pesca Protocolo 1701712 Assinado digitalmente pelo DIO - DEPARTAMENTO DE IMPRENSA OFICIAL DO ESTADO DO ESPÍRITO SANTO Data: Terça-feira, 6 de Janeiro de 2026 às 21:14:18 Código de Autenticação: 12bb32a0"
Lei de Incentivo à Cultura Capixaba,10777_80,0,2025-12-22,80,DIO,"{""data"": ""2025-12-22"", ""paginas"": 130, ""pagina"": 80, ""pdf_id"": 1056093, ""year"": ""2025"", ""month"": ""12"", ""day"": ""22"", ""diario_id"": 10777, ""tipo_edicao"": 1}","ina da Vida - ONG Cnpj: 05.890.816/0001-51 Valor: R$498.800,00 ONDE SE LÊ: 3) Título do Projeto: Projeto Cultural Eterno Aprendiz Processo n°: 2025-75FLW Proponente: Associação Oficina da Vida - ONG. Cnpj: 05.890.816/0001-51 Valor: R$499.600,00 FASE Envio de propostas pelos municípios PRAZO 10/12 a 23/12/2025 Análise das propostas pela Comissão de 29/12/2025 Habilitação a 16/01/2026 Divulgação do resultado preliminar 19/01/2026 Interposição de recursos 20/01 e 21/01/2026 Análise de recursos pela Comissão de 22/01 a Habilitação 29/01/2026 Publicação do resultado definitivo dos municípios habilitados, com divulgação 30/01/2026 das decisões recursais proferidas (se houver) LEIA-SE: FASE Envio de propostas pelos municípios PRAZO 10/12 a 30/01/2026 Análise das propostas pela Comissão de 02/02/2026 Habilitação a 13/02/2026 Divulgação do resultado preliminar 19/02/2026 Interposição de recursos 20/02 a 23/02/2026 Análise de recursos pela Comissão de 24/02 a Habilitação 26/02/2026 Publicação do resultado definitivo dos municípios habilitados, com divulgação 27/02/2026 das decisões recursais proferidas (se houver) Protocolo 1694721 Secretaria de Estado da Cultura - SECULT AVISO DE RESULTADO LEI DE INCENTIVO À CULTURA CAPIXABA - LICC A SECULT torna público para amplo conhecimento a HABILITAÇÃO do projeto abaixo indicado: 1) Título do Projeto: ATILIO FOLIA - Carnaval Cultural de Atílio Vivácqua Processo n°: 2025-0G2ZD Proponente: G ABREU TURISMO E CULTURA LTDA Cnpj: 27.089.852/0001-53 Valor ano 1: R$489.267,00 Valor ano 2: R$489.267,00 Valor ano3: R$489.267,00 Valor Total: R$1.467.801,00 4) Título do Projeto: Projeto Cultural Tecer Folias - Ano II Processo n°: 2025-V9F70 Proponente: Associação Oficina da Vida - ONG. Cnpj: 05.890.816/0001-51 Valor: R$500.000,00 A autorização de captação é válida por 01 (um) ano, a contar da data desta publicação. O extrato da ATA estará disponível no site da SECULT: www.secult.es.gov.br. Vitória, 18 de Dezembro de 2025 Catarina Maria Linhales Baptista Subsecretaria de Estado (Respondendo) - SECULT/ SUBFIC/GOVES Protocolo 1694368 PORTARIA Nº 110-S, 18 de dezembro de 2025 Institui a Comissão local de Qualidade de Vida no Trabalho - Comissão Qualivida SECULT e designa seus membros. O SECRETÁRIO DE ESTADO DA CULTURA, no uso das atribuições legais, e CONSIDERANDO o Decreto nº 6220-R, de 21 de outubro de 2025, que institui os princípios e diretrizes gerais para a concepção, implantação e promoção do Sistema de Gestão de Qualidade de Vida no Trabalho, previsto no artigo 60 da Lei Complementar nº 637, de 27 de agosto de 2012, por meio de Programas de Qualidade de Vida no Trabalho - QualividaES e dá outras providências; e CONSIDERANDO que cada órgão e entidade deve instituir ou atualizar sua Comissão Local e elaborar o respectivo Programa de Qualidade de Vida no Trabalho (PQVT), de forma a implementar e consolidar as diretrizes do Sistema de Gestão de QVT. RESOLVE Art. 1° Instituir a Comissão local de Qualidade de Vida no Trabalho - Comissão Qualivida SECULT, na forma do art. 7º, do Decreto nº 6220-R, de 21 de outubro de 2025. Assinado digitalmente pelo DIO - DEPARTAMENTO DE IMPRENSA OFICIAL DO ESTADO DO ESPÍRITO SANTO Data: Sábado, 20 de Dezembro de 2025 às 17:19:43 Código de Autenticação: c0b67482"
Lei de Incentivo à Cultura Capixaba,10762_76,0,2025-12-16,76,DIO,"{""data"": ""2025-12-16"", ""paginas"": 121, ""pagina"": 76, ""pdf_id"": 1053156, ""year"": ""2025"", ""month"": ""12"", ""day"": ""16"", ""diario_id"": 10762, ""tipo_edicao"": 1}","ção da meta 3, conforme plano de trabalho, referente ao Termo de Fomento nº 146/2024. Vitória, 15 de dezembro de 2025 CYNTIA FIGUEIRA GRILLO Secretária de Estado de Trabalho, Assistência e Desenvolvimento Social Protocolo 1690334 Resumo do Convênio nº 003/2025 Processo nº 2025-1FL5P Registro SIGEFES: 250720 Concedente: Estado do Espírito Santo por intermédio da Secretaria de Estado de Trabalho, Assistência e Desenvolvimento Social - SETADES. Convenente: Município de Atílio Vivacqua. Objeto: Aquisição de Veículo Automotor - Tipo Passeio, para atender a Secretaria Municipal de Assistência Social de Atílio Vivacqua/ES. Valor: R$ 90.000,00 (noventa mil reais). Vigência: a partir do primeiro dia seguinte ao da publicação de seu extrato na imprensa oficial até 31/12/2026. Dotação Orçamentária: 20.47.901.08.244.0191.2239 Elemento de Despesa: 4.4.40.42 Fonte: 500 Gestor Titular: Cláudia Fardin Soares Pereira matrícula 2740249 Gestor Suplente: Carla Mariane Lima Endlich matrícula 3023974. Vitória, 15 de dezembro de 2025. Cyntia Figueira Grillo Secretária de Estado de Trabalho, Assistência e Desenvolvimento Social Protocolo 1690136 Secretaria de Estado da Cultura - SECULT AVISO DE RESULTADO LEI DE INCENTIVO À CULTURA CAPIXABA - LICC Cnpj: 31.475.999/0001-59 Valor: R$500.000,00 4) Título do Projeto: Centro Cultural Canela Verde Cultura E Arte Processo n°: 2025-FZTLW Proponente: Ananda Lugon Bourguignon Cnpj: 39.830.251/0001-39 Valor: R$161.991,20 5) Título do Projeto: Biblioteca Itinerante Vila Quilombo Processo n°: 2025-R0CZP Proponente: Paris Serviços E Treinamentos LTDA Cnpj: 36.850.633/0001-36 Valor: R$479.932,00 6) Título do Projeto: Festival Nacional de Forró de Itaúnas Processo n°: 2025-0RV3W Proponente: Fernanda Lima Garcia Eventos Cnpj: 32.115.736/0001-00 Valor ano 1: R$500.000,00 Valor ano 2: R$500.000,00 Valor ano 3: R$500.000,00 Valor Total: R$1.500,000,00 7) Título do Projeto: R2R Música Para Todos 2 Processo n°: 2025-1MT75 Proponente: Instituto Viva Vida Cnpj: 07.377.509/0001-05 Valor: R$500.000,00 8) Título do Projeto: Filarmônica de Mulheres do Espirito Santo - Natal Iluminado Processo n°: 2025-QXK9H Proponente: Instituto Todos os Cantos Cnpj: 11.510.597/0001-30 Valor: R$248.506,00 9) Título do Projeto: A Trupe Barroca - Uma Nova Música Antiga 2026 Processo n°: 2025-FXX9C Proponente: WS Projetos Criativos LTDA Cnpj: 30.216.371/0001-76 Valor: R$499.581.98 A autorização de captação é válida por 01 (um) ano, a contar da data desta publicação. A SECULT torna público para amplo conhecimento a INABILITAÇÃO do projeto abaixo indicado: A SECULT torna público para amplo conhecimento a HABILITAÇÃO do projeto abaixo indicado: 1) Título do Projeto: Ecos do Convento - Luzes da Criação Processo n°: 2025-TGL66 Proponente: Instituto Brasileiro de Apoio ao Desenvolvimento Social e Econômico Cnpj: 06.002.128/0001-70 Valor: R$256.469,40 1) Título do Projeto: Festival Socioambiental Ecos do Convento Processo n°: 2025-NZM6G Proponente: Instituto Brasileiro de Apoio ao Desenvolvimento Social e Econômico Cnpj: 06.002.128/0001-70 Valor: R$454.739,45 2) Título do Projeto: Ecos do Convento Trilhas do Saber Processo n°: 2025-G5V62 Proponente: Instituto Brasileiro de Apoio ao Desenvolvimento Social e Econômico Cnpj: 06.002.128/0001-70 Valor: R$278.076,70 O extrato da ATA estará disponível no site da SECULT: www.secult.es.gov.br. 3) Título do Projeto: XXXV Festa Do Imigrante Italiano De Santa Teresa Processo n°: 2025-WV98F Proponente: Circolo Trentino di Santa Teresa Fica aberto o prazo de 10(dez) dias para apresentação de recurso administrativo na forma do art. 44º da Instrução normativa Secult nº 01/25 Vitória, 11 de Dezembro de 2025 Catarina Maria Linhales Baptista Subsecretaria de Estado (Respondendo) - SECULT/ SUBFIC Protocolo 1690198 Assinado digitalmente pelo DIO - DEPARTAMENTO DE IMPRENSA OFICIAL DO ESTADO DO ESPÍRITO SANTO Data: Segunda-feira, 15 de Dezembro de 2025 às 23:06:57 Código de Autenticação: 771ca847"
Lei de Incentivo à Cultura Capixaba,10746_50,0,2025-12-10,50,DIO,"{""data"": ""2025-12-10"", ""paginas"": 95, ""pagina"": 50, ""pdf_id"": 1048634, ""year"": ""2025"", ""month"": ""12"", ""day"": ""10"", ""diario_id"": 10746, ""tipo_edicao"": 1}","o: Prorrogar o prazo de vigência que trata a Cláusula Sexta - Da vigência, de 31 de dezembro de 2025, para 31 de julho de 2026. Vitória, 9 de dezembro de 2025 CYNTIA FIGUEIRA GRILLO Secretária de Estado de Trabalho, Assistência e Desenvolvimento Protocolo 1686571 3º Termo Aditivo ao Termo de Fomento n.º 034/2024 Processo nº: 2024-J2XH3 Adm. Pública: Estado do Espírito Santo por intermédio da Secretaria de Estado de Trabalho, Assistência e Desenvolvimento Social. Convenente: Associação de Pais e Amigos dos Excepcionais - APAE Santa Leopoldina. Objeto: alterar o montante total de recursos a serem empregados na execução do Termo de Fomento nº SETADES/034/2024 para R$ 97.332,37 (noventa e sete mil trezentos e trinta e dois reais e trinta e sete centavos), devido utilização do saldo remanescente dos recursos, inclusive os rendimentos da aplicação financeira, no valor de R$ 2.055,21 (dois mil e cinquenta e cinco reais e vinte e um centavos), para aplicação no objeto da parceria. Vitória, 9 de dezembro de 2025. CYNTIA FIGUEIRA GRILLO Secretária de Estado de Trabalho, Assistência e Desenvolvimento Protocolo 1686601 Secretaria de Estado da Cultura - SECULT AVISO DE DEPÓSITO DE PATROCÍNIO - LEI DE INCENTIVO À CULTURA CAPIXABA - LICC A SECULT torna público para amplo conhecimento o DEPÓSITO DE RECURSOS FINANCEIROS PELO CONTRIBUINTE PATROCINADOR abaixo indicado: 1) Patrocinador: Transportadora Associada de Gás S.A. - TAG CNPJ: 06.248.349/0004-76 IE: 082.509.85-9 Valor do crédito presumido: R$ 480.000,00 Beneficiário: Caju Produções LTDA ME Projeto contemplado: 11º Cine.Ema - Festival Nacional de Cinema Ambiental do Espírito Santo - Itinerância Vitória, 08 de dezembro de 2025 Maria Thereza Bosi de Magalhães Subsecretaria de Fomento e Incentivo Cultural - SECULT Protocolo 1685680 AVISO DE RESULTADO LEI DE INCENTIVO À CULTURA CAPIXABA - LICC A SECULT torna público para amplo conhecimento a HABILITAÇÃO do projeto abaixo indicado: 1) Título do Projeto: Festival Da Baleia 2025 Processo n°: 2025-DG4T8 Proponente: Instituto O Canal Cnpj: 07.354.446/0001-63 Valor: R$499.996,00 2) Título do Projeto: Boa Vista Carnaval Capixaba 2026 Processo n°: 2025-2MXGB Proponente: Grêmio Recreativo Cultural Esportivo Social Escola de Samba Independente de Boa Vista Cnpj: 28.483.204/0001-40 Valor: R$492.000,00 3) Título do Projeto: Festa do Imigrante Polonês de Águia Branca: Festival Polskich Imigrantów Processo n°: 2025-TRTMG Proponente: Associação Polonesa de Águia Branca Cnpj: 27.570.811/0001-84 Valor: R$500.000,00 4) Título do Projeto: XXX Festival Internacional de Inverno de Música Erudita e Popular de Domingos Martins Processo n°: 2025-6MRS2 Proponente: Associação Montanhas Capixabas Turismo & Eventos Cnpj: 08.492.238/0001-93 Valor: R$500.000,00 5) Título do Projeto: Festival Reencontros II Edição Turmalina Processo n°: 2025-Q041P Proponente: JUPTER Entretenimento, Comunicação e Cultura Cnpj: 33.200.626/0001-09 Valor: R$500.000,00 6) Título do Projeto: Carna Barra - Carnaval da Barra do Jucu Assinado digitalmente pelo DIO - DEPARTAMENTO DE IMPRENSA OFICIAL DO ESTADO DO ESPÍRITO SANTO Data: Terça-feira, 9 de Dezembro de 2025 às 23:01:36 Código de Autenticação: a4f45ef4"
Lei de Incentivo à Cultura Capixaba,10731_62,0,2025-12-03,62,DIO,"{""data"": ""2025-12-03"", ""paginas"": 111, ""pagina"": 62, ""pdf_id"": 1042507, ""year"": ""2025"", ""month"": ""12"", ""day"": ""03"", ""diario_id"": 10731, ""tipo_edicao"": 1}","/2024 para R$118.132,40 (cento e dezoito mil cento e trinta e dois reais e quarenta centavos), devido a utilização do saldo remanescente dos recursos, inclusive os rendimentos da aplicação financeira, no valor de R$3.315,56 (três mil trezentos e quinze reais e cinquenta e seis centavos), para aplicação no objeto da parceria. Vitória, 2 de dezembro de 2025. CYNTIA FIGUEIRA GRILLO Secretária de Estado de Trabalho, Assistência e Desenvolvimento Protocolo 1681798 ERRATA RESOLUÇÃO CEAS/ES N° 709 DE 28 DE NOVEMBRO DE 2025. Dispõe sobre a aprovação da destinação de Emenda Parlamentar para o Fundo Estadual de Assistência Social - FEAS, exercício 2025. ONDE SE LÊ: ITEMORGANIZAÇÃO DAMUNIÍPIO Nº PROCESSO SOCIEDADE CIVIL/ PREFEITURA 2 PREFEITURA DE GUAÇUÍ GUAÇUÍ 2025-F1MCV 15 PESTALOZZI DEALFREDO2025-LV19B ALFREDO CHAVES CHAVES LEIA-SE: ITEMORGANIZAÇÃO DAMUNIÍPIO Nº PROCESSO SOCIEDADE CIVIL/ PREFEITURA 2 PREFEITURA DE GUAÇUÍGUAÇUÍ 2025-T71J5 15 PESTALOZZI DEALFREDO2025-QG26W ALFREDO CHAVES CHAVES Vitória, 02 de dezembro de 2025 Mariana Marangoni de Almeida Presidente Conselho Estadual de Assistência Social - CEAS/ES Protocolo 1681800 Secretaria de Estado da Cultura - SECULT AVISO DE RESULTADO LEI DE INCENTIVO À CULTURA CAPIXABA - LICC A SECULT torna público para amplo conhecimento a HABILITAÇÃO do projeto abaixo indicado: 1) Título do Projeto: Orquestra de violões e canto infanto-juvenil Processo n°: 2025-L5ZGN Proponente: Associação do Menino Jesus - AME. Cnpj: 06.150.769/0001-72 Valor: R$299.779,53 2) Título do Projeto: 13ª Semana Cultural Italiana de Jaguaré Processo n°: 2025-1VZQW Proponente: AMITAJ - Associação Do Movimento Italiano De Jaguaré. Cnpj: 10.820.795/0001-38 Valor: R$275.510,00 3) Título do Projeto: Festival de Cinema de Vitória Processo n°: 2025-J4R03 Proponente: INSTITUTO BRASIL DE CULTURA E ARTE - IBCA. Cnpj: 11.474.955/0001-05 Valor: R$500.000,00 A autorização de captação é válida por 01 (um) ano, a contar da data desta publicação. O extrato da ATA estará disponível no site da SECULT: www.secult.es.gov.br. Vitória, 27 de Novembro de 2025 Maria Thereza Bosi de Magalhães Subsecretaria de Fomento e Incentivo à Cultura Protocolo 1681616 Resumo do Termo de Apostilamento nº 03 do Termo de Colaboração nº 001/2023 Processo nº 2023-BJK5L Concedente: Secretaria de Estado da Cultura OSC: Instituto Brasil de Cultura e Arte - IBCA. Objeto: Adequa cronograma de valores sem a alterar metas e valor global do Termo de Colaboração nº 001/2023. Permanecem válidas e inalteradas as cláusulas não expressamente modificadas por este Instrumento. Vitória, 02 de dezembro de 2025. Fabricio Noronha Fernandes Secretário de Estado da Cultura Protocolo 1681701 Assinado digitalmente pelo DIO - DEPARTAMENTO DE IMPRENSA OFICIAL DO ESTADO DO ESPÍRITO SANTO Data: Terça-feira, 2 de Dezembro de 2025 às 23:02:44 Código de Autenticação: dbdad6dd"
Lei de Incentivo à Cultura Capixaba,10685_47,0,2025-11-18,47,DIO,"{""data"": ""2025-11-18"", ""paginas"": 86, ""pagina"": 47, ""pdf_id"": 1032762, ""year"": ""2025"", ""month"": ""11"", ""day"": ""18"", ""diario_id"": 10685, ""tipo_edicao"": 1}","ntermédio da Secretaria de Estado de Trabalho, Assistência e Desenvolvimento Social e a Associação de Pais e Amigos dos Excepcionais de Cariacica - APAE. Objeto: Cooperação técnica e financeira para a manutenção do Serviço de Proteção Social Especial para Pessoas com Deficiência e suas Famílias, ofertado pela Associação de Pais e Amigos dos Excepcionais de Cariacica, visando o atendimento em habilitação e reabilitação da pessoa com deficiência e sua inclusão à vida comunitária, por meio de despesa de custeio. Valor R$ 80.000,00 (oitenta mil reais), provenientes das Emendas Parlamentares nº 0233, 0336 e 1283 LOA 2025 e R$ 155,80 (cento e cinquenta e cinco reais e oitenta centavos) de recursos próprios da OSC Fundamento Legal: Artigo 29, Lei 13.019/2014, alterada pela Lei nº 13.204/2015 Justificativa: Trata-se de recursos decorrentes de emenda parlamentar à Lei Orçamentária Anual - LOA. Vitória, 17 de novembro de 2025. Cyntia Figueira Grillo Secretária de Estado de Trabalho, Assistência e Desenvolvimento Social Protocolo 1672421 Maria Thereza Bosi de Magalhães Subsecretaria de Fomento e Incentivo à Cultura Protocolo 1672528 Secretaria de Estado da Cultura - SECULT AVISO DE RESULTADO LEI DE INCENTIVO À CULTURA CAPIXABA - LICC A SECULT torna público para amplo conhecimento a HABILITAÇÃO do projeto abaixo indicado: 1) Título do Projeto: FECSTA 9 - Festival de Cinema de Santa Teresa - ES 2) Título do Projeto: The Skeep: Gravação de Álbum Processo n°: 2025-FW5PL Proponente: Evandro Jhonny Amorim Teixeira Marvila Cnpj: 50.105.175/0001-31 Valor: R$162.000,00 3) Título do Projeto: 2ª Capacitação para fazedores de alegorias e adereços da Escola de Samba Unidos da Piedade Processo n°: 2025-Z2F1D Proponente: INSTITUTO RAÍZES Cnpj: 33.253.187/0001-94 Valor: R$499.908,36 A autorização de captação é válida por 01 (um) ano, a contar da data desta publicação. O extrato da ATA estará disponível no site da SECULT: www.secult.es.gov.br. Vitória, 17 de Novembro de 2025 PORTARIA Nº 101-S, 14 de novembro de 2025 O SUBSECRETÁRIO DE ESTADO DE GESTÃO ADMINISTRATIVA, no uso das atribuições legais conferidas pelo art. 1º, da Portaria nº 098-S, de 19 de dezembro de 2024, resolve: Art.1º Aprovar, a Escala de Férias referente ao exercício de 2026, dos servidores desta Secretaria de Estado da Cultura, conforme Art.115, §4º, §14º Lei Complementar nº 046/1994. JANEIRO Nº Funcional Nome 2784696-1 Alan Vinicius de Souza 2475804-1 Alcides Luiz R. Pereira 370207-51 Alexandre de Oliveira Lopes 2475820-1 Carla Fernandes Cardozo 2475847-1 Carlos Roberto Berto 364712-1 Cledison de Lima 370189-51 Edcarlo Kiepper 370335-51 Edilene Kiepper Lopes 2899477-2 Edson da Silva 2782979-1 Fernando Ferreira 2782642-1 Fredson Luiz Monteiro 4489187-2 Glebson Kauan Gonçalves de Souza 2421887-3 Joemar Bruno Francisco Zagoto 370360-51 Jorge Luiz de Melo 2476177-1 José Benedito Viana Gomes 390840-1 Junia Lins Gruvira dos Santos 373580-52 Luiz Claudio Siqueira 363446-2 Marco Antônio Reis Lima 2783916-1 Marcus Vinicius de Mello Chaves 389915-51 Michael Hochreiter 5000050-1 Paulo Henrique Guimarães Raposo 2845750-4 Rafane Fernanda de Andrade 390310-52 Renata de Oliveira Lopes Mendes 2480921-1 Rita de Cássia Feitosa Rodrigues 4497759-1 Sérgio Gomes dos Santos 2961105-2 Vinicius Fabio Ferreira Silva Assinado digitalmente pelo DIO - DEPARTAMENTO DE IMPRENSA OFICIAL DO ESTADO DO ESPÍRITO SANTO Data: Segunda-feira, 17 de Novembro de 2025 às 23:54:10 Código de Autenticação: 011ca937"
Lei de Incentivo à Cultura Capixaba,10681_6,0,2025-11-17,6,DIO,"{""data"": ""2025-11-17"", ""paginas"": 84, ""pagina"": 6, ""pdf_id"": 1032333, ""year"": ""2025"", ""month"": ""11"", ""day"": ""17"", ""diario_id"": 10681, ""tipo_edicao"": 1}","IMPRENSA OFICIAL DO ESPÍRITO SANTO 17 de novembro de 2025 Festival Crias.Lab divulga mais de 20 horas de programação com diversos artistas \ Com o tema “Futuros Protagonistas”, o festival acontece no próximo sábado (21) e no domingo (22) O festival acontece no espaço A Fazendinha, localizado no bairro Grande Vitória, em Vitória, com entrada gratuita A sexta edição do Crias.Lab promove diálogos com a participação de convidados de destaque nacional nas áreas das artes, música, cinema, televisão e pesquisa acadêmica. Com o tema “Futuros Protagonistas”, o festival acontece no próximo sábado (21) e no domingo (22), no espaço A Fazendinha, localizado no bairro Grande Vitória, em Vitória, com entrada gratuita. O Crias.Lab é uma realização da Puri Produções, viabilizada pela Lei de Incentivo à Cultura Capixaba (LICC), do Governo do Estado do Espírito Santo, por meio da Secretaria da Cultura (Secult). Conta com o patrocínio da EDP, distribuidora de energia elétrica do Espírito Santo, e apoio da Rede Gazeta e da Fonte HUB. “É um espaço para debater propostas e ideias de futuro de forma criativa e autêntica”, comenta Sullivan Silva, coordenador do Crias.Lab. Nesta edição, o projeto apresenta quatro programas especiais, que percorrem diferentes temáticas com o objetivo de promover uma reflexão abrangente sobre o papel e o futuro da juventude no Brasil. Os encontros DIVULGAÇÃO / SECULT contarão com mais de 20 convidados, entre debatedores e mediadores, incluindo Don L (DF), Spartakus Santiago (BA), Katiúscia Ribeiro (RJ), Lucas Malak (RJ), Chinaina (PE) e Juliana Vicente (SP). Saiba mais PREVISÃO DO TEMPO / Nesta segunda-feira, o tempo será com chuva rápida pela manhã no Norte e litoral Nordeste, com abertura de nuvens no decorrer do dia. Nas demais áreas do Estado, sol entre nuvens e sem previsão de chuva. As temperaturas seguem elevadas em todas as regiões. PROGRAMAÇÃO TVE/ES - TV ABERTA - CANAL 2 / NET - CANAL 15 / RCA - CANAL 5 06H00 – ENERGIA 06H30 – AGROCULTURA 07H00 – COCORICÓ III 07H15 – PEPPA PIG V 07H30 – LÉO, O CAMINHÃO II 07H35 – PLANETA PALAVRA 07H45 – OI, DUGGEE! II 07H55 – PARQUINHO JURÁSSICO 08H00 – QUINTAL DA CULTURA 12H00 – TVE REVISTA 12H45 – REPÓRTER BRASIL TARDE 13H30 – JORNAL DA TARDE 14H15 – MASHA E O URSO II 14H30 – VIOLA E TAMBOR 14H45 – GILDO 15H00 – ANINHA, A INFÂNCIA DE CORA CORALINA 15H15 – BLUEY III 15H30 – PEQUENOS MESTRES 15H45 – O SHOW DA LUNA VIII 16H00 – SEM CENSURA 18H00 – TVE NOTICIA 18H30 – STADIUM 19H00 – TVE ESPORTES 19H45 – SHAUN, O CARNEIRO IV 20H00 – CARTÃO VERDE 21H00 – JORNAL DA CULTURA Assinado digitalmente pelo DIO - DEPARTAMENTO DE IMPRENSA OFICIAL DO ESTADO DO ESPÍRITO SANTO Data: Sexta-feira, 14 de Novembro de 2025 às 23:26:45 Código de Autenticação: dd6aad24 22H00 – RODA VIVA - INGRID SILVA 23H30 – METRÓPOLIS 00H00 – TRIP FM 00H15 – ENTRELINHAS 00H45 – CULTURA LIVRE 01H15 – CONTOS DA MEIA-NOITE - A REDE - ANNA MARIA MARTINS 01H25 – CONTOS DA MEIA-NOITE - GAETANINHO ANTONIO DE ALCANTARA MACHADO 01H30 – SANGUE OCULTO 02H30 – CAMINHOS DA REPORTAGEM 03H00 – SESSÃO DE CINEMA – O BEIJO NO ASFALTO 05H00 – BRASIL VISTO DE CIMA 6"
Lei de Incentivo à Cultura Capixaba,10672_46,0,2025-11-13,46,DIO,"{""data"": ""2025-11-13"", ""paginas"": 91, ""pagina"": 46, ""pdf_id"": 1031556, ""year"": ""2025"", ""month"": ""11"", ""day"": ""13"", ""diario_id"": 10672, ""tipo_edicao"": 1}","o das atribuições legais conferidas pela Lei Complementar nº 1.109 de 02 de janeiro de 2025 e Decreto nº 5936-R, de 30 de janeiro de 2025 e inciso XV, do artigo 3° do Regimento Interno; RESOLVE: Art. 1º Criar um Grupo de Trabalho - GT para apresentar uma proposta de organização do Encontro SAN + 2 a ser realizado entre final de maio e início de junho de 2026. Art. 2º O Grupo de Trabalho será composto das seguintes conselheiras: I - Elizeth Euzébio dos Anjos II - Juliane de Araújo Barroso III Clarice Romeiro Campos IV Rogéria Carla Mesquita Parágrafo Único - A coordenação do Grupo de Trabalho será assumida pela conselheira Elizeth Euzébio dos Anjos. Art. 3º O Grupo de trabalho se reunirá até 29 de maio de 2026, apresentando sua proposta à mesa diretiva do CONSEA/ES. Parágrafo Único - Uma vez aprovado pela Mesa Diretiva, a proposta será apresentada à plenária do colegiado. Art. 4º Esta Resolução entra em vigor na data de sua publicação. Art. 5º Revoga-se as disposições em contrário. Vitória, 12 de novembro de 2025. Giovanni Lívio Presidente Conselho Estadual de Segurança Alimentar e Nutricional - CONSEA/ES Protocolo 1669286 Secretaria de Estado da Cultura - SECULT AVISO DE RESULTADO LEI DE INCENTIVO À CULTURA CAPIXABA - LICC A SECULT torna público para amplo conhecimento a HABILITAÇÃO do (s) projeto (s) abaixo indicado: 1) Título do Projeto: Moqueca Pop Festival - 4ª Edição Processo N°: 2025-BK3F3 Proponente: JUPTER - Entretenimento, Comunicação e Cultura Cnpj: 33.200.626/0001-09 Valor: R$500.000,00 2) Título do Projeto: Samba no Centro Processo N°: 2025-7TBJS Proponente: Monique Da Rocha Alves XXXXXXXXXXX Cnpj:37.876.997/0001-58 Valor: R$ 63.700,00 3) Título do Projeto: Rosa Dos Ventos Processo N°: 2025-688GH Proponente: Andaluz Produções LTDA Cnpj:26.671.292/0001-88 Valor: R$ 1.000.000,00 4) Título do Projeto: Estúdio Escola de Animação 2026 Processo N°: 2025-X1BSB Proponente: Atrom Produções E Consultoria LTDA Cnpj: 40.222.072/0001-06 Valor: R$ 499.688,00 A autorização de captação é válida por 01 (um) ano, a contar da data desta publicação. Assinado digitalmente pelo DIO - DEPARTAMENTO DE IMPRENSA OFICIAL DO ESTADO DO ESPÍRITO SANTO Data: Quarta-feira, 12 de Novembro de 2025 às 23:23:44 Código de Autenticação: 2c716994"
Lei de Incentivo à Cultura Capixaba,10639_54,0,2025-11-04,54,DIO,"{""data"": ""2025-11-04"", ""paginas"": 92, ""pagina"": 54, ""pdf_id"": 1028677, ""year"": ""2025"", ""month"": ""11"", ""day"": ""04"", ""diario_id"": 10639, ""tipo_edicao"": 1}","ula Sexta - Da vigência, de 30 de novembro de 2025, para 31 de dezembro de 2025. Vitória, 03 de novembro de 2025 CYNTIA FIGUEIRA GRILLO Secretária de Estado de Trabalho, Assistência e Desenvolvimento Protocolo 1663188 + Plano Anual de Atividades Culturais e Educativas Processo N°: 2025-5D2MW Proponente: Associação Permacultural Jacutinga do Caparaó Cnpj: 31.119.776/0001-59 Valor: R$ 499.997,21 4) Título do Projeto: Livro Ao Alcance De Todos Processo N°: 2025-M0VHQ Proponente: Marina Jordem Almança Possatti Cnpj: 33.979.369/0001-47 Valor: R$ 159.524,86 A autorização de captação é válida por 01 (um) ano, a contar da data desta publicação. A SECULT torna público para amplo conhecimento a INABILITAÇÃO do projeto abaixo indicado: 1) Título do Projeto: Caravana Estadual - CINEPUFF Processo N°: 2025-ZH8K7 Proponente: Instituto Internacional De Tecnologia E Informação Científica (OSCIP IITIC) Cnpj: 13.898.337/0001-00 Fica aberto o prazo de 10 (dez) dias para apresentação de recurso administrativo na forma do art. 44º da Instrução normativa Secult nº 01/25 O extrato da ATA estará disponível no site da SECULT: www.secult.es.gov.br. Secretaria de Estado da Cultura - SECULT AVISO DE RESULTADO LEI DE INCENTIVO À CULTURA CAPIXABA - LICC A SECULT torna público para amplo conhecimento a HABILITAÇÃO do (s) projeto (s) abaixo indicado: 1) Título do Projeto: Capoeira E Cultura Popular Processo N°: 2025-HC308 Proponente: LR Producoes LTDA Cnpj: 38.188.851/0001-82 Valor: R$ 495.855,00 2) Título do Projeto: Oppa! Olha O Passarinho (2ª Temporada) Processo N°: 2025-7TBJS Proponente: Ladart Producoes E Consultoria LTDA Cnpj:18.580.137/0001-28 Valor: R$ 1.000.000,00 3) Título do Projeto: Remontagem do Armazém de Santa Marta/Ibitirama como Centro de Cultura e Memória do Caparaó - Armazém Multiverso -FASE II Vitória, 03 de novembro de 2025 Maria Thereza Bosi de Magalhães Subsecretaria de Fomento e Incentivo à Cultura SUBFIC - SECULT Protocolo 1663114 ATO DE CONVOCAÇÃO A Secretaria de Estado da Cultura - SECULT CONVOCA a senhora JENNY MATTYS BATISTA RODIGUES, proponente contemplada no Edital de Valorização da Diversidade 03/2022 - processo de número 2023-Q4PB9, para devolução do recurso concedido no referido edital, com as devidas correções, até o prazo máximo de 20 dias após a publicação. A não devolução implicará registro no CADIN-ES. Vitória, 03 de novembro de 2025 MARIA THEREZA BOSI DE MAGALHAES Subsecretária de Fomento e Incentivo à Cultura Protocolo 1663669 Assinado digitalmente pelo DIO - DEPARTAMENTO DE IMPRENSA OFICIAL DO ESTADO DO ESPÍRITO SANTO Data: Segunda-feira, 3 de Novembro de 2025 às 23:19:23 Código de Autenticação: e49b06fa"
Lei de Incentivo à Cultura Capixaba,10638_44,0,2025-11-03,44,DIO,"{""data"": ""2025-11-03"", ""paginas"": 91, ""pagina"": 44, ""pdf_id"": 1028343, ""year"": ""2025"", ""month"": ""11"", ""day"": ""03"", ""diario_id"": 10638, ""tipo_edicao"": 1}","R$ 47,00 (quarenta e sete reais) de recursos próprios da OSC. Fundamento Legal: Artigo 29, Lei 13.019/2014, alterada pela Lei nº 13.204/2015 Justificativa: Trata-se de recursos decorrentes de emenda parlamentar à Lei Orçamentária Anual - LOA. Vitória, 31 de outubro de 2025. Cyntia Figueira Grillo Secretária de Estado de Trabalho, Assistência e Desenvolvimento Social Protocolo 1662606 ERRATA No Resumo do Termo de Fomento e na Justificativa de Dispensa de Chamamento Público para Celebração do Termo de Fomento SETADES/080/2025, processo nº. 2025-VJQWN, publicados no DIOES em 31 de outubro de 2025, Onde lê-se: “Valor: R$ 79.789,77 (setenta e nove mil setecentos e oitenta e nove reais e setenta e sete centavos), proveniente das Emendas Parlamentares nº 0140, 0296, 1080 e 1261 LOA 2025.” Leia-se: “Valor: R$ 79.989,77 (setenta e nove mil novecentos e oitenta e nove reais e setenta e sete centavos) proveniente das Emendas Parlamentares nº 0140, 0296, 1080 e 1261 LOA 2025.” Vitória, 31 de outubro de 2025. CYNTIA FIGUEIRA GRILLO Secretária de Estado de Trabalho, Assistência e Desenvolvimento Social. Protocolo 1662546 Secretaria de Estado da Cultura - SECULT AVISO DE DEPÓSITO DE PATROCÍNIO - LEI DE INCENTIVO À CULTURA CAPIXABA - LICC A SECULT torna público para amplo conhecimento o DEPÓSITO DE RECURSOS FINANCEIROS PELO CONTRIBUINTE PATROCINADOR abaixo indicado: 1) Patrocinador: Orletti Veículos e Peças LTDA CNPJ: 71.189.278/0005-20 IE: 082.336.44-0 Valor do crédito presumido: R$ 2.500,00 Beneficiário: Estúdio de Dança Ballet Plié Projeto contemplado: A Dança: Universo em Expansão Vitória, 31 de outubro de 2025 Maria Thereza Bosi de Magalhães Subsecretaria de Fomento e Incentivo Cultural - SECULT Protocolo 1662441 Resumo do Termo de Fomento Nº 020/2025 Registro SIGEFES Nº 250547 Processo Nº 2025-X932B Dispensado de Chamamento Público com base no Artigo 29 da Lei 13.019/2014. Concedente: Secretaria de Estado da Cultura OSC: Instituto Cultural, Esportivo e Turístico Academia de Sonhos. Objeto: realização do projeto Lona de Cultura e Arte - edições 2025 - 2026. Valor Total: R$ 530.000,00 (quinhentos e trinta mil reais). Dotação Orçamentária: Programa de Trabalho: 13.392.0043.2303 - Promoção da Diversidade e Difusão Cultural Elemento de Despesa: 3.3.50.43.00 - Subvenções Sociais Fonte de Recursos: 1500 Prazo de Vigência: a partir do primeiro dia seguinte ao da publicação de seu extrato na imprensa oficial até 31/07/2026, podendo ser prorrogado mediante aditamento. Gestores/Fiscais da Parceria: Titular: Renato Luiz Duarte de Morais - Matrícula: 3314812-1 Assinado digitalmente pelo DIO - DEPARTAMENTO DE IMPRENSA OFICIAL DO ESTADO DO ESPÍRITO SANTO Data: Sexta-feira, 31 de Outubro de 2025 às 22:31:38 Código de Autenticação: 5386c7fe"
Lei de Incentivo à Cultura Capixaba,10632_52,0,2025-10-31,52,DIO,"{""data"": ""2025-10-31"", ""paginas"": 100, ""pagina"": 52, ""pdf_id"": 1027792, ""year"": ""2025"", ""month"": ""10"", ""day"": ""31"", ""diario_id"": 10632, ""tipo_edicao"": 1}","pela Associação Luterana de Assistência Social, por meio da realização de despesas de custeio. Valor: R$ 94.998,45 (noventa e quatro mil novecentos e noventa e oito reais e quarenta e cinco centavos), provenientes das Emendas Parlamentares nº 0266 e 0483 LOA 2025. Fundamento Legal: Artigo 29, Lei 13.019/2014, alterada pela Lei nº 13.204/2015 Justificativa: Trata-se de recursos decorrentes de emenda parlamentar à Lei Orçamentária Anual - LOA. Vitória, 30 de outubro de 2025. Cyntia Figueira Grillo Secretária de Estado de Trabalho, Assistência e Desenvolvimento Social Protocolo 1661954 Resumo do 1º Termo Aditivo ao Termo de Fomento n.º 051/2024 Processo nº: 2024-1SC88 Adm. Pública: Estado do Espírito Santo por intermédio da Secretaria de Estado de Trabalho, Assistência e Desenvolvimento Social. Convenente: Conselho Pinheirense do Bem Estar do Menor - COPBEM. Objeto: Prorrogar o prazo de vigência que trata a Cláusula Sexta - Da vigência, de 31 de outubro de 2025, para 28 de fevereiro de 2026. Vitória, 30 de outubro de 2025 CYNTIA FIGUEIRA GRILLO Secretária de Estado de Trabalho, Assistência e Desenvolvimento Protocolo 1661896 Secretaria de Estado da Cultura - SECULT AVISO DE RESULTADO LEI DE INCENTIVO À CULTURA CAPIXABA - LICC A SECULT torna público para amplo conhecimento a HABILITAÇÃO do (s) projeto (s) abaixo indicado: 1) Título do Projeto: ES Design Processo N°: 2025-JLXSW Proponente: Balaio Design Estrategico LTDA Cnpj: 08.593.977/0001-71 Valor: R$ 299.254,00 2) Título do Projeto: Festival de Música do Norte do Espírito Santo | FEMUNES Processo N°: 2025-XLB5J Proponente: Porto E Stein Produções LTDA ME Cnpj:11.144.407/0001-09 Valor: R$ 300.000,00 A autorização de captação é válida por 01 (um) ano, a contar da data desta publicação. A SECULT torna público para amplo conhecimento a INABILITAÇÃO do projeto abaixo indicado: 1) Título do Projeto: Musicalidade - Na Vista Processo N°: 2025-W7NB3 Proponente: LP Producoes De Eventos LTDA Cnpj: 34.912.794/0001-81 Fica aberto o prazo de 10(dez) dias para apresentação de recurso administrativo na forma do art. 44º da Instrução normativa Secult nº 01/25 O extrato da ATA estará disponível no site da SECULT: www.secult.es.gov.br. Vitória, 30 de outubro de 2025 Maria Thereza Bosi de Magalhães Subsecretaria de Fomento e Incentivo à Cultura - SUBFIC Protocolo 1661838 RATIFICAÇÃO EXTRATO DE INEXIGIBILIDADE DE CHAMAMENTO PÚBLICO PROCESSO nº 2025-8DFKW A Secretária de Estado da Cultura, no uso de suas atribuições legais torna público a Inexigibilidade de Chamamento Público, nos termos do Art.32, § 1º da Lei nº 13.019/2014, para firmar parceria com a Mitra Arquidiocesana de Vitória, no sentido de viabilizar apoio técnico cultural e financeiro para realização das “Obras de Conservação e Manutenção da Catedral Metropolitana de Vitória”, em razão da inviabilidade de competição entre as organizações da sociedade civil, considerando a Mitra Arquidiocesana de Vitória é a única instituição legalmente responsável pela administração e conservação da Catedral Metropolitana de Vitória - bem tombado de reconhecido valor histórico, artístico e cultural. Valor Total: R$ 1.664.004,27 (um milhão, seiscentos e sessenta e quatro mil, quatro reais e vinte e sete centavos). Vitória, 30 de outubro de 2025. Fabricio Noronha Fernandes Secretário de Estado da Cultura Protocolo 1662019 Resumo do Termo de Fomento Nº 021/2025 Registro SIGEFES Nº 250595 Processo Nº 2025-8DFKW Inexigibilidade de Chamamento Público com base no Artigo 31 da Lei 13.019/2014. Concedente: Secretaria de Estado da Cultura OSC: Mitra Arquidiocesana de Vitória Objeto: realização das Obras de Conservação e Manutenção da Catedral Metropolitana de Vitória. Assinado digitalmente pelo DIO - DEPARTAMENTO DE IMPRENSA OFICIAL DO ESTADO DO ESPÍRITO SANTO Data: Quinta-feira, 30 de Outubro de 2025 às 22:44:27 Código de Autenticação: 85504dd1"
Lei de Incentivo à Cultura Capixaba,10604_61,0,2025-10-23,61,DIO,"{""data"": ""2025-10-23"", ""paginas"": 108, ""pagina"": 61, ""pdf_id"": 1025712, ""year"": ""2025"", ""month"": ""10"", ""day"": ""23"", ""diario_id"": 10604, ""tipo_edicao"": 1}","de Fomento Nº SETADES/083/2025 Processo nº.: 2025-0HHQ0 Partes: Estado do Espírito Santo por intermédio da Secretaria de Estado de Trabalho, Assistência e Desenvolvimento Social e a Associação de Pais e Amigos dos Excepcionais - APAE São José do Calçado-ES. Objeto: Cooperação técnica e financeira para a manutenção do Serviço de Proteção Social Especial para Pessoas com Deficiência, Idosas e suas Famílias, ofertado pela APAE de São José do Calçado, abrangendo todas as faixas etárias e voltado à habilitação e reabilitação da pessoa com deficiência e sua inclusão à vida comunitária, por meio de despesas de custeio. Valor: R$ 124.991,52 (cento e vinte e quatro mil, novecentos e noventa e um reais e cinquenta e dois centavos), proveniente das Emendas Parlamentares nº 0106, 0550, 0689, 1266 e 1332, LOA 2025. Fundamento Legal: Artigo 29, Lei 13.019/2014, alterada pela Lei nº 13.204/2015. Justificativa: Trata-se de recursos decorrentes de emenda parlamentar à Lei Orçamentária Anual - LOA. Vitória, 22 de outubro de 2025. Cyntia Figueira Grillo Secretária de Estado de Trabalho, Assistência e Desenvolvimento Social Protocolo 1657025 Secretaria de Estado da Cultura - SECULT AVISO DE RESULTADO LEI DE INCENTIVO À CULTURA CAPIXABA - LICC A SECULT torna público para amplo conhecimento a HABILITAÇÃO do projeto abaixo indicado: 1) Título do Projeto: Festival do Sol Assinado digitalmente pelo DIO - DEPARTAMENTO DE IMPRENSA OFICIAL DO ESTADO DO ESPÍRITO SANTO Data: Quarta-feira, 22 de Outubro de 2025 às 22:35:21 Código de Autenticação: e44220b9"
Lei de Incentivo à Cultura Capixaba,10583_50,0,2025-10-14,50,DIO,"{""data"": ""2025-10-14"", ""paginas"": 105, ""pagina"": 50, ""pdf_id"": 1022645, ""year"": ""2025"", ""month"": ""10"", ""day"": ""14"", ""diario_id"": 10583, ""tipo_edicao"": 1}","icional, torna público o resultado da análise de recursos da 1ª convocação para comprovação de títulos, bem como a realização da 1ª convocação para formalização de contrato. Os documentos contendo todas as informações sobre o resultado da análise de recursos da 1ª convocação para comprovação de títulos, bem como a realização da 1ª convocação para formalização de contrato, poderão ser acessados na íntegra no seguinte endereço eletrônico: www.selecao.es.gov.br. Vitória, 13 de outubro de 2025. CYNTIA FIGUEIRA GRILLO Secretária de Estado de Trabalho, Assistência e Desenvolvimento Social Protocolo 1650480 Resumo do 1º Termo Aditivo ao Termo de Fomento n.º 106/2024 Processo nº: 2024-J3813 Adm. Pública: Estado do Espírito Santo por intermédio da Secretaria de Estado de Trabalho, Assistência e Desenvolvimento Social. Convenente: Associação Pestalozzi de Vargem Alta. Objeto: Prorrogar o prazo de vigência que trata a Cláusula Sexta - Da vigência, de 31 de dezembro de 2025, para 30 de abril de 2026. Vitória, 13 de outubro de 2025 CYNTIA FIGUEIRA GRILLO Secretária de Estado de Trabalho, Assistência e Desenvolvimento Protocolo 1650430 Secretaria de Estado da Cultura - SECULT AVISO DE RESULTADO LEI DE INCENTIVO À CULTURA CAPIXABA - LICC A SECULT torna público para amplo conhecimento a HABILITAÇÃO do projeto abaixo indicado: 1) Título do Projeto: 27º, 28º e 29º Festival de Inverno da Sanfona e da Viola de São Pedro do Itabapoana Processo n°: 2025-Q68VW Proponente: Associação dos Moradores da Comunidade de São Pedro do Itabapoana Cnpj: 02.120.099/0001-90 Valor ano 1: R$500.000,00 Valor ano 2: R$500.000,00 Valor ano 3: R$500.000,00 Valor Total: R$1.500.000,00 A autorização de captação é válida por 01 (um) ano, a contar da data desta publicação. O extrato da ATA estará disponível no site da SECULT: www.secult.es.gov.br. Vitória, 09 de Outubro de 2025 Maria Thereza Bosi de Magalhães Subsecretaria de Fomento e Incentivo à Cultura Protocolo 1650569 AVISO DE EDITAL DE SELEÇÃO DE PROFISSIONAIS PARA COMPOR AS COMISSÕES JULGADORAS DOS EDITAIS FUNCULTURA/2025 A Secretaria de Estado da Cultura - SECULT torna público o Edital de Seleção, conforme processo nº 2025-95D8M. A Seleção será regida pela LC Estadual nº 458/08; Decreto nº 2155-R/08; Lei n° 14.903/24; Lei nº 14.399/22; Decreto nº 11740/23 e nº 11.453/23; IN MinC nº 10, de 28/12/23 e pelo Edital. Os interessados poderão obter cópia integral do Edital no site da Secult. (www.secult.es.gov.br). As inscrições poderão ser realizadas no período de 21 de outubro a 05 de dezembro de 2025 Vitória, 13 de outubro de 2025. Fabrício Noronha Fernandes Secretário de Estado da Cultura Protocolo 1651044 CONSELHO ESTADUAL DE CULTURA CERTIFICADO DE REGISTRO Nº 004/2025 O Conselho Estadual de Cultura do Estado do Espírito Santo, reorganizado conforme determina a Lei Complementar nº. 421, de 04/12/2007, com base no Processo E-Docs 2025-NWXLT, e de acordo com o Parecer C.A.CÊNICAS CEC 002/2025, emitido pela Câmara de Artes Cênicas, reconhece o Assinado digitalmente pelo DIO - DEPARTAMENTO DE IMPRENSA OFICIAL DO ESTADO DO ESPÍRITO SANTO Data: Segunda-feira, 13 de Outubro de 2025 às 22:34:50 Código de Autenticação: 3aa4462f"
Lei de Incentivo à Cultura Capixaba,10571_53,0,2025-10-10,53,DIO,"{""data"": ""2025-10-10"", ""paginas"": 102, ""pagina"": 53, ""pdf_id"": 1021911, ""year"": ""2025"", ""month"": ""10"", ""day"": ""10"", ""diario_id"": 10571, ""tipo_edicao"": 1}","X E C U T I V O 46 Vitória (ES), sexta-feira, 10 de Outubro de 2025. Resumo do 1º Termo Aditivo ao Termo de Fomento n.º 133/2024 Processo nº: 2024-G088V Adm. Pública: Estado do Espírito Santo por intermédio da Secretaria de Estado de Trabalho, Assistência e Desenvolvimento Social. Convenente: Federação das Associações Pestalozzi do Estado do Espírito Santo. Objeto: Prorrogar o prazo de vigência que trata a Cláusula Sexta - Da vigência, de 30 de novembro de 2025, para 31 de maio de 2026. Vitória, 08 de outubro de 2025 CYNTIA FIGUEIRA GRILLO Secretária de Estado de Trabalho, Assistência e Desenvolvimento Protocolo 1648387 Resumo do 1º Termo Aditivo ao Termo de Fomento n.º 096/2024 Processo nº: 2024-9TZGD Adm. Pública: Estado do Espírito Santo por intermédio da Secretaria de Estado de Trabalho, Assistência e Desenvolvimento Social. Convenente: Asilo João XXIII. Objeto: Prorrogar o prazo de vigência que trata a Cláusula Sexta - Da vigência, de 31 de outubro de 2025, para 31 de março de 2026. Vitória, 09 de outubro de 2025 CYNTIA FIGUEIRA GRILLO Secretária de Estado de Trabalho, Assistência e Desenvolvimento Protocolo 1649180 Secretaria de Estado da Cultura - SECULT AVISO DE RESULTADO LEI DE INCENTIVO À CULTURA CAPIXABA - LICC A SECULT torna público para amplo conhecimento a HABILITAÇÃO do projeto abaixo indicado: 1) Título do Projeto: Turnê Repertório Grupo Teatral Caparaó Processo n°: 2025-4V24B Proponente: Grupo Teatral Caparaó Cnpj: 11.675.953/0001-76 Valor: R$500.000,00 2) Título do Projeto: Oficinas de Formação em Música Clássica Processo n°: 2025-11MBF Proponente: Tonobooks Produções Ltda Cnpj: 30.867.425/0001-63 Valor ano 1: R$500.000,00 Valor ano 2: R$500.000,00 Valor ano 3: R$500.000,00 Valor Total: R$1.500.000,00 Esta habilitação permanece vigente conforme prazo estabelecido no Certificado de Aptidão à Captação de Recursos do projeto. O extrato da ATA estará disponível no site da SECULT: www.secult.es.gov.br. Vitória, 02 de Outubro de 2025 Maria Thereza Bosi de Magalhães Subsecretaria de Fomento e Incentivo à Cultura Protocolo 1648630 RESUMO DO TERMO DE COMPROMISSO DE ESTÁGIO PROGRAMA JOVENS VALORES ORGÃO CONCEDENTE: SECRETARIA DE ESTADO DA CULTURA ESTAGIÁRIOS Ana Carolina Gomes Gabrielly das Neves Pereira Jonny Dias de Oliveira Wendell Renzo Ribeiro Carlos Eduardo Horbelt Thebaldi INÍCIO 01/09/2025 09/09/2025 15/09/2025 22/09/2025 01/10/2025 TÉRMINO 31/07/2026 30/12/2026 14/09/2027 30/06/2027 30/09/2027 VALOR DA BOLSA: Conforme fixado no Artigo 1º da Lei Complementar Estadual nº 12.184/2024, publicado em 15 de julho de 2024. DOTAÇÃO ORÇAMENTÁRIA: 10.40.101.13.122.0043.2095 - Remuneração de Pessoal Ativo e Encargos Sociais. NATUREZA DA DESPESA: 3.3.90.36.00 - Outros Serviços de Terceiros - Pessoa Física: (Estagiários) AMPARO LEGAL: Lei Federal 11.788 de 25/09/2008, Decreto nº 3388-R, de 24/09/2013. RESUMO DA RESCISÃO DO COMPROMISSO DE ESTÁGIO ESTAGIÁRIOS Paulo Henrique dos Santos de Freitas Welber Valentim Silva Faria Juan Felipe Biondi Rodrigues TERMO DE RESCISÃO 31/08/2025 31/08/2025 07/10/2025 Vitória, 08 de outubro de 2025. ELIANE PERIN Chefe do Grupo Recursos Humanos - Secult Protocolo 1648396 Secretaria de Estado da Agricultura, Abastecimento, Aquicultura e Pesca - SEAG RESUMO DA DECISÃO ADMINISTRATIVA SUBADM/SEAG Nº 088/2025 Processo nº 2025-J4C76 A Secretaria de Estado da Agricultura, Abastecimento, Aquicultura e Pesca - SEAG, torna público a DECISÃO ADMINISTRATIVA SUBADM/ SEAG Nº 088/2025, onde decidiu-se pela aplicação da penalidade de: I - IMPEDIMENTO de licitar e contratar com a Administração Pública Direta e Indireta do Estado do Espírito Santo pelo prazo de 90 (noventa) dias, nos termos do art. 155, c/c art. 156, §4º, à KZY LTDA - CNPJ Nº 55.394.686/0001-34. Fica concedido a empresa o prazo de 15 (quinze) dias úteis para interpor, caso queira, recurso administrativo, conforme art. 166, da Lei nº 14.133/2021. CARLOS LUIZ TESCH XAVIER Subsecretário de Estado para Assuntos Administrativos - SEAG Protocolo 1649084 Assinado digitalmente pelo DIO"
Lei de Incentivo à Cultura Capixaba,10523_60,0,2025-09-22,60,DIO,"{""data"": ""2025-09-22"", ""paginas"": 101, ""pagina"": 60, ""pdf_id"": 1015370, ""year"": ""2025"", ""month"": ""09"", ""day"": ""22"", ""diario_id"": 10523, ""tipo_edicao"": 1}","196,22 (cento e noventa e seis reais e vinte e dois centavos) de recursos próprios da OSC. Fundamento Legal: Artigo 29, Lei 13.019/2014, alterada pela Lei nº 13.204/2015. Justificativa: Trata-se de recursos decorrentes de emenda parlamentar à Lei Orçamentária Anual - LOA. Vitória, 19 de setembro de 2025. Cyntia Figueira Grillo Secretária de Estado de Trabalho, Assistência e Desenvolvimento Social Protocolo 1636683 RESUMO DO 2º TERMO ADITIVO AO CONTRATO Nº 2024.000001.47090.01 Processo: 2023-1HMTD Contratante: SECRETARIA DE ESTADO DE TRABALHO, ASSISTÊNCIA E DESENVOLVIMENTO SOCIAL - SETADES Contratado: DELTA AUTOMOTORES EIRELI CNPJ: 05.080.045/0001-37 Objeto: acréscimo quantitativo ao Contrato nº 2024.000001.47090.01, no percentual de 14,28 % (quatorze virgula vinte e oito por cento) conforme autorização prevista na sua Cláusula 9ª, e no previsto no artigo 65, §1º, da Lei 8.666/93, a contar da publicação do presente termo aditivo. ID CidadES 2023.500E0600013.01.0011 Vitória/ES, em 19 de setembro de 2025 CYNTIA FIGUEIRA GRILLO Secretária de Estado do Trabalho, Assistência e Desenvolvimento Social - SETADES Protocolo 1636181 Secretaria de Estado da Cultura - SECULT AVISO DE RESULTADO LEI DE INCENTIVO À CULTURA CAPIXABA - LICC A SECULT torna público para amplo conhecimento a INABILITAÇÃO do projeto abaixo indicado: 1) Título do Projeto: O Filho da Terra Processo n°: 2025-KROXF Proponente: Jose Luiz Nunes Peixoto Cnpj: 37.893.600/0001-36 Valor: R$ 996.536,43 Fica aberto o prazo de 10(dez) dias para apresentação de recurso administrativo na forma do art. 44º da Instrução normativa Secult nº 01/25 O extrato da ATA estará disponível no site da SECULT: www.secult.es.gov.br. Vitória, 18 de Setembro de 2025 Maria Thereza Bosi de Magalhães Subsecretaria de Fomento e Incentivo à Cultura Protocolo 1636407 Secretaria de Estado da Agricultura, Abastecimento, Aquicultura e Pesca - SEAG AVISO DE LICITAÇÃO Pregão Eletrônico Nº 90044/2025 (COMPRAS GOV) Unidade Compradora: 925734 (UASG da SEAG) Órgão: Secretaria de Estado da Agricultura, Agricultura, Abastecimento, Aquicultura e Pesca - SEAG. Processo Nº: Processo 2025-6TFNQ ID Cidades/TCEES: 2025.500E0600012.01.0042 Objeto: CONTRATAÇÃO DE EMPRESA PARA O FORNECIMENTO DE “QUATRO (04) TANQUES DE Assinado digitalmente pelo DIO - DEPARTAMENTO DE IMPRENSA OFICIAL DO ESTADO DO ESPÍRITO SANTO Data: Sexta-feira, 19 de Setembro de 2025 às 21:05:25 Código de Autenticação: 6779fc05"
Lei de Incentivo à Cultura Capixaba,10506_62,0,2025-09-15,62,DIO,"{""data"": ""2025-09-15"", ""paginas"": 93, ""pagina"": 62, ""pdf_id"": 1013263, ""year"": ""2025"", ""month"": ""09"", ""day"": ""15"", ""diario_id"": 10506, ""tipo_edicao"": 1}","N/ES Protocolo 1631744 Secretaria de Estado de Trabalho, Assistência e Desenvolvimento Social - SETADES RESUMO DA 1ª CONVOCAÇÃO - EDITAL SETADES Nº. 001/2025 - SETADES/CDA A SECRETÁRIA DE ESTADO DE TRABALHO, ASSISTÊNCIA E DESENVOLVIMENTO SOCIAL, no uso de suas atribuições legais, dando continuidade ao PROCESSO SELETIVO SIMPLIFICADO, objeto do EDITAL N° 001/2025 - SETADES, que visa a seleção e contratação em regime de Designação Temporária, para cargo de TÉCNICO DE NÍVEL SUPERIOR - DT, de profissional de Tecnologia da Informação e áreas correlatas, para atuação no âmbito do Programa de Compra Direta de Alimentos - CDA e da Política de Segurança Alimentar e Nutricional, torna pública a realização da 1ª convocação para a etapa de comprovação das informações declaradas pelos candidatos. O documento, na íntegra, referente à 1ª convocação para a etapa de comprovação das informações declaradas pelos candidatos, poderá ser acessado no seguinte endereço eletrônico: www.selecao.es.gov. br. Vitória, 12 de setembro de 2025. CYNTIA FIGUEIRA GRILLO Secretária de Estado de Trabalho, Assistência e Desenvolvimento Social Protocolo 1631386 Secretaria de Estado da Cultura - SECULT AVISO DE RESULTADO LEI DE INCENTIVO À CULTURA CAPIXABA - LICC A SECULT torna público para amplo conhecimento a HABILITAÇÃO do projeto abaixo indicado: 1) Título do Projeto: Média-metragem: “Diagnóstico Precoce do Câncer Infantil” Processo n°: 2025-JG98D Proponente: Utopia Filmes Ltda Cnpj: 46.343.097/0001-36 Valor: R$100.000,00 Esta habilitação permanece vigente conforme prazo estabelecido no Certificado de Aptidão à Captação de Recursos do projeto. O extrato da ATA estará disponível no site da SECULT: www.secult.es.gov.br. Vitória, 12 de Setembro de 2025 Maria Thereza Bosi de Magalhães Subsecretaria de Fomento e Incentivo à Cultura Protocolo 1631456 Secretaria de Estado da Agricultura, Abastecimento, Aquicultura e Pesca - SEAG PORTARIA nº 032-R, DE 12 DE SETEMBRO DE 2025. Aprova a 25ª alteração de Quadro de Detalhamento de Despesa da Secretaria de Estado da Agricultura, Abastecimento, Aquicultura e Pesca. O SUBSECRETÁRIO DE ESTADO PARA ASSUNTOS ADMINISTRATIVOS, no uso da delegação de competência que lhe foi outorgada pela Portaria SEAG nº 017-S, de 20 de março de 2017, publicada no DOE de 22 de março de 2017, e tendo em vista o disposto no § 1º do art. 25 da Lei nº 11.867, de 25 de julho de 2024 e na Lei nº 12.329, de 26 de dezembro de 2024. R E S O L V E: Art. 1º Proceder na forma dos Anexos I e II a esta Portaria a 25ª alteração do Quadro de Detalhamento de Despesa, publicado em conformidade com a Portaria SEP nº 001-R, de 06 de janeiro de 2025. Assinado digitalmente pelo DIO - DEPARTAMENTO DE IMPRENSA OFICIAL DO ESTADO DO ESPÍRITO SANTO Data: Sexta-feira, 12 de Setembro de 2025 às 21:37:48 Código de Autenticação: 038ccbb2"
Lei de Incentivo à Cultura Capixaba,10474_38,0,2025-09-03,38,DIO,"{""data"": ""2025-09-03"", ""paginas"": 87, ""pagina"": 38, ""pdf_id"": 1010383, ""year"": ""2025"", ""month"": ""09"", ""day"": ""03"", ""diario_id"": 10474, ""tipo_edicao"": 1}","08.244.0191.4875 S 47901 08.244.0191.4875 S 47901 08.244.0191.4875 S 47901 08.244.0191.4875 Especificação (Nome da Ação) FORTALECIMENTO DA REDE SOCIOASSISTENCIAL DO SUAS FORTALECIMENTO DA REDE SOCIOASSISTENCIAL DO SUAS FORTALECIMENTO DA REDE SOCIOASSISTENCIAL DO SUAS FORTALECIMENTO DA REDE SOCIOASSISTENCIAL DO SUAS FORTALECIMENTO DA REDE SOCIOASSISTENCIAL DO SUAS UG Favorecida: 280201 Fonte Natureza UGR Recurso Despesa Plano Orçamentário Valor 2660000000 339030 470901 1100 803.888,33 1500000000 339039 470901 1100 606.326,83 1660000000 339039 470901 1100 263.299,19 2660000000 339039 470901 1100 615.185,48 2660000000 339040 470901 1100 152.512,50 DATA DA ASSINATURA: 02 de setembro de 2025. ASSINAM: Pela SECRETARIA DE ESTADO DE TRABALHO, ASSISTÊNCIA E DESENVOLVIMENTO SOCIAL - SETADES: CYNTIA FIGUEIRA GRILLO/Secretária de Estado de Trabalho de Assistência e Desenvolvimento Social // Pela ESCOLA DE SERVIÇO PÚBLICO DO ESTADO DO ESPÍRITO SANTO: LAIS ALVES GARCIA/ Diretora Presidente da ESESP. Em 02 de setembro de 2025. CYNTIA FIGUEIRA GRILLO Secretária de Estado de Trabalho, Assistência e Desenvolvimento Social Protocolo 1624970 Secretaria de Estado da Cultura - SECULT AVISO DE RESULTADO LEI DE INCENTIVO À CULTURA CAPIXABA - LICC A SECULT torna público para amplo conhecimento a HABILITAÇÃO do projeto abaixo indicado: 1) Título do Projeto: Jazz Vitória Festival 2025 Processo n°: 2025-4ZDJQ Proponente: Rota Service Ltda EPP Cnpj: 00.767.029/0001-01 Valor: R$500.000,00 2) Título do Projeto: 3º Festival Nacional de Capoeira Processo n°: 2025-8K72R Proponente: LR Produções Cnpj: 38.188.851/0001-82 Valor: R$472.978,27 Esta habilitação permanece vigente conforme prazo estabelecido no Certificado de Aptidão à Captação de Recursos do projeto. Assinado digitalmente pelo DIO - DEPARTAMENTO DE IMPRENSA OFICIAL DO ESTADO DO ESPÍRITO SANTO Data: Terça-feira, 2 de Setembro de 2025 às 22:31:19 Código de Autenticação: 90655e8d"
Lei de Incentivo à Cultura Capixaba,10451_37,0,2025-08-26,37,DIO,"{""data"": ""2025-08-26"", ""paginas"": 82, ""pagina"": 37, ""pdf_id"": 1008207, ""year"": ""2025"", ""month"": ""08"", ""day"": ""26"", ""diario_id"": 10451, ""tipo_edicao"": 1}","m o Estado do Espírito Santo por intermédio da Secretaria de Estado de Trabalho, Assistência e Desenvolvimento Social - SETADES e o Instituto Gerando Falcões. OBJETO: entrega do Plano Favela 3D, que tem a conjugação de esforços para desenvolver iniciativa sistêmica e integrada de transformação social de território vulnerável, mediante articulação política para o desenvolvimento e oferta de políticas públicas que visem a provisão de moradia digna, desenvolvimento urbano e socioeconômico em benefício dos moradores do bairro Piranema, e, Cariacica, no estado do Espirito Santo. PERÍODO DE EXECUÇÃO: 24 (vinte e quatro meses) meses. DATA DA ASSINATURA: 25 de agosto de 2025. ASSINAM: Pela SECRETARIA DE ESTADO DE TRABALHO, ASSISTÊNCIA E DESENVOLVIMENTO SOCIAL - SETADES: CYNTIA FIGUEIRA GRILLO/ Secretária de Estado de Trabalho de Assistência e Desenvolvimento Social // Pela INSTITUTO GERANDO FALCÕES: CARLOS EDUARDO BRITO LIRA/ Diretor e JULIA VITAL CHIARINI MACHADO/ Diretora. Vitória, 25 de agosto de 2025. Cyntia Figueira Grillo Secretária de Estado de Trabalho, Assistência e Desenvolvimento Social Protocolo 1619092 Secretaria de Estado da Cultura - SECULT AVISO DE DEPÓSITO DE PATROCÍNIO - LEI DE INCENTIVO À CULTURA CAPIXABA - LICC A SECULT torna público para amplo conhecimento o DEPÓSITO DE RECURSOS FINANCEIROS PELO CONTRIBUINTE PATROCINADOR abaixo indicado: 1) Patrocinador: Tuboval Comercial Ltda CNPJ: 31.731.169/0001-45 IE: 081.210. 65-5 Valor do crédito presumido: R$ 34.372,49 Beneficiário: Satirica Filmes Produções LTDA Projeto contemplado: FECSTA 8 - FESTIVAL DE CINEMA DE SANTA TERESA Vitória, 25 de agosto de 2025 Maria Thereza Bosi de Magalhães Subsecretaria de Fomento e Incentivo Cultural Protocolo 1619376 ATO DE CONFIRMAÇÃO DE DOCUMENTAÇÃO Edital 01/2025 - Locomoção para Circulação e Intercambio - julho A Secretaria de Estado da Cultura torna público o Ato de Confirmação de documentação do Edital em epígrafe, conforme processo nº 2025-8G6X3, referente às inscrições no mês de julho. A íntegra do documento estará disponível no site da Secult. Vitória, 25 de agosto de 2025. Maria Thereza Bosi de Magalhães Subsecretária de Estado de Fomento e Incentivo à Cultura Protocolo 1619487 ATO DE CONVOCAÇÃO A Secretaria de Estado da Cultura - SECULT CONVOCA a senhora FERNANDA FRANSCISCA DE LIMA, proponente contemplada no Edital Nº 020/2021 Seleção de Projetos de Circulação de Espetáculos Musicais, para devolução do recurso concedido no referido edital, com as devidas correções, até o prazo máximo de 20 dias após a publicação, A não devolução implicará nas sanções previstas no item 13.1 do edital em referência. Vitória, 25 de agosto de 2025 MARIA THEREZA BOSI DE MAGALHAES Subsecretária de Fomento e Incentivo à Cultura Protocolo 1619011 ATO DE CONVOCAÇÃO DE PROPONENTES SUPLENTES Edital 011/2024 - Literatura, Livro e Leitura A Secretaria de Estado da Cultura torna público a Ato de Convocação de Proponentes Suplentes do Edital em epígrafe -conforme processo nº 2024-8WR9B. A íntegra do Resultado está disponível no site da Secult. Vitória, 25 de agosto de 2025. Maria Thereza Bosi de Magalhães Subsecretária de Estado de Fomento e Incentivo à Cultura Protocolo 1619364 ATO DE CONVOCAÇÃO A Secretaria de Estado da Cultura - SECULT CONVOCA o senhor Rodolfo Talles Pinheiro Birchler, proponente contemplado no Edital de Valorização da Diversidade 03/2022 - processo de número 2023-2MZ9K, a apresentar o resultado final do projeto Território de Afeto: Uma cartografia de Olhares de acordo com o item 10.10 do Edital e item 8 do Termo de Compromisso firmado, até o prazo máximo de 10 dias após a publicação, estando sujeito às penalidades previstas no item 11 do referido Edital. Vitória, 25 de agosto de 2025 MARIA THEREZA BOSI DE MAGALHÃES Subsecretária de Fomento e Incentivo à Cultura Protocolo 1619445 Secretaria de Estado da Agricultura, Abastecimento, Aquicultura e Pesca - SEAG RESUMO DO CONTRATO DE DOAÇÃO COM ENCARGOS SEAG Nº 0303/2025 - PROCESSO SEAG Nº2024-W08N2 DOADOR: Secretaria da Agricul"
Lei de Incentivo à Cultura Capixaba,10430_56,0,2025-08-19,56,DIO,"{""data"": ""2025-08-19"", ""paginas"": 100, ""pagina"": 56, ""pdf_id"": 1006314, ""year"": ""2025"", ""month"": ""08"", ""day"": ""19"", ""diario_id"": 10430, ""tipo_edicao"": 1}","EXECUTIVO 49 Vitória (ES), terça-feira, 19 de Agosto de 2025. centavos), para aplicação no objeto da parceria. Vitória, 18 de agosto de 2025. CYNTIA FIGUEIRA GILLO Secretária de Estado de Trabalho, Assistência e Desenvolvimento Protocolo 1615128 Secretaria de Estado da Cultura - SECULT AVISO DE DEPÓSITO DE PATROCÍNIO - LEI DE INCENTIVO À CULTURA CAPIXABA - LICC A SECULT torna público para amplo conhecimento o DEPÓSITO DE RECURSOS FINANCEIROS PELO CONTRIBUINTE PATROCINADOR abaixo indicado: 1) Patrocinador: Antônio Auto Peças S/A CNPJ: 27.340.074/0008-08 IE: 082.193.60-6 Valor do crédito presumido: R$ 39.958,51 Beneficiário: Associação de Salvaguarda do Patrimônio Imaterial Cachoeirense Projeto contemplado: Raiar da Liberdade Vitória, 18 de agosto de 2025 Maria Thereza Bosi de Magalhães Subsecretaria de Fomento e Incentivo Cultural Protocolo 1615015 PORTARIA Nº 082-S, DE 13 DE AGOSTO DE 2025 A SECRETÁRIA DE ESTADO DA CULTURA, no uso das atribuições legais conferidas pelo Art. 98, inciso II, da Constituição Estadual e, pelo Artº 23, inciso XIV, do Regulamento da SECULT, aprovado pelo Decreto nº 4.084 - N, de 27 de janeiro de 1997, Lei Complementar Nº 391/2007 de 11 de maio de 2007, Decreto Nº 3767-R, de 22 de janeiro de 2015 e Nº 013-S, de 03 de janeiro de 2024. DIÁRIO OFICIAL DOS PODERES DO ESTADO Considerando o Programa de Incentivo à Pesquisa, à Extensão e à Inovação da Secretaria de Cultura do Espírito Santo - “ Pensar Cultura”, RESOLVE: Art. 1º. Fica criado o Comitê de governança do Programa Pensar Cultura (PPC) composto por no mínimo 03 (três) membros pelas seguintes secretarias e instituições: a) Secretaria de Cultura - Presidência b) Secretaria da Ciência, Tecnologia, Inovação e Educação Profissional - membro c) Instituto Jones dos Santos Neves - membro Art. 2°. Designo os servidores públicos abaixo para compor o Comitê do PPC: a) Michele Gasparini de Miranda - NF - 2941104 (Secult) b) Paulo Rodrigo de Freitas Hollanda da Rocha - NF 2540223 (Secti) - Titular c) Hendricson Silva kerrigan - NF 4996984 (Secti) - Suplente d) Lígia da Motta Silveira Borges - NF 3351041 (IJSN) - Titular e) Pablo Medeiros Jabor - NF 3187730 (IJSN) - Suplente Art. 3º Esta Portaria entrará em vigor a partir da data de sua publicação. Vitória 13 de agosto de 2025 CAROLINA RUAS PALOMARES Secretária de Estado da Cultura (em exercício) Protocolo 1614722 Assinado digitalmente pelo DIO - DEPARTAMENTO DE IMPRENSA OFICIAL DO ESTADO DO ESPÍRITO SANTO Data: Segunda-feira, 18 de Agosto de 2025 às 22:14:42 Código de Autenticação: e5327edb"
Lei de Incentivo à Cultura Capixaba,10418_34,0,2025-08-14,34,DIO,"{""data"": ""2025-08-14"", ""paginas"": 91, ""pagina"": 34, ""pdf_id"": 1004835, ""year"": ""2025"", ""month"": ""08"", ""day"": ""14"", ""diario_id"": 10418, ""tipo_edicao"": 1}","do modelo constante do Anexo I da Portaria SPPE/ Sepec/ME nº 8057, de 20 de março de 2020; II - as ações estão adequadas ao objetivo geral e às metas de resultado; III - a destinação de recursos está adequada às ações; IV - a declaração de contrapartida está em compatibilidade com o detalhado no PAS; e V - a declaração de compatibilidade de custos corresponde às pesquisas e/ou cotações de mercado. LETÍCIA COELHO NOGUEIRA DIRETORA-GERAL - PROCON-ES Protocolo 1612232 Vitória (ES), 12 de agosto de 2025. Art.2º - Esta Resolução entra em vigor na data de sua publicação. Vinícius Soares da Costa Presidente em exercício do CETER/ES Protocolo 1612239 Polícia Penal do Espírito Santo - PPES RESUMO DE CONTRATO ID CIDADES: 2025.500E2300006.16.0079 CONTRATO N°2025.000060.46113.01 PROCESSO Nº2025-LPV3C REF. A ARP DO ESTADO DO PARANÁ Nº 489/2024. CONTRATANTE: POLÍCIA PENAL DO ESTADO DO ESPÍRITO SANTO. CONTRATADA: ALGEMAS BRASIL INDUSTRIA, COMERCIO E MONITORAMENTO DE SISTEMAS LTDA. CNPJ: 21.677.849/0001-74 OBJETO: ALGEMAS DE PULSO E TORNOZELO. VALOR: R$ 578.400,00 José Franco Morais Júnior Diretor-Geral da Polícia Penal Protocolo 1612188 Secretaria de Estado da Cultura - SECULT AVISO DE RESULTADO LEI DE INCENTIVO À CULTURA CAPIXABA - LICC A SECULT torna público para amplo conhecimento a HABILITAÇÃO do projeto abaixo indicado: 1) Título do Projeto: Festival “Movimento Cidade” 2025-2027 (7ª, 8ª e 9ª Edições) Processo n°: 2025-T35L6 Proponente: Movimento Cidade Projetos Criativos Cnpj: 37.281.569/0001-82 Valor ano 1: R$500.000,00 Valor ano 2: R$500.000,00 Valor ano 3: R$500.000,00 Valor Total: R$1.500.000,00 Assinado digitalmente pelo DIO - DEPARTAMENTO DE IMPRENSA OFICIAL DO ESTADO DO ESPÍRITO SANTO Data: Quarta-feira, 13 de Agosto de 2025 às 22:04:31 Código de Autenticação: 5241845d"
Lei de Incentivo à Cultura Capixaba,10397_50,0,2025-08-06,50,DIO,"{""data"": ""2025-08-06"", ""paginas"": 106, ""pagina"": 50, ""pdf_id"": 1002886, ""year"": ""2025"", ""month"": ""08"", ""day"": ""06"", ""diario_id"": 10397, ""tipo_edicao"": 1}","cargo em comissão de AGENTE DE SERVIÇO I - QCE-07, da Secretaria de Estado de Trabalho, Assistência e Desenvolvimento Social, a contar do dia 01.08.2025. Vitória, 05 de agosto de 2025. CYNTIA FIGUEIRA GRILLO Secretária de Estado de Trabalho, Assistência e Desenvolvimento Social - SETADES Protocolo 1607505 Resumo do 3º Termo Aditivo ao Termo de Fomento n.º 084/2023 Processo nº: 2023-NL01F Adm. Pública: Estado do Espírito Santo por intermédio da Secretaria de Estado de Trabalho, Assistência e Desenvolvimento Social. Convenente: AAML - Associação Albergue Martim Lutero. Objeto: alterar o montante total de recursos a serem empregados na execução do Termo de Fomento nº SETADES/084/2023 para R$290.139,85 (duzentos e noventa mil e cento e trinta e nove reais e oitenta e cinco centavos), devido a utilização dos rendimentos da aplicação financeira, no valor de R$4.771,44 (quatro mil e setecentos e setenta e um reais e quarenta e quatro centavos), para aplicação no objeto da parceria. Vitória, 05 de agosto de 2025. CYNTIA FIGUEIRA GILLO Secretária de Estado de Trabalho, Assistência e Desenvolvimento Protocolo 1607382 Secretaria de Estado da Cultura - SECULT AVISO DE DEPÓSITO DE PATROCÍNIO - LEI DE INCENTIVO À CULTURA CAPIXABA - LICC A SECULT torna público para amplo conhecimento o DEPÓSITO DE RECURSOS FINANCEIROS PELO CONTRIBUINTE PATROCINADOR abaixo indicado: 1) Patrocinador: Imetame Metalmecânica LTDA CNPJ: 31.790.710/0001-96 IE: 081.248.91-1 DIÁRIO OFICIAL DOS PODERES DO ESTADO Valor do crédito presumido: R$ 75.000,00 Beneficiário: Secretariado dos Imigrantes Friulanos de Aracruz-ES Projeto contemplado: 13ª ITALIA UNITA - Festa da Imigração Italiana de Aracruz - Município de Guaraná 2) Patrocinador: Comercial Devens LTDA CNPJ: 31.759.699/0004-44 IE: 081.742.05-3 Valor do crédito presumido: R$ 5.012,99 Beneficiário: Secretariado dos Imigrantes Friulanos de Aracruz-ES Projeto contemplado: 13ª ITALIA UNITA - Festa da Imigração Italiana de Aracruz - Município de Guaraná Vitória, 05 de agosto de 2025 Maria Thereza Bosi de Magalhães Subsecretaria de Fomento e Incentivo Cultural Protocolo 1607106 ATA DE JULGAMENTO E ATO DE CONVOCAÇÃO Edital 02/2025 - Artes Visuais Em Diálogo Com o Acervo do Museu de Arte do ES A Secretaria de Estado da Cultura torna pública a Ata de Julgamento de Recursos e Ato de Convocação de Proponentes do Edital em epígrafe, conforme processo nº 2024-H4VZS. A íntegra dos documentos está disponível no site da Secult (www.secult.es.gov. br). Vitória, 05 de agosto de 2025. Maria Thereza Bosi de Magalhães Subsecretária de Estado de Fomento e Incentivo à Cultura Protocolo 1607220 Resumo do Acordo Executivo de Cooperação Internacional Processo nº 2025-CCC2M Base legal: Decreto Estadual nº 5694 -R de 06 de maio de 2024 Partícipes: Secretaria de Estado da Cultura e Organização dos Estados Ibero -Americanos para Educação, a Ciência e a Cultura Objeto: implantação do Complexo Cultural “Cais das Artes” Prazo de Vigência: 18 (dezoito) meses, a contar da data de assinatura (ocorrida em 29/07/2025) podendo ser prorrogado, mediante termo aditivo. Valor: O repasse correspondente aos dois primeiros ciclos de atividades será de R$ 2.640.845,22, conforme plano de trabalho. Vitória, 01 de agosto de 2025. Carolina Ruas Palomares Secretaria de Estado da Cultura- Respondendo Protocolo 1606876 Secretaria de Estado da Agricultura, Abastecimento, Aquicultura e Pesca - SEAG RESUMO DA DECISÃO ADMINISTRATIVA SUBADM/SEAG Nº 060/2025 Processo nº 2025-TX8LQ A Secretaria de Estado da Agricultura, Abastecimento, Aquicultura e Pesca - SEAG, torna público a DECISÃO ADMINISTRATIVA SUBADM/ SEAG Nº 060/2025, onde decidiu-se pela aplicação da penalidade de: I - IMPEDIMENTO de licitar e contratar com a Administração Pública Direta e Indireta do Estado do Espírito Santo pelo prazo de 60 (sessenta) dias, nos termos do art. 155, c/c art. 156, §4º, à ALBANI Assinado digitalmente pelo DIO - DEPARTAMENTO DE IMPRENSA OFICIAL DO ESTADO DO ESPÍRITO SANTO Data: Terça-feira, 5 de Agosto de 2025 às 22:54:3"
Lei de Incentivo à Cultura Capixaba,10381_47,0,2025-07-31,47,DIO,"{""data"": ""2025-07-31"", ""paginas"": 96, ""pagina"": 47, ""pdf_id"": 1000842, ""year"": ""2025"", ""month"": ""07"", ""day"": ""31"", ""diario_id"": 10381, ""tipo_edicao"": 1}","DIÁRIO OFICIAL DOS PODERES DO ESTADO E X E C U T I V O 40 AVISO DE DEPÓSITO DE PATROCÍNIO - LEI DE INCENTIVO À CULTURA CAPIXABA - LICC A SECULT torna público para amplo conhecimento o DEPÓSITO DE RECURSOS FINANCEIROS PELO CONTRIBUINTE PATROCINADOR abaixo indicado: 1) Patrocinador: Antônio Auto Peças S/A CNPJ: 27.340.074/0008-08 IE: 082.193.60-6 Valor do crédito presumido: R$ 39.958,51 Beneficiário: Associação de Salvaguarda do Patrimônio Imaterial Cachoeirense Projeto contemplado: Raiar da Liberdade Vitória, 30 de julho de 2025 Maria Thereza Bosi de Magalhães Subsecretaria de Fomento e Incentivo Cultural Protocolo 1603471 RESUMO TERMO DE COOPERAÇÃO Nº. 003/2025 PROCESSO: 2025-N4XT9 ESPÉCIE: Termo de Cooperação para Descentralização de Crédito Orçamentário nº. 003/2025 OBJETO: Aditivo ao Termo de Outorga nº 541/2023, contratado por meio da DI 008/2023 - HUB ES+, referente à Pesquisa “HUB ES”. PERÍODO DE EXECUÇÃO: 30 de julho de 2025 a 31 de dezembro de 2025 RECURSOS ORÇAMENTÁRIOS: O valor total da Ação é de R$ 400.000,00 (Quatrocentos mil reais). Vitória (ES), quinta-feira, 31 de Julho de 2025. DOTAÇÃO ORÇAMENTÁRIA UG EMITENTE: 400.101 UG FAVORECIDA: 320.901 FUNCITEC SECULT CÓDIGO ESFERA UO Fiscal PROG. TRABALHO ESPECIFICAÇÃO F O N T ENATUREZA (NOME DA UGR RECURSO DA DESPESA AÇÃO) P L A N O VALOR (R$) ORÇAMENTÁRIO 1580 - Desenvolvimento de Capacitação 40101 13.392.0043.4605 400101 Ações de Ciência, 400.000,00 Cultural 2500.000000 3.3.90.20.00 Tecnologia e Inovação VIGÊNCIA: Da data de sua assinatura até 31 de dezembro de 2025, acrescido 30 (trinta) dias de prazo para a apresentação da prestação de contas. CAROLINA RUAS PALOMARES SECRETÁRIA DE ESTADO DA CULTURA EXERCÍCIO DECRETO Nº 1548-S, de 16/07/2025 - EM RODRIGO VAREJÃO ANDREÃO DIRETOR PRESIDENTE DA FUNDAÇÃO DE AMPARO À PESQUISA E INOVAÇÃO DO ESPÍRITO SANTO - FAPES EXECUTANTE LUCIA APARECIDA DE QUEIROZ ARAÚJO DIRETORA ADMINISTRATIVA FINANCEIRA DA FUNDAÇÃO DE AMPARO À PESQUISA E INOVAÇÃO DO ESPÍRITO SANTO - FAPES EXECUTANTE Protocolo 1603538 Assinado digitalmente pelo DIO - DEPARTAMENTO DE IMPRENSA OFICIAL DO ESTADO DO ESPÍRITO SANTO Data: Quarta-feira, 30 de Julho de 2025 às 23:05:48 Código de Autenticação: 46741722"
Lei de Incentivo à Cultura Capixaba,10375_96,0,2025-07-30,96,DIO,"{""data"": ""2025-07-30"", ""paginas"": 177, ""pagina"": 96, ""pdf_id"": 1000469, ""year"": ""2025"", ""month"": ""07"", ""day"": ""30"", ""diario_id"": 10375, ""tipo_edicao"": 1}","EXECUTIVO 89 Vitória (ES), quarta-feira, 30 de Julho de 2025. Secretaria de Estado da Cultura - SECULT AVISO DE DEPÓSITO DE PATROCÍNIO - LEI DE INCENTIVO À CULTURA CAPIXABA - LICC A SECULT torna público para amplo conhecimento o DEPÓSITO DE RECURSOS FINANCEIROS PELO CONTRIBUINTE PATROCINADOR abaixo indicado: 1) Patrocinador: EDP Espírito Santo Distribuição de Energia S.A CNPJ: 28.152.650/0001-71 IE: 080.250.16-5 Valor do crédito presumido: R$ 500.000,00 Beneficiário: Associação Comercial e Empresarial de Muqui - Ace Muqui Projeto contemplado: 73º Encontro Nacional de Folias de Reis - Muqui-ES - 2025 Vitória, 28 de julho de 2025 Maria Thereza Bosi de Magalhães Subsecretaria de Fomento e Incentivo Cultural Protocolo 1601843 AVISO DE RESULTADO Edital 02/2025 - Artes Visuais Em Diálogo Com o Acervo do Museu de Arte do ES A Secretaria de Estado da Cultura torna público o Resultado da Seleção do Edital em epígrafe, conforme processo nº 2024-H4VZS. A íntegra do Resultado está disponível no site da Secult. Vitória, 29 de julho de 2025. Maria Thereza Bosi de Magalhães Subsecretária de Estado de Fomento e Incentivo à Cultura Protocolo 1602422 Secretaria de Estado da Agricultura, Abastecimento, Aquicultura e Pesca - SEAG RESUMO DO CONTRATO DE DOAÇÃO COM ENCARGOS SEAG Nº 0183/2025 - PROCESSO SEAG Nº 2024-C1WLX DOADOR: A Secretaria da Agricultura, Abastecimento, Agricultura e Pesca - SEAG, CNPJ/MF: 27.080.555/0001-47. DONATÁRIO: O Município de Mimoso do Sul, CNPJ/ MF: 27.165.711/0001-72. OBJETO: 01 (uma) Retroescavadeira. Valor: R$ 308.880,00 Vitória, 29 de julho de 2025 Enio Bergoli da Costa Secretário de Estado da Agricultura, Abastecimento, Aquicultura e Pesca. Protocolo 1602608 RESUMO DO CONTRATO DE DOAÇÃO COM ENCARGOS SEAG Nº 0252/2025 - PROCESSO SEAG Nº 2025-8J27F DOADOR: A Secretaria da Agricultura, Abastecimento, Agricultura e Pesca - SEAG, CNPJ/MF: 27.080.555/0001-47. DONATÁRIO: O Município de Pancas, CNPJ/MF: 27.174.150/0001-78. OBJETO: 01 (uma) Carreta Agricola. Valor: R$ 18.931,00 Vitória, 29 de julho de 2025 Enio Bergoli da Costa Secretário de Estado da Agricultura, Abastecimento, Aquicultura e Pesca. Protocolo 1602616 DIÁRIO OFICIAL DOS PODERES DO ESTADO RESUMO DO CONTRATO DE DOAÇÃO COM ENCARGOS SEAG Nº 0253/2025 - PROCESSO SEAG Nº 2025-P8B45 DOADOR: A Secretaria da Agricultura, Abastecimento, Agricultura e Pesca - SEAG, CNPJ/ MF: 27.080.555/0001-47. DONATÁRIO: O Município de São José do Calçado, CNPJ/MF: 27.167.402/0001-31. OBJETO: 01 (uma) Carreta Agricola. Valor: R$ 18.931,00 Vitória, 29 de julho de 2025 Enio Bergoli da Costa Secretário de Estado da Agricultura, Abastecimento, Aquicultura e Pesca. Protocolo 1602629 RESUMO DO CONTRATO DE CONCESSÃO DE USO SEAG Nº 069/2025 - PROCESSO SEAG Nº 2025-VX6SB. CONCEDENTE: A Secretaria de Estado da Agricultura, Abastecimento, Aquicultura e Pesca - SEAG, CNPJ/ MF: 27.080.555/0001-47. CESSIONÁRIO: A Associação dos Pequenos Agricultores do Córrego do Capim, CNPJ/MF: 14.533.782/0"
Lei de Incentivo à Cultura Capixaba,10370_54,0,2025-07-28,54,DIO,"{""data"": ""2025-07-28"", ""paginas"": 77, ""pagina"": 54, ""pdf_id"": 999381, ""year"": ""2025"", ""month"": ""07"", ""day"": ""28"", ""diario_id"": 10370, ""tipo_edicao"": 1}","IMPRENSA OFICIAL DO ESPÍRITO SANTO 28 de julho de 2025 Museu das Tartarugas Marinhas, em Vitória, passa por modernização museológica \ Com essa modernização, o Museu reafirma seu compromisso com a conservação das espécies marinhas e com a promoção do conhecimento, consolidando-se como uma referência nacional em museologia ambiental DIVULGAÇÃO / SECULT O projeto inclui ainda o desenvolvimento de um Programa Especial de Atendimento ao Público e a realização de oficinas ludoeducativas, fortalecendo o papel do museu como espaço de educação ambiental, cultura e cidadania O Museu Aberto das Tartarugas Marinhas, localizado no Centro de Visitantes da Fundação Projeto Tamar, na Enseada do Suá, em Vitória, está passando por um processo de modernização museológica que promete transformar a experiência do público e ampliar o alcance das ações educativas e culturais. O projeto foi contemplado por meio da Lei de Incentivo à Cultura Capixaba (LICC), da Secretaria da Cultura (Secult), com apoio da ArcelorMittal Tubarão, e conta com um investimento de R$ 700 mil. Coordenado por Denise de Borba Rieth, responsável pelo Centro de Visitantes, o projeto visa requalificar todo o percurso expositivo do museu, tornando-o mais acessível, interativo e alinhado às boas práticas museológicas. Com essa modernização, o Museu Aberto das Tartarugas Marinhas reafir- ma seu compromisso com a conservação das espécies marinhas e com a promoção do conhecimento, consolidando-se como uma referência nacional em museologia ambiental. A iniciativa contempla a elaboração de um Masterplan arquitetônico, que servirá como base para a nova rota expositiva permanente, além da construção de um Plano Museológico completo. Também está prevista a criação de um Plano de Acessibilidade, com intervenções físicas emergenciais para garantir inclusão em áreas com grandes desníveis. Entre as ações principais, destacam-se a criação da nova exposição “Pesquisa”, a reforma da já conhecida “Archelon” e a atualização da comunicação visual do roteiro interpretativo, tornando a visita mais informativa e envolvente. O projeto inclui ainda o desenvolvimento de um Programa Especial de Atendimento ao Público e a realização Assinado digitalmente pelo DIO - DEPARTAMENTO DE IMPRENSA OFICIAL DO ESTADO DO ESPÍRITO SANTO Data: Sábado, 26 de Julho de 2025 às 18:29:49 Código de Autenticação: d954519b Entre as ações principais, destacam-se a criação da nova exposição “Pesquisa”, a reforma da já conhecida “Archelon” e a atualização da comunicação visual do roteiro interpretativo, tornando a visita mais informativa e envolvente de oficinas ludoeducativas, fortalecendo o papel do museu como espaço de educação ambiental, cultura e cidadania. Mais informações sobre o Museu 44"
Lei de Incentivo à Cultura Capixaba,10351_56,0,2025-07-22,56,DIO,"{""data"": ""2025-07-22"", ""paginas"": 150, ""pagina"": 56, ""pdf_id"": 996611, ""year"": ""2025"", ""month"": ""07"", ""day"": ""22"", ""diario_id"": 10351, ""tipo_edicao"": 1}","roteção Social Básica dentro do CRAS do Município. VALOR: R$ 39.835,00 (trinta e nove mil oitocentos e trinta e cinco reais). Vitória, 21 de julho de 2025. CYNTIA FIGUEIRA GRILLO Secretária de Estado de Trabalho, Assistência e Desenvolvimento Social. Protocolo 1597097 Secretaria de Estado da Cultura - SECULT ATO DE CONFIRMAÇÃO DE DOCUMENTAÇÃO - PARCIAL Edital 04/2025 - Edital Nova Cena - Mostras e Festivais A Secretaria de Estado da Cultura torna públicos o Ato de Confirmação de Documentação do Edital em epígrafe, conforme processo nº 2025-4FGND. A íntegra do ato está disponível no site da Secult. Vitória, 21 de julho de 2025. Maria Thereza Bosi de Magalhães Subsecretária de Estado de Fomento e Incentivo à Cultura Protocolo 1596568 ATO DE CONFIRMAÇÃO DE DOCUMENTAÇÃO SUPLENTES Edital 05/2024 - Culturas Tradicionais A Secretaria de Estado da Cultura torna público o Ato de Confirmação de Documentação Suplentes do Edital em epígrafe, conforme processo nº 2024-W2BMN. A íntegra do ato está disponível no site da Secult. Vitória, 21 de julho de 2025. Maria Thereza Bosi de Magalhães Subsecretária de Estado de Fomento e Incentivo à Cultura Protocolo 1596570 AVISO DE DEPÓSITO DE PATROCÍNIO - LEI DE INCENTIVO À CULTURA CAPIXABA - LICC A SECULT torna público para amplo conhecimento o DEPÓSITO DE RECURSOS FINANCEIROS PELO CONTRIBUINTE PATROCINADOR abaixo indicado: 1) Patrocinador: Realmar Distribuidora Ltda CNPJ: 03.845.717/0002-03 IE: 082.339.65-1 Valor do crédito presumido: R$ 125.000,00 Beneficiário: Odoya Arte e Cultura Produções LTDA Projeto contemplado: Samba que Eu Quero Ver Mostra Cultural de Bamba 2) Patrocinador: Realmar Distribuidora Ltda CNPJ: 03.845.717/0017-90 IE: 082.341.43-5 Valor do crédito presumido: R$ 103.914,45 Beneficiário: Instituto Raízes Projeto contemplado: Festival Raízes do Samba 3) Patrocinador: Realmar Distribuidora Ltda CNPJ: 03.845.717/0018-70 IE: 082.341.44-3 Valor do crédito presumido: R$ 125.000,00 Beneficiário: Instituto Raízes Projeto contemplado: Festival Raízes do Samba 4) Patrocinador: Tuboval Comercial LTDA CNPJ: 31.731.169/0001-45 IE: 081.210. 65-5 Valor do crédito presumido: R$ 34.372,49 Assinado digitalmente pelo DIO - DEPARTAMENTO DE IMPRENSA OFICIAL DO ESTADO DO ESPÍRITO SANTO Data: Segunda-feira, 21 de Julho de 2025 às 22:28:29 Código de Autenticação: 61d7623f"
Lei de Incentivo à Cultura Capixaba,10350_94,0,2025-07-21,94,DIO,"{""data"": ""2025-07-21"", ""paginas"": 149, ""pagina"": 94, ""pdf_id"": 996435, ""year"": ""2025"", ""month"": ""07"", ""day"": ""21"", ""diario_id"": 10350, ""tipo_edicao"": 1}","nal nº 3175626, cujo objeto consiste na apuração de eventual responsabilidade administrativa quanto à irregularidade ocorrida no Centro de Detenção Provisória de Cachoeiro de Itapemirim, já descrita no Processo nº. 2025-GTF6F, bem como demais fatos conexos que surgirem no transcurso das apurações. Art. 2º - Determinar, por distribuição do Corregedor, que a Comissão Processante que for designada para atuar no processo supramencionado, cumpra o disposto nesta Portaria e notifique o acusado da instauração do PAD. Art. 3º - Esta Portaria entra em vigor a partir da data de sua publicação. MARCIO BARROS DUARTE Corregedor da Polícia Penal (respondendo) Protocolo 1595188 Secretaria de Estado da Cultura - SECULT AVISO DE RESULTADO Edital 01/2025 - Locomoção para Circulação e Intercambio - junho A Secretaria de Estado da Cultura torna público o Resultado da Seleção do Edital em epígrafe, conforme processo nº 2025-8G6X3, referente às inscrições no mês de junho. A íntegra do Resultado está disponível no site da Secult. www.secult.es.gov.br Vitória, 17 de julho de 2025. Maria Thereza Bosi de Magalhães Subsecretária de Estado de Fomento e Incentivo à Cultura Protocolo 1595247 AVISO DE RESULTADO LEI DE INCENTIVO À CULTURA CAPIXABA - LICC A SECULT torna público para amplo conhecimento a HABILITAÇÃO do projeto abaixo indicado: 1) Título do Projeto: Maria, essa fé que me leva Processo n°: 2025-C788C Proponente: Andaluz Produções Ltda ME Cnpj: 26.671.292/0001-88 Valor: R$500.000,00 2) Título do Projeto: Comunità Fest 2025 Processo n°: 2025-VNDD9 Proponente: Associação Federativa Comunità Italiana do Espírito Santo Cnpj: 03.571.771/0001-27 Valor: R$476.652,84 Esta habilitação permanece vigente conforme prazo estabelecido no Certificado de Aptidão à Captação de Recursos do projeto. O extrato da ATA estará disponível no site da SECULT: www.secult.es.gov.br. Vitória, 17 de julho de 2025 Maria Thereza Bosi de Magalhães Subsecretaria de Fomento e Incentivo à Cultura Protocolo 1595393 ATO DE CONFIRMAÇÃO DE DOCUMENTAÇÃO E CONVOCAÇÃO DE SUPLENTE - 2ªCHAMADA Edital 04/2024 - Territórios e Diversidade A Secretaria de Estado da Cultura torna públicos os Atos de Confirmação de Documentação e Convocação de Suplente do Edital em epígrafe, conforme processo nº 2024-D0KB8. A íntegra do ato está disponível no site da Secult. Vitória, 18 de julho de 2025. Maria Thereza Bosi de Magalhães Subsecretária de Estado de Fomento e Incentivo à Cultura Protocolo 1595566 Assinado digitalmente pelo DIO - DEPARTAMENTO DE IMPRENSA OFICIAL DO ESTADO DO ESPÍRITO SANTO Data: Sexta-feira, 18 de Julho de 2025 às 22:59:22 Código de Autenticação: d6caa33b"
Lei de Incentivo à Cultura Capixaba,10332_66,0,2025-07-15,66,DIO,"{""data"": ""2025-07-15"", ""paginas"": 119, ""pagina"": 66, ""pdf_id"": 993115, ""year"": ""2025"", ""month"": ""07"", ""day"": ""15"", ""diario_id"": 10332, ""tipo_edicao"": 1}","EXECUTIVO 59 Vitória (ES), terça-feira, 15 de Julho de 2025. ORDEM DE SERVIÇO Nº. 067/2025 CONCEDER recesso à estagiária abaixo, em conformidade com o artigo 13, da Lei nº 11.788/2008, de 25 de setembro de 2008, publicada no DOU do dia 26/09/2008: Nº TOTAL PERÍODO FUNCIONAL DE DIAS Katarina Nichi Campos 4960165 19 14/07 a 01/08/2025 DIÁRIO OFICIAL DOS PODERES DO ESTADO epígrafe, conforme processo nº 2025-4FGND. A íntegra dos documentos está disponível no site da Secult. Vitória, 14 de julho de 2025. Maria Thereza Bosi de Magalhães Subsecretária de Estado de Fomento e Incentivo à Cultura Protocolo 1591884 NOME Vitória, 11 de julho de 2025 AURÉLIO SIMÕES MONTEIRO JÚNIOR Chefe de Grupo de Recursos Humanos/SETADES Protocolo 1591222 Secretaria de Estado da Cultura - SECULT AVISO DE DEPÓSITO DE PATROCÍNIO - LEI DE INCENTIVO À CULTURA CAPIXABA - LICC A SECULT torna público para amplo conhecimento o DEPÓSITO DE RECURSOS FINANCEIROS PELO CONTRIBUINTE PATROCINADOR abaixo indicado: 1) Patrocinador: Imetame Metalmecânica LTDA CNPJ: 31.790.710/0001-96 IE: 081.248.91-1 Valor do crédito presumido: R$ 150.000,00 Beneficiário: Secretariado dos Imigrantes Friulanos de Aracruz-ES Projeto contemplado: 13ª ITALIA UNITA - Festa da Imigração Italiana de Aracruz - Município de Guaraná 2) Patrocinador: Comercial Devens LTDA CNPJ: 31.759.699/0001-00 IE: 081.224.37-0 Valor do crédito presumido: R$ 65.000,00 Beneficiário: Secretariado dos Imigrantes Friulanos de Aracruz-ES Projeto contemplado: 13ª ITALIA UNITA - Festa da Imigração Italiana de Aracruz - Município de Guaraná 3) Patrocinador: Comercial Devens LTDA CNPJ: 31.759.699/0003-63 IE: 081.631.10-3 Valor do crédito presumido: R$ 61.123,00 Beneficiário: Secretariado dos Imigrantes Friulanos de Aracruz-ES Projeto contemplado: 13ª ITALIA UNITA - Festa da Imigração Italiana de Aracruz - Município de Guaraná Vitória, 14 de julho de 2025 Maria Thereza Bosi de Magalhães Subsecretaria de Fomento e Incentivo Cultural Protocolo 1591832 ATA DE JULGAMENTO E ATO DE CONVOCAÇÃO Edital 04/2025 - Mostras e Festivais A Secretaria de Estado da Cultura torna pública a Ata de Julgamento de Recursos e o Ato de Convocação de Proponentes do Edital em Secretaria de Estado da Agricultura, Abastecimento, Aquicultura e Pesca - SEAG RESUMO DO CONTRATO DE CONCESSÃO DE USO SEAG Nº 057/2025 - PROCESSO SEAG Nº 2025-DX5PD. CONCEDENTE: A Secretaria de Estado da Agricultura, Abastecimento, Aquicultura e Pesca - SEAG, CNPJ/ MF: 27.080.555/0001-47. CESSIONÁRIO: A Associação de Agricultores Rurais e Remanescentes de Quilombolas Do Córrego Mata Sede do Município de São Mateus, CNPJ/MF: 37.924.742/0001-13. OBJETO: 01 (um) Microtrator Agrícola, 01 (uma) Roçadeira p/microtrator e 01 (uma) Enxada rotativa, RPs: 05000000008733, 05000000008734 e 05000000008735 . VIGÊNCIA: Vigorará até 120 (cento e vinte) meses, a partir da publicação do seu resumo no DOE/ES, podendo ser prorrogado se houver interesse das partes. Vitória, 14 de julho de 2025 Enio Bergoli da Costa Secretário de Estado da Agricultura, Abastecimento, Aquicultura e Pesca. Protocolo 1591963 RESUMO DO CONTRATO DE CONCESSÃO DE USO SEAG Nº 058/2025 - PROCESSO SEAG Nº 2025-DD3LM. CONCEDENTE: A Secretaria de Estado da Agricultura, Abastecimento, Aquicultura e Pesca - SEAG, CNPJ/ MF: 27.080.555/0001-47. CESSIONÁRIO: A Associação de Produtores Rurais da Região de Nova Verona, CNPJ/MF: 18.393.662/0001- 34. OBJETO: 01 (um) Kit Pulverizador tipo Canhão ,RP: 05000000008736 . VIGÊNCIA: Vigorará até 120 (cento e vinte) meses, a partir da publicação do seu resumo no DOE/ES, podendo ser prorrogado se houver interesse das partes. Vitória, 14 de julho de 2"
Lei de Incentivo à Cultura Capixaba,10320_53,0,2025-07-10,53,DIO,"{""data"": ""2025-07-10"", ""paginas"": 130, ""pagina"": 53, ""pdf_id"": 991567, ""year"": ""2025"", ""month"": ""07"", ""day"": ""10"", ""diario_id"": 10320, ""tipo_edicao"": 1}","ecretaria de Estado de Trabalho, Assistência e Desenvolvimento Social. Convenente: Associação de Atendimento à Criança, Adolescente e Maternidade - AACAM. Objeto: Prorrogar o prazo de vigência que trata a Cláusula Sexta - Da vigência, de 31 de outubro de 2025, para 31 de setembro de 2025. Vitória, 09 de julho de 2025 CYNTIA FIGUEIRA GILLO Secretária de Estado de Trabalho, Assistência e Desenvolvimento Protocolo 1588807 1ª Certidão De Apostilamento ao Termo De Fomento Nº SETADES/040/2024 Processo nº: 2024-75SS2 Adm. Pública: Estado do Espírito Santo por intermédio da Secretaria de Estado de Trabalho, Assistência e Desenvolvimento Social. OSC: Associação de Atendimento à Criança, Adolescente e Maternidade - AACAM. Objeto: autoriza neste ato a ORGANIZAÇÃO DA SOCIEDADE CIVIL - OSC repactuar a meta 2 com ajustes nas funções, período de contratação e valores da equipe encarregada, conforme Plano de Trabalho constante nos autos do processo, referente ao Termo de Fomento nº SETADES/040/2024. Vitória, 09 de julho de 2025 CYNTIA FIGUEIRA GRILLO Secretária de Estado de Trabalho, Assistência e Desenvolvimento Social Protocolo 1588841 Secretaria de Estado da Cultura - SECULT AVISO DE RESULTADO LEI DE INCENTIVO À CULTURA CAPIXABA - LICC A SECULT torna público para amplo conhecimento a HABILITAÇÃO do projeto abaixo indicado: 1) Título do Projeto: VI Festival Internacional de Violão do Espírito Santo (FIVES) e VII Concurso de Violão Maurício de Oliveira 100 Anos Processo n°: 2024-74QM3 Proponente: Acordes Centro de Música e Artes Ltda Cnpj: 05.558.955/0001-82 Valor: R$497.457,60 2) Título do Projeto: 26º Natal Luz no Sítio Histórico de Muqui - 2025 Processo n°: 2024-PZ6LZ Proponente: Associação Comercial e Empresarial de Muqui - ACE MUQUI Cnpj: 02.718.431/0001-13 Valor: R$494.060,00 3) Título do Projeto: A Feira da Letra - Flinc Processo n°: 2025-FW54R Proponente: Letra Preta Produções Ltda Cnpj: 40.630.772/0001-21 Valor: R$300.000,00 Esta habilitação permanece vigente conforme prazo estabelecido no Certificado de Aptidão à Captação de Recursos do projeto. A SECULT torna público para amplo conhecimento a INABILITAÇÃO do projeto abaixo indicado: 1) Título do Projeto: Ready to Rock 2 Assinado digitalmente pelo DIO - DEPARTAMENTO DE IMPRENSA OFICIAL DO ESTADO DO ESPÍRITO SANTO Data: Quarta-feira, 9 de Julho de 2025 às 22:38:23 Código de Autenticação: acb46c0c"
Lei de Incentivo à Cultura Capixaba,10317_53,0,2025-07-09,53,DIO,"{""data"": ""2025-07-09"", ""paginas"": 99, ""pagina"": 53, ""pdf_id"": 991467, ""year"": ""2025"", ""month"": ""07"", ""day"": ""09"", ""diario_id"": 10317, ""tipo_edicao"": 1}","m epígrafe, conforme processo nº 2024-ZRTRF. A íntegra do Resultado está disponível no site da Secult. Vitória, 08 de julho de 2025. Maria Thereza Bosi de Magalhães Subsecretária de Estado de Fomento e Incentivo à Cultura Protocolo 1587342 ATO DE CONFIRMAÇÃO DE DOCUMENTAÇÃO - PARCIAL Edital 011/2024 - Literatura, Livro e Leitura A Secretaria de Estado da Cultura torna público a Ato de Confirmação de Documentação Parcial do Edital em epígrafe -conforme processo nº 2024-8WR9B. A íntegra do Resultado está disponível no site da Secult. Vitória, 08 de julho de 2025. Maria Thereza Bosi de Magalhães Subsecretária de Estado de Fomento e Incentivo à Cultura Protocolo 1587427 ATO DE CONFIRMAÇÃO DE DOCUMENTAÇÃO DE PROPONENTES - PARCIAL Edital 03/2024 - Projetos Meu Primeiro Edital A Secretaria de Estado da Cultura torna pública a Ato de Confirmação de Documentação de Proponentes Parcial do Edital em epígrafe, conforme processo nº 2024-95G1K. A íntegra dos documentos está disponível no site da Secult (www. secult.es.gov.br). Vitória, 08 de julho de 2025. Maria Thereza Bosi de Magalhães Subsecretária de Estado de Fomento e Incentivo à Cultura Protocolo 1587438 AVISO DE DEPÓSITO DE PATROCÍNIO - LEI DE INCENTIVO À CULTURA CAPIXABA - LICC A SECULT torna público para amplo conhecimento o DEPÓSITO DE RECURSOS FINANCEIROS PELO CONTRIBUINTE PATROCINADOR abaixo indicado: 1) Patrocinador: Transportadora Associada de Gás - TAG Assinado digitalmente pelo DIO - DEPARTAMENTO DE IMPRENSA OFICIAL DO ESTADO DO ESPÍRITO SANTO Data: Terça-feira, 8 de Julho de 2025 às 21:15:02 Código de Autenticação: 7abbc060"
Lei de Incentivo à Cultura Capixaba,10291_51,0,2025-06-30,51,DIO,"{""data"": ""2025-06-30"", ""paginas"": 102, ""pagina"": 51, ""pdf_id"": 987708, ""year"": ""2025"", ""month"": ""06"", ""day"": ""30"", ""diario_id"": 10291, ""tipo_edicao"": 1}","réscimo no quantitativo de serviços no valor R$ 3.172,70 (três mil cento e setenta e dois reais e setenta centavos) passando o valor mensal para R$ R$ 20.508,87 (vinte mil, quinhentos e oito reais e oitenta e sete centavos). Ficam mantidas todas as demais cláusulas e condições anteriormente avençadas, não alteradas pelo presente Termo Aditivo. Vitória, 27 de junho de 2025. CYNTIA FIGUEIRA GRILLO Secretária de Estado do Trabalho, Assistência e Desenvolvimento Social - SETADES Protocolo 1581009 RESUMO DO 7º TERMO ADITIVO AO TERMO DE COOPERAÇÃO TÉCNICA N.º 001/2018 PROCESSO Nº: 81720688 PROCESSO Nº: 2023-MZM1T ESPÉCIE: Termo de Cooperação técnica entre Estado do Espírito Santo por intermédio da Secretaria de Estado de Trabalho, Assistência e Desenvolvimento Social e o Banco do Estado do Espirito Santo tendo por objeto a implantação do Cartão Reconstrução. OBJETO: Prorrogação do prazo de vigência que trata a Cláusula Décima Quinta do instrumento original para 30/06/2026. Vitória, 27 de junho de 2025. Cyntia Figueira Grillo Secretária de Estado do Trabalho, Assistência e Desenvolvimento Social. Protocolo 1581064 Secretaria de Estado da Cultura - SECULT AVISO DE DEPÓSITO DE PATROCÍNIO - LEI DE INCENTIVO À CULTURA CAPIXABA - LICC A SECULT torna público para amplo conhecimento o DEPÓSITO DE RECURSOS FINANCEIROS PELO CONTRIBUINTE PATROCINADOR abaixo indicado: 1) Patrocinador: Tuboval Comercial LTDA CNPJ: 31.731.169/0001-45 IE: 081.210. 65-5 Valor do crédito presumido: R$ 34.372,49 Beneficiário: Satirica Filmes Produções LTDA Projeto contemplado: Fecsta 8 - Festival de Cinema de Santa Teresa 2) Patrocinador: Ambev S.A. CDD VITÓRIA CNPJ: 07.526.557/0011-81 IE: 082.973.01-6 Valor do crédito presumido: R$ 500.000,00 Beneficiário: Conexxo Serviços e Gestão de Eventos LTDA Projeto contemplado: Roda de Boteco 2025 3) Patrocinador: Antônio Auto Peças S/A CNPJ: 27.340.074/0008-08 IE: 082.193.60-6 Valor do crédito presumido: R$ 39.958,51 Beneficiário: Associação de Salvaguarda Patrimônio Imaterial Cachoeirense Projeto contemplado: Raiar da Liberdade 4) Patrocinador: Antônio Auto Peças S/A CNPJ: 27.340.074/0008-08 IE: 082.193.60-6 Valor do crédito presumido: R$ 39.958,51 Beneficiário: Associação de Salvaguarda Patrimônio Imaterial Cachoeirense Projeto contemplado: Raiar da Liberdade do do 5) Patrocinador: Realmar Distribuidora LTDA CNPJ: 03.845.717/0016-09 IE: 082.341.46-0 Valor do crédito presumido: R$ 125.000,00 Beneficiário: Odoya Arte e Cultura Produções LTDA Projeto contemplado: Samba que Eu Quero Ver Mostra Cultural de Bamba 6) Patrocinador: Kubit Importação de Café LTDA CNPJ: 08.625.038/0001-61 IE: 082.446.00-8 Assinado digitalmente pelo DIO - DEPARTAMENTO DE IMPRENSA OFICIAL DO ESTADO DO ESPÍRITO SANTO Data: Sexta-feira, 27 de Junho de 2025 às 21:45:25 Código de Autenticação: 1d19d6f1 Exportação e"
Lei de Incentivo à Cultura Capixaba,10284_5,0,2025-06-27,5,DIO,"{""data"": ""2025-06-27"", ""paginas"": 148, ""pagina"": 5, ""pdf_id"": 987497, ""year"": ""2025"", ""month"": ""06"", ""day"": ""27"", ""diario_id"": 10284, ""tipo_edicao"": 1}","IMPRENSA OFICIAL DO ESPÍRITO SANTO 27 de junho de 2025 IJSN divulga seleção de bolsistas pesquisadores \ As inscrições seguem até o dia 1º de julho de 2025. Os interessados devem preencher o formulário online disponível em https://forms.gle/HVGb4WwXcn1uPaYV9 DIVULGAÇÃO / IJSN A oportunidade é destinada aos profissionais das áreas de Artes, Gestão Pública, Ciências Sociais, Estatística, Administração ou Economia, com jornada de 30 horas semanais e remuneração mensal de R$ 3.500 C hegou o momento aguardado por quem deseja atuar em pesquisas aplicadas à cultura capixaba. Na última terça-feira (24), o Instituto Jones dos Santos Neves (IJSN) lançou o edital de seleção de bolsistas pesquisadores que vão atuar no projeto de Análise Executiva da Lei de Incentivo à Cultura Capixaba (LICC). A oportunidade é destinada aos profissionais das áreas de Artes, Gestão Pública, Ciências Sociais, Estatística, Administração ou Economia, com jornada de 30 horas semanais e remuneração mensal de R$ 3.500. As inscrições seguem até o dia 1º de julho de 2025. Os interessados devem preencher o formulário online disponível em https://forms. gle/HVGb4WwXcn1uPaYV9 e enviar a documentação exigida para o e-mail: editais.ijsn@ gmail.com, conforme orientações do edital. Para concorrer, é necessário ter título de mestre ou graduação acompanhada de, no mínimo, quatro anos de experiência comprovada em uma das áreas exigidas. O processo seletivo será dividido em três fases: análise curricular e documental, entrevista com a comissão avaliadora e, por fim, validação da documentação pela Fundação de Amparo à Pesquisa e Inovação do Espírito Santo (Fapes), responsável pela liberação das bolsas. O edital completo pode ser consultado no site do IJSN: https://ijsn.es.gov.br/edital-no-02-2025-ijsn. Secult e a Fapes. A LICC é um mecanismo estadual de incentivo fiscal à cultura, baseado na concessão de crédito presumido de ICMS. O objetivo do projeto é avaliar de forma integrada essa política pública, identificar indicadores de monitoramento, analisar o retorno dos investimentos e propor melhorias. Os resultados esperados incluem a criação de um plano de monitoramento, sugestões de aprimoramento da LICC e análise de seus impactos econômicos. A pesquisa terá duração de 18 meses. CONHEÇA A PESQUISA / O projeto de Análise Executiva da Lei de Incentivo à Cultura Capixaba (LICC) é realizado pelo Instituto Jones dos Santos Neves (IJSN), em parceria com a Assinado digitalmente pelo DIO - DEPARTAMENTO DE IMPRENSA OFICIAL DO ESTADO DO ESPÍRITO SANTO Data: Quinta-feira, 26 de Junho de 2025 às 21:59:39 Código de Autenticação: aab30a34 5"
Lei de Incentivo à Cultura Capixaba,10263_52,0,2025-06-17,52,DIO,"{""data"": ""2025-06-17"", ""paginas"": 134, ""pagina"": 52, ""pdf_id"": 984157, ""year"": ""2025"", ""month"": ""06"", ""day"": ""17"", ""diario_id"": 10263, ""tipo_edicao"": 1}","o Ato de Confirmação de Documentação Parcial do Edital em epígrafe, conforme processo nº 2024-D0KB8. A íntegra do ato está disponível no site da Secult. Vitória, 16 de junho de 2025. Maria Thereza Bosi de Magalhães Subsecretária de Estado de Fomento e Incentivo à Cultura Protocolo 1573206 AVISO DE RESULTADO Edital 01/2025 - Locomoção para Circulação e Intercambio - maio A Secretaria de Estado da Cultura torna público o Resultado da Seleção do Edital em epígrafe, conforme processo nº 2025-8G6X3, referente às inscrições no mês de maio. A íntegra do Resultado está disponível no site da Secult. www.secult.es.gov. br Vitória, 16 de junho de 2025. Maria Thereza Bosi de Magalhães Subsecretária de Estado de Fomento e Incentivo à Cultura Protocolo 1573408 ATO DE CONFIRMAÇÃO DE DOCUMENTAÇÃO COMPLEMENTAR Edital 06/2024 - Patrimônio Cultural A Secretaria de Estado da Cultura torna público o Ato de Confirmação de Documentação do Edital em epígrafe, conforme processo nº 2024-1CB3M. A íntegra do documento estará disponível no site da Secult. Vitória, 16 de junho de 2025. Maria Thereza Bosi de Magalhães Subsecretária de Estado de Fomento e Incentivo à Cultura Protocolo 1573501 AVISO DE RESULTADO LEI DE INCENTIVO À CULTURA CAPIXABA - LICC A SECULT torna público para amplo conhecimento a HABILITAÇÃO do projeto abaixo indicado: 1) Título do Projeto: Orquestra da Quebrada Temporada Capixaba Processo n°: 2025-SPKTB Proponente: Tonobooks Produções Ltda Cnpj: 30.867.425/0001-63 Valor: R$500.000,00 2) Título do Projeto: 26ª Pomitafro Processo n°: 2025-3N7CD Proponente: Centro de Cultura Italiana de Vila Pavão - CECIVIP Cnpj: 06.854.679/0001-62 Valor: R$499.913,88 Esta habilitação permanece vigente conforme prazo estabelecido no Certificado de Aptidão à Captação de Recursos do projeto. Assinado digitalmente pelo DIO - DEPARTAMENTO DE IMPRENSA OFICIAL DO ESTADO DO ESPÍRITO SANTO Data: Segunda-feira, 16 de Junho de 2025 às 21:45:55 Código de Autenticação: 5b1fd345"
Lei de Incentivo à Cultura Capixaba,10250_58,0,2025-06-13,58,DIO,"{""data"": ""2025-06-13"", ""paginas"": 126, ""pagina"": 58, ""pdf_id"": 983114, ""year"": ""2025"", ""month"": ""06"", ""day"": ""13"", ""diario_id"": 10250, ""tipo_edicao"": 1}","letrônico: 2025-LC387. Objeto: AQUISIÇÃO DE SOLUÇÃO DE REDE SEM FIOS (WLAN). Contratada: SUPRISERVICE INFORMATICA LTDA. CNPJ: 03.607.073/0001-34. JOSE FRANCO MORAIS JUNIOR DIRETOR GERAL DA POLÍCIA PENAL DO ES Protocolo 1571850 Secretaria de Estado de Trabalho, Assistência e Desenvolvimento Social - SETADES Resumo do 3º Termo Aditivo ao Termo de Fomento n.º 012/2023 Processo nº: 2023-NB2LS Adm. Pública: Estado do Espírito Santo por intermédio da Secretaria de Estado de Trabalho, Assistência e Desenvolvimento Social. Convenente: Associação Castelense de Pessoas com Deficiência - ACAPODE. Objeto: alterar o montante total de recursos a serem empregados na execução do Termo de Fomento nº SETADES/012/2023 para R$72.206,74 (setenta e dois mil e duzentos e seis reais e setenta e quatro centavos), devido a utilização dos rendimentos da aplicação financeira, no valor de R$7.177,62 (sete mil e cento e setenta e sete reais e sessenta e dois centavos) para aplicação no objeto da parceria. Vitória, 12 de junho de 2025. CYNTIA FIGUEIRA GILLO Secretária de Estado de Trabalho, Assistência e Desenvolvimento Protocolo 1571769 Secretaria de Estado da Cultura - SECULT AVISO DE DEPÓSITO DE PATROCÍNIO - LEI DE INCENTIVO À CULTURA CAPIXABA - LICC A SECULT torna público para amplo conhecimento o DEPÓSITO DE RECURSOS FINANCEIROS PELO CONTRIBUINTE PATROCINADOR abaixo indicado: 1) Patrocinador: Realmar Distribuidora LTDA CNPJ: 03.845.717/0001-22 IE: 082.324.17-4 Valor do crédito presumido: R$ 250.000,00 Beneficiário: Rota Service Ltda Projeto contemplado: Festival Internacional de Jazz e Bossa Nova de Santa Teresa - Santa Jazz 2025 2) Patrocinador: Realmar Distribuidora LTDA CNPJ: 03.845.717/0015-28 IE: 082.343.06-3 Valor do crédito presumido: R$ 70.000,00 Beneficiário: Alpha Empreendimentos LTDA Projeto contemplado: Galpão de Ideias - Tornando Ideias Realidade 3) Patrocinador: Realmar Distribuidora LTDA CNPJ: 03.845.717/0025-08 IE: 082.523.99-1 Valor do crédito presumido: R$ 50.000,00 Beneficiário: Alpha Empreendimentos LTDA Projeto contemplado: Galpão de Ideias - Tornando Ideias Realidade 4) Patrocinador: Realmar Distribuidora LTDA CNPJ: 03.845.717/0012-85 IE: 082.340.27-7 Valor do crédito presumido: R$ 75.000,00 Beneficiário: Alpha Empreendimentos LTDA Projeto contemplado: Galpão de Ideias - Tornando Ideias Realidade Vitória, 12 de junho de 2025 Maria Thereza Bosi de Magalhães Subsecretaria de Fomento e Incentivo Cultural - SECULT Protocolo 1571294 ATO DE CONVOCAÇÃO DE PROPONENTES - SUPLENTES Edital 07/2024 - Circo Tradicional A Secretaria de Estado da Cultura torna público o Ato de Convocação de Proponentes Suplentes do Edital em epígrafe, conforme processo nº 2024-416Q2 A íntegra do ato está disponível no site da Secult. Vitória, 12 de junho de 2025 Maria Thereza Bosi de Magalhães Subsecretária de Estado de Fomento e Incentivo à Cultura Protocolo 1571356 ATO DE CONFIRMAÇÃO DE DOCUMENTAÇÃO - COMPLEMENTAR Edital 15/2024 - Difusão Audiovisual A Secretaria de Estado da Cultura torna público o Ato de Confirmação de Documentação do Edital em epígrafe, conforme processo nº 2024-66Q9Z. A íntegra do ato está disponível no site da Secult. Vitória, 12 de junho de 2025. Maria Thereza Bosi de Magalhães Subsecretária de Estado de Fomento e Incentivo à Cultura Protocolo 1571412 Assinado digitalmente pelo DIO - DEPARTAMENTO DE IMPRENSA OFICIAL DO ESTADO DO ESPÍRITO SANTO Data: Quinta-feira, 12 de Junho de 2025 às 22:18:21 Código de Autenticação: 51667b3a"
Lei de Incentivo à Cultura Capixaba,10249_77,0,2025-06-12,77,DIO,"{""data"": ""2025-06-12"", ""paginas"": 123, ""pagina"": 77, ""pdf_id"": 982764, ""year"": ""2025"", ""month"": ""06"", ""day"": ""12"", ""diario_id"": 10249, ""tipo_edicao"": 1}","IMPRENSA OFICIAL DO ESPÍRITO SANTO 12 de junho de 2025 5º Festival Nacional de Teatro de Guaçuí movimenta o Caparaó de 22 a 28 de junho \ Com entrada gratuita, a programação do festival reúne 22 espetáculos que serão apresentados no Teatro Fernando Torres, no Espaço Gota, Pó e Poeira e em ruas e praças públicas da cidade FÁBIO MARTINS Realizado com recursos da Lei de Incentivo à Cultura Capixaba (LICC), por meio da Secretaria da Cultura (Secult) e com a parceria da Prefeitura Municipal de Guaçuí, o evento traz ao Estado um recorte primoroso do teatro nacional, com peças vindas de São Paulo, Rio de Janeiro, Paraíba, Minas Gerais, Goiás e Rio Grande do Sul, além de companhias do próprio Espírito Santo O município de Guaçuí, na região do Caparaó capixaba, se prepara para viver sete dias intensos de arte e emoção com a realização do 25º Festival Nacional de Teatro de Guaçuí, que acontece de 22 a 28 de junho. Com entrada gratuita, a programação do festival – uma tradição no calendário cultural capixaba – reúne 22 espetáculos que serão apresentados no Teatro Fernando Torres, no Espaço Gota, Pó e Poeira e em ruas e praças públicas da cidade. O festival conta ainda com o lançamento do livro “A Paisagem Teatral”, de Éder Gaioski, uma exposição comemorativa aos 25 anos do festival e do Teatro Fernando Torres, além de rodas de conversa com os artistas, ao fim das apresentações. O encerramento contará com uma cerimônia de premiação, que reconhece os destaques do festival em diversas categorias. CAPIXABAS EM CENA / O teatro capixaba será representado no festival por grupos de Guaçuí, Anchieta, Cachoeiro de Itapemirim e Vitória, com espetáculos que vão do humor à crítica social. O tradicional e premiado Grupo Gota, Pó e Poeira, de Guaçuí, criador e produtor do festival, apresenta ""O Santo e a Porca"", comédia que reflete sobre a avareza e os dilemas humanos. Assinado digitalmente pelo DIO - DEPARTAMENTO DE IMPRENSA OFICIAL DO ESTADO DO ESPÍRITO SANTO Data: Quarta-feira, 11 de Junho de 2025 às 21:58:43 Código de Autenticação: 8257abca De Anchieta, a peça ""Janelas"", do Grupo Rerigtiba, propõe um jogo cênico de imaginação, inspirado no isolamento da pandemia. ""A Metamorfose"", do grupo de Cachoeiro, Anônimos de Teatro, revisita Kafka em uma adaptação contemporânea. Já os grupos de Vitória apostam em alegria e diversão para toda a família, com os esquetes circenses de ""Fuscalhaço"", do Grupo Árvore, e o espetáculo infantil ""Histórias Mágicas"", da Casa de Artes Campaneli. Confira a programação completa 3"
Lei de Incentivo à Cultura Capixaba,10242_46,0,2025-06-11,46,DIO,"{""data"": ""2025-06-11"", ""paginas"": 108, ""pagina"": 46, ""pdf_id"": 982004, ""year"": ""2025"", ""month"": ""06"", ""day"": ""11"", ""diario_id"": 10242, ""tipo_edicao"": 1}","osta Nº. Funcional 3479480 Período aquisitivo 2023/2024 Período de férias 23/06 a 07/07/2025 Jacqueline Pereira de Araujo Oliveira 4296753 2024/2025 23/06 a 07/07/2025 Total de dias 15 dias - 1º fracionamento 15 dias - 1º fracionamento Art. 4º CONCEDER, dias restantes de férias regulamentares, à servidora abaixo: Nome Thais Cristina Alves Guerra Nº. Funcional 3897540 Período aquisitivo 2024/2025 Período de férias 01 a 10/07/2025 Total de dias 10 dias Vitória, 10 de junho de 2025. CYNTIA FIGUEIRA GRILLO Secretária de Estado de Trabalho, Assistência e Desenvolvimento Social Resumo do 1º Termo Aditivo ao Termo de Fomento n.º 034/2024 Processo nº: 2024-J2XH3 Adm. Pública: Estado do Espírito Santo por intermédio da Secretaria de Estado de Trabalho, Assistência e Desenvolvimento Social. Convenente: Associação de Pais e Amigos dos Excepcionais - APAE Santa Leopoldina. Objeto: Prorrogar o prazo de vigência que trata a Cláusula Sexta - Da vigência, de 31 de julho de 2025, para 31 de dezembro de 2025. Vitória, 10 de junho de 2025 CYNTIA FIGUEIRA GILLO Secretária de Estado de Trabalho, Assistência e Desenvolvimento Protocolo 1569732 Secretaria de Estado da Cultura - SECULT AVISO DE RESULTADO LEI DE INCENTIVO À CULTURA CAPIXABA - LICC A SECULT torna público para amplo conhecimento a INABILITAÇÃO do projeto abaixo indicado: Protocolo 1569254 1) Título do Projeto: Intercâmbio - Áustria Processo n°: 2025-L4NWB Proponente: João Inarlei Silva Carletti Cnpj: 02.820.802/0001-73 Valor: R$ 469.207,48 Brasil Fica aberto o prazo de 10 (dez) dias para apresentação de recurso administrativo na forma do art. 44º da Instrução normativa Secult nº 01/25. O extrato da ATA estará disponível no site da SECULT: www.secult.es.gov.br. Vitória, 09 de junho de 2025 Maria Thereza Bosi de Magalhães Subsecretaria de Fomento e Incentivo Cultural - SECULT Protocolo 1568962 ATOS DE CONFIRMAÇÃO DE DOCUMENTAÇÃO E DE CONVOCAÇÃO DE SUPLENTE Edital 16/2024 - Mestres A Secretaria de Estado da Cultura torna público Assinado digitalmente pelo DIO - DEPARTAMENTO DE IMPRENSA OFICIAL DO ESTADO DO ESPÍRITO SANTO Data: Terça-feira, 10 de Junho de 2025 às 22:38:19 Código de Autenticação: e39ce0e1"
Lei de Incentivo à Cultura Capixaba,10235_41,0,2025-06-09,41,DIO,"{""data"": ""2025-06-09"", ""paginas"": 117, ""pagina"": 41, ""pdf_id"": 981174, ""year"": ""2025"", ""month"": ""06"", ""day"": ""09"", ""diario_id"": 10235, ""tipo_edicao"": 1}","público que requereu à SEMAG, por meio do Processo nº 15052/2025, a Licença Ambiental de Regularização - LAR, para a atividade de ESTABELECIMENTO PRISIONAL, na localidade de Rodovia do Sol, Contorno Argilino Dário, Km 51,3, Bairro Maxinda, no Município de Guarapari/ES. Vitória, 06 de junho de 2025. RAFAEL RODRIGO PACHECO SALAROLI Secretário de Estado da Justiça Protocolo 1567459 Secretaria de Estado de Trabalho, Assistência e Desenvolvimento Social - SETADES PORTARIA Nº 043-S, DE 02 DE JUNHO DE 2025. A SECRETÁRIA DE ESTADO DE TRABALHO, ASSISTÊNCIA E DESENVOLVIMENTO SOCIAL, no uso das atribuições que lhe são conferidas pelo Art. 65, da Lei nº. 46, de 31 de janeiro de 1994, RESOLVE: EXONERAR, na forma do artigo 61, § 2º, alínea “a” da Lei Complementar nº. 46, de 31 de janeiro de 1994, MARIA DAS GRAÇAS SOARES ALVES, Nº Funcional 4082893, do cargo em comissão de ASSESSOR TÉCNICO - QCE-07, da Secretaria de Estado de Trabalho, Assistência e Desenvolvimento Social. Vitória, 02 de junho de 2025. CYNTIA FIGUEIRA GRILLO Secretária de Estado de Trabalho, Assistência e Desenvolvimento Social - SETADES Protocolo 1568007 Secretaria de Estado da Cultura - SECULT AVISO DE DEPÓSITO DE PATROCÍNIO - LEI DE INCENTIVO À CULTURA CAPIXABA - LICC A SECULT torna público para amplo conhecimento o DEPÓSITO DE RECURSOS FINANCEIROS PELO CONTRIBUINTE PATROCINADOR abaixo indicado: 1) Patrocinador: Realmar Distribuidora Ltda CNPJ: 03.845.717/0005-56 IE: 082.343.81-0 Valor do crédito presumido: R$ 125.000,00 Beneficiário: Odoya Arte e Cultura Produções LTDA Projeto contemplado: Samba que Eu Quero Ver Mostra Cultural de Bamba 2) Patrocinador: Realmar Distribuidora Ltda CNPJ: 03.845.717/0013-66 IE: 082.340.24-2 Valor do crédito presumido: R$ 125.000,00 Beneficiário: Odoya Arte e Cultura Produções LTDA Projeto contemplado: Samba que Eu Quero Ver Mostra Cultural de Bamba Vitória, 06 de junho de 2025 Catarina Maria Linhales Baptista Subsecretaria de Fomento e Incentivo Cultural - SECULT Protocolo 1567218 AVISO DE RESULTADO Edital 03/2024 - Meu Primeiro Edital A Secretaria de Estado da Cultura torna público o Resultado da Seleção do Edital em epígrafe, conforme processo nº 2024-95G1K. A íntegra do resultado está disponível no site da Secult (www. secult.es.gov.br). Vitória, 06 de junho de 2025. Catarina Maria Linhales Baptista Subsecretária de Estado de Fomento e Incentivo à Cultura (Respondendo) Protocolo 1567556 Resumo do Termo de Apostilamento nº 01 do Termo de Colaboração nº 001/2025 Processo nº 2024-PLN7M Concedente: Secretaria de Estado da Cultura OSC: Associação Universidade Para Todos Objeto: Adequação do cronograma e de valores sem alteração de metas e valor global no Plano de Trabalho do Termo de Colaboração nº 001/2025. Permanecem válidas e inalteradas as cláusulas não expressamente modificadas por este Instrumento. Vitória, 06 de junho de 2025. Fabricio Noronha Fernandes Secretário de Estado da Cultura Protocolo 1566991 Resumo do Termo de Apostilamento nº 02 do Termo de Colaboração nº 009/2024 Processo nº 2024-DJ8PM Concedente: Secretaria de Estado da Cultura OSC: Instituto Ellos de Inclusão Social. Objeto: Adequação do cronograma e de valores sem alteração de metas e valor global no Plano de Trabalho do Termo de Colaboração nº 009/2024. Permanecem válidas e inalteradas as cláusulas não expressamente modificadas por este Instrumento. Vitória, 06 de junho de 2025. Fabricio Noronha Fernandes Secretário de Estado da Cultura Protocolo 1567589 Assinado digitalmente pelo DIO - DEPARTAMENTO DE IMPRENSA OFICIAL DO ESTADO DO ESPÍRITO SANTO Data: Sexta-feira, 6 de Junho de 2025 às 21:55:39 Código de Autenticação: 9cb268c8"
Lei de Incentivo à Cultura Capixaba,10235_6,0,2025-06-09,6,DIO,"{""data"": ""2025-06-09"", ""paginas"": 117, ""pagina"": 6, ""pdf_id"": 981139, ""year"": ""2025"", ""month"": ""06"", ""day"": ""09"", ""diario_id"": 10235, ""tipo_edicao"": 1}","nternacionais O tradicional Santa Jazz, Festival Internacional de Jazz e Bossa de Santa Teresa, chega à sua 12ª edição em 2025, com uma programação imperdível para os amantes de música. O evento acontece de sexta-feira (13) a domingo (15) em Santa Teresa, trazendo artistas nacionais e internacionais. Consagrado como um dos festivais mais importantes do gênero no Brasil, o Santa Jazz também impulsiona o turismo local, movimentando restaurantes, pousadas e comércios da região. Com apresentações gratuitas e pagas, o Festival contará com três dias de intensa programação. Na sexta-feira (13), a abertura oficial será seguida pelo show de Claudio Dauelsberg Quarteto, junto a Robertinho Silva e Ney Conceição, aquecendo o palco principal para as atrações internacionais Mike Stern (EUA) e Laretha Weathersby (EUA) & Bruno Marques Band (EUA). Mike Stern é um dos guitarristas mais respeitados do jazz fusion, tendo sido eleito ""Melhor Guitarrista do Ano"" pela revista Guitar Player e recebido indicações ao Grammy na categoria de Melhor Álbum de Jazz Contemporâneo. O festival tem apoio da Prefeitura Municipal de Santa Teresa e realização da Rota Eventos e Iamonde Design de Evento, com recursos da Lei de Incentivo à Cultura Capixaba (LICC), por meio da Secretaria da Cultura (Secult) DIVULGAÇÃO / SECULT Adquira seus ingressos PREVISÃO DO TEMPO / Nesta segunda-feira, o tempo permanece com poucas nuvens e calor no Espírito Santo, até o final da manhã. A partir da tarde, a passagem de uma nova frente fria pelo litoral muda as condições do tempo no Estado. PROGRAMAÇÃO TVE/ES - TV ABERTA - CANAL 2 / NET - CANAL 15 / RCA - CANAL 5 06H00 – ENERGIA 06H30 – AGROCULTURA 07H00 – COCORICÓ III 07H15 – PEPPA PIG I 07H30 – OI, DUGGEE! II 07H45 – MEU AMIGÃOZÃO 08H00 – QUINTAL DA CULTURA 12H00 – JORNAL DA TARDE 12H45 – TVE REVISTA 13H20 – SIMON, O SUPERCOELHO III 13H30 – UM HERÓI DO CORAÇÃO 13H45 – CONTOS DA MASHA 13H50 – MASHA E O URSO I 14H00 – QUINTAL DA CULTURA 16H00 – SEM CENSURA 18H00 – BRASIL VISTO DE CIMA 18H30 – TVE NOTICIA 18H45 – GRIÔS DE GOIABEIRAS 19H00 – TVE ESPORTES 19H45 – METRÓPOLIS 20H00 – CARTÃO VERDE 21H00 – JORNAL DA CULTURA Assinado digitalmente pelo DIO - DEPARTAMENTO DE IMPRENSA OFICIAL DO ESTADO DO ESPÍRITO SANTO Data: Sexta-feira, 6 de Junho de 2025 às 21:55:26 Código de Autenticação: 9cb268c8 22H00 – RODA VIVA 23H45 – ARRAIÁ BRASIL 02H00 – SANGUE OCULTO 03H00 – IMENSIDÃO AZUL 03H30 – UM MILAGRE 05H00 – BRASIL VISTO DE CIMA 05H30 – BRASIL VISTO DE CIMA 6"
Lei de Incentivo à Cultura Capixaba,10230_153,0,2025-06-06,153,DIO,"{""data"": ""2025-06-06"", ""paginas"": 221, ""pagina"": 153, ""pdf_id"": 980690, ""year"": ""2025"", ""month"": ""06"", ""day"": ""06"", ""diario_id"": 10230, ""tipo_edicao"": 1}","DIÁRIO OFICIAL DOS PODERES DO ESTADO E X E C U T I V O 146 Vitória (ES), sexta-feira, 6 de Junho de 2025. Resumo do Termo de Apostilamento nº 01 do Termo de Fomento nº 005/2025 Processo nº 2025-V7CDG Concedente: Secretaria de Estado da Cultura OSC: Associação do Festival de Viola de Muniz Freire-ES (AFEVI-MF). Objeto: Adequa cronograma de valores sem a alterar metas e valor global do Termo de Fomento nº 005/2025. Permanecem válidas e inalteradas as cláusulas não expressamente modificadas por este Instrumento. Vitória, 05 de junho de 2025. Carolina Ruas Palomares Subsecretária de Políticas Culturais Protocolo 1565968 RESUMO TERMO DE COOPERAÇÃO Nº. 002/2025 PROCESSO: 2024-7C4WZ ESPÉCIE: Termo de Cooperação para Descentralização de Crédito Orçamentário nº. 002/2025 OBJETO: Realização de projeto de pesquisa com foco na análise executiva da Lei de Incentivo à Cultura Capixaba (LICC), a fim de identificar oportunidades e mensurar o impacto do investimento na economia capixaba. PERÍODO DE EXECUÇÃO 05 de junho de 2025 a 31 de maio de 2027 RECURSOS ORÇAMENTÁRIOS: O valor total da Ação é de R$ 365.203,60 (Trezentos e sessenta e cinco mil, duzentos e três reais e sessenta centavos). DOTAÇÃO ORÇAMENTÁRIA U G 400.101 EMITENTE: SECULT -U G 320.901 FAVORECIDA: FUNCITEC CÓDIGO ESFERA UO Fiscal ESPECIFICAÇÃO F O N T ENATUREZA (NOME DA UGR RECURSO DA DESPESA PROG. TRABALHO AÇÃO) - P L A N O VALOR (R$) ORÇAMENTÁRIO 1580 - DesenPesquisa e volvimento de 320.203,60 Diagnóstico 3.3.90.20.00 40101 13.392.0043.2111 1500.000000 400101 Ações de Ciência, 45.000,00 das Cadeias 4.4.90.20.00 Tecnologia e 2501.000000 Produtivas da Inovação Cultura VIGÊNCIA: Da data de sua assinatura até 31 de maio de 2027, acrescido 30 (trinta) dias de prazo para a apresentação da prestação de contas. FABRICIO NORONHA FERNANDES SECRETÁRIO DE ESTADO DA CULTURA RODRIGO VAREJÃO ANDREÃO DIRETOR PRESIDENTE DA FUNDAÇÃO DE AMPARO À PESQUISA E INOVAÇÃO DO ESPÍRITO SANTO - FAPES EXECUTANTE LUCIA APARECIDA DE QUEIROZ ARAÚJO DIRETORA ADMINISTRATIVA FINANCEIRA DA FUNDAÇÃO DE AMPARO À PESQUISA E INOVAÇÃO DO ESPÍRITO SANTO - FAPES EXECUTANTE Protocolo 1566615 Secretaria de Estado da Agricultura, Abastecimento, Aquicultura e Pesca - SEAG RESUMO DO CONTRATO Nº 2025.000217.31101.01 Processo Atendido: 2023-1KX93 Forma de Contratação: Pregão Eletrônico nº 0101/2023 - ARP nº 056/2024 ID CIDADES/TCE-ES Nº 2023.500E0600012.02.0082 Contratante: Secretaria de Estado da Agricultura, Abastecimento, Aquicultura e Pesca - SEAG - CNPJ 27.080.555/0001-47. Contratado: PALINI & ALVES LTDA - CNPJ Nº 49.393.549/0001-82. Objeto: 01 (UM) SECADOR CILÍNDRICO ROTATIVO PARA SECAGEM DE GRÃOS DE CAFÉ, COM CAPACIDADE DE 8.000 LITROS. Valor: R$ 39.900,00 Vigência: terá início no dia subsequente ao da publicação do resumo do contrato no Diário Oficial. Dotação Orçamentária: 10.31.101.20.608. 0062. 1060 - 500 - 700 - 449032. CARLOS LUIZ TESCH XAVIER Subsecretário de Estado para Assuntos Administrativos - SEAG Protocolo 1565637 RESUMO DO CONTRATO DE DOAÇÃO COM ENCARGOS SEAG Nº 0157/2025 - PROCESSO SEAG Nº 2024-KPQG5 A Secretaria da Agricultura, DOADOR: Abastecimento, Agricultura e Pesca - SEAG, CNPJ/ MF: 27.080.555/0001-47. DONATÁRIO: O Município de Colatina, CNPJ/MF: 27.165.729/0001-74. OBJETO: 01 (um) Descascador de Café 800@. Valor: R$ 50.900,00 Vitória, 05 de junho de 2025 Enio Bergoli da Costa Secretário de Estado da Agricultura, Abastecimento, Aquicultura e Pesca. Protocolo 1566539 RESUMO DO CONTRATO DE DOAÇÃO COM ENCARGOS SEAG Nº 0201/2025 - PROCESSO SEAG Nº 2025-C8DHD A Secretaria da Agricultura, DOADOR: Abastecimento, Agricultura e Pesca - SEAG, CNPJ/ MF: 27.080.555/0001-47. DONATÁRIO: O Município de"
Lei de Incentivo à Cultura Capixaba,10230_152,0,2025-06-06,152,DIO,"{""data"": ""2025-06-06"", ""paginas"": 221, ""pagina"": 152, ""pdf_id"": 980689, ""year"": ""2025"", ""month"": ""06"", ""day"": ""06"", ""diario_id"": 10230, ""tipo_edicao"": 1}","EXECUTIVO DIÁRIO OFICIAL DOS PODERES DO ESTADO 145 Vitória (ES), sexta-feira, 6 de Junho de 2025. DESCENTRALIZAÇÃO ORÇAMENTÁRIA EXTERNA PORTARIA Nº 008-R, de 05 de junho de 2025 O Secretário de Estado da Cultura, no uso de suas atribuições legais, de acordo com a Lei nº 12.329, de 26 de dezembro de 2024, que aprova o Orçamento Anual do Estado para o exercício de 2025, a Portaria SEP nº 001-R, de 06 de janeiro de 2025, que aprova os Quadros de Detalhamento das Despesas Orçamentárias - QDD e o Decreto nº 3.541 de 12 de março de 2014 e nº 3636-R, de 19 de agosto de 2014 e suas alterações, que dispõem sobre a Descentralização da Execução de Créditos Orçamentários, RESOLVE: Art. 1º - Descentralizar a execução do crédito orçamentário prevista no Termo de Cooperação Nº. 002/2025, na forma a seguir especificada: I - OBJETO: Realização de projeto de pesquisa com foco na análise executiva da Lei de Incentivo à Cultura Capixaba (LICC), a fim de identificar oportunidades e mensurar o impacto do investimento na economia capixaba. II - Termo de Cooperação nº. 002/2025, 05 de junho de 2025 III - VIGÊNCIA: Data de início: 06 de junho de 2025 Data de término: 31 de dezembro de 2025 IV - DE/Concedente: Órgão: 40 - SECRETARIA DE ESTADO DA CULTURA UO: 40101 - SECRETARIA DE ESTADO DA CULTURA UG: 400101 - SECRETARIA DE ESTADO DA CULTURA V - PARA/Executante: Órgão 32 - SECRETARIA DE ESTADO DE CIÊNCIA, TECNOLOGIA, INOVAÇÃO E EDUCAÇÃO PROFISSIONAL UO: 32901 - FUNDO ESTADUAL DE CIÊNCIA E TECNOLOGIA - FUNCITEC UG: 320901 - FUNDO ESTADUAL DE CIÊNCIA E TECNOLOGIA - FUNCITEC V - CRÉDITO DESCENTRALIZAÇÃO DE CREDITO UG EMITENTE: 400.101 - SECULT UG FAVORECIDA: 320.901 - FUNCITEC ESFERA CÓDIGO ESPECIFICAÇÃO FONTE NATUREZA UGR PLANO (NOME DA AÇÃO) RECURSO DA ORÇAMENTÁRIO DESPESA UO PROG. TRABALHO Pesquisa e 1500.000000 3.3.90.20.00 400101 1580 - DesenFiscal 40101 Diagnóstico 2501.000000 4.4.90.20.00 volvimento de 13.392.0043.2111 das Cadeias Ações de Ciência, Produtivas da Tecnologia e Cultura Inovação VALOR (R$) 150.985,83 45.000,00 CRONOGRAMA DE DISTRIBUIÇÃO MENSAL DE LIBERAÇÃO DE COTA DISPONIVEL A EMPENHAR JAN MAI: SET: FEV: JUN: 195.985,83 OUT: MAR JUL: NOV: ABR: AGO: DEZ: TOTAL 195.985,83 Art. 2º - Esta Portaria entra em vigor na data de sua publicação, revogadas as disposições em contrário. Espírito Santo, 05 de junho de 2025 FABRICIO NORONHA FERNANDES SECRETÁRIO DE ESTADO DA CULTURA Protocolo 1566653 Assinado digitalmente pelo DIO - DEPARTAMENTO DE IMPRENSA OFICIAL DO ESTADO DO ESPÍRITO SANTO Data: Quinta-feira, 5 de Junho de 2025 às 23:02:03 Código de Autenticação: f7d9addf"
Lei de Incentivo à Cultura Capixaba,10227_47,0,2025-06-05,47,DIO,"{""data"": ""2025-06-05"", ""paginas"": 112, ""pagina"": 47, ""pdf_id"": 980148, ""year"": ""2025"", ""month"": ""06"", ""day"": ""05"", ""diario_id"": 10227, ""tipo_edicao"": 1}","ribuições que lhe são conferidas pelo Art. 65, da Lei nº. 46, de 31 de janeiro de 1994, RESOLVE: EXONERAR, na forma do artigo 61, § 2º, alínea “a” da Lei Complementar nº. 46, de 31 de janeiro de 1994, JEAN DARKISSON MATOS BRANDÃO, Nº Funcional 3089665, do cargo em comissão de ASSESSOR ESPECIAL NÍVEL IV - QCE-03, da Secretaria de Estado de Trabalho, Assistência e Desenvolvimento Social. Vitória, 04 de junho de 2025. CYNTIA FIGUEIRA GRILLO Secretária de Estado de Trabalho, Assistência e Desenvolvimento Social - SETADES Protocolo 1565673 ORDEM DE SERVIÇO Nº. 048/2025 CONCEDER recesso aos estagiários abaixo, em conformidade com o artigo 13, da Lei nº 11.788/2008, de 25 de setembro de 2008, publicada no DOU do dia 26/09/2008: NOME Marcelle de Deus Siqueira Miguel Barbosa Araújo Nº FUNCIONAL TOTAL DE DIAS 4301110 13 4831837 15 PERÍODO 27/06 a 09/07/2025 16 a 30/06/2025 Secretaria de Estado da Cultura - SECULT AVISO DE RESULTADO FINAL - EDITAL DE CREDENCIAMENTO SECULT nº 001/2025 A Secretaria de Estado da Cultura - SECULT torna público o resultado final do Credenciamento de Profissionais Especializados para atuarem como Pareceristas na Análise Técnica das propostas culturais submetidas à Lei de Incentivo à Cultura Capixaba - LICC, considerando as inscrições encaminhadas entre os dias 12/02/2025 a partir das 18h até 15/05/2025 ás 18h - Segunda composição da demanda. A íntegra do resultado está disponível no site da Secult. Vitória, 03 de junho de 2025. Letícia Schuwartz Deps Agente de Contratação Portaria 063-S de 30 de maio de 2025 Protocolo 1564788 AVISO DE RESULTADO Edital 17/2024 - Patrimônio Arquitetônico A Secretaria de Estado da Cultura torna público o Resultado da Seleção do Edital em epígrafe, conforme processo nº 2024-QKGXT. A íntegra do resultado está disponível no site da Secult (www. secult.es.gov.br). Vitória, 04 de junho de 2025. Catarina Maria Linhales Baptista Subsecretária de Estado de Fomento e Incentivo à Cultura (Respondendo) Protocolo 1565355 ATO DE CONFIRMAÇÃO DE DOCUMENTAÇÃO PARCIAL Edital 08/2024 - Cultura Digital A Secretaria de Estado da Cultura torna público o Ato de Confirmação de documentação Parcial na LINHA DE FOMENTO 1 e 2 do Edital em epígrafe, conforme processo nº 2024-JMZXH. A íntegra dos documentos está disponível no site da Secult. (www. secult.es.gov.br). Vitória, 04 de junho de 2025. Catarina Maria Linhales Baptista Subsecretária de Estado de Fomento e Incentivo à Cultura (Respondendo) Protocolo 1565493 ATO DE CONFIRMAÇÃO DE DOCUMENTAÇÃO PARCIAL Edital 07/2024 - Circo Tradicional A Secretaria de Estado da Cultura torna público o Ato de Confirmação de documentação Parcial do Edital em epígrafe, conforme processo nº 2024-416Q2. A íntegra dos documentos está disponível no site da Secult. (www.secult.es.gov.br). Vitória, 04 de junho de 2025. Catarina Maria Linhales Baptista Subsecretária de Estado de Fomento e Incentivo à Cultura (Respondendo) Protocolo 1565513 Assinado digitalmente pelo DIO - DEPARTAMENTO DE IMPRENSA OFICIAL DO ESTADO DO ESPÍRITO SANTO Data: Quarta-feira, 4 de Junho de 2025 às 22:08:07 Código de Autenticação: 2e48f313"
LICC,11500_41,0,2026-09-25,41,DIO,"{""data"": ""2026-09-25"", ""paginas"": 80, ""pagina"": 41, ""pdf_id"": 1153193, ""year"": ""2026"", ""month"": ""09"", ""day"": ""25"", ""diario_id"": 11500, ""tipo_edicao"": 1}","al. Convenente: Associação de Pais e Amigos dos Excepcionais de Guaçuí. Objeto: alterar o montante total de recursos a serem empregados na execução do Termo de Fomento nº SETADES/036/2025 para R$ 61.265,56 (sessenta e um mil duzentos e sessenta e cinco reais e cinquenta e seis centavos), devido utilização do saldo remanescente dos recursos, inclusive os rendimentos da aplicação financeira no valor de R$ 710,00 (setecentos e dez reais) para aplicação no objeto da parceria. V itória, 24 de setembro de 2026 FERNANDA MOTA GONÇALLO Secretária de Estado de Trabalho, Assistência e Desenvolvimento Protocolo 1875381 Secretaria de Estado da Cultura - SECULT ATO DE CONFIRMAÇÃO DE DOCUMENTAÇÃO - PARCIAL Edital 14/2025 - Edital Literatura, Livro e Leitura A Secretaria de Estado da Cultura torna públicos o Ato de Confirmação de Documentação do Edital em epígrafe, conforme processo nº 2025-19LXK. A íntegra do ato está disponível no site da Secult. Vitória, 24 de Setembro de 2026. Maria Emília Vasconcellos Subsecretária de Estado de Fomento e Incentivo à Cultura Protocolo 1874859 ATO DE CONVOCAÇÃO representante do Projeto State of Coffee projeto habilitado na Lei de Incentivo à Cultura Capixaba - LICC - processo de número 2022 -83B3M, a apresentar a prestação de contas do projeto State of Coffee de acordo com o artigo 52 da Instrução Normativa 002 de 31 de Janeiro de 2022, até o prazo máximo de 10 dias após a publicação, estando sujeito às penalidades previstas no artigo 62 do referido IN. Vitória, 22 de setembro de 2026 MARIA EMILIA FERNANDES MOÇA VASCONCELLOS Subsecretária de Fomento e Incentivo à Cultura Protocolo 1874919 Secretaria de Estado da Agricultura, Abastecimento, Aquicultura e Pesca - SEAG NOTIFICAÇÃO SEAG Processo nº 2024-HR2MZ Notificante: A Secretaria de Estado da Agricultura, Abastecimento, Aquicultura e Pesca - SEAG, inscrita no CNPJ nº 27.080.555/0001-47. Notificada: CUSTOMIZE SERVIÇOS EIRELI ME, CNPJ nº 27.335.066/0001-99. Fica a empresa NOTIFICADA acerca da intenção desta Secretaria na aplicação das seguintes penalidades: a) Advertência, nos termos da Cláusula 11.2, alínea “a”, do Contrato nº 467/2021. b) Multa compensatória por perdas e danos, nos termos da Cláusula 11.2, alínea “b”, do Contrato nº 467/2021, no montante de até 10% (dez por cento). c) Multa pelo atraso na renovação da garantia contratual, nos termos da Cláusula 9.6 do Contrato nº 467/2021, correspondente a 0,2% (dois décimos por cento) do valor do contrato por dia de atraso, limitada a 5% (cinco por cento). Ante ao exposto, caso queira, apresente DEFESA PRÉVIA no prazo de 05 (cinco) dias úteis a contar da publicação desta notificação. CARLOS LUIZ TESCH XAVIER Subsecretário de Estado para Assuntos Administrativos - SEAG Protocolo 1875525 A Secretaria de Estado da Cultura - SECULT CONVOCA a senhor a Flora Simon Gurgel, representante do Projeto Do Forte da Barra ao Batalhão Tibúrcio: cinco séculos de história projeto habilitado na Lei de Incentivo à Cultura Capixaba - LICC processo de número 2022 -ZZ8WC, a apresentar a prestação de contas do projeto Do Forte da Barra ao Batalhão Tibúrcio: cinco séculos de história de acordo com o artigo 52 da Instrução Normativa 002 de 31 de Janeiro de 2022, até o prazo máximo de 10 dias após a publicação, estando sujeito às penalidades previstas no artigo 62 do referido IN. Vitória, 22 de setembro de 2026 MARIA EMILIA FERNANDES MOÇA VASCONCELLOS Subsecretária de Fomento e Incentivo à Cultura Protocolo 1874918 ATO DE CONVOCAÇÃO A Secretaria de Estado da Cultura - SECULT CONVOCA o senhor Eder Formigoni Valadares, Instituto de Defesa Agropecuária e Florestal do Espírito Santo - IDAF DECISÃO ADMINISTRATIVA/DIPRE Nº 013/2026 Vistos e relatados os presentes autos do Processo Administrativo Disciplinar nº 2026-B8ZW5, instaurado pela Instrução de Serviço Idaf nº 061-P, de 6 de abril de 2026, publicada no Diário Oficial do Estado do Espírito Santo (DOE/ES) em 7 de abril de 2026 e suas prorrogações, a fim de apurar possíveis irregularidades atribuídas ao servidor Rui de Macedo Chaves Filho, nº funcional 2839830, por meio do relatório de incidente, (...) com fundamento nos arts. 269, § 1º, 270 e 271 da Lei Complementar Estadual nº 46/1994, acolho o relatório final da Comissão Permanente de Processo Administrativo Disciplinar (CPPAD), por concordar com suas conclusões, reconhecendo a inocência do servidor e, consequentemente, isentando-o de responsabilidade administrativa, diante da ausência de elementos probatórios Assinado digitalmente pelo DIO - DEPARTAMENTO DE IMPRENSA OFICIAL DO ESTADO DO ESPÍRITO SANTO Data: Quinta-feira, 24 de Setembro de 2026 às 22:39:28 Código de Autenticação: 065b2074"
LICC,11499_62,0,2026-09-24,62,DIO,"{""data"": ""2026-09-24"", ""paginas"": 93, ""pagina"": 62, ""pdf_id"": 1152717, ""year"": ""2026"", ""month"": ""09"", ""day"": ""24"", ""diario_id"": 11499, ""tipo_edicao"": 1}","EXECUTIVO DIÁRIO OFICIAL DOS PODERES DO ESTADO 61 Vitória (ES), quinta-feira, 24 de Setembro de 2026. Portaria nº 101-S de 14/11/2025, publicada DOE em 18/11/2025, a servidora BIANCA LEGORA DE PAULA, NF 2986965-7, no mês de novembro/2026. Vitória, 21 de setembro de 2026. JOEMAR BRUNO FRANCISCO ZAGOTO Subsecretário de Estado de Gestão Administrativa Protocolo 1874268 AVISO DE RESULTADO LEI DE INCENTIVO À CULTURA CAPIXABA - LICC A SECULT torna público para amplo conhecimento a HABILITAÇÃO do projeto abaixo indicado: 1) Título do Projeto: Dia Mundial do Skate Processo n°: 2025-Q4QZD Proponente: Associação Capixaba De Skate Cnpj: 10.589.860/0001-66 Valor: R$300.000,00 2) Título do Projeto: 7º Festival Internacional de Violão do Espírito Santo e 8º Concurso de Violão Maurício de Oliveira Processo n°: 2026-KC2QK Proponente: Acordes Centro de Música e Artes LTDA. Cnpj: 05.558.955/0001-82 Valor ano 1: R$500.000,00 Valor ano 2: R$500.000,00 Valor ano 3: R$500.000,00 Valor Total: R$1.500.000,00 3) Título do Projeto: Restauração e Revitalização do Casarão Família Baptista - 1ª etapa das obras civis de Restauração Estrutural: Estabilização e Reforço Estrutural Processo n°: 2026-7BHMQ Proponente: CAEPES Castiglioni Consultoria, Assessoria, Estudos e Pesquisas Educacionais Ltda Cnpj: 04.783.303/0001-89 Valor: R$982.664,57 4) Título do Projeto: Espaço GG5 Processo n°: 2025-TH8J5 Proponente: Instituto GG5 de Desenvolvimento Comunitário Cnpj: 11.357.419/0001-11 Valor ano 1: R$499.949,98 Valor ano 2: R$499.900,00 Valor ano 3: R$500.000,00 Valor Total: R$1.499.849,98 A autorização de captação é válida por 01 (um) ano, a contar da data desta publicação. A SECULT torna público para amplo conhecimento a INABILITAÇÃO do projeto abaixo indicado: 1) Título do Projeto: Se Parar, Você Cai! Processo n°: 2025-8CCBJ Proponente: Instituto Da Biodiversidade - Ibio Cnpj: 07.274.443/0001-10 Fica aberto o prazo de 10(dez) dias para apresentação de recurso administrativo na forma do art. 44º da Instrução Normativa Secult nº 01/25. O extrato da ATA estará disponível no site da SECULT: www.secult.es.gov.br Vitória, 17 de Setembro de 2026 Maria Emilia Fernandes Moça Vasconcellos Subsecretária de Estado de Fomento e Incentivo à Cultura. Protocolo 1874271 Secretaria de Estado da Agricultura, Abastecimento, Aquicultura e Pesca - SEAG PORTARIA nº 082-S, de 23 de setembro de 2026 O SUBSECRETÁRIO DE ESTADO PARA ASSUNTOS ADMINISTRATIVOS, no uso da delegação de competência que lhe foi outorgada pela Portaria SEAG nº 014-S, de 26 de janeiro de 2023, publicada no DOE de 27 de janeiro de 2023, RESOLVE: INTERROMPER, por necessidade de serviços, as férias referentes ao Exercício de 2024, da servidora abaixo relacionada, ressalvando-lhe o direito de gozar os dias restantes oportunamente. Nome Neuza Ferreira Nº Funcional 272714 A partir de 22/09/2026 Dias Restantes 11 Vitória, 23 de setembro de 2026. CARLOS LUIZ TESCH XAVIER Subsecretário de Estado para Assuntos Administrativos Assinado digitalmente pelo DIO - DEPARTAMENTO DE IMPRENSA OFICIAL DO ESTADO DO ESPÍRITO SANTO Data: Quarta-feira, 23 de Setembro de 2026 às 22:22:47 Código de Autenticação: 0085600f Documento e-Docs 2026-QHB2MC Protocolo 1874287"
LICC,11482_45,0,2026-09-18,45,DIO,"{""data"": ""2026-09-18"", ""paginas"": 86, ""pagina"": 45, ""pdf_id"": 1150709, ""year"": ""2026"", ""month"": ""09"", ""day"": ""18"", ""diario_id"": 11482, ""tipo_edicao"": 1}","E X E C U T I V O DIÁRIO OFICIAL DOS PODERES DO ESTADO 44 Vitória (ES), sexta-feira, 18 de Setembro de 2026. 1º TERMO ADITIVO AO TERMO DE FOMENTO N.º 095/2025 Processo nº: 2025-L8PQZ Adm. Pública: Estado do Espírito Santo por intermédio da Secretaria de Estado de Trabalho, Assistência e Desenvolvimento Social. Convenente: Associação de Pais e Amigos dos Excepcionais - APAE Muniz Freire. Objeto: Prorrogar o prazo de vigência que trata a Cláusula Sexta - Da vigência, de 31 de dezembro de 2026, para 31 de março de 2027. Vitória, 17 de setembro de 2026 FERNANDA MOTA GONÇALLO Secretária de Estado de Trabalho, Assistência e Desenvolvimento Protocolo 1871311 Secretaria de Estado da Cultura - SECULT AVISO DE RESULTADO FINAL - EDITAL DE CREDENCIAMENTO SECULT nº 001/2025 A Secretaria de Estado da Cultura - SECULT torna público o resultado final do Credenciamento de Profissionais Especializados para atuarem como Pareceristas na Análise Técnica das propostas culturais submetidas à Lei de Incentivo à Cultura Capixaba - LICC, considerando as inscrições encaminhadas entre os dias 15/05/2025 a partir das 18h até 15/08/2025 ás 18h - Terceira composição da demanda. A íntegra do resultado está disponível no site da Secult. Vitória, 17 de setembro de 2026. Letícia Schuwartz Deps Agente de Contratação Portaria 091-S de 23 de junho de 2026 Protocolo 1871091 ATO DE CONFIRMAÇÃO DE DOCUMENTAÇÃO- SUPLENTES Edital 17/2025 - Valorização de Grupos e Territórios A Secretaria de Estado da Cultura torna público o Ato de Confirmação de Documentação de Proponentes suplentes do Edital em epígrafe, conforme processo nº 2025-PCSBW. A íntegra do documento estará disponível no site da Secult. Vitória, 17 de setembro de 2026. Maria Emília Vasconcellos Subsecretária de Estado de Fomento e Incentivo à Cultura Protocolo 1871271 Secretaria de Estado da Agricultura, Abastecimento, Aquicultura e Pesca - SEAG Instituto de Defesa Agropecuária e Florestal do Espírito Santo - IDAF Errata No Extrato de Publicação de Edital de Discriminação de Terra Devoluta nº 011/2026, publicado no DOE/ES em 15/9/2026. Onde se lê: ... 3 2025-H3PT2 Antônio César Zanoni 244.***.***.-87 Calogi Serra Antônio César Zanoni 244.***.***.-87 Calogi Serra ... Leia-se: ... 3 2026-VCFNQ ... Vitória/ES, 15 de setembro de 2026. CEPD Instituto Capixaba de Pesquisa, Assistência Técnica e Extensão Rural - INCAPER - Protocolo 1871110 de Gerente do GPDI, no período de 15/09/2026 a 29/09/2026, por motivo de férias do titular, conforme documento 2026-VRRW6D. INSTRUÇÃO DE SERVIÇO N° 087-P, de 16 de setembro de 2026. O Diretor-Geral do Instituto Capixaba de Pesquisa, Assistência Técnica e Extensão Rural - Incaper, Autarquia Estadual, no uso das atribuições que lhe confere o Art. 11 da LC 194, de 04/12/2000, RESOLVE: Art. 1º Designar, na forma do Art. 52 da LC 46/94, a servidora pública efetiva Ita Maria Santos Macedo, NF 2909294, para exercer a função gratificada Art. 2° Localizar, nos termos do Inciso II do Art. 35 da LC 46/94, o servidor público efetivo Filipe Pereira de Castro, NF 5236266, na Coordenação de Infraestrutura, retroativamente a partir de 30/07/2026. Assinado digitalmente pelo DIO - DEPARTAMENTO DE IMPRENSA OFICIAL DO ESTADO DO ESPÍRITO SANTO Data: Quinta-feira, 17 de Setembro de 2026 às 23:27:44 Código de Autenticação: bd8f32f6 André Santos de Barros Diretor-Geral Protocolo 1871401"
LICC,11481_83,0,2026-09-17,83,DIO,"{""data"": ""2026-09-17"", ""paginas"": 129, ""pagina"": 83, ""pdf_id"": 1150252, ""year"": ""2026"", ""month"": ""09"", ""day"": ""17"", ""diario_id"": 11481, ""tipo_edicao"": 1}","usão Cultural Elemento de Despesa: 3.3.50.43.00 - Subvenções Sociais Fonte de Recursos: 500 Prazo de Vigência: a partir do primeiro dia seguinte ao da publicação de seu extrato na imprensa oficial até 31/08/2027, podendo ser prorrogado mediante aditamento. Gestores/Fiscais da Parceria: Titular: Brenda Soares Bernardes, Matrícula nº 4799186-1 Suplente: Luiz Henrique Rodrigues, Matrícula nº 3621880-2 Vitória, 16 de setembro de 2026. Ana Laura Nahas Florentino Subsecretária de Políticas Culturais Protocolo 1870399 Vitória, 16 de setembro de 2026. Maria Emília Vasconcellos Subsecretária de Estado de Fomento e Incentivo à Cultura Protocolo 1870028 ATO DE CONFIRMAÇÃO DE DOCUMENTAÇÃO DE PROPONENTE SUPLENTE Edital 22/2025 - Programação Continuada de Espaços Culturais A Secretaria de Estado da Cultura torna pública a Ato de Confirmação de Documentação de Proponente Suplente do Edital em epígrafe, conforme processo nº 2025-S7LLG. A íntegra dos documentos está disponível no site da Secult. Vitória, 16 de setembro de 2026. Maria Emília Vasconcellos Subsecretária de Estado de Fomento e Incentivo à Cultura Protocolo 1870033 AVISO DE DEPÓSITO DE PATROCÍNIO - LEI DE INCENTIVO À CULTURA CAPIXABA - LICC A SECULT torna público para amplo conhecimento o DEPÓSITO DE RECURSOS FINANCEIROS PELO CONTRIBUINTE PATROCINADOR abaixo indicado: 1) Patrocinador: Realmar Distribuidora LTDA CNPJ: 03.845.717/0030-67 IE: 083.571.90-6 Valor do crédito presumido: R$ 50.000,00 Beneficiário: Odoyá Arte e Cultura Produções Projeto contemplado: Samba Que Eu Quero Ver Mostra Cultural de Bamba 2026 2) Patrocinador: Realmar Distribuidora LTDA CNPJ: 03.845.717/0057-87 IE: 084.273.12-7 Valor do crédito presumido: R$ 50.000,00 Beneficiário: Odoyá Arte e Cultura Produções Projeto contemplado: Samba Que Eu Quero Ver Mostra Cultural de Bamba 2026 Assinado digitalmente pelo DIO - DEPARTAMENTO DE IMPRENSA OFICIAL DO ESTADO DO ESPÍRITO SANTO Data: Quarta-feira, 16 de Setembro de 2026 às 22:15:50 Código de Autenticação: 64a971fb"
LICC,11461_46,0,2026-09-11,46,DIO,"{""data"": ""2026-09-11"", ""paginas"": 90, ""pagina"": 46, ""pdf_id"": 1148532, ""year"": ""2026"", ""month"": ""09"", ""day"": ""11"", ""diario_id"": 11461, ""tipo_edicao"": 1}","Secretaria de Estado da Cultura - SECULT Edital 002/2026 - Edital de Premiação por Trajetória da Política Nacional de Cultura Viva A Secretaria de Estado da Cultura torna público o Resultado Preliminar da Etapa de Seleção do Edital em epígrafe, conforme processo nº 2025-78K92. A íntegra do resultado está disponível no site da Secult (www.secult.es.gov.br). Vitória, 10 de setembro de 2026. CAROLINA RUAS PALOMARES Secretária de Estado da Cultura Protocolo 1866802 Edital 003/2026 - Fomento a Continuados de Pontos de Cultura Projetos A Secretaria de Estado da Cultura torna público o Resultado Preliminar da Etapa de Seleção do Edital em epígrafe, conforme processo nº 2025-S7XLW. A íntegra do resultado está disponível no site da Secult (www.secult.es.gov.br). Vitória, 10 de setembro de 2026. CAROLINA RUAS PALOMARES Secretária de Estado da Cultura Protocolo 1866808 AVISO DE RESULTADO PRELIMINAR EDITAL DE CREDENCIAMENTO SECULT nº 001/2025 A Secretaria de Estado da Cultura - SECULT torna público o resultado preliminar do Credenciamento de Profissionais Especializados para atuarem como Pareceristas na Análise Técnica das propostas culturais submetidas à Lei de Incentivo à Cultura Capixaba - LICC, considerando as inscrições encaminhadas entre os dias 15/05/2025 a partir das 18h até 15/08/2025 ás 18h - Terceira composição da demanda. A íntegra do resultado está disponível no site da Secult. Vitória, 10 de setembro de 2026. Leticia Schuwartz Deps Agente de Contratação Portaria 091-S de 23 de junho de 2026 Protocolo 1866951 ATA DE JULGAMENTO E ATO DE CONVOCAÇÃO Edital 06/2025 - Meu Primeiro Edital A Secretaria de Estado da Cultura torna pública a Ata de Julgamento de Recursos e Ato de Convocação de Proponentes Selecionados do Edital em epígrafe, conforme processo nº 2025-11J7D. A íntegra dos documentos está disponível no site da Secult. Vitória, 10 de setembro de 2026. Maria Emília Vasconcellos Subsecretária de Estado de Fomento e Incentivo à Cultura Protocolo 1866703 Secretaria de Estado da Agricultura, Abastecimento, Aquicultura e Pesca - SEAG PORTARIA nº 071-S, de 10 de setembro de 2026 O SECRETÁRIO DE ESTADO DA AGRICULTURA, ABASTECIMENTO, AQUICULTURA E PESCA, usando das atribuições que lhe confere o Art. 46, da Lei nº 3043, de 31 de dezembro de 1975, e CONSIDERANDO o Decreto nº 4999-R, de 25 de outubro de 2021, publicado em 26 de outubro de 2021, que regulamentou os critérios de avaliação do cumprimento dos requisitos para fins de aprovação em Estágio Probatório aplicáveis aos servidores públicos do Poder Executivo Estadual; CONSIDERANDO que a servidora abaixo relacionada foi aprovada na Avaliação Especial de Desempenho; RESOLVE: DECLARAR estável, na forma do Art. 23 do Decreto nº 4999-R/2021, a servidora efetiva, conforme discriminado abaixo, a partir da data respectiva. Nº Funcional Nome 4797540/1 MARIANA GONÇALVES PIRES LOPES Cargo Data Estabilidade Analista do Executivo 21/07/2026 Vitória, 10 de setembro de 2026. ENIO BERGOLI DA COSTA Secretário de Estado da Agricultura, Abastecimento, Aquicultura e Pesca Protocolo 1866942 Assinado digitalmente pelo DIO - DEPARTAMENTO DE IMPRENSA OFICIAL DO ESTADO DO ESPÍRITO SANTO Data: Quinta-feira, 10 de Setembro de 2026 às 22:31:35 Código de Autenticação: 9055ef94"
LICC,11456_37,0,2026-09-09,37,DIO,"{""data"": ""2026-09-09"", ""paginas"": 74, ""pagina"": 37, ""pdf_id"": 1147444, ""year"": ""2026"", ""month"": ""09"", ""day"": ""09"", ""diario_id"": 11456, ""tipo_edicao"": 1}","DIÁRIO OFICIAL DOS PODERES DO ESTADO E X E C U T I V O 36 Vitória (ES), quarta-feira, 9 de Setembro de 2026. AVISO DE RESULTADO LEI DE INCENTIVO À CULTURA CAPIXABA - LICC Art. 2º Esta Portaria entra em vigor na data de sua publicação, retroagindo seus efeitos a contar de 01/09/2026. A SECULT torna público para amplo conhecimento a HABILITAÇÃO do projeto abaixo indicado: Vitória, 04 de setembro de 2026. 1) Título do Projeto: 3ª Festa Internacional da Palavra Processo n°: 2026-9T9CZ Proponente: Instituto Manguerê Cnpj: 23.630.933/0001-68 Valor: R$500.000,00 2) Título do Projeto: Passagem de Som Processo n°: 2026-FK2ST Proponente: Anthony Altoe Musica e Performance Digital Ltda. Cnpj: 40.031.335/0001-91 Valor: R$398.500,00 CARLOS LUIZ TESCH XAVIER Subsecretário de Estado para Assuntos Administrativos Protocolo 1863824 Resumo da Ordem de Serviço SEAG nº 029/2026 O extrato da ATA estará disponível no site da SECULT: www.secult.es.gov.br PROCESSO: 2025-RGMM5 CONTRATO: 2026.000936.31101.01 CONTRATANTE: Secretaria de Estado da Agricultura, Abastecimento, Aquicultura e Pesca - SEAG. CONTRATADA: EDP ESPÍRITO SANTO DISTRIBUIÇÃO DE ENERGIA S/A. OBJETO: Contratação de serviços de remanejamento de postes na LOCALIDADE DE TRECHO “Santa Izabel (Alto da Gruta) - ES 485”, localizado no município de Cachoeiro de Itapemirim/ ES, Ordem de Venda nº 3435271. Vitória, 03 de Setembro de 2026 A partir de 09/09/2026. A autorização de captação é válida por 01 (um) ano, a contar da data desta publicação. Maria Emilia Fernandes Moça Vasconcellos Subsecretária de Estado de Fomento e Incentivo à Cultura. Protocolo 1864272 Vitória/ES, 04 de setembro de 2026. RODRIGO JOSÉ COSTA NÓBREGA Subsecretário de Estado de Infraestrutura Rural Protocolo 1863593 Secretaria de Estado da Agricultura, Abastecimento, Aquicultura e Pesca - SEAG PORTARIA nº 070-S, de 04 de setembro de 2026 O SUBSECRETÁRIO DE ESTADO PARA ASSUNTOS ADMINISTRATIVOS, no uso da delegação de competência que lhe foi outorgada pela Portaria SEAG nº 014-S, de 26 de janeiro de 2023, publicada no DOE de 27 de janeiro de 2023, e com fulcro nas deliberações constantes no processo nº 2026-JDVT1 e na legislação vigente, RESOLVE: Art. 1º DESIGNAR a servidora abaixo para atuar como Fiscal, do respectivo contrato administrativo da SEAG, nos termos do Regulamento de Aquisições para Mutuários de Operações de Financiamento de Projetos de Investimento do Banco Mundial, e da legislação vigente, considerando ainda as informações constantes no processo e-Docs nº 2026-JDVT1. Contrato 2026.000929.31101.01 Objeto Consultoria Individual Especializada em Aquisições e Gestão de Contratos para assessoramento técnico - Projeto Campo do Amanhã. Fiscal Daniella Gonçalves Daniel Velten RESUMO 1º TERMO ADITIVO SEAG nº 0157/2026 Contrato: 2026.000821.31101.01 Processo nº: 2024-15L6K Contratante: SEAG Contratada: ADIGE ARQUITETURA E ENGENHARIA LTDA. Objeto: O presente Termo Aditivo tem por objeto a rerratificação da CLÁUSUL"
LICC,11431_38,0,2026-08-28,38,DIO,"{""data"": ""2026-08-28"", ""paginas"": 85, ""pagina"": 38, ""pdf_id"": 1144905, ""year"": ""2026"", ""month"": ""08"", ""day"": ""28"", ""diario_id"": 11431, ""tipo_edicao"": 1}","esso nº 2026-RGCZL, referente às inscrições no mês de julho. A íntegra do documento está disponível no site da Secult. Vitória, 27 de agosto de 2026. Maria Emília Vasconcellos Subsecretária de Estado de Fomento e Incentivo à Cultura Protocolo 1858258 Secretaria de Estado de Trabalho, Assistência e Desenvolvimento Social - SETADES ORDEM DE SERVIÇO Nº. 081/2026 CONCEDER recesso à estagiária abaixo, em conformidade com o artigo 13, da Lei nº 11.788/2008, de 25 de setembro de 2008, publicada no DOU do dia 26/09/2008: NOME Nº FUNCIONAL Gabriella Filomena dos 5065810 Reis TOTAL DE PERÍODO DIAS 09 10 a 18/09/2026 Vitória, 27 de agosto de 2026. AURÉLIO SIMÕES MONTEIRO JÚNIOR Chefe de Grupo de Recursos Humanos/SETADES Protocolo 1858202 AVISO DE RESULTADO Edital 11/2025 - Artes Visuais A Secretaria de Estado da Cultura torna público o Resultado da Seleção do Edital em epígrafe, conforme processo nº 2025-PX5FX. A íntegra do Resultado está disponível no site da Secult (www. secult.es.gov.br). Vitória, 27 de agosto de 2026. Maria Emília Vasconcellos Subsecretária de Estado de Fomento e Incentivo à Cultura Protocolo 1858606 AVISO DE DEPÓSITO DE PATROCÍNIO - LEI DE INCENTIVO À CULTURA CAPIXABA - LICC A SECULT torna público para amplo conhecimento o DEPÓSITO DE RECURSOS FINANCEIROS PELO CONTRIBUINTE PATROCINADOR abaixo indicado: 1) Patrocinador: Companhia de Gás do Espirito Assinado digitalmente pelo DIO - DEPARTAMENTO DE IMPRENSA OFICIAL DO ESTADO DO ESPÍRITO SANTO Data: Quinta-feira, 27 de Agosto de 2026 às 22:48:08 Código de Autenticação: e5b5d203"
LICC,11421_66,0,2026-08-26,66,DIO,"{""data"": ""2026-08-26"", ""paginas"": 107, ""pagina"": 66, ""pdf_id"": 1144092, ""year"": ""2026"", ""month"": ""08"", ""day"": ""26"", ""diario_id"": 11421, ""tipo_edicao"": 1}","EXECUTIVO DIÁRIO OFICIAL DOS PODERES DO ESTADO 65 Vitória (ES), quarta-feira, 26 de Agosto de 2026. publicação, estando sujeito às penalidades previstas no item 9.1 do referido Edital. Vitória, 25 de agosto de 2026 MARIA EMILIA FERNANDES MOCA VASCONCELLOS Subsecretária de Estado de Fomento e Incentivo à Cultura Protocolo 1856286 ATO DE CONVOCAÇÃO A Secretaria de Estado da Cultura - SECULT CONVOCA a Associação Aprender Cultura, sob a responsabilidade legal de Miquéias Gonçalves Silva, proponente contemplado no Edital Nº 04/2024 SELEÇÃO DE PROJETOS DE VALORIZAÇÃO DE TERRITÓRIOS E DIVERSIDADE CULTURAL, a apresentar o resultado final do projeto “Act Agência Escola do Instituto Aprender Cultura”, de acordo com o item 8.1 do Termo de Compromisso firmado, até o prazo máximo de 30 dias após a publicação, estando sujeito às penalidades previstas no item 9.1 do referido Edital. AVISO DE RESULTADO LEI DE INCENTIVO À CULTURA CAPIXABA - LICC A SECULT torna público para amplo conhecimento a HABILITAÇÃO do projeto abaixo indicado: 1) Título do Projeto: Capoeira e Cultura Popular Processo n°: 2026-TQMK8 Proponente: Produtora Cultural, Artística e Esportiva Cnpj: 38.188.851/0001-82 Valor: R$499.941,78 A autorização de captação é válida por 01 (um) ano, a contar da data desta publicação. O extrato da ATA estará disponível no site da SECULT: www.secult.es.gov.br Vitória, 20 de Agosto de 2026 Vitória, 25 de agosto de 2026 MARIA EMILIA FERNANDES MOCA VASCONCELLOS Subsecretária de Estado de Fomento e Incentivo à Cultura Protocolo 1856292 Maria Emilia Fernandes Moça Vasconcellos Subsecretária de Estado de Fomento e Incentivo à Cultura. Protocolo 1856385 Secretaria de Estado da Agricultura, Abastecimento, Aquicultura e Pesca - SEAG Instituto de Defesa Agropecuária e Florestal do Espírito Santo - IDAF EXTRATO DE PUBLICAÇÃO DE EDITAL DE DISCRIMINAÇÃO DE TERRA DEVOLUTA Nº 010/2026 A Comissão Especial Permanente de Discriminatória - CEPD, do Instituto de Defesa Agropecuária e Florestal do Estado - IDAF, no uso de suas atribuições legais e tendo em vista o disposto no art. 7º da Lei 9.769/11, VEM TORNAR PÚBLICO QUE OS EDITAIS DE DISCRIMINAÇÃO DE TERRAS DEVOLUTAS SE ENCONTRAM DISPONÍVEIS NO SÍTIO ELETRÔNICO DO IDAF (http://idaf.es.gov.br/editais-de-terras-devolutas) em 26/08/2026. Assim, convida os confinantes ou quem se julgar prejudicado e, ainda, a quaisquer interessados, a apresentar suas impugnações, embargos ou suscitações de dúvidas por escrito a esta Comissão, na sede desta Autarquia no prazo de 15 (quinze) dias da data de publicação do presente, findo o qual a área será declarada devoluta. Cumprido os requisitos contidos na Lei 9.769/11, as áreas discriminadas serão regularizadas em nome do (s) requerente (s); de outra maneira, havendo interesse público, será feita a matrícula ou registro em nome do Estado do Espírito Santo. E, para que não se alegue desconhecimento, vai este publicado no Diário Oficial do Estado (DIO/ES), no Escritório Local onde se situa o imóvel e na sede da Autarquia. N° 1 PROCESSO REQUERENTE CPF/CNPJ LOCALIDADE MUNICÍPIO 2026-3NN20 Aderbal Domingos Palauro 086.***.***.-00 Timbuí Fundão 2 2026-VZ2XM Adilson Pereira de Oliveira 069.***.***.-17 Córrego Floresta Ecoporanga 3 2026-BLFV3 Adriano Bozi de Oliveira e outro 169.***.***.-86 Lagoa do Aguiar Aracruz 4 2026-H2QV2 Aleni Ferreira da Costa - Parte 1 830.***.***.-68 Córrego Explosão Ecoporanga 5 2026-H2QV2 Aleni Ferreira da Costa - Parte 2 830.***.***.-68 Córrego Explosão Ecoporanga Assinado digitalmente pelo DIO - DEPARTAMENTO DE IMPRENSA OFICIAL DO ESTADO DO ESPÍRITO SANTO Data: Terça-feira, 25 de Agosto de 2026 às 22:59:15 Código de Autenticação: 3974cbd1"
LICC,11408_57,0,2026-08-21,57,DIO,"{""data"": ""2026-08-21"", ""paginas"": 97, ""pagina"": 57, ""pdf_id"": 1142745, ""year"": ""2026"", ""month"": ""08"", ""day"": ""21"", ""diario_id"": 11408, ""tipo_edicao"": 1}","26.2240 Elementos de Despesas: 4.4.50.42 e 3.3.50.43 Fonte: 761 Gestor Titular: Lutz Franthesco da Silva Rocha - N. F. 3287831. Vitória, 20 de agosto de 2026. Fernanda Mota Gonçallo Secretária de Estado de Trabalho, Assistência e Desenvolvimento Social Protocolo 1854077 Secretaria de Estado da Cultura - SECULT AVISO DE RESULTADO DA SELEÇÃO Edital 28/2025 - Desenvolvimento de Obras Audiovisuais A Secretaria de Estado da Cultura torna público o Resultado da Seleção do Edital em epígrafe, conforme processo nº 2025-XSWLN. A íntegra dos documentos está disponível no site da Secult. Vitória, 20 de agosto de 2026. Maria Emília Vasconcellos Subsecretária de Estado de Fomento e Incentivo à Cultura Protocolo 1853675 ATO DE CONVOCAÇÃO DE PROPONENTE SUPLENTE Edital 12/2025 Produção Musical A Secretaria de Estado da Cultura torna público o Ato de Convocação de Proponente Suplente do Edital em epígrafe, conforme processo nº 2025-472B7. A íntegra do documento estará disponível no site da Secult. Vitória, 20 de agosto de 2026. Maria Emília Vasconcellos Subsecretária de Estado de Fomento e Incentivo à Cultura Protocolo 1854085 AVISO DE DEPÓSITO DE PATROCÍNIO - LEI DE INCENTIVO À CULTURA CAPIXABA - LICC A SECULT torna público para amplo conhecimento o DEPÓSITO DE RECURSOS FINANCEIROS PELO CONTRIBUINTE PATROCINADOR abaixo indicado: 1) Patrocinador: EDP Espírito Santo Distribuição de Energia S.A CNPJ: 28.152.650/0001-71 IE: 080.250.16-5 Valor do crédito presumido: R$ 500.000,00 Beneficiário: Associação Comercial e Empresarial de Muqui - Ace Muqui Projeto contemplado: 74º Encontro Nacional de Folias de Reis Vitória, 20 de agosto de 2026 Maria Emilia Fernandes Moça Vasconcellos Subsecretaria de Fomento e Incentivo Cultural - SECULT Protocolo 1853631 Secretaria de Estado de Mobilidade e Infraestrutura SEMOBI Departamento de Edificações e de Rodovias do Estado do Espírito Santo - DER-ES RESOLUÇÃO DICOL Nº 76/2026 - Em conformidade com o Relato supramencionado, exposto pelo Diretor Setorial de Obras de Infraestrutura Logística do DER-ES, que fundamentou o mesmo com base nos documentos elaborados pela diretoria interessada, a Diretoria Colegiada desta Autarquia RESOLVE: Aprovar, por unanimidade, o assunto constante no Relato nº 076/2026-DIREN/DER-ES, inserto nos autos 2026-8D7B0, o qual foi incluído na Ata da 15ª Reunião da DICOL realizada no dia 20/8/2026. Protocolo 1853750 Assinado digitalmente pelo DIO - DEPARTAMENTO DE IMPRENSA OFICIAL DO ESTADO DO ESPÍRITO SANTO Data: Quinta-feira, 20 de Agosto de 2026 às 22:44:12 Código de Autenticação: 391af053"
LICC,11374_51,0,2026-08-11,51,DIO,"{""data"": ""2026-08-11"", ""paginas"": 80, ""pagina"": 51, ""pdf_id"": 1139014, ""year"": ""2026"", ""month"": ""08"", ""day"": ""11"", ""diario_id"": 11374, ""tipo_edicao"": 1}","DIÁRIO OFICIAL DOS PODERES DO ESTADO E X E C U T I V O 50 AVISO DE RESULTADO LEI DE INCENTIVO À CULTURA CAPIXABA - LICC A SECULT torna público para amplo conhecimento a HABILITAÇÃO do projeto abaixo indicado: 1) Título do Projeto: Jazz Vix Festival 4ª Edição Processo n°: 2026-SCKNF Proponente: Rota Service Ltda Cnpj: 00.767.029/0001-01 Valor: R$500.000,00 2) Título do Projeto: Paula Cassaro - 20 Anos - Ao Vivo Processo n°: 2026-NZ9D3 Proponente: Paula Aparecida Cassaro Cnpj: 27.088.208/0001-60 Valor: R$385.097,77 3) Título do Projeto: Procura-se Lara Processo n°: 2026-5PBHL Proponente: Wb Producoes Artisticas E Culturais Ltda Cnpj: 08.775.812/0001-10 Valor: R$500.000,00 A autorização de captação é válida por 01 (um) ano, a contar da data desta publicação. O extrato da ATA estará disponível no site da SECULT: www.secult.es.gov.br Vitória, 10 de Agosto de 2026 Maria Emilia Fernandes Moça Vasconcellos Subsecretária de Estado de Fomento e Incentivo à Cultura Protocolo 1846752 Secretaria de Estado da Agricultura, Abastecimento, Aquicultura e Pesca - SEAG Vitória (ES), terça-feira, 11 de Agosto de 2026. Complementar nº 46, de 31 de janeiro de 1994; RESOLVE: Art. 1º Interromper por imperiosa necessidade do serviço, a contar de 11 de agosto de 2026, as férias regulamentares do servidor Denevaldo Feletti, nº funcional 3287033, referente ao exercício 2024/2025, reservando o direito de gozar os dias restantes em data oportuna, sem incidência de recursos financeiros. Art. 2º Esta Instrução de Serviço entra em vigor na data de sua publicação. Vitória/ES, 10 de agosto de 2026 RONALDO SALOMÃO LUBIANA Diretor-geral/Idaf Protocolo 1846474 INSTRUÇÃO DE SERVIÇO IDAF Nº 132-P, DE 10 DE AGOSTO DE 2026 O diretor-geral do Instituto de Defesa Agropecuária e Florestal do Espírito Santo (Idaf), no uso de suas atribuições legais, considerando o resultado apurado pela Comissão Permanente de Avaliação de Estágio Probatório - CAEP, instituída pela Instrução de Serviço nº 079-P, de 14 de julho de 2022, e visando atender às normas estabelecidas no art. 41 da Lei Complementar nº 46, de 31 de janeiro de 1994, bem como o disposto no art. 23 do Decreto Estadual nº 4999-R, de 25 de outubro de 2021; RESOLVE: Art. 1º DECLARAR ESTÁVEL, na forma do art. 41 da Constituição da República Federativa do Brasil, de 5 de outubro de 1988, com a nova redação que lhe foi dada pelo art. 6º da Emenda Constitucional nº 19, de 4 de junho de 1998, o servidor Thiago Vasconcelos Passos - número funcional: 4817524 data da estabilidade: 19 de junho de 2026. Art. 2º Esta Instrução de Serviço entra em vigor na data de sua publicação, retroagindo seus efeitos à data de estabilidade informada no art. 1º, revogando as disposições em contrário. Vitória/ES, 10 de agosto de 2026 RONALDO SALOMÃO LUBIANA Diretor-geral/Idaf Protocolo 1846475 ERRATA No RESUMO DO CONTRATO DE DOAÇÃO COM ENCARGOS SEAG Nº 0367/2026 - PROCESSO SEAG Nº2026-QBT"
LICC,11346_58,0,2026-07-31,58,DIO,"{""data"": ""2026-07-31"", ""paginas"": 98, ""pagina"": 58, ""pdf_id"": 1136325, ""year"": ""2026"", ""month"": ""07"", ""day"": ""31"", ""diario_id"": 11346, ""tipo_edicao"": 1}","to por intermédio da Secretaria de Estado de Trabalho, Assistência e Desenvolvimento Social e aA.A.T.R. - Associação de Apoio Terapêutico Reviver. Objeto: Cooperação técnica e financeira para a continuidade da oferta do Serviço de Acolhimento Institucional para aproximadamente 33 pessoas idosas desenvolvido pela Associação de Apoio Terapêutico Reviver, por meio da realização de despesas de custeio. Valor: R$ 89.989,50 (oitenta e nove mil, novecentos e oitenta e nove reais e cinquenta centavos), proveniente das Emendas Parlamentares nº 0682, 1340 e 1345. Fundamento Legal: Artigo 29, Lei 13.019/2014, alterada pela Lei nº 13.204/2015. Justificativa: Trata-se de recursos decorrentes de emenda parlamentar à Lei Orçamentária Anual - LOA. Vitória, 30 de julho de 2026. Fernanda Mota Gonçallo Secretária de Estado de Trabalho, Assistência e Desenvolvimento Social Protocolo 1841155 RETIFICAÇÃO Na redação da Ordem de Serviço nº. 066, de 29/07/2026, publicada no Diário Oficial em 30/07/2026; ONDE SE LÊ: Elizangela Fantin Carneiro LEIA-SE: Elisangela Fantin Carneiro Protocolo 1841088 Secretaria de Estado da Cultura - SECULT AVISO DE DEPÓSITO DE PATROCÍNIO - LEI DE INCENTIVO À CULTURA CAPIXABA - LICC A SECULT torna público para amplo conhecimento o DEPÓSITO DE RECURSOS FINANCEIROS PELO CONTRIBUINTE PATROCINADOR abaixo indicado: 1) Patrocinador: Indústria de Alimentos Santa Maria LTDA CNPJ: 07.260.084/0001-41 IE: 082.321.14-0 Valor do crédito presumido: R$100.000,00 Beneficiário: Balaio Design Estrategico LTDA Projeto contemplado: ES Design 2) Patrocinador: Intercores Comercio Representacoes LTDA CNPJ: 39.639.745/0001-30 IE: 081.695.233 Valor do crédito presumido: R$ 14.813,50 Beneficiário: Balaio Design Estrategico LTDA Projeto contemplado: ES Design e 3) Patrocinador: Borana Indústria CNPJ: 30.563.332/0001-45 IE: 081.438.73-7 Valor do crédito presumido: R$ 15.000,00 Beneficiário: Associação do Menino Jesus - AME Projeto contemplado: Orquestra de violões e canto infanto-juvenil 4) Patrocinador: Borana Indústria e Comércio LTDA CNPJ: 30.563.332/0002-26 IE: 082.989.45-1 Valor do crédito presumido: R$ 15.000,00 Beneficiário: Associação do Menino Jesus - AME Projeto contemplado: Orquestra de violões e canto infanto-juvenil Assinado digitalmente pelo DIO - DEPARTAMENTO DE IMPRENSA OFICIAL DO ESTADO DO ESPÍRITO SANTO Data: Quinta-feira, 30 de Julho de 2026 às 22:52:30 Código de Autenticação: 0fdc512f"
LICC,11339_40,0,2026-07-29,40,DIO,"{""data"": ""2026-07-29"", ""paginas"": 79, ""pagina"": 40, ""pdf_id"": 1135041, ""year"": ""2026"", ""month"": ""07"", ""day"": ""29"", ""diario_id"": 11339, ""tipo_edicao"": 1}","rotocolo 1838255 Resumo do 1º Termo Aditivo ao Termo de Convênio n.º 001/2025 Processo nº: 2025-320H9 Adm. Pública: Estado do Espírito Santo por intermédio da Secretaria de Estado de Trabalho, Assistência e Desenvolvimento Social. Convenente: Município de Nova Venécia. Objeto: prorrogar o prazo de vigência que trata a Cláusula Quinta - Da vigência ao Convênio nº 001/2025, de 31 de agosto de 2026, para 28 de fevereiro de 2027. Vitória, 28 de julho de 2026 FERNANDA MOTA GONÇALLO Secretária de Estado de Trabalho, Assistência e Desenvolvimento Protocolo 1839046 AVISO DE RESULTADO Edital 26/2025 - Cultura Digital A Secretaria de Estado da Cultura torna público o Resultado das Etapas de Pré-Seleção e Seleção do Edital em epígrafe, conforme processo nº 2025-L26BJ. A íntegra do Resultado está disponível no site da Secult (www.secult.es.gov.br). Vitória, 28 de julho de 2026. Carolina Ruas Palomares Secretária de Estado da Cultura Protocolo 1838765 Secretaria de Estado da Agricultura, Abastecimento, Aquicultura e Pesca - SEAG Instituto de Defesa Agropecuária e Florestal do Espírito Santo - IDAF Secretaria de Estado da Cultura - SECULT AVISO DE RESULTADO LEI DE INCENTIVO À CULTURA CAPIXABA - LICC A SECULT torna público para amplo conhecimento a HABILITAÇÃO do projeto abaixo indicado: 1) Título do Projeto: Nosso Ouro é a PolentaAspectos históricos e culturais dos imigrantes italianos em Venda Nova do Imigrante Processo n°: 2025-WGKTT Proponente: Folha Da Terra Das Montanhas Ltda Cnpj: 36.359.354/0001-74 Valor: R$300.000,00 2) Título do Projeto: Flinc - Festa Literária Internacional Capixaba (ano 3) Processo n°: 2026-W7TBM Proponente: Letra Preta Produções LTDA Cnpj: 40.630.772/0001-21 Valor: R$500.000,00 A autorização de captação é válida por 01 (um) ano, a contar da data desta publicação. A SECULT torna público para amplo conhecimento a INABILITAÇÃO do projeto abaixo indicado: 1) Título do Projeto: Maestro Max Carvalho Chorus Inside - Croácia 2026 INSTRUÇÃO DE SERVIÇO IDAF Nº 127-P, DE 27 DE JULHO DE 2026 O diretor-geral do Instituto de Defesa Agropecuária e Florestal do Espírito Santo (Idaf), no uso das atribuições que lhe confere o art. 48 do Regulamento do Idaf, aprovado pelo Decreto Estadual nº 910-R, de 31 de outubro de 2001, e suas alterações; e tendo em vista o constante no processo nº 2023-VNN9W; RESOLVE: Art. 1º Conceder, com base no art. 7º I, II, III, IV, §2º I da Lei Complementar nº 938/2020, abono de permanência ao servidor Marcos Adriano Rauta, número funcional 2798956, fiscal estadual agropecuário, com vigência a partir de 15/04/2026. Vitória/ES, 27 de julho de 2026. RONALDO SALOMÃO LUBIANA Diretor-geral/Idaf Protocolo 1838544 Instituto Capixaba de Pesquisa, Assistência Técnica e Extensão Rural - INCAPER EXTRATO DO CONTRATO nº 2026.000026.31202.01 Contratante: Instituto Capixaba de Pesquisa, Assistência Técnica e Extensão Rural - INCAPER Processo nº: 2026-4P283 Forma de Contratação: Pregão nº 008/2025 / ARP/SEGER nº 001/2026 ID CidadES nº: 2025.500E0600002.01.0008 Contratado: BRS SUPRIMENTOS CORPORATIVOS S/A Assinado digitalmente pelo DIO - DEPARTAMENTO DE IMPRENSA OFICIAL DO ESTADO DO ESPÍRITO SANTO Data: Terça-feira, 28 de Julho de 2026 às 23:26:47 Código de Autenticação: c81fd120"
LICC,11337_82,0,2026-07-28,82,DIO,"{""data"": ""2026-07-28"", ""paginas"": 127, ""pagina"": 82, ""pdf_id"": 1134504, ""year"": ""2026"", ""month"": ""07"", ""day"": ""28"", ""diario_id"": 11337, ""tipo_edicao"": 1}","publicação: 10/10/2025 Título do Projeto: Corais das Montanhas N°: 2024-B7ZFZ Proponente: Instituto Três Pontões de Ação Social e Cultural - Instituto Cultural das Montanhas CNPJ: 51.892.817/0001-52 Anos: 02 e 03 Valor ano 02: R$: 499.999,00 Valor ano 03: R$: 500.000,00 Data de publicação: 31/10/2024 Secretaria de Estado da Cultura - SECULT ATO DE CONFIRMAÇÃO DE DOCUMENTAÇÃO Edital 01/2026 - Locomoção para Circulação e Intercambio - junho A Secretaria de Estado da Cultura torna público o Ato de Confirmação de documentação do Edital em epígrafe, conforme processo nº 2026-RGCZL, referente às inscrições no mês de junho. A íntegra do documento estará disponível no site da Secult. Vitória, 27 de julho de 2026. Carolina Ruas Palomares Secretária de Estado da Cultura Protocolo 1837768 Título do Projeto: Musicalização Agrícola N°: 2024-VM90J Proponente: Instituto Três Pontões de Ação Social e Cultural - Instituto Cultural das Montanhas CNPJ: 51.892.817/0001-52 Anos: 02 e 03 Valor ano 02: R$: 499.970,00 Valor ano 03: R$: 500.000,00 Data de publicação: 31/10/2024 Vitória, 27 de julho de 2026 Carolina Ruas Palomares Secretária de Estado da Cultura Protocolo 1837797 ANULAÇÃO DA HABILITAÇÃO - LICC Em atenção ao disposto no artigo 6º do Decreto n° 5035-R, de 15 de dezembro de 2021, a SECULT torna público para amplo conhecimento a ANULAÇÃO da Habilitação publicada no DIOES: Título do Projeto: Orquestra da Quebrada Temporada Capixaba N°: 2025-SPKTB Proponente: Coreto Produções LTDA (antigo Tonobooks Produções Ltda) CNPJ: 30.867.425/0001-63 Resumo do 10º Termo Aditivo ao Termo de Convênio nº 007/2019 Concedente: Secretaria de Estado da Cultura - SECULT. Convenente: Município de Muqui. Cláusula Primeira - O presente termo tem por objetivo prorrogar a vigência estabelecida na Cláusula Quinta do Termo de Convênio e nos seus aditivos posteriores, a partir de 28.07.2026 até 27.07.2027. Cláusula Segunda - Ficam mantidas todas as demais cláusulas do convênio originário. Vitória, 27 de julho de 2026. Carolina Ruas Palomares Secretária de Estado da Cultura Protocolo 1837416 Assinado digitalmente pelo DIO - DEPARTAMENTO DE IMPRENSA OFICIAL DO ESTADO DO ESPÍRITO SANTO Data: Segunda-feira, 27 de Julho de 2026 às 21:37:49 Código de Autenticação: c2bf5f1c"
LICC,11298_45,0,2026-07-14,45,DIO,"{""data"": ""2026-07-14"", ""paginas"": 75, ""pagina"": 45, ""pdf_id"": 1129847, ""year"": ""2026"", ""month"": ""07"", ""day"": ""14"", ""diario_id"": 11298, ""tipo_edicao"": 1}","ncia que trata a Cláusula Sexta - Da vigência, de 31 de julho de 2026, para 31 de outubro de 2026. Vitória, 13 de julho de 2026 Fernanda Mota Gonçallo Secretária de Estado de Trabalho, Assistência e Desenvolvimento Protocolo 1828088 Secretaria de Estado da Cultura - SECULT ONDE SE LÊ: Resumo do Termo de Compromisso nº 993765/2026/MINC/CAIXA Partícipes: Estado do Espírito Santo/ES, junto à UNIÃO por intermédio do Ministério da Cultura, representada pela Caixa Econômica Federal Objeto: implantação do ceu da cultura, no município de Baixo Guandu, Espírito Santo, objetivando a execução de ações reativas ao Programa Novo PAC CEUs da Cultura - Propostas Selecionadas Valor: R$ 2.609.144,00; dos recursos: R$ 2.609.143,99, correrão à conta da União no exercício de 2026, UG 420045, Programa de Trabalho XXXXXXXXXXXUV0001, NE 2026NE000194, e R$ 0,01 nos exercícios subsequentes, e R$ 0,00 de contrapartida. Vigência: 30/04/2026 a 30/04/2030. Vitória, 13 de julho de 2026 Carolina Ruas Palomares Secretária de Estado da Cultura Protocolo 1827825 17 a 31/07/2026 RETIFICAÇÃO Na redação da Retificação publicada em 26/06/2026, no Diário Oficial; AVISO DE RESULTADO LEI DE INCENTIVO À CULTURA CAPIXABA - LICC LEIA-SE: 21/07 a 04/08/2026 Protocolo 1828150 A SECULT torna público para amplo conhecimento a HABILITAÇÃO do projeto abaixo indicado: Assinado digitalmente pelo DIO - DEPARTAMENTO DE IMPRENSA OFICIAL DO ESTADO DO ESPÍRITO SANTO Data: Segunda-feira, 13 de Julho de 2026 às 22:30:23 Código de Autenticação: a573720f"
LICC,11256_41,0,2026-06-30,41,DIO,"{""data"": ""2026-06-30"", ""paginas"": 75, ""pagina"": 41, ""pdf_id"": 1125460, ""year"": ""2026"", ""month"": ""06"", ""day"": ""30"", ""diario_id"": 11256, ""tipo_edicao"": 1}","OCUMENTAÇÃO Edital 01/2026 - Locomoção para Circulação e Intercambio - maio A Secretaria de Estado da Cultura torna público o Ato de Confirmação de documentação do Edital em epígrafe, conforme processo nº 2026-RGCZL, referente às inscrições no mês de maio. A íntegra do documento estará disponível no site da Secult. Vitória, 29 de junho de 2026. Maria Thereza Bosi de Magalhães Subsecretária de Estado de Fomento e Incentivo à Cultura Protocolo 1818508 AVISO DE PRORROGAÇÃO de PRAZO INSCRIÇÃO - EDITAIS CULTURA VIVA DE A Secretaria de Estado da Cultura - SECULT torna público para amplo conhecimento que o prazo para inscrição dos Editais 02/2026 - Premiação de Pontos e Pontões de Cultura, 03/2026 - Fomento aos Pontos de Cultura, 04/2026 - Fomento aos Pontões de Cultura e 05/2026 - Concessão de Bolsas Cultura Viva a Mestras e Mestres das Culturas Tradicionais e Populares foi prorrogado para o dia 15 de julho de 2026. Os interessados poderão obter cópia integral do Edital no site da Secult (www.secult.es.gov.br). Vitória, 29 de junho de 2026. Fabrício Noronha Fernandes Secretário de Estado da Cultura Protocolo 1818811 AVISO DE DEPÓSITO DE PATROCÍNIO - LEI DE INCENTIVO À CULTURA CAPIXABA - LICC A SECULT torna público para amplo conhecimento o DEPÓSITO DE RECURSOS FINANCEIROS PELO CONTRIBUINTE PATROCINADOR abaixo indicado: 1) Patrocinador: Supermercado Grechi LTDA CNPJ: 00.381.613/0001-16 IE: 081.724.69-1 Valor do crédito presumido: R$42.000,00 Beneficiário: Associação Festa Da Cappitella - Afecapi Projeto contemplado: Cappitella - Festa Do Cappelletti E Da Tagliatella 2025 2) Patrocinador: Supermercado Economia LTDA CNPJ: 10.607.920/0001-26 IE: 082.600.97-0 Valor do crédito presumido: R$41.666,67 Beneficiário: Associação Festa Da Cappitella - Afecapi Projeto contemplado: Cappitella - Festa Do Cappelletti E Da Tagliatella 2025 3) Patrocinador: VD Comercio De Veiculos LTDA CNPJ: 39.786.983/0004-11 IE: 082.258.82-1 Valor do crédito presumido: R$ 237.644,05 Beneficiário: Paris Serviços e Treinamentos LTDA Projeto contemplado: Despertando Olhares Vitória, 29 de junho de 2026 Maria Thereza Bosi de Magalhães Subsecretaria de Fomento e Incentivo Cultural - SECULT Assinado digitalmente pelo DIO - DEPARTAMENTO DE IMPRENSA OFICIAL DO ESTADO DO ESPÍRITO SANTO Data: Segunda-feira, 29 de Junho de 2026 às 17:26:43 Código de Autenticação: 54b190fc Protocolo 1818595"
LICC,11256_6,0,2026-06-30,6,DIO,"{""data"": ""2026-06-30"", ""paginas"": 75, ""pagina"": 6, ""pdf_id"": 1125425, ""year"": ""2026"", ""month"": ""06"", ""day"": ""30"", ""diario_id"": 11256, ""tipo_edicao"": 1}","IMPRENSA OFICIAL DO ESPÍRITO SANTO 30 de junho de 2026 Cultura em Dados: resultados de pesquisa sobre a Lei de Incentivo à Cultura Capixaba (LICC) O encontro busca promover o diálogo sobre o aprimoramento contínuo das políticas culturais e o fortalecimento da economia criativa capixaba, ampliando o acesso a informações estratégicas sobre o setor \ A programação é voltada para produtoras e produtores culturais do Espírito Santo U m encontro dedicado à apresentação e ao debate de evidências sobre os resultados, os investimentos e os impactos econômicos da Lei de Incentivo à Cultura Capixaba (LICC), além do lançamento do Boletim da Economia Criativa, será realizado amanhã (01), a partir das 14h30 horas, no HUB ES+, no Centro de Vitória. A programação é voltada para produtoras e produtores culturais do Espírito Santo, potenciais proponentes e empresas patrocinadoras da LICC, além de gestores públicos, pesquisadores e demais interessados em políticas culturais, economia criativa e nos impactos gerados pelos investimentos realizados por meio das políticas públicas de cultura no Estado. A participação é gratuita. Os interessados devem realizar a inscrição por meio do formulário disponível neste LINK AQUI. Além da divulgação dos dados, o encontro busca promover o diálogo sobre o aprimoramento contínuo das políticas culturais e o fortalecimento da economia criativa capixaba, ampliando o acesso a informações estratégicas sobre o setor e incentivando uma cultura de gestão orientada por evidências. DIVULGAÇÃO / SECULT A pesquisa sobre a LICC foi desenvolvida pelo Instituto Jones dos Santos Neves (IJSN), em parceria com a Secretaria da Cultura (Secult), com apoio da Fundação de Amparo à Pesquisa e Inovação do Espírito Santo (Fapes). Já o Boletim da Economia Criativa é uma publicação elaborada pelo Instituto Jones em parceria com a Secult para monitorar trimestralmente o desempenho dos setores criativos no Espírito Santo. PREVISÃO DO TEMPO / Nesta terça-feira, os ventos costeiros transportam umidade do mar e trazem chuva rápida no começo do dia, somente no Litoral Nordeste capixaba. Nas demais áreas, o sol predomina entre algumas nuvens e não há previsão de chuva. PROGRAMAÇÃO TVE/ES - TV ABERTA - CANAL 2 / NET - CANAL 15 / RCA - CANAL 5 06:00 - ENERGIA 06:30 - NOSSA LÍNGUA (2010) 07:00 - PEPPA PIG 07:15 - LÉO, O CAMINHÃO 07:20 - PLANETA PALAVRA 07:30 - BINO E FINO 07:40 - PARQUINHO JURÁSSICO 07:45 - PALALOOS 08:00 - QUINTAL DA CULTURA 12:00 - TVE REVISTA 12:45 - REPÓRTER BRASIL TARDE 13:30 - JORNAL DA TARDE 14:15 - MASHA E O URSO 14:30 - NINHOS EM MOVIMENTO 14:45 - SOL EM DÓ RÉ MI 15:00 - GILDO 15:15 - BLUEY III 15:30 - IURI & UDI 15:45 - O MUNDIAL E EU - ARGENTINA: 1ª VEZ EM UM CAMPO 15:50 - O SHOW DA LUNA 16:00 - SEM CENSURA 18:00 - TVE NOTICIA 18:30 - STADIUM 19:00 - ANTIMATÉRIA 20:00 - É LOGO ALI - REPRISE Assinado digitalmente pelo DIO - DEPARTAMENTO DE IMPRENSA OFICIAL DO ESTADO DO ESPÍRITO SANTO Data: Segunda-feira, 29 de Junho de 2026 às 17:26:21 Código de Autenticação: 54b190fc 20:30 - CULTURAS DO CAMPO 21:00 - JORNAL DA CULTURA 22:00 - METRÓPOLIS 22:30 - PROVOCA 23:30 - O NOVO SEMPRE VEM 00:00 - CAMAROTE 21 00:30 - METRÓPOLIS 01:00 - CULTURAS DO CAMPO - REPRISE 01:30 - UM MILAGRE 02:30 - COMO NASCEM OS HERÓIS? 03:00 - CHE, MEMÓRIAS DE UM ANO SECRETO 04:30 - SESSÃO DE CINEMA – OS OLHOS DE ARTHUR 05:00 - BRASIL VISTO DE CIMA 6"
LICC,11253_76,0,2026-06-29,76,DIO,"{""data"": ""2026-06-29"", ""paginas"": 133, ""pagina"": 76, ""pdf_id"": 1125198, ""year"": ""2026"", ""month"": ""06"", ""day"": ""29"", ""diario_id"": 11253, ""tipo_edicao"": 1}","a, 26 de junho de 2026. Maria Thereza Bosi de Magalhães Subsecretária de Estado de Fomento e Incentivo à Cultura Protocolo 1818072 PORTARIA Nº 102-S, DE 26 DE JUNHO DE 2026 O SECRETÁRIO DE ESTADO DA CULTURA - SECULT, no uso das atribuições que lhe conferem o art. 98, inciso II, da Constituição Estadual e o art. 46, alínea “o”, da Lei nº 3.043, de 31 de dezembro de 1975, e conforme o disposto no art. 10 da Portaria Conjunta SECULT/PGE nº 083-S, de 14 de maio de 2026, R ESOLVE: Art. 1º DESIGNAR os seguintes servidores para compor o Centro de Negociação Preventiva da SECULT - CNP-SECULT: I - Julia Ferreira da Cunha (NF 43595934) e Priscila De Lai Cruz Godoy (NF 32197201) como membros titulares, sendo a primeira sua coordenadora; II - Yasmim Vital Ribeiro Duarte (NF 4344480) e Michele Gasparini de Miranda (NF 2941104), como membros suplentes. Art. 2º As atribuições do CNP-SECULT estão dispostas na Portaria Conjunta SECULT/PGE nº 083-S, de 14 de maio de 2026. Art. 3º Esta Portaria entra em vigor na data de sua publicação. Vitória/ES, 26 de junho de 2026. FABRICIO NORONHA FERNANDES Secretário de Estado da Cultura Protocolo 1818170 AVISO DE RESULTADO LEI DE INCENTIVO À CULTURA CAPIXABA - LICC A SECULT torna público para amplo conhecimento a HABILITAÇÃO do projeto abaixo indicado: 1) Título do Projeto: Festival Nacional De Teatro Cidade De Vitória 22ª Edição - FENATEVI Processo n°: 2025-70M5F Proponente: Associação Cultural Circense E Ambiental Uma Floresta Cnpj: 04.201.181/0001-75 Valor: R$500.000,00 2) Título do Projeto: Circulação Do Espetáculo “Os Fuzis De Teresa Carrar” Processo n°: 2025-BN12V Proponente: Z Produção Ltda Cnpj: 05.397.130/0001-23 Valor: R$497.899,15 A autorização de captação é válida por 01 (um) ano, a contar da data desta publicação. O extrato da ATA estará disponível no site da SECULT: www.secult.es.gov.br Vitória, 25 de Junho de 2026 Maria Thereza Bosi de Magalhães Subsecretaria de Estado - SECULT/SUBFIC Protocolo 1817795 Assinado digitalmente pelo DIO - DEPARTAMENTO DE IMPRENSA OFICIAL DO ESTADO DO ESPÍRITO SANTO Data: Sexta-feira, 26 de Junho de 2026 às 23:56:38 Código de Autenticação: 3fda55eb"
LICC,11247_65,0,2026-06-26,65,DIO,"{""data"": ""2026-06-26"", ""paginas"": 129, ""pagina"": 65, ""pdf_id"": 1124322, ""year"": ""2026"", ""month"": ""06"", ""day"": ""26"", ""diario_id"": 11247, ""tipo_edicao"": 1}","ta Secretaria de Estado da Cultura, no período de 13/07/2026 a 27/07/2026, por ocasião das Férias do Titular. Art. 1º. Designar a servidora abaixo para exercer a Função Gratificada de Agente de Contratação, Ref. FG-AG: a) Letícia Schuwartz Deps, matricula 4802705-1 b) Bruna Bolonha de Menezes, 3146138-1 Vitória, 25 de junho de 2026 Art. 2°. Designar os servidores abaixo para exercerem a função de Equipe de Apoio, referente a Gratificação de Apoio à Licitação-GAL: a) João Adriano Dallapicola Veenings, 653011/3; b) José Roberto Bispo de Sousa, matrícula 371911-51; c) Késia do Nascimento Rangel, matrícula 3098133-2; d) Julia Ferreira da Cunha, matrícula 4359593-1; Art. 3º. As atribuições dos Agentes de Contratação estão descritas na Lei Federal 14.133/2021, no Decreto Estadual 5.352-R/2023, na Lei Complementar nº 1.078 e no Decreto nº 5713-R. Art. 4º. Os trabalhos da Equipe de Apoio serão coordenados pelo Agente de Contratação designado. Art. 5º. Fica revogada a Portaria Nº 029-S, de 27 de Março 2026, publicada no Diário Oficial de 30 de Março de 2026. Fabricio Noronha Fernandes Secretário de Estado da Cultura Protocolo 1816677 AVISO DE RESULTADO LEI DE INCENTIVO À CULTURA CAPIXABA - LICC A SECULT torna público para amplo conhecimento a HABILITAÇÃO do projeto abaixo indicado: 1) Título do Projeto: Circuito Cultural Verde Processo n°: 2026-B4JW8 Proponente: Rian Melo Soares Cnpj: 46.946.563/0001-78 Valor: R$165.000,00 A autorização de captação é válida por 01 (um) ano, a contar da data desta publicação. Assinado digitalmente pelo DIO - DEPARTAMENTO DE IMPRENSA OFICIAL DO ESTADO DO ESPÍRITO SANTO Data: Quinta-feira, 25 de Junho de 2026 às 23:18:47 Código de Autenticação: 3f6d482a"
LICC,11236_62,0,2026-06-24,62,DIO,"{""data"": ""2026-06-24"", ""paginas"": 115, ""pagina"": 62, ""pdf_id"": 1123896, ""year"": ""2026"", ""month"": ""06"", ""day"": ""24"", ""diario_id"": 11236, ""tipo_edicao"": 1}","retária de Estado de Fomento e Incentivo à Cultura Protocolo 1814117 Resumo do Termo de Convênio Nº 005/2026 Proposta SIGA/SECULT/0007/2026 Processo nº 2026-QPRW4 Registro SIGEFES Nº 260370 Concedente: Secretaria de Estado da Cultura Convenente: Município de Baixo Guandu. Objeto: Aquisição de Instrumentos musicais para o município de Baixo Guandu/ES. Valor Total: R$ 57.047,66 (cinquenta e sete mil e quarenta e sete reais e sessenta e seis centavos). Contrapartida do Município: R$ 7.047,66 (sete mil e quarenta e sete reais e sessenta e seis centavos). Dotação Orçamentária: Programa: 13.392.0043.2303 - Promoção da Diversidade e Difusão Cultural Elemento de Despesa: 44.40.42.00 - Auxílios Fonte de Recursos: 1500 Prazo de Vigência: partir do primeiro dia seguinte ao da publicação de seu extrato na imprensa oficial até 30/06/2027, podendo ser prorrogado mediante aditamento. Gestores do Convênio: Titular: Renato Luiz Duarte de Morais - Matrícula: 3314812-1 Suplente: Andrea Alves Buenes, Matrícula nº 2911191-5 Vitória, 23 de junho de 2026. Carolina Ruas Palomares Subsecretária de Políticas Culturais Protocolo 1814777 AVISO DE DEPÓSITO DE PATROCÍNIO - LEI DE INCENTIVO À CULTURA CAPIXABA - LICC A SECULT torna público para amplo conhecimento o DEPÓSITO DE RECURSOS FINANCEIROS PELO CONTRIBUINTE PATROCINADOR abaixo indicado: 1) Patrocinador: Kurumá Veículos S/A CNPJ: 00.827.783/0020-44 IE: 083.011.34-0 Valor do crédito presumido: R$ 149.991,00 Beneficiário: Instituto Últimos Refúgios Projeto contemplado: Livro Corredor de Vida Santa Teresa 2) Patrocinador: VD Comércio De Veiculos LTDA CNPJ: 39.786.983/0001-79 IE: 081.648.25-1 Valor do crédito presumido: R$ 300.000,00 Beneficiário: Instituto Últimos Refúgios Projeto contemplado: Livro Corredor de Vida Santa Teresa 3) Patrocinador: V.M. Comercio De Automoveis LTDA CNPJ: 11.277.336/0008-99 IE: 083.884.92-0 Valor do crédito presumido: R$ 50.000,00 Beneficiário: Instituto Últimos Refúgios Projeto contemplado: Livro Corredor de Vida Santa Teresa 4) Patrocinador: Cooperativa Agropecuária Centro Serrana CNPJ: 27.942.085/0037-94 IE: 083.045.29-5 Valor do crédito presumido: R$ 40.000,00 Beneficiário: AMITAJ - Associação Do Movimento Italiano de Jaguaré Projeto contemplado: 13ª Semana Cultural Italiana de Jaguaré 5) Patrocinador: Itapoa Supermercado LTDA CNPJ: 06.955.576/0008-65 IE: 082.047.95-2 Valor do crédito presumido: R$ 499.223,20 Beneficiário: Associação Festa do Morango Projeto contemplado: 36ª Festa do Morango Vitória, 23 de junho de 2026 Maria Thereza Bosi de Magalhães Subsecretaria de Fomento e Incentivo Cultural - SECULT Protocolo 1814952 Secretaria de Estado da Agricultura, Abastecimento, Aquicultura e Pesca - SEAG NOTIFICAÇÃO SEAG Processo nº 2024-V3NB6 Notificante: A Secretaria de Estado da Agricultura, Abastecimento, Aquicultura e Pesca - SEAG, inscrita no CNPJ nº 27.080.555/0001-47. Notificada: BC AGRO COMERCIO LTDA, CNPJ nº 29.220.447/0001-58. Fica a empresa NOTIFICADA acerca da intenção desta Secretaria na aplicação da seguinte penalidade: I - Impedimento de licitar e contratar com a Administração Pública ESTADUAL, por 90 (noventa) dias, nos termos do subitem 10.1.1 e 10.1.2.1 do Edital; Ante ao exposto, caso queira, apresente DEFESA PRÉVIA no prazo de 15 (quinze) dias úteis a contar da publicação desta notificação. LINDSAY ITABORAÍ ROCHA Presidente da Comissão de Apuração e Responsabilização de Infrações Administrativas - SEAG Protocolo 1814180 NOTIFICAÇÃO SEAG Processo nº 2025-0TM5N Notificante: A Secretaria de Estado da Agricultura, Abastecimento, Aquicultura e Pesca - SEAG, inscrita no CNPJ nº 27.080.555/0001-47. Notificada: 58.687.699 LUAN MATEUS DA SILVA BEGHINI, CNPJ nº 58.687.699/0001-90. Fica a empresa NOTIFICADA acerca da intenção desta Secretaria na aplicação da seguinte penalidade: Assinado digitalmente pelo DIO - DEPARTAMENTO DE IMPRENSA OFICIAL DO ESTADO DO ESPÍRITO SANTO Data: Terça-feira, 23 de Junho de 2026 às 22:48:40 Código de Autenticação: f20e4619"
LICC,11234_35,0,2026-06-23,35,DIO,"{""data"": ""2026-06-23"", ""paginas"": 79, ""pagina"": 35, ""pdf_id"": 1123406, ""year"": ""2026"", ""month"": ""06"", ""day"": ""23"", ""diario_id"": 11234, ""tipo_edicao"": 1}","te: Renato Luiz Duarte de Morais - Matrícula: 3314812-1 Vitória, 19 de junho de 2026. Carolina Ruas Palomares Subsecretária de Políticas Culturais Protocolo 1813209 Vitória (ES), terça-feira, 23 de Junho de 2026. 4) Patrocinador: Borana Indústria e Comércio LTDA CNPJ: 30.563.332/0003-07 IE: 083.842.67-5 Valor do crédito presumido: R$ 15.000,00 Beneficiário: Associação do Menino Jesus - AME Projeto contemplado: Orquestra de violões e canto infanto-juvenil 5) Patrocinador: Nater Coop CNPJ: 27.942.085/0037-94 IE: 083.045.29-5 Valor do crédito presumido: R$ 83.333,00 Beneficiário: Associação Festa da Cappitella - AFECAPI Projeto contemplado: Cappitella - Festa do Cappelletti e da Tagliatella 2025 Vitória, 22 de junho de 2026 Maria Thereza Bosi de Magalhães Subsecretaria de Fomento e Incentivo Cultural - SECULT Protocolo 1814004 Secretaria de Estado da Agricultura, Abastecimento, Aquicultura e Pesca - SEAG PORTARIA nº 048-S, de 19 de junho de 2026 O SECRETÁRIO DE ESTADO DA AGRICULTURA, ABASTECIMENTO, AQUICULTURA E PESCA, no uso das atribuições que lhe confere o art. 98, inciso II, da Constituição Estadual, RESOLVE: AVISO DE DEPÓSITO DE PATROCÍNIO - LEI DE INCENTIVO À CULTURA CAPIXABA - LICC A SECULT torna público para amplo conhecimento o DEPÓSITO DE RECURSOS FINANCEIROS PELO CONTRIBUINTE PATROCINADOR abaixo indicado: 1) Patrocinador: Realmar Distribuidora Ltda CNPJ: 03.845.717/0001-22 IE: 082.324.17-4 Valor do crédito presumido: R$ 200.000,00 Beneficiário: Rota Service LTDA EPP Projeto contemplado: Jazz Vitória Festival 2025 EXONERAR, de acordo com o art. 61, § 2º, letra “a”, da Lei Complementar nº 46 de 31 de janeiro de 1994, RICARDO HAO CHIANG MENDEZ, nº funcional 2600013, do cargo de provimento em comissão de Chefe do Grupo de Administração, Ref. QCE-05, da Secretaria de Estado da Agricultura, Abastecimento, Aquicultura e Pesca. Vitória, 19 de junho de 2026. ENIO BERGOLI DA COSTA Secretário de Estado da Agricultura, Abastecimento, Aquicultura e Pesca Protocolo 1814225 2) Patrocinador: Borana Indústria CNPJ: 30.563.332/0001-45 IE: 081.438.73-7 Valor do crédito presumido: R$ 10.000,00 Beneficiário: Associação do Menino Jesus - AME Projeto contemplado: Orquestra de violões e canto infanto-juvenil 3) Patrocinador: Borana Indústria e Comércio LTDA CNPJ: 30.563.332/0002-26 IE: 082.989.45-1 Valor do crédito presumido: R$ 15.000,00 Beneficiário: Associação do Menino Jesus - AME Projeto contemplado: Orquestra de violões e canto infanto-juvenil PORTARIA nº 049-S, de 19 de junho de 2026 O SECRETÁRIO DE ESTADO DA AGRICULTURA, ABASTECIMENTO, AQUICULTURA E PESCA, no uso das atribuições que lhe confere o art. 98, inciso II, da Constituição Estadual, RESOLVE: EXONERAR, de acordo com o art. 61, § 2º, letra “a”, da Lei Complementar nº 46 de 31 de janeiro de 1994, RUBIA MARIA ALVARENGA, nº funcional 3102777, do cargo de provimento em comissão de Assessor Especial Nível II, Ref. QCE-05, da Secretaria de Estado da Agricultura, Abastecimento, Aquicultura e Pesca. Assinado digitalmente pelo DIO - DEPARTAMENTO DE IMPRENSA OFICIAL DO ESTADO DO ESPÍRITO SANTO Data: Segunda-feira, 22 de Junho de 2026 às 22:29:52 Código de Autenticação: 9c35c410"
LICC,11217_62,0,2026-06-17,62,DIO,"{""data"": ""2026-06-17"", ""paginas"": 152, ""pagina"": 62, ""pdf_id"": 1121562, ""year"": ""2026"", ""month"": ""06"", ""day"": ""17"", ""diario_id"": 11217, ""tipo_edicao"": 1}","junho de 2026 FERNANDA MOTA GONÇALLO Secretária de Estado de Trabalho, Assistência e Desenvolvimento Protocolo 1809955 2º TERMO ADITIVO AO TERMO DE FOMENTO N.º 126/2024 Processo nº: 2024-3X4NQ Adm. Pública: Estado do Espírito Santo por intermédio da Secretaria de Estado de Trabalho, Assistência e Desenvolvimento Social. Convenente: Associação Pestalozzi de Mimoso do Sul. Objeto: Prorrogar o prazo de vigência que trata a Cláusula Sexta - Da vigência, de 31 de julho 2026, para 31 de maio de 2027. Vitória, 16 de junho de 2026 FERNANDA MOTA GONÇALLO Secretária de Estado de Trabalho, Assistência e Desenvolvimento Protocolo 1809970 Secretaria de Estado da Cultura - SECULT AVISO DE RESULTADO Edital 01/2026 - Locomoção para Circulação e Intercambio - maio A Secretaria de Estado da Cultura torna público o Resultado da Seleção do Edital em epígrafe, conforme processo nº 2026-RGCZL, referente às inscrições no mês de maio. A íntegra do Resultado está disponível no site da Secult. www.secult.es.gov. br Vitória, 16 de junho de 2026. Maria Thereza Bosi de Magalhães Subsecretária de Estado de Fomento e Incentivo à Cultura Protocolo 1810220 AVISO DE RESULTADO LEI DE INCENTIVO À CULTURA CAPIXABA - LICC A SECULT torna público para amplo conhecimento a HABILITAÇÃO do projeto abaixo indicado: 1) Título do Projeto: Circuito Cultural - Região 5 Processo n°: 2025-WBCHT Proponente: Instituto Gg5 De Desenvolvimento Comunitário Cnpj: 11.357.419/0001-11 Valor: R$300.000,00 2) Título do Projeto: Paisagem Continuada: Fotografias, Desenhos e Depoimentos Processo n°: 2025-7NPG5 Proponente: Lupino Produções Ltda Cnpj: 25.103.064/0001-49 Valor: R$230.182,31 Assinado digitalmente pelo DIO - DEPARTAMENTO DE IMPRENSA OFICIAL DO ESTADO DO ESPÍRITO SANTO Data: Terça-feira, 16 de Junho de 2026 às 23:49:14 Código de Autenticação: 4a8d75bd"
LICC,11184_55,0,2026-06-03,55,DIO,"{""data"": ""2026-06-03"", ""paginas"": 107, ""pagina"": 55, ""pdf_id"": 1117918, ""year"": ""2026"", ""month"": ""06"", ""day"": ""03"", ""diario_id"": 11184, ""tipo_edicao"": 1}","DIÁRIO OFICIAL DOS PODERES DO ESTADO E X E C U T I V O 48 Vitória (ES), quarta-feira, 3 de Junho de 2026. Proponente: Instituto Nacional Afro Origem Cnpj: 21.559.183/0001-50 Valor: R$300.000,00 A autorização de captação é válida por 01 (um) ano, a contar da data desta publicação. O extrato da ATA estará disponível no site da SECULT: www.secult.es.gov.br Vitória, 28 de Maio de 2026 Maria Thereza Bosi de Magalhães Subsecretaria de Estado - SECULT/SUBFIC Protocolo 1800434 1) Patrocinador: Café Meridiano Ind. E Com. Ltda CNPJ: 01.434.609/0001-31 IE: 081.834.27-6 Valor do crédito presumido: R$78.000,00 Beneficiário: Renato Sabaini XXXXXXXXXXX Projeto contemplado: A Música e a Arte de Renato Sabaini 2) Patrocinador: Cooperativa Agrária dos Cafeicultores de São Gabriel - Cooabriel CNPJ: 27.494.152/0007-30 IE: 081.254.05-9 Valor do crédito presumido: R$ 499.913,88 Beneficiário: Centro de Cultura Italiana de Vila Pavão - CECIVIP Projeto contemplado: 26ª Pomitafro AVISO DE DEPÓSITO DE PATROCÍNIO - LEI DE INCENTIVO À CULTURA CAPIXABA - LICC A SECULT torna público para amplo conhecimento o DEPÓSITO DE RECURSOS FINANCEIROS PELO CONTRIBUINTE PATROCINADOR abaixo indicado: Vitória, 02 de junho de 2026 Maria Thereza Bosi de Magalhães Subsecretaria de Fomento e Incentivo Cultural - SECULT Protocolo 1801381 Secretaria de Estado da Agricultura, Abastecimento, Aquicultura e Pesca - SEAG PORTARIA Nº 029-R, DE 02 DE JUNHO DE 2026 Aprova a 19ª alteração de Quadro de Detalhamento de Despesa da Secretaria de Estado da Agricultura, Abastecimento, Aquicultura e Pesca. O SUBSECRETÁRIO DE ESTADO PARA ASSUNTOS ADMINISTRATIVOS, no uso da atribuição que lhe confere o art. 98, inciso II da Constituição Estadual, e tendo em vista o disposto no § 1º do art. 25 da Lei nº 12.485, de 18 de julho de 2025 e na Lei nº 12.718, de 23 de dezembro de 2025; RESOLVE: Art. 1º - Proceder na forma dos Anexos I e II a esta Portaria a 19ª alteração do Quadro de Detalhamento de Despesa, publicado em conformidade com a Portaria SEP nº 001-R, de 07 de janeiro de 2026. Art. 2º - Esta Portaria entra em vigor na data de sua publicação. CARLOS LUIZ TESCH XAVIER Subsecretário de Estado para Assuntos Administrativos Protocolo 1801212 Assinado digitalmente pelo DIO - DEPARTAMENTO DE IMPRENSA OFICIAL DO ESTADO DO ESPÍRITO SANTO Data: Terça-feira, 2 de Junho de 2026 às 22:55:26 Código de Autenticação: 94dc0eea"
LICC,11184_54,0,2026-06-03,54,DIO,"{""data"": ""2026-06-03"", ""paginas"": 107, ""pagina"": 54, ""pdf_id"": 1117917, ""year"": ""2026"", ""month"": ""06"", ""day"": ""03"", ""diario_id"": 11184, ""tipo_edicao"": 1}","itamento. Gestores do Convênio: Titular: Chaliny Bertholdi de Laia Sathler, Matrícula nº 2951070-2 Suplente: Vinicius Fabio Ferreira Silva - Matrícula: 2961105-2 Vitória, 02 de junho de 2026. Carolina Ruas Palomares Subsecretária de Políticas Culturais Protocolo 1801383 3º TERMO ADITIVO AO TERMO DE FOMENTO N.º 014/2025 Processo nº: 2025-L3594 Adm. Pública: Estado do Espírito Santo por intermédio da Secretaria de Estado de Trabalho, Assistência e Desenvolvimento Social. Convenente: Rede de Atendimento Integrado à Criança e ao Adolescente. Objeto: alterar o montante total de recursos a serem empregados na execução do Termo de Fomento nº SETADES/014/2025 para R$ 21.294,38 (vinte e um mil duzentos e noventa e quatro reais e trinta e oito centavos), devido utilização dos rendimentos da aplicação financeira no valor de R$ 1.292,22 (mil duzentos e noventa e dois reais e vinte e dois centavos), inclusive o aporte no valor de R$ 2,20 (dois reais e vinte centavos), para aplicação no objeto da parceria. Vitória, 01 de junho de 2026. FERNANDA MOTA GONÇALLO Secretária de Estado de Trabalho, Assistência e Desenvolvimento Protocolo 1800834 AVISO DE RESULTADO LEI DE INCENTIVO À CULTURA CAPIXABA - LICC A SECULT torna público para amplo conhecimento a HABILITAÇÃO do projeto abaixo indicado: 1) Título do Projeto: Mulheres, Grãos E Memórias Processo n°: 2025-33P6C Proponente: Connect Agência de comunicação integrada Cnpj: 23.284.098/0001-51 Valor: R$787.253,67 2) Título do Projeto: Café Conilon: O Ouro Negro Do Espírito Santo Processo n°: 2025-LHW3M Proponente: Prodcom Produção Comercial LTDA Cnpj: 09.385.630/0001-04 Valor: R$299.580,00 3) Título do Projeto: Territórios Criativos e Ancestrais: Juventudes Guardiãs da Cultura Processo n°: 2025-DZ8W2 Assinado digitalmente pelo DIO - DEPARTAMENTO DE IMPRENSA OFICIAL DO ESTADO DO ESPÍRITO SANTO Data: Terça-feira, 2 de Junho de 2026 às 22:55:25 Código de Autenticação: 94dc0eea"
LICC,11177_98,0,2026-05-29,98,DIO,"{""data"": ""2026-05-29"", ""paginas"": 156, ""pagina"": 98, ""pdf_id"": 1116331, ""year"": ""2026"", ""month"": ""05"", ""day"": ""29"", ""diario_id"": 11177, ""tipo_edicao"": 1}","-MPX6Z ESPÉCIE: 2º Termo Aditivo ao Termo de Cooperação para Descentralização de Crédito Orçamentário nº. 002/2023. OBJETO: Acréscimo no valor de R$ 1.292.000,00 ao montante de recursos orçamentários descentralizados por meio do Termo de Cooperação nº 002/2023, referente à prestação de serviços técnicos profissionais especializados de gerenciamento geral, para Conclusão das Obras do Empreendimento denominado “Cais das Artes”, passando o valor total para R$ 6.187.000,00. PRAZO: Prorrogação do prazo de vigência até 30 de janeiro de 2028. DOTAÇÃO ORÇAMENTÁRIA DESCENTRALIZAÇÃO DE CREDITO UG EMITENTE: 400.101 - SECULT CÓDIGO ESPECIFICAESFERA ÇÃO (NOME DA PROG. UO AÇÃO) TRABALHO Conclusão da Fiscal 40101 13.392.0043.1605 Construção do Cais das Artes UG FAVORECIDA: 350.201 - DER NATUREZA FONTE PLANO VALOR DA UGR RECURSO ORÇAMENTÁRIO (R$) DESPESA 1500.000000 4.4.90.39.00 400101 01242 - Cais das Artes 1.292.000,00 FABRICIO NORONHA FERNANDES SECRETÁRIO DE ESTADO DA CULTURA CONCEDENTE EDMAR FRAGA ROCHA DIRETOR- PRESIDENTE DO Departamento de Edificações e de Rodovias do Espírito Santo - DER/ES EXECUTANTE Protocolo 1798234 AVISO DE DEPÓSITO DE PATROCÍNIO - LEI DE INCENTIVO À CULTURA CAPIXABA - LICC A SECULT torna público para amplo conhecimento o DEPÓSITO DE RECURSOS FINANCEIROS PELO CONTRIBUINTE PATROCINADOR abaixo indicado: 1) Patrocinador: Cooperativa Agropecuária Centro Serrana CNPJ: 27.942.085/0037-94 IE: 083.045.29-5 Valor do crédito presumido: R$ 40.000,00 Beneficiário: AMITAJ - Associação Do Movimento Italiano de Jaguaré Projeto contemplado: 13ª Semana Cultural Italiana de Jaguaré 2) Patrocinador: VM Comercio de Automoveis LTDA CNPJ: 11.277.336/0001-12 IE: 082.690.71-5 Valor do crédito presumido: R$ 318.873,81 Beneficiário: Associação Federativa Comunità Italiana do Espírito Santo Projeto contemplado: Comunitá Fest 2025 Encontro das Diversidades Vitória, 27 de Maio de 2026 Maria Thereza Bosi de Magalhães Subsecretaria de Fomento e Incentivo Cultural - SECULT Protocolo 1797862 Secretaria de Estado da Agricultura, Abastecimento, Aquicultura e Pesca - SEAG - torna público a DECISÃO ADMINISTRATIVA SUBADM/ SEAG Nº 009/2026, referente ao RECURSO ADMINISTRATIVO, onde decidiu-se pela aplicação da penalidade de: I - IMPEDIMENTO de licitar e contratar com a Administração Pública Direta e Indireta do Estado do Espírito Santo pelo prazo de 15 (quinze) dias, nos termos do art. 155, c/c art. 156, §4º, à REP ENGENHARIA E SERVICOS LTDA - CNPJ Nº 36.157.982/0001-77. conforme Lei nº 14.133/2021. CARLOS LUIZ TESCH XAVIER Subsecretário de Estado para Assuntos Administrativos - SEAG Protocolo 1797413 Instituto de Defesa Agropecuária e Florestal do Espírito Santo - IDAF EXTRATO DO 1º TERMO ADITIVO Contrato 2024.000012.31201.01 Pregão Eletrônico 003/2023/Seger Processo licitatório 2021-BC081 Ata de Registro de Preços 001/2023/Seger Processo 2024-CWBLV ID CidadES 2023.500E0600002.02.0002 CONTRATANTE: IDAF, CNPJ 02.254.666/0001- 00 CONTRATADA: Claro S.A., CNJP 40.432.544/0001-47 OBJETO: acréscimo do objeto do Contrato Original em 10 linhas com aparelho e dados. VALOR MENSAL: R$ 7.369,50. RESUMO DA DECISÃO ADMINISTRATIVA SUBADM/SEAG Nº 009/2026 Processo nº 2025-RL91F A Secretaria de Estado da Agricultura, Abastecimento, Aquicultura e Pesca - SEAG, Vitória, 10 de dezembro de 2025. LEONARDO CUNHA MONTEIRO Diretor Geral Protocolo 1797962 Assinado digitalmente pelo DIO - DEPARTAMENTO DE IMPRENSA OFICIAL DO ESTADO DO ESPÍRITO SANTO Data: Quinta-feira, 28 de Maio de 2026 às 23:06:38 Código de Autenticação: 65c7ca5a"
LICC,11149_63,0,2026-05-20,63,DIO,"{""data"": ""2026-05-20"", ""paginas"": 100, ""pagina"": 63, ""pdf_id"": 1111665, ""year"": ""2026"", ""month"": ""05"", ""day"": ""20"", ""diario_id"": 11149, ""tipo_edicao"": 1}","Resumo do Termo de Colaboração 028/2026 Processo nº.: 2026-M8L4T Registro SIGEFES: 260227 Administração Pública: Estado do Espírito Santo por intermédio da Secretaria de Estado de Trabalho, Assistência e Desenvolvimento Social. Organização da Sociedade Civil: Associação Pestalozzi de Marechal Floriano. Objeto: Cooperação Técnica e Financeira para manutenção do Serviço de Proteção Social Especial para Pessoas com Deficiência, Idosas e suas Famílias, ofertado pela Associação Pestalozzi de Marechal Floriano, por meio de despesa de custeio e investimento. Valor: R$ 74.993,32 (setenta e quatro mil novecentos e noventa e três reais e trinta e dois centavos), de repasse da Administração Pública Estadual. Vigência: a partir do primeiro dia subsequente ao da publicação até 30/04/2027. Dotação Orçamentária: 08.244.0026.2240 Elementos de Despesas: 4.4.50.42 e 3.3.50.43 Fonte: 761 Gestor Titular: Lutz Franthesco da Silva Rocha - N. F. 3287831. Vitória, 19 de maio de 2026. Fernanda Mota Gonçallo Secretária de Estado de Trabalho, Assistência e Desenvolvimento Social Protocolo 1790810 Secretaria de Estado da Cultura - SECULT AVISO DE DEPÓSITO DE PATROCÍNIO - LEI DE INCENTIVO À CULTURA CAPIXABA - LICC A SECULT torna público para amplo conhecimento o DEPÓSITO DE RECURSOS FINANCEIROS PELO CONTRIBUINTE PATROCINADOR abaixo indicado: 1) Patrocinador: Borana Indústria e Comércio LTDA CNPJ: 30.563.332/0003-07 IE: 083.842.67-5 Valor do crédito presumido: R$ 15.000,00 Beneficiário: Associação do Menino Jesus - AME Projeto contemplado: Orquestra de violões e canto infanto-juvenil 2) Patrocinador: Borana Indústria e Comércio LTDA CNPJ: 30.563.332/0002-26 IE: 082.989.45-1 Valor do crédito presumido: R$ 15.000,00 Beneficiário: Associação do Menino Jesus - AME Projeto contemplado: Orquestra de violões e canto infanto-juvenil 3) Patrocinador: Borana Indústria CNPJ: 30.563.332/0001-45 IE: 081.438.73-7 Valor do crédito presumido: R$ 15.000,00 Beneficiário: Associação do Menino Jesus - AME Projeto contemplado: Orquestra de violões e canto infanto-juvenil 4) Patrocinador: Realmar Distribuidora LTDA CNPJ: 03.845.717/0001-22 IE: 082.324.17-4 Valor do crédito presumido: R$ 250.000,00 Beneficiário: GZZ ART ENTRETENIMENTO LTDA Projeto contemplado: Festival BigStep 5) Patrocinador: Realcafé Solúvel do Brasil S.A CNPJ: 28.154.847/0003-01 IE: 080.233.88-0 Valor do crédito presumido: R$ 200.000,00 Beneficiário: Satírica Filmes Produções LTDA Projeto contemplado: Fecsta 9 - Festival de Cinema de Santa Teresa - ES Vitória, 19 de maio de 2026 Maria Thereza Bosi de Magalhães Subsecretaria de Fomento e Incentivo Cultural - SECULT Protocolo 1790593 Secretaria de Estado da Agricultura, Abastecimento, Aquicultura e Pesca - SEAG RESUMO DO CONTRATO DE DOAÇÃO COM ENCARGOS SEAG Nº 0233/2026 - PROCESSO SEAG Nº 2025-7X78W. Secretaria da Agricultura, DOADOR: Abastecimento, Agricultura e Pesca - SEAG, CNPJ/ MF: 27.080.555/0001-47. DONATÁRIO: Município de Ibatiba, CNPJ/MF: 27.744.150/0001-66. OBJETOS: 01 (uma) Retroescavadeira. Valor: R$ 319.999,00. Vitória, 19 de maio de 2026 Enio Bergoli da Costa Secretário de Estado da Agricultura, Abastecimento, Aquicultura e Pesca. Assinado digitalmente pelo DIO - DEPARTAMENTO DE IMPRENSA OFICIAL DO ESTADO DO ESPÍRITO SANTO Data: Terça-feira, 19 de Maio de 2026 às 22:26:54 Código de Autenticação: bc38af14 Protocolo 1790041"
LICC,11145_49,0,2026-05-19,49,DIO,"{""data"": ""2026-05-19"", ""paginas"": 93, ""pagina"": 49, ""pdf_id"": 1111236, ""year"": ""2026"", ""month"": ""05"", ""day"": ""19"", ""diario_id"": 11145, ""tipo_edicao"": 1}","Protocolo 1789240 Secretaria de Estado de Trabalho, Assistência e Desenvolvimento Social - SETADES Resumo do Termo de Colaboração 027/2026 Processo nº.: 2026-P6B7N Registro SIGEFES: 260237 Administração Pública: Estado do Espírito Santo por intermédio da Secretaria de Estado de Trabalho, Assistência e Desenvolvimento Social. Organização da Sociedade Civil: Associação Pestalozzi de Itapemirim. Objeto: Cooperação Técnica e financeira para a continuidade do serviço de proteção social especial para pessoas com deficiência, e suas famílias, ofertado pela Associação Pestalozzi de Itapemirim, por meio de despesa de investimento e custeio Valor: R$ 74.952,00 (setenta e quatro mil e novecentos e cinquenta e dois reais) de repasse da Administração Pública Estadual. Vigência: a partir do primeiro dia subsequente ao da publicação até 30/04/2027. Dotação Orçamentária: 08.244.0026.2240 Elemento de Despesa:4.4.50.42 3.3.50.43 Fonte: 761 Gestor Titular: Lutz Franthesco da Silva Rocha - N. F. 3287831. Vitória, 18 de abril de 2026. Fernanda Mota Gonçallo Secretária de Estado de Trabalho, Assistência e Desenvolvimento Social Protocolo 1789762 AVISO DE RESULTADO LEI DE INCENTIVO À CULTURA CAPIXABA - LICC A SECULT torna público para amplo conhecimento a HABILITAÇÃO do projeto abaixo indicado: 1) Título do Projeto: Projeto Negraô - 35 Anos Processo n°: 2025-GXTFK Proponente: Samora Producoes Artisticas E Eventos Cnpj: 06.308.546/0001-90 Valor ano 1: R$300.000,00 Valor ano 2: R$300.000,00 Valor ano 3: R$300.000,00 Valor Total: R$900.000,00 2) Título do Projeto: Memórias Do Lar Processo n°: 2025-C1XPG Proponente: Porto E Stein Produções LTDA ME Cnpj: 11.144.407/0001-09 Valor: R$500.000,00 A autorização de captação é válida por 01 (um) ano, a contar da data desta publicação. O extrato da ATA estará disponível no site da SECULT: www.secult.es.gov.br Vitória, 14 de Maio de 2026 Maria Thereza Bosi de Magalhães Subsecretaria de Estado - SECULT/SUBFIC Protocolo 1789338 Secretaria de Estado da Cultura - SECULT Resumo do Termo de Fomento Nº 009/2026 Registro SIGEFES Nº 260219 Processo Nº 2026-TQHQ1 Dispensado de Chamamento Público com base no Artigo 29 da Lei 13.019/2014. Concedente: Secretaria de Estado da Cultura AVISO DE DEPÓSITO DE PATROCÍNIO - LEI DE INCENTIVO À CULTURA CAPIXABA - LICC A SECULT torna público para amplo conhecimento o DEPÓSITO DE RECURSOS FINANCEIROS PELO CONTRIBUINTE PATROCINADOR abaixo indicado: 1) Patrocinador: EDP Distribuição de Energia S.A CNPJ: 28.152.650/0001-71 IE: 080.250.16-5 Assinado digitalmente pelo DIO - DEPARTAMENTO DE IMPRENSA OFICIAL DO ESTADO DO ESPÍRITO SANTO Data: Segunda-feira, 18 de Maio de 2026 às 22:54:32 Código de Autenticação: d8a3a321 Espírito Santo"
LICC,11134_77,0,2026-05-15,77,DIO,"{""data"": ""2026-05-15"", ""paginas"": 127, ""pagina"": 77, ""pdf_id"": 1110407, ""year"": ""2026"", ""month"": ""05"", ""day"": ""15"", ""diario_id"": 11134, ""tipo_edicao"": 1}","DIÁRIO OFICIAL DOS PODERES DO ESTADO E X E C U T I V O 70 Vitória (ES), sexta-feira, 15 de Maio de 2026. as organizações da sociedade civil, por se tratar de entidade da sociedade civil responsável pela organização do projeto Cariacica Geek Game, desde a sua primeira edição, o que o torna o Instituto Nacional de Desenvolvimento e Econômico e Social, o único parceiro apto dada a exclusividade no evento. Valor Total: R$ 510.000,00 (quinhentos e dez mil reais). Vitória, 13 de maio de 2026. Fabricio Noronha Fernandes Secretário de Estado da Cultura Protocolo 1787030 de recurso administrativo na forma do art. 44º da Instrução Normativa Secult nº 01/25. AVISO DE RESULTADO LEI DE INCENTIVO À CULTURA CAPIXABA - LICC Na Publicação da PORTARIA Nº 81-S, DE 07 DE MAIO DE 2024, publicada no DIO-ES em sua edição de 13/05/2026: A SECULT torna público para amplo conhecimento a HABILITAÇÃO do projeto abaixo indicado: 1) Título do Projeto: Filarmônica De Mulheres Do Espírito Santo: Música E Representatividade - II Temporada Processo n°: 2025-X1KG0 Proponente: Instituto Todos os Cantos Cnpj: 11.510.597/0001-30 Valor: R$492,800,00 2) Título do Projeto: Literomusical Ambiental Alman’arte: Artes Em Biocomposição Edição 2025 Processo n°: 2025-RK2BJ Proponente: Grupo Moxuara Produções Artísticas Ltda. Cnpj: 02.222.059./0001-50 Valor: R$198.751,00 3) Título do Projeto: A Capoeira Capixaba: Apoio, Preservação e Promoção do Patrimônio Cultural Imaterial Processo n°: 2025-58RFR Proponente: Associação Cultural Artística Popular Orientada Ao Esporte E De Incentivo Às Raízes Afro-Brasileiras. Cnpj: 31.698.608/0001-65 Valor: R$300.000,00 4) Título do Projeto: Festival Jam (Jazz Arte E Movimento) 2ª Edição Processo n°: 2026-BXDB7 Proponente: Lupino Produções Ltda Cnpj: 25.103.064/0001-49 Valor: R$499.945,20 A autorização de captação é válida por 01 (um) ano, a contar da data desta publicação. A SECULT torna público para amplo conhecimento a INABILITAÇÃO do projeto abaixo indicado: 1) Título do Projeto: Festa De São Pedro Processo n°: 2025-45Z60 Proponente: Vert Shows E Estruturas Ltda Cnpj: 40.969.237/0001-08 2) Título do Projeto: Festa De Emancipação Política De João Neiva/Es 38 Anos Processo n°: 2025-0N164 Proponente: Vert Shows E Estruturas Ltda Cnpj: 40.969.237/0001-08 Fica aberto o prazo de 10(dez) dias para apresentação O extrato da ATA estará disponível no site da SECULT: www.secult.es.gov.br Vitória, 07 de Maio de 2026 Maria Thereza Bosi de Magalhães Subsecretaria de Estado - SECULT/SUBFIC Protocolo 1787448 ERRATA ONDE SE LÊ: PORTARIA Nº 81-S, DE 07 DE MAIO DE 2024 LEIA-SE: PORTARIA Nº 81-S, DE 07 DE MAIO DE 2026 Vitória, 14 de Maio de 2026. FABRÍCIO NORONHA FERNANDES Secretário de Estado da Cultura Protocolo 1787331 Secretaria de Estado da Agricultura, Abastecimento, Aquicultura e Pesca - SEAG RESUMO DA DECISÃO ADMINISTRATIVA SUBADM/SEAG Nº 046/2026 Processo nº 2025-W7V8B A Secretaria de Estado da Agricultura, Abastecimento, Aquicultura e Pesca - SEAG, torna público a DECISÃO ADMINISTRATIVA SUBADM/ SEAG Nº 046/2026, referente ao RECURSO ADMINISTRATIVO, onde decidiu-se pela aplicação da penalidade de: I - IMPEDIMENTO de licitar e contratar com a Administração Pública Direta e Indireta do Estado do Espírito Santo pelo prazo de 90 (noventa) dias, nos termos do art. 155, c/c art. 156, §4º, à COMPRASNET COMERCIAL LTDA - CNPJ Nº 57.778.437/0001-78. conforme Lei nº 14.133/2021. CARLOS LUIZ TESCH XAVIER Subsecretário de Estado para Assuntos Administrativos - SEAG Protocolo 1787402 POR"
LICC,11134_76,0,2026-05-15,76,DIO,"{""data"": ""2026-05-15"", ""paginas"": 127, ""pagina"": 76, ""pdf_id"": 1110406, ""year"": ""2026"", ""month"": ""05"", ""day"": ""15"", ""diario_id"": 11134, ""tipo_edicao"": 1}","ede da Secretaria de Estado da Cultura e suas atividades serão realizadas preferencialmente de forma eletrônica, sem prejuízo da possibilidade de atos presenciais na sede da SECULT. Art. 5º O CNP-SECULT terá a seguinte composição: I - 2 (dois) membros titulares, servidores da SECULT, sendo 1 (um) o coordenador; II - 2 (dois) suplentes; a) Servidores das Autarquias vinculadas à CNP-SECULT poderão ser solicitados conforme o caso concreto levando em consideração a territorialidade para colaboração processual; b) Às partes é facultado se fazerem acompanhadas de seus defensores legalmente constituídos em reunião ou sessão agendada previamente por este CNPSECULT. Art. 6º Os servidores integrantes do CNP-SECULT deverão estar disponíveis para eventual atendimento ao público no horário de 12:00 a 18:00 horas, de forma online ou presencial na sede da SECULT. Art. 7º O CNP-SECULT somente poderá negociar preventivamente o pedido o relativo ao Fundo de Cultura do Estado do Espírito Santo - FUNCULTURA, ao Regime Jurídico Próprio de Fomento à Cultura, aos Convênios, às Parcerias com as Organizações da Sociedade Civil, aos Projetos Culturais incentivados pela Lei de Incentivo à Cultura Capixaba - LICC e aqueles decorrentes de contratos administrativos em que a SECULT seja contratante. Art. 8º O procedimento de autocomposição pode ser instaurado a pedido do interessado, pessoa física ou jurídica, ou de ofício pelo coordenador do CNPSECULT, mediante autorização do Secretário de Estado da Cultura. § 1º O prazo para autuação do procedimento autocompositivo pelo CNPSECULT é de até 2 (dois) dias úteis, contados do protocolo do pedido feito pelo particular. § 2º Depois de recebido e autuado o pedido de autocomposição, o CNPSECULT terá o prazo de até 10 (dez) dias úteis para apresentar uma resposta ao pedido da parte interessada ou agendar uma reunião/sessão com objetivo de construir com a parte solicitante possíveis alternativas para a solução da controvérsia. § 3º A contagem do prazo constante no §2º terá início no dia seguinte à autuação do processo de autocomposição. § 4º Será facultado às partes manifestação escrita no prazo de até 10 (dez) dias úteis contados a partir da ciência da resposta apresentada pelo CNP-SECULT quanto ao pedido de autocomposição. § 5º Caso se entenda necessário realizar uma reunião/sessão de autocomposição com as partes solicitantes, serão estas notificadas para participarem do ato, preferencialmente no formato virtual, com antecedência mínima de 10 (dez) dias úteis de sua realização. Art. 9º As reuniões e/ou sessões realizadas pelo CNP-SECULT deverão ser documentadas por meio da lavratura de ata contendo o resumo das tratativas entre as partes envolvidas na controvérsia. § 1º Finalizadas as tratativas e havendo consenso, deverá ser elaborada termo de acordo, contendo as obrigações que as partes envolvidas pretendem firmar para prevenção ou resolução do conflito e as sanções para o caso de descumprimento, com posterior envio dos autos à CPRACES (PGE-ES) para encaminhamento à Setorial competente para atestar a juridicidade da composição almejada. § 2º Constatados vícios sanáveis no termo de acordo, o Procurador do Estado fará a devolução do documento para as adequações indicadas. § 3º Sempre que o acordo estipular obrigações a serem assumidas pela SECULT e, caso a PGE-ES se manifeste pela juridicidade do acordo pretendido pelas partes, o termo de acordo definitivo deverá ser assinado pelo Secretário da SECULT e pelo representante da outra parte envolvida na controvérsia. Art. 10. O Secretário de Estado da Cultura designará em Portaria própria, no prazo de 30 (trinta) dias, os servidores que irão compor o SECULT, de acordo com a previsão do art. 10 do Decreto Estadual nº 5566-R, de 2023. Art.11. Esta Portaria entra em vigor na data de sua publicação. FABRICIO NORONHA FERNANDES Secretário de Estado da Cultura - SECULT IURI CARLYLE DO AMARAL ALMEIDA MADRUGA Procurador-Geral do Estado Protocolo 1787268 RATIFICAÇÃO EXTRATO DE INEX"
LICC,11131_57,0,2026-05-14,57,DIO,"{""data"": ""2026-05-14"", ""paginas"": 101, ""pagina"": 57, ""pdf_id"": 1108957, ""year"": ""2026"", ""month"": ""05"", ""day"": ""14"", ""diario_id"": 11131, ""tipo_edicao"": 1}","152.650/0001-71 IE: 080.250.16-5 Valor do crédito presumido: R$500.000,00 Beneficiário: Rota Service LTDA EPP Projeto contemplado: Festival Internacional de Jazz e Bossa de Santa Teresa - 13ª Edição Vitória, 12 de maio de 2026 Maria Thereza Bosi de Magalhães Subsecretaria de Fomento e Incentivo Cultural - SECULT Protocolo 1785954 Secretaria de Estado da Cultura - SECULT - Secretaria de Estado da Agricultura, Abastecimento, Aquicultura e Pesca - SEAG - Resumo do 1º Termo Aditivo ao Termo de Fomento nº 033/2025 Registro SIGEFES Nº 250854 Processo Nº 2025-7L2Z1 Concedente: Secretaria de Estado da Cultura - SECULT. OSC: Instituto Três Pontões de Ação Social e Cultural - Instituto Cultural das Montanhas. Cláusula Primeira - O presente termo tem por objetivo prorrogar a vigência estabelecida na Cláusula Sexta - Item 6.1 do Termo de Fomento, a partir de 01.06.2026 até 30.09.2026. Cláusula Segunda - Ficam mantidas todas as demais cláusulas do Termo de Fomento originário. Vitória, 13 de maio de 2026. Carolina Ruas Palomares Subsecretária de Políticas Culturais Protocolo 1786287 PORTARIA Nº 023 -R, DE 13 DE MAIO DE 2026 AVISO DE DEPÓSITO DE PATROCÍNIO - LEI DE INCENTIVO À CULTURA CAPIXABA - LICC A SECULT torna público para amplo conhecimento O SUBSECRETÁRIO DE ESTADO PARA ASSUNTOS ADMINISTRATIVOS, no uso da atribuição que lhe confere o art. 98, inciso II da Constituição Estadual, e tendo em vista o disposto no § 1º do art. 25 da Lei nº 12.485, de 18 de julho de 2025 e na Lei nº 12.718, de 23 de dezembro de 2025; RESOLVE: Art. 1º - TORNAR INSUBSISTENTE, a PORTARIA Nº 022 -R, DE 12 DE MAIO DE 2026, publicada no Diário Oficial do Estado de 13 de maio de 2026. Art. 2º - Esta Portaria entra em vigor na data de sua publicação. CARLOS LUIZ TESCH XAVIER Subsecretário de Estado para Assuntos Administrativos Protocolo 1786191 Assinado digitalmente pelo DIO - DEPARTAMENTO DE IMPRENSA OFICIAL DO ESTADO DO ESPÍRITO SANTO Data: Quarta-feira, 13 de Maio de 2026 às 23:00:30 Código de Autenticação: 7eab6805"
LICC,11130_66,0,2026-05-13,66,DIO,"{""data"": ""2026-05-13"", ""paginas"": 113, ""pagina"": 66, ""pdf_id"": 1108840, ""year"": ""2026"", ""month"": ""05"", ""day"": ""13"", ""diario_id"": 11130, ""tipo_edicao"": 1}","EXECUTIVO 59 Vitória (ES), quarta-feira, 13 de Maio de 2026. AVISO DE DEPÓSITO DE PATROCÍNIO - LEI DE INCENTIVO À CULTURA CAPIXABA - LICC A SECULT torna público para amplo conhecimento o DEPÓSITO DE RECURSOS FINANCEIROS PELO CONTRIBUINTE PATROCINADOR abaixo indicado: 1) Patrocinador: Realcafé Solúvel do Brasil S.A CNPJ: 28.154.847/0003-01 IE: 080.233.88-0 Valor do crédito presumido: R$300.000,00 Beneficiário: Instituto Três Pontões de Ação Social e Cultural - Instituto Cultural das Montanhas Projeto contemplado: Orquestra Jônice Tristão 2) Patrocinador: Café Meridiano Ind. E Com. Ltda CNPJ: 01.434.609/0001-31 IE: 081.834.27-6 Valor do crédito presumido: R$ 78.924,00 Beneficiário: Renato Sabaini XXXXXXXXXXX Projeto contemplado: A Música E A Arte De Renato Sabaini Vitória, 11 de Maio de 2026 Maria Thereza Bosi de Magalhães Subsecretaria de Fomento e Incentivo Cultural - SECULT Protocolo 1785094 Secretaria de Estado da Agricultura, Abastecimento, Aquicultura e Pesca - SEAG NOTIFICAÇÃO SEAG Processo nº 2025-234CW Edital de Pregão Eletrônico SEAG nº 90006/2025. Notificante: A Secretaria de Estado da Agricultura, Abastecimento, Aquicultura e Pesca - SEAG, inscrita no CNPJ nº 27.080.555/0001-47. Notificada: BEM LIGADOS LTDA, CNPJ nº 30.169.008/0001-47. Fica a empresa NOTIFICADA acerca da intenção desta Secretaria na aplicação da seguinte penalidade: I - Impedimento de licitar e contratar com a Administração Pública ESTADUAL, por 90 (noventa) dias, nos termos do subitem 10.1.1 e 10.1.2.1 do Edital; Ante ao exposto, caso queira, apresente DEFESA PRÉVIA no prazo de 15 (quinze) dias úteis a contar da publicação desta notificação. LINDSAY ITABORAÍ ROCHA Presidente da Comissão de Apuração e Responsabilização de Infrações Administrativas - SEAG Protocolo 1785126 DIÁRIO OFICIAL DOS PODERES DO ESTADO PORTARIA nº 035-S, de 11 de maio de 2026. Designa servidor para exercer a função de Equipe de Apoio ao Agente de Contratação. O SECRETÁRIO DE ESTADO DE AGRICULTURA, ABASTECIMENTO, AQUICULTURA E PESCA, no uso da atribuição que lhe confere o Art. 98, inciso VI, da Constituição Estadual, tendo em vista a necessidade de designar Agentes de Contratação e Equipe de Apoio, para condução dos processos de contratação do órgão, conforme disposto na Lei Federal nº 14.133/21, na Lei Complementar Estadual nº 1.078/2024, no Decreto Estadual nº 5.352-R/2023, no Decreto Estadual nº 5.713-R/2024, Decreto Estadual nº 5.731-R/2024, Decreto Estadual nº 5.747-R/2024, bem como as disposições constantes no processo nº 2024- 2ZDCR, RESOLVE: Art. 1º CESSAR os efeitos da designação da servidora descrita abaixo para exercer a função de Equipe de Apoio ao Agente de Contratação, designado por meio da Portaria nº 031-S, de 05 de maio de 2026: ▪ MARIA EDUARDA CAMARGO Art. 2º DESIGNAR o servidor público descrito abaixo para exercer a função de Equipe de Apoio ao Agente de Contratação: ▪ WAGNER FREIRE ROCHA Art. 3º As atribuições da Equ"
LICC,11122_43,0,2026-05-11,43,DIO,"{""data"": ""2026-05-11"", ""paginas"": 84, ""pagina"": 43, ""pdf_id"": 1107868, ""year"": ""2026"", ""month"": ""05"", ""day"": ""11"", ""diario_id"": 11122, ""tipo_edicao"": 1}","DIÁRIO OFICIAL DOS PODERES DO ESTADO E X E C U T I V O 36 Vitória (ES), segunda-feira, 11 de Maio de 2026. LOCOMOÇÃO PARA CIRCULAÇÃO E INTERCÂMBIO DE PROFISSIONAIS DO SETOR CULTURAL DO ESPIRÍTO SANTO, processo nº 2026-RGCZL: • Jackelanne Alves da Costa Barros, NF 3777936-2 (Presidente da comissão); • Artur Araújo de Souza, NF 5083265-1 (Membro da comissão); • Veronica Aparecida Ribeiro Haacke, NF 4294734-1 (Membro da comissão); • Juliana Ferreira de Paula, NF 4012453-1 (1ª Suplente); • Thomás Pinheiro Ceschin, NF 4935969-1 (2º Suplente). • Jéfica Roberta Teixeira Barros, NF 3530744-3 (3ª Suplente). Artº 2º: Esta Portaria entra em vigor na data da sua publicação. Artº 3º: Revogam-se as disposições contrárias. Vitória, 08 de maio de 2026. Maria Thereza Bosi de Magalhães Subsecretária de Estado de Incentivo e Fomento à Cultura Protocolo 1783571 AVISO DE DEPÓSITO DE PATROCÍNIO - LEI DE INCENTIVO À CULTURA CAPIXABA - LICC A SECULT torna público para amplo conhecimento o DEPÓSITO DE RECURSOS FINANCEIROS PELO CONTRIBUINTE PATROCINADOR abaixo indicado: 1) Patrocinador: EDP Distribuição de Energia S.A CNPJ: 28.152.650/0001-71 Espírito Santo IE: 080.250.16-5 Valor do crédito presumido: R$459.163,19 Beneficiário: Andaluz Produções Ltda Projeto contemplado: Caminho Jesuíta Vitória, 08 de Maio de 2026 Maria Thereza Bosi de Magalhães Subsecretaria de Fomento e Incentivo Cultural - SECULT Protocolo 1783712 Secretaria de Estado da Agricultura, Abastecimento, Aquicultura e Pesca - SEAG PORTARIA Nº 021-R, DE 08 DE MAIO DE 2026 Aprova a 12ª alteração de Quadro de Detalhamento de Despesa da Secretaria de Estado da Agricultura, Abastecimento, Aquicultura e Pesca. O SUBSECRETÁRIO DE ESTADO PARA ASSUNTOS ADMINISTRATIVOS, no uso da atribuição que lhe confere o art. 98, inciso II da Constituição Estadual, e tendo em vista o disposto no § 1º do art. 25 da Lei nº 12.485, de 18 de julho de 2025 e na Lei nº 12.718, de 23 de dezembro de 2025; RESOLVE: Art. 1º - Proceder na forma dos Anexos I e II a esta Portaria a 12ª alteração do Quadro de Detalhamento de Despesa, publicado em conformidade com a Portaria SEP nº 001-R, de 07 de janeiro de 2026. Art. 2º - Esta Portaria entra em vigor na data de sua publicação. WAGNER FREIRE ROCHA Subsecretário de Estado para Assuntos Administrativos Protocolo 1783536 Assinado digitalmente pelo DIO - DEPARTAMENTO DE IMPRENSA OFICIAL DO ESTADO DO ESPÍRITO SANTO Data: Domingo, 10 de Maio de 2026 às 18:42:36 Código de Autenticação: 7b4c32da"
LICC,11112_80,0,2026-05-07,80,DIO,"{""data"": ""2026-05-07"", ""paginas"": 122, ""pagina"": 80, ""pdf_id"": 1105893, ""year"": ""2026"", ""month"": ""05"", ""day"": ""07"", ""diario_id"": 11112, ""tipo_edicao"": 1}",".146, de 12 de março de 2026. RESOLVE: DESIGNAR, a servidora VALDIRENE LEMOS DA COSTA para responder pelo cargo de Chefe do Grupo Setorial Financeiro - GFS, desta Secretaria de Estado da Cultura, no período de 08/06/2026 a 07/07/2026, por ocasião das Férias do Titular. Vitória, 06 de maio de 2026 Fabricio Noronha Fernandes Secretário de Estado da Cultura Protocolo 1781395 Resumo do 1º Termo Aditivo ao Termo de Compromisso Cultural nº 01/2025 Registro SIGEFES Nº 250134 Processo Nº 2025-TF1V7 Concedente: Secretaria de Estado da Cultura - SECULT. Pontão de Cultura: Associação de Salvaguarda do Patrimônio Imaterial Cachoeirense. Cláusula Primeira - O presente termo tem por objetivo prorrogar a vigência estabelecida na Cláusula Décima - Item 10.1 do Termo de Compromisso Cultural, a partir de 19.05.2026 até 31.07.2026 e adequar o cronograma e de valores sem a alteração de metas e valor global do Termo de Compromisso Cultural nº 01/2025. Cláusula Segunda - Ficam mantidas todas as demais cláusulas do Termo de Fomento originário. Vitória, 06 de maio de 2026. Fabricio Noronha Fernandes Secretário de Estado da Cultura Protocolo 1781484 AVISO DE RESULTADO LEI DE INCENTIVO À CULTURA CAPIXABA - LICC A SECULT torna público para amplo conhecimento a HABILITAÇÃO do projeto abaixo indicado: 1) Título do Projeto: Entre A Senzala E O Quilombo: Malungo desde o navio negreiro Processo n°: 2025-QR8HV Proponente: Centro Desportivo de Capoeira e Cultura Afro-brasileira Nação Malungos. Cnpj: 02.170.299/0001-58 Valor: R$231.909,20 2) Título do Projeto: Festejos Tradicionais Capixabas - Registros do Folclore e da Fé Processo n°: 2025-CFX7G Proponente: 23.331.720 Anderson Marta Valfre Cnpj: 23.331.720/0001-35 Valor: R$161.282,50 Assinado digitalmente pelo DIO - DEPARTAMENTO DE IMPRENSA OFICIAL DO ESTADO DO ESPÍRITO SANTO Data: Quarta-feira, 6 de Maio de 2026 às 22:51:31 Código de Autenticação: a813d9a8"
LICC,11112_6,0,2026-05-07,6,DIO,"{""data"": ""2026-05-07"", ""paginas"": 122, ""pagina"": 6, ""pdf_id"": 1105819, ""year"": ""2026"", ""month"": ""05"", ""day"": ""07"", ""diario_id"": 11112, ""tipo_edicao"": 1}","IMPRENSA OFICIAL DO ESPÍRITO SANTO 07 de maio de 2026 Confira a programação do ‘Samba que Eu Quero Ver’, evento que ocupa o Cais das Artes \ Com entrada gratuita, o evento celebra a identidade brasileira e o papel do samba como expressão cultural A realização é da Odoyá Arte e Cultura, viabilizado com recursos da Lei de Incentivo à Cultura Capixaba (LICC), por meio da Secretaria da Cultura (Secult) e do Governo do Estado N os dias 22 e 23 de maio, o Samba que Eu Quero Ver – Festival de Samba e Brasilidades pede passagem para ocupar o complexo cultural Cais das Artes, na Enseada do Suá, reunindo shows, cinema ao ar livre, oficinas, palestra, feira criativa e atividades para crianças. O Samba que Eu Quero Ver conta com o patrocínio master do Extrabom, patrocínio da Vale, produção do Instituto Odara, LC Market, Lúdica Audiovisual e Maché, e apoio do Cais das Artes, TVE e Promídia. Com entrada gratuita, mediante a retirada de ingresso, o evento celebra a identidade brasileira e o papel do samba como expressão cultural e musical no Brasil e no Espírito Santo, que abriga o terceiro maior carnaval de avenida do país. No Palco Extrabom, os destaques são o show de Renato da Rocinha, na sexta-feira (22), ícone do samba carioca, que se apresenta em um encontro especial com o grupo Mesa Branca, liderado por Kleber Simpatia, um dos grandes intérpretes do samba capixaba; e o grupo Galocantô, no sábado (23), referência na renovação do samba de raiz na Lapa (RJ) e no cenário nacional. O público também poderá curtir a apresentação da escola de samba Chegou o que Faltava. Outro destaque é o coletivo Disco Voador, dedicado às brasilidades em vinil, que conduz o público por uma viagem sonora tipicamente brasileira e tem lotado as ruas do Centro de Vitória, fortalecendo a cultura capixaba. Saiba mais PREVISÃO DO TEMPO / Nesta quinta-feira, a umidade transportada pelos ventos costeiros provoca chuva na madrugada e pela manhã no Litoral Norte e no litoral da Grande Vitória, com tempo aberto nos demais períodos. Nas demais áreas do Espírito Santo, o ar seco associado a um sistema de alta pressão mantém o tempo aberto, sem previsão de chuva. PROGRAMAÇÃO TVE/ES - TV ABERTA - CANAL 2 / NET - CANAL 15 / RCA - CANAL 5 06:00 - ENERGIA 06:30 - NEGROS EM FOCO 07:00 - PEPPA PIG 07:15 - LÉO, O CAMINHÃO 07:20 - PLANETA PALAVRA 07:30 - OI, DUGGEE II 07:40 - PARQUINHO JURÁSSICO 07:45 - PALALOOS 08H00 – QUINTAL DA CULTURA 12H00 – TVE REVISTA 12H45 – REPÓRTER BRASIL TARDE 13H30 – JORNAL DA TARDE 14:15 - MASHA E O URSO 14:30 - VIOLA E TAMBOR 14:45 - SOL EM DÓ RÉ MI 15:00 - PASSADO DA HORA: HISTÓRIA UNIVERSAL 15:15 - BLUEY III 15:30 - PEQUENOS MESTRES 15:45 - O SHOW DA LUNA 16H00 – SEM CENSURA 18H00 – TVE NOTICIA 18H30 – STADIUM 19H00 – COPA ES 2026 – 2º RODADA – VITÓRIA X A. SÃO MATEUS - AO VIVO 21:00 - JORNAL DA CULTURA 22H00 – TV É CINEMA Assinado digitalmente pelo DIO - DEPARTAMENTO DE IMPRENSA OFICIAL DO ESTADO DO ESPÍRITO SANTO Data: Quarta-feira, 6 de Maio de 2026 às 22:50:53 Código de Autenticação: a813d9a8 23H00 – SOLTA O SOM 23:30 - BRASIL JAZZ SINFÔNICA - ESPECIAL JAZZ TOCA MAIS SAMBAS 00:30 - METRÓPOLIS 01:00 - CULTURA LIVRE –"
LICC,11092_54,0,2026-04-30,54,DIO,"{""data"": ""2026-04-30"", ""paginas"": 129, ""pagina"": 54, ""pdf_id"": 1104085, ""year"": ""2026"", ""month"": ""04"", ""day"": ""30"", ""diario_id"": 11092, ""tipo_edicao"": 1}","Aditivo ao Termo de Compromisso Cultural nº 03/2025 Registro SIGEFES Nº 250153 Processo Nº 2025-7BSP0 Concedente: Secretaria de Estado da Cultura - SECULT. Pontão de Cultura: Associação Sinestesia Criatividade Coletiva. Cláusula Primeira - O presente termo tem por objetivo prorrogar a vigência estabelecida na Cláusula Décima - Item 10.1 do Termo de Compromisso Cultural, a partir de 27.05.2026 até 31.07.2026. Cláusula Segunda - Ficam mantidas todas as demais cláusulas do Termo de Fomento originário. Vitória, 29 de abril de 2026. Fabricio Noronha Fernandes Secretário de Estado da Cultura Protocolo 1777246 ATO DE CONFIRMAÇÃO DE DOCUMENTAÇÃO Edital 01/2026 - Locomoção para Circulação e Intercambio - março A Secretaria de Estado da Cultura torna público o Ato de Confirmação de documentação do Edital em epígrafe, conforme processo nº 2026-RGCZL, referente às inscrições no mês de março. A íntegra do documento estará disponível no site da Secult. Vitória, 29 de abril de 2026. Maria Thereza Bosi de Magalhães Subsecretária de Estado de Fomento e Incentivo à Cultura Protocolo 1776866 DIÁRIO OFICIAL DOS PODERES DO ESTADO AVISO DE DEPÓSITO DE PATROCÍNIO - LEI DE INCENTIVO À CULTURA CAPIXABA - LICC A SECULT torna público para amplo conhecimento o DEPÓSITO DE RECURSOS FINANCEIROS PELO CONTRIBUINTE PATROCINADOR abaixo indicado: 1) Patrocinador: Companhia de Gás do Espírito Santo - ES Gás CNPJ: 34.307.295/0001-65 IE: 32.300.044.743 Valor do crédito presumido: R$ 300.000,00 Beneficiário: Associação Cultural Circense e Ambiental Uma Floresta Projeto contemplado: Jardins do Afeto e da Memória 2) Patrocinador: Kurumá Veículos S/A CNPJ: 00.827.783/0004-24 IE: 081.918.85-2 Valor do crédito presumido: R$ 196.800,00 Beneficiário: Associação Sociedade Cultura e Arte SOCA Projeto contemplado: Escola de Fotógrafos Cegos, A Exposição: 4 Cidades - 2ª Edição 3) Patrocinador: Borana Indústria e Comércio LTDA CNPJ: 30.563.332/0003-07 IE: 083.842.67-5 Valor do crédito presumido: R$ 15.000,00 Beneficiário: Associação do Menino Jesus - AME Projeto contemplado: Orquestra de violões e canto infanto-juvenil 4) Patrocinador: Borana Indústria e Comércio LTDA CNPJ: 30.563.332/0002-26 IE: 082.989.45-1 Valor do crédito presumido: R$ 15.000,00 Beneficiário: Associação do Menino Jesus - AME Projeto contemplado: Orquestra de violões e canto infanto-juvenil 5) Patrocinador: EDP Espírito Santo Distribuição de Energia S.A CNPJ: 28.152.650/0001-71 IE: 080.250.16-5 Valor do crédito presumido: R$ 499.195,00 Beneficiário: Karoline Delfino Felicio Projeto contemplado: Cinematoka - Mostra de Cinema Indígena e Vivência Etnico-Cultural 6) Patrocinador: EDP Espírito Santo Distribuição de Energia S.A CNPJ: 28.152.650/0001-71 IE: 080.250.16-5 Valor do crédito presumido: R$ 355.635,40 Beneficiário: Andaluz Produções LTDA Projeto contemplado: Ato Final em Debate Vitória, 29 de abril de 2026 Maria Thereza Bosi de Magalhães Subsecretaria de Fomento e Incentivo Cultural - SECULT Protocolo 1777176 Assinado digitalmente pelo DIO - DEPARTAMENTO DE IMPRENSA OFICIAL DO ESTADO DO ESPÍRITO SANTO Data: Quinta-feira, 30 de Abril de 2026 às 0:08:06 Código de Autenticação: 7dfc4923"
LICC,11080_43,0,2026-04-27,43,DIO,"{""data"": ""2026-04-27"", ""paginas"": 86, ""pagina"": 43, ""pdf_id"": 1102686, ""year"": ""2026"", ""month"": ""04"", ""day"": ""27"", ""diario_id"": 11080, ""tipo_edicao"": 1}","0.799,95 (vinte mil setecentos e noventa e nove reais e noventa e cinco centavos), devido utilização dos rendimentos da aplicação financeira no valor de R$ 800,12 (oitocentos reais e doze centavos), para aplicação no objeto da parceria. Vitória, 24 de abril de 2026. FERNANDA MOTA GONÇALLO Secretária de Estado de Trabalho, Assistência e Desenvolvimento Protocolo 1774101 1ª CERTIDÃO DE APOSTILAMENTO AO TERMO DE FOMENTO Nº SETADES/048/2025 Processo nº: 2025-C7BJX Adm. Pública: Estado do Espírito Santo por intermédio da Secretaria de Estado de Trabalho, Assistência e Desenvolvimento Social. OSC: Cáritas Diocesana de Colatina - Território da Paz. Objeto: autoriza neste ato a ORGANIZAÇÃO DA SOCIEDADE CIVIL - OSC ajustar a execução do objeto da parceria com remanejamento dos recursos, conforme plano de trabalho constante dos autos do processo administrativo nº 2025-C7BJX, referente ao do Termo de Fomento nº SETADES/048/2025. Vitória, 24 de abril de 2026 FERNANDA MOTA GONÇALLO Secretária de Estado de Trabalho, Assistência e Desenvolvimento Social - Respondendo Protocolo 1774117 Secretaria de Estado da Cultura - SECULT AVISO DE DEPÓSITO DE PATROCÍNIO - LEI DE INCENTIVO À CULTURA CAPIXABA - LICC A SECULT torna público para amplo conhecimento o DEPÓSITO DE RECURSOS FINANCEIROS PELO CONTRIBUINTE PATROCINADOR abaixo indicado: 1) Patrocinador: Kurumá Veículos S/A CNPJ: 00.827.783/0020-44 IE: 083.011.34-0 Valor do crédito presumido: R$ 231.000,00 Beneficiário: Associação Amigos da Justiça Cidadania Educação e Arte Projeto contemplado: Projeto Nós que Transformamos: Marcenaria e Cultura Assinado digitalmente pelo DIO - DEPARTAMENTO DE IMPRENSA OFICIAL DO ESTADO DO ESPÍRITO SANTO Data: Sexta-feira, 24 de Abril de 2026 às 22:14:48 Código de Autenticação: cf06d2f8"
LICC,11069_57,0,2026-04-22,57,DIO,"{""data"": ""2026-04-22"", ""paginas"": 91, ""pagina"": 57, ""pdf_id"": 1101094, ""year"": ""2026"", ""month"": ""04"", ""day"": ""22"", ""diario_id"": 11069, ""tipo_edicao"": 1}","7, republicado em 08/08/2017; e o Resultado Final do Edital de Seleção de Profissionais para Compor as Comissões Julgadoras dos Editais Funcultura (conforme processos nº 2025-95D8M). RESOLVE: Art. 1º: DESIGNAR os membros abaixo relacionados, para compor a COMISSÃO JULGADORA prevista no Edital Funcultura PNAB nº 021/2025 - Preservação e Difusão de Acervos na Midiateca Capixaba, processo nº 2025-LRDK4: - Aluane de Sá da Silva -Ingrid Fiorante -Marcos Prado Rabelo Art. 2º: Esta Portaria entra em vigor na data da sua publicação. Art. 3º: Revogam-se as disposições contrárias. Vitória, 20 de abril de 2026 Maria Thereza Bosi de Magalhães Subsecretária de Estado de Incentivo e Fomento à Cultura Protocolo 1771530 Resumo do 3º Termo Aditivo Contrato nº 2024.0000087.40101.01 Contratante: Secretaria de Estado da Cultura Contratada: OI - SA Objeto: Prorrogação do prazo de vigencia por 12 meses a partir de 23/04/2026 Dotação orçamentária: 10.40.101.13.122.0043.2070; Elemento de Despesa: 3.3.90.39.58; Fonte: 1500.000000 Vitória, 20 de abril de 2026. Fabrício Noronha Fernandes Secretário de Estado da Cultura Protocolo 1771449 AVISO DE DEPÓSITO DE PATROCÍNIO - LEI DE INCENTIVO À CULTURA CAPIXABA - LICC A SECULT torna público para amplo conhecimento o DEPÓSITO DE RECURSOS FINANCEIROS PELO CONTRIBUINTE PATROCINADOR abaixo indicado: 1) Patrocinador: EDP Espírito Santo Distribuição de Energia S.A CNPJ: 28.152.650/0001-71 IE: 080.250.16-5 Valor do crédito presumido: R$ 500.000,00 Beneficiário: Associação dos Moradores da Comunidade de São Pedro do Itabapoana Projeto contemplado: 27º - 28º e 29º Festival de Inverno da Sanfona e da Viola de São Pedro do Itabapoana 2) Patrocinador: Kurumá Veículos S/A CNPJ: 00.827.783/0001-81 IE: 081.918.85-2 Valor do crédito presumido: R$ 500.000,00 Beneficiário: Instituto Viva Vida Projeto contemplado: R2R Música Para Todos 2 Vitória, 20 de abril de 2026 Maria Thereza Bosi de Magalhães Subsecretaria de Fomento e Incentivo Cultural - SECULT Protocolo 1771501 Assinado digitalmente pelo DIO - DEPARTAMENTO DE IMPRENSA OFICIAL DO ESTADO DO ESPÍRITO SANTO Data: Segunda-feira, 20 de Abril de 2026 às 22:13:21 Código de Autenticação: 340a85b5"
LICC,11066_39,0,2026-04-20,39,DIO,"{""data"": ""2026-04-20"", ""paginas"": 85, ""pagina"": 39, ""pdf_id"": 1099772, ""year"": ""2026"", ""month"": ""04"", ""day"": ""20"", ""diario_id"": 11066, ""tipo_edicao"": 1}","educativa, serviços operacionais essenciais e comunicação institucional. Parágrafo único. A alteração promovida por este instrumento não implica modificação do objeto principal do Acordo Executivo, permanecendo vinculada às finalidades de cooperação técnica voltadas à implantação, ativação e estruturação operacional do Complexo Cultural Cais das Artes. Valor: R$ 4.956.303,60(quatro milhões novecentos e cinquenta e seis mil trezentos e três reais e sessenta centavos). Dotação Orçamentária: Programa:10.40.101.13.3 92.0043.1605;Natureza:338041;Fonte:500 Vigência: A vigência do presente Termo Aditivo observará a vigência do Acordo Executivo de Cooperação Técnica Internacional, sem prejuízo da execução das atividades ora reprogramadas no período correspondente ao ciclo de ativação do Museu e abertura da exposição inaugural. Parágrafo único. Caso necessário à adequada execução das ações objeto deste instrumento, eventual ajuste de cronograma ou prorrogação de prazo deverá ser formalizado na forma prevista no Acordo Executivo. Vitória, 30 de março de 2026. Fabricio Noronha Fernandes Secretário de Estado da Cultura Protocolo 1770444 AVISO DE RESULTADO LEI DE INCENTIVO À CULTURA CAPIXABA - LICC A SECULT torna público para amplo conhecimento a HABILITAÇÃO do projeto abaixo indicado: 1) Título do Projeto: Espírito Santo por Cima Do noroeste capixaba até os Doce Pontões Processo n°: 2025-7K1FV Proponente: Renato Sabaini XXXXXXXXXXX Cnpj: 40.035.237/0001-22 Valor: R$161.786,67 2) Título do Projeto: 14ª Itália Unita - Aracruz: Sua História Une Gerações: “Sabores E Tradições Da Itália Dei Nostri Nonni” Processo n°: 2026-3LXT7 Proponente: Secretariado Dos Imigrantes Friulanos De Aracruz Es Cnpj: 02.439.502/0001-49 Valor: R$500.000,00 3) Título do Projeto: Bendito Samba 2025 - O Show Tem Que Continuar Processo n°: 2025-RZ6SH Proponente: Daiane Matheus Pessoa XXXXXXXXXXX Cnpj: 33.893.853/0001-59 Valor: R$117.154,89 A autorização de captação é válida por 01 (um) ano, a contar da data desta publicação. O extrato da ATA estará disponível no site da SECULT: www.secult.es.gov.br Vitória, 16 de Abril de 2026 Maria Thereza Bosi de Magalhães Subsecretaria de Estado - SECULT/SUBFIC Protocolo 1770595 Secretaria de Estado da Agricultura, Abastecimento, Aquicultura e Pesca - SEAG PORTARIA nº 016-R, DE 17 DE ABRIL DE 2026 O SUBSECRETÁRIO DE ESTADO PARA ASSUNTOS ADMINISTRATIVOS, no uso da delegação de competência que lhe foi outorgada pela Portaria SEAG nº 014-S, de 26 de março de 2023, publicada no DOE de 27 de janeiro de 2023, no uso de suas atribuições legais, e de acordo com a Lei nº 12.718, de 29 de dezembro de 2025, que aprova o Orçamento Anual do Estado para o exercício de 2026, a Portaria nº 001-R, de 07 de janeiro de 2026 que aprova os Quadros de Detalhamento das Despesas Orçamentárias - QDD e o Decreto nº 3541-R, de 12 de 2014 e nº 3636-R, de 19 de agosto de 2014 e nº 3994-R, de 08 de julho de 2016 que dispõe sobre a Descentralização da Execução de Créditos Orçamentários, RESOLVE: Art. 1º Descentralizar a execução do (s) crédito(s) orçamentário(s) prevista no Termo de Cooperação nº 001/2026 na forma a seguir especificada: I - OBJETO: Participação em Feiras e Eventos do Agronegócio Capixaba II -Termo de Cooperação para Descentralização de Crédito Orçamentário nº. 001/2026. III - VIGÊNCIA: 17/04/2026 a 30/06/2026. IV - DE/Concedente: Órgão 31 - Secretaria de Estado da Agricultura, Abastecimento, Aquicultura e Pesca UO: 31.101 - Secretaria de Estado da Agricultura, Abastecimento, Aquicultura e Pesca UG: 31.0101 - Secretaria de Estado da Agricultura, Abastecimento, Aquicultura e Pesca Assinado digitalmente pelo DIO - DEPARTAMENTO DE IMPRENSA OFICIAL DO ESTADO DO ESPÍRITO SANTO Data: Sexta-feira, 17 de Abril de 2026 às 22:40:52 Código de Autenticação: 89b7ca8d"
LICC,11059_38,0,2026-04-16,38,DIO,"{""data"": ""2026-04-16"", ""paginas"": 107, ""pagina"": 38, ""pdf_id"": 1099196, ""year"": ""2026"", ""month"": ""04"", ""day"": ""16"", ""diario_id"": 11059, ""tipo_edicao"": 1}","aboração 003/2026.” Vitória, 15 de abril de 2026. Fernanda Mota Gonçallo Secretária de Estado de Trabalho, Assistência e Desenvolvimento Social. Protocolo 1768309 Secretaria de Estado da Cultura - SECULT Resumo do Termo de Fomento Nº 005/2026 Registro SIGEFES Nº 260131 Processo Nº 2026-3PSG3 Dispensado de Chamamento Público com base no Artigo 29 da Lei 13.019/2014. Concedente: Secretaria de Estado da Cultura OSC: Associação Cultura Capixaba - CUCA Objeto: realização do projeto “Seminário Nacional Trabalho na Cultura”. Valor Total: R$ 50.000,00 (cinquenta mil reais). Dotação Orçamentária: Programa de Trabalho: 13.392.0043.2303 - Promoção da Diversidade e Difusão Cultural Elemento de Despesa: 3.3.50.43.00 - Subvenções Sociais Fonte de Recursos: 500 Prazo de Vigência: a partir do primeiro dia seguinte ao da publicação de seu extrato na imprensa oficial até 31/05/2026, podendo ser prorrogado mediante aditamento. Gestores/Fiscais da Parceria: Titular: Renato Luiz Duarte De Morais, Matrícula nº 3314812 Suplente: Thais Souto Amorim, Matrícula nº 3406687 Vitória, 15 de abril de 2026. Carolina Ruas Palomares Subsecretária de Políticas Culturais Protocolo 1768666 ERRATA AVISO DE RESULTADO - LICC No Aviso de Resultado Lei de Incentivo à Cultura - LICC, publicada no DIO-ES, em sua edição de 14/04/2026: ONDE SE LÊ: [...] 3) Título Do Projeto: Encontro das Pretas Processo n°: 2025-B7ZJZ Proponente: Instituto das Pretas Cnpj: 27.861.406/0001-15 Valor: R$500.000,00 [...] LEIA-SE: [...] 3) Título Do Projeto: Encontro das Pretas Processo n°: 2025-B7SJZ Proponente: Instituto das Pretas Cnpj: 27.861.406/0001-15 Valor ano 01: R$500.000,00 Valor ano 02: R$500.000,00 Valor ano 03: R$500.000,00 Assinado digitalmente pelo DIO - DEPARTAMENTO DE IMPRENSA OFICIAL DO ESTADO DO ESPÍRITO SANTO Data: Quarta-feira, 15 de Abril de 2026 às 23:31:54 Código de Autenticação: e7556ec7"
LICC,11053_45,0,2026-04-15,45,DIO,"{""data"": ""2026-04-15"", ""paginas"": 90, ""pagina"": 45, ""pdf_id"": 1098592, ""year"": ""2026"", ""month"": ""04"", ""day"": ""15"", ""diario_id"": 11053, ""tipo_edicao"": 1}","FABRICIO NORONHA FERNANDES SECRETÁRIO DE ESTADO DA CULTURA *Republicada por ter sido publicada com incorreção. Protocolo 1767138 RATIFICAÇÃO EXTRATO DE INEXIGIBILIDADE DE CHAMAMENTO PÚBLICO PROCESSO nº 2026-W6QS6 A Secretária de Estado da Cultura, no uso de suas atribuições legais torna público a Inexigibilidade de Chamamento Público, nos termos do Art.32, § 1º da Lei nº 13.019/2014, para firmar parceria com o Instituto Nacional de Desenvolvimento e Econômico e Social - INADES, no sentido de viabilizar apoio técnico cultural e financeiro para realização da 3ª edição do “Cariacica Geek Game”, em razão da inviabilidade de competição entre as organizações da sociedade civil, por se tratar de entidade da sociedade civil responsável pela organização do projeto Cariacica Geek Game, desde a sua primeira edição, o que o torna o Instituto Nacional de Desenvolvimento e Econômico e Social, o único parceiro apto a sua realização dada a exclusividade no evento. Valor Total: R$ 510.000,00 (quinhentos e dez mil reais). Vitória, 14 de abril de 2026. Fabricio Noronha Fernandes Secretário de Estado da Cultura Protocolo 1767243 AVISO DE DEPÓSITO DE PATROCÍNIO - LEI DE INCENTIVO À CULTURA CAPIXABA - LICC A SECULT torna público para amplo conhecimento o DEPÓSITO DE RECURSOS FINANCEIROS Assinado digitalmente pelo DIO - DEPARTAMENTO DE IMPRENSA OFICIAL DO ESTADO DO ESPÍRITO SANTO Data: Terça-feira, 14 de Abril de 2026 às 22:52:46 Código de Autenticação: 3183e4e8"
LICC,11052_41,0,2026-04-14,41,DIO,"{""data"": ""2026-04-14"", ""paginas"": 102, ""pagina"": 41, ""pdf_id"": 1098223, ""year"": ""2026"", ""month"": ""04"", ""day"": ""14"", ""diario_id"": 11052, ""tipo_edicao"": 1}","UTIVO GERAL DO DEPARTAMENTO DE EDIFICAÇÕES E DE RODOVIAS DO ESPÍRITO SANTO - DER/ES EXECUTANTE Protocolo 1766686 Resumo do Termo de Convênio Nº 003/2026 Proposta SIGA/SECULT/0008/2026 Processo nº 2026-V1TTX Registro SIGEFES Nº 260128 Concedente: Secretaria de Estado da Cultura Convenente: Município de Cachoeiro de Itapemirim Objeto: realização da “Programação Comemorativa do Aniversário do Rei, em homenagem ao cantor Roberto Carlos”. Valor Total: R$ 179.433,34 (cento e setenta e nove mil, quatrocentos e trinta e três reais e trinta e quatro centavos). Dotação Orçamentária: Programa: 13.392.0043.2303 - Promoção da Diversidade e Difusão Cultural Elemento de Despesa: 33.40.41.00 - Contribuições Fonte de Recursos: 1500 Prazo de Vigência: partir do primeiro dia seguinte ao da publicação de seu extrato na imprensa oficial até 15/05/2027, podendo ser prorrogado mediante aditamento. Gestores do Convênio: Titular: Chaliny Bertholdi de Laia Sathler - Matrícula: 2951070/2 Suplente: Fabricia Torres De Freitas - Matrícula: 2538784/2 Vitória, 10 de abril de 2026. Fabricio Noronha Fernandes Secretário de Estado da Cultura Protocolo 1766450 AVISO DE RESULTADO LEI DE INCENTIVO À CULTURA CAPIXABA - LICC A SECULT torna público para amplo conhecimento a HABILITAÇÃO do projeto abaixo indicado: 1) Título do Projeto: 3,2,1 REC - Difusão e Democratização da Música Urbana Processo n°: 2025-CNFWC Proponente: VVS Studio Records Ltda Cnpj: 43.870.494/0001-78 Valor: R$500.000,00 2) Título do Projeto: Orquestra Som Da Ilha Processo n°: 2025-T178P Proponente: Instituto Som Da Ilha Cnpj: 09.130.837/0001-20 Valor: R$300.000,00 3) Título do Projeto: Encontro Das Pretas Processo n°: 2025-B7ZJZ Proponente: Instituto Das Pretas Cnpj: 27.861.406/0001-15 Valor: R$500.000,00 4) Título do Projeto: Grupo Árvore De Teatro 10 anos Processo n°: 2025-9T9WD Proponente: Árvore Casa das Artes Cnpj: 09.663.754/0001-04 Valor: R$468.148,92 5) Título do Projeto: Arte por toda a Parte Capixaba Processo n°: 2025-J7NGB Proponente: Instituto Muniz & Cia Ltda Cnpj: 45.725.784/0001-53 Valor: R$297.100,00 6) Título do Projeto: 3ª Edição Do Livro Negros No Espirito Santo Processo n°: 2025-HFKGT Proponente: Instituto Elimu Professor Cleber Maciel Cnpj: 06.206.979/0001-35 Valor: R$444.191,92 7) Título do Projeto: Costa das Baleias Processo n°: 2025-9R9X2 Proponente: Andaluz Produções LTDA Cnpj: 26.671.292/0001-88 Valor: R$687.720,00 A autorização de captação é válida por 01 (um) ano, a contar da data desta publicação. O extrato da ATA estará disponível no site da SECULT: www.secult.es.gov.br Vitória, 09 de Abril de 2026 Maria Thereza Bosi de Magalhães Subsecretaria de Estado - SECULT/SUBFIC Protocolo 1766712 ERRATA ONDE SE LÊ: TERMO DE CONVÊNIO DE CESSÃO Nº 009/2025 QUE ENTRE SI CELEBRAM O MUNICÍPIO DE FUNDÃO/ ES E O GOVERNO DO ESTADO DO ESPIRITO SANTO, NA QUALIDADE DE CEDENTE E CESSIONÁRIO, RESPECTIVAMENTE, PARA FINS EXPRESSOS NAS CLÁUSULAS QUE O INTEGRAM. LEIA-SE: TERMO DE CONVÊNIO DE CESSÃO Nº 002/2026 QUE ENTRE SI CELEBRAM O MUNICÍPIO DE FUNDÃO/ ES E O GOVERNO DO ESTADO DO ESPIRITO SANTO, NA QUALIDADE DE CEDENTE E CESSIONÁRIO, RESPECTIVAMENTE, PARA FINS EXPRESSOS NAS CLÁUSULAS QUE O INTEGRAM. As demais informações permanecem inalteradas. Vitória, 10 de abril de 2026 Fabricio Noronha Fernandes Secretário de Estado da Cultura Protocolo 1766825 Assinado digitalmente pelo DIO - DEPARTAMENTO DE IMPRENSA OFICIAL DO ESTADO DO ESPÍRITO SANTO Data: Sexta-feira, 10 de Abril de 2026 às 21:49:49 Código de Autenticação: 869e25ec"
11.246/2021,8684_368,0,2023-12-29,368,DIO,"{""data"": ""2023-12-29"", ""paginas"": 1097, ""pagina"": 368, ""pdf_id"": 796069, ""year"": ""2023"", ""month"": ""12"", ""day"": ""29"", ""diario_id"": 8684, ""tipo_edicao"": 1}","DO 237 Vitória (ES), sexta-feira, 29 de Dezembro de 2023. GOVERNO DO ESTADO DO ESPÍRITO SANTO ANEXO DE METAS FISCAIS ESTIMATIVA E COMPENSAÇÃO DA RENÚNCIA DE RECEITA LDO 2024 AMF - (LRF, art. 4º, § 2º, inciso V) R$ Milhares TRIBUTO INSTRUMENTO LEGAL RENÚNCIA DE RECEITA PREVISTA MODALIDADE(a) SETORES/BENEFICIÁRIOS COMPENSAÇÃO 2024 2025 2026 2.198.320 2.322.930 2.647.244 Vendas Não-Presenciais 512.111 541.139 616.690 Rochas Ornamentais 47.839 50.550 57.608 Metalmecânica 45.576 48.159 54.883 (d) 60.382 63.805 72.713 Vestuário 55.606 58.758 66.961 Bares e Restaurantes 7.240 7.650 8.718 Construção 8.304 8.775 10.000 Construção 2.751 2.907 3.313 Lei 11.765/2022 Alojamento e Alimentação 4.219 4.458 5.081 Lei 11.769/2022 Eletricidade e Gás 1.183 1.250 1.425 ISENÇÃO PARCIAL CRÉDITO PRESUMIDO Lei 10.568/2016 MODIFICAÇÃO DA BASE DE CÁLCULO E CRÉDITO PRESUMIDO MODIFICAÇÃO DA BASE DE CÁLCULO Lei 11.620/2022 Atacadistas Outros Nota (b) ICMS Lei 11.660/2022 ISENÇÃO Nota (i) Lei 11.758/2022 MODIFICAÇÃO DA BASE DE CÁLCULO Comércio e Reparação de Veículos 12 12 14 Lei 11.764/2022 ALTERAÇÃO DE ALÍQUOTA Comércio e Reparação de Veículos 3.704 3.914 4.460 Incentivo à Cultura (f) 15.000 15.000 15.000 Lei 11.246/2021 CRÉDITO PRESUMIDO Incentivo ao Esporte (g) 15.000 15.000 15.000 100.000 150.000 150.000 3.077.246 3.294.308 3.729.110 Veículos 1º emplacamento 17.559 18.554 19.639 Locadoras 15.602 16.486 17.450 Veículos (mais de 15 anos) 140.538 148.505 157.185 Deficiente físico 14.981 15.830 16.756 Veículo oficial 12.890 13.620 14.416 Perda, roubo ou sinistro 12.361 13.062 13.826 Táxis 5.126 5.417 5.734 Ônibus urbanos 2.010 2.124 2.248 Outros Veículos(e) 3.847 4.065 4.302 Outros Incentivos (h) 15.000 20.000 25.000 239.914 257.663 276.556 Nota (b) Outros Incentivos (h) Subtotal ICMS MODIFICAÇÃO DA BASE DE CÁLCULO ALTERAÇÃO DE ALÍQUOTA IPVA Nota (h) Nota (b) Lei 6.999/2001 ISENÇÃO Subtotal IPVA Nota (h) 232 Assinado digitalmente pelo DIO - DEPARTAMENTO DE IMPRENSA OFICIAL DO ESTADO DO ESPÍRITO SANTO Data: Sexta-feira, 29 de Dezembro de 2023 às 1:26:42 Código de Autenticação: 75972c83"
11.246/2021,8673_704,0,2023-12-27,704,DIO,"{""data"": ""2023-12-27"", ""paginas"": 1116, ""pagina"": 704, ""pdf_id"": 793044, ""year"": ""2023"", ""month"": ""12"", ""day"": ""27"", ""diario_id"": 8673, ""tipo_edicao"": 1}","O 236 Vitória (ES), quarta-feira, 27 de Dezembro de 2023. GOVERNO DO ESTADO DO ESPÍRITO SANTO ANEXO DE METAS FISCAIS ESTIMATIVA E COMPENSAÇÃO DA RENÚNCIA DE RECEITA LDO 2024 AMF - (LRF, art. 4º, § 2º, inciso V) R$ Milhares TRIBUTO INSTRUMENTO LEGAL RENÚNCIA DE RECEITA PREVISTA MODALIDADE(a) SETORES/BENEFICIÁRIOS COMPENSAÇÃO 2024 2025 2026 2.198.320 2.322.930 2.647.244 Vendas Não-Presenciais 512.111 541.139 616.690 Rochas Ornamentais 47.839 50.550 57.608 Metalmecânica 45.576 48.159 54.883 (d) 60.382 63.805 72.713 Vestuário 55.606 58.758 66.961 Bares e Restaurantes 7.240 7.650 8.718 Construção 8.304 8.775 10.000 Construção 2.751 2.907 3.313 Lei 11.765/2022 Alojamento e Alimentação 4.219 4.458 5.081 Lei 11.769/2022 Eletricidade e Gás 1.183 1.250 1.425 ISENÇÃO PARCIAL CRÉDITO PRESUMIDO Lei 10.568/2016 MODIFICAÇÃO DA BASE DE CÁLCULO E CRÉDITO PRESUMIDO MODIFICAÇÃO DA BASE DE CÁLCULO Lei 11.620/2022 Atacadistas Outros Nota (b) ICMS Lei 11.660/2022 ISENÇÃO Nota (i) Lei 11.758/2022 MODIFICAÇÃO DA BASE DE CÁLCULO Comércio e Reparação de Veículos 12 12 14 Lei 11.764/2022 ALTERAÇÃO DE ALÍQUOTA Comércio e Reparação de Veículos 3.704 3.914 4.460 Incentivo à Cultura (f) 15.000 15.000 15.000 Lei 11.246/2021 CRÉDITO PRESUMIDO Incentivo ao Esporte (g) 15.000 15.000 15.000 100.000 150.000 150.000 3.077.246 3.294.308 3.729.110 Veículos 1º emplacamento 17.559 18.554 19.639 Locadoras 15.602 16.486 17.450 Veículos (mais de 15 anos) 140.538 148.505 157.185 Deficiente físico 14.981 15.830 16.756 Veículo oficial 12.890 13.620 14.416 Perda, roubo ou sinistro 12.361 13.062 13.826 Táxis 5.126 5.417 5.734 Ônibus urbanos 2.010 2.124 2.248 Outros Veículos(e) 3.847 4.065 4.302 Outros Incentivos (h) 15.000 20.000 25.000 239.914 257.663 276.556 Nota (b) Outros Incentivos (h) Subtotal ICMS MODIFICAÇÃO DA BASE DE CÁLCULO ALTERAÇÃO DE ALÍQUOTA IPVA Nota (h) Nota (b) Lei 6.999/2001 ISENÇÃO Subtotal IPVA Nota (h) 232 Assinado digitalmente pelo DIO - DEPARTAMENTO DE IMPRENSA OFICIAL DO ESTADO DO ESPÍRITO SANTO Data: Terça-feira, 26 de Dezembro de 2023 às 23:16:32 Código de Autenticação: 58faec20"
11.246/2021,8244_45,0,2023-07-20,45,DIO,"{""data"": ""2023-07-20"", ""paginas"": 175, ""pagina"": 45, ""pdf_id"": 737615, ""year"": ""2023"", ""month"": ""07"", ""day"": ""20"", ""diario_id"": 8244, ""tipo_edicao"": 1}","sultando nos seguintes valores em bilhões: R$ 3,3; R$ 3,55 e R$ 4,00. É importante ressaltar que a estimativa foi calculada com base nas informações disponíveis de 3.157 empresas que estiveram vigentes no COMPETE por algum período de 2022, considerando apenas os meses em que realmente estavam integrando o Programa de Competitividade Sistêmica do estado do Espírito Santo (COMPETE). GOVERNO DO ESTADO DO ESPÍRITO SANTO ANEXO DE METAS FISCAIS ESTIMATIVA E COMPENSAÇÃO DA RENÚNCIA DE RECEITA LDO 2024 AMF - (LRF, art. 4º, § 2º, inciso V) Milhares TRIBUTO INSTRUMENTO LEGAL MODALIDADE (a) R$ SETORES/BENEFICIÁRIOS RENÚNCIA DE RECEITA PREVISTA 2023 2.082.131 485.044 45.310 43.167 Lei 10.568/2016 MODIFICAÇÃO DA BASE DE CÁLCULO E CRÉDITO PRESUMIDO (d) 57.191 Outros 52.667 Vestuário 6.857 MODIFICAÇÃO DA BASE DE CÁLCULO Bares e Restaurantes 7.866 Lei 11.620/2022 Construção ICMS 2.606 Lei 11.660/2022 Construção ISENÇÃO 3.997 Lei 11.765/2022 Alojamento e Alimentação 1.144 Lei 11.769/2022 Eletricidade e Gás 11 Lei 11.758/2022 MODIFICAÇÃO DA BASE DE CÁLCULO Comércio e Reparação de Veículos 3.579 Lei 11.764/2022 ALTERAÇÃO DE ALÍQUOTA Comércio e Reparação de Veículos 15.000 Incentivo à Cultura (f) Lei 11.246/2021 CRÉDITO PRESUMIDO 15.000 Incentivo ao Esporte (g) Outros Incentivos (h) 50.000 Subtotal ICMS 2.871.570 16.631 MODIFICAÇÃO DA BASE DE CÁLCULO Veículos 1º emplacamento 14.777 ALTERAÇÃO DE ALÍQUOTA Locadoras 133.110 Veículos (mais de 15 anos) 14.189 Deficiente físico 12.208 Veículo oficial IPVA Lei 6.999/2001 11.708 Perda, roubo ou sinistro ISENÇÃO 4.856 Táxis 1.904 Ônibus urbanos 3.643 Outros Veículos(e) 10.000 Outros Incentivos (h) Subtotal IPVA 223.026 3.000 TAXAS Isenção parcial Outros Incentivos (h) Subtotal TAXAS 3.000 TOTAL GERAL ICMS + IPVA + TAXAS 3.097.596 ISENÇÃO PARCIAL CRÉDITO PRESUMIDO Atacadistas Vendas Não-Presenciais Rochas Ornamentais Metalmecânica 2024 2.198.320 512.111 47.839 45.576 60.382 55.606 7.240 8.304 2.751 4.219 1.183 12 3.704 15.000 15.000 100.000 3.077.246 17.559 15.602 140.538 14.981 12.890 12.361 5.126 2.010 3.847 15.000 239.914 3.500 3.500 3.320.660 2025 2.322.930 541.139 50.550 48.159 63.805 58.758 7.650 8.775 2.907 4.458 1.250 12 3.914 15.000 15.000 150.000 3.294.308 18.554 16.486 148.505 15.830 13.620 13.062 5.417 2.124 4.065 20.000 257.663 3.500 3.500 3.555.471 2026 2.647.244 616.690 57.608 54.883 72.713 66.961 8.718 10.000 3.313 5.081 1.425 14 4.460 15.000 15.000 150.000 3.729.110 19.639 17.450 157.185 16.756 14.416 13.826 5.734 2.248 4.302 25.000 276.556 4.000 4.000 4.009.666 COMPENSAÇÃO Nota (b) Nota (i) Nota (b) Nota (h) Nota (b) Nota (h) Nota (h) Fonte: BI/SEFAZ - GEARC - emitido em 15/03/2023 Notas: a) benefícios tributários que apresentam, como contrapartida e compensação, uma nova receita originada da implantação de novos projetos industriais e comerciais, bem como, da ampliação de instalações de projetos já existentes, gerando, consequentemente, uma nova base tributária; b) Os valores das renúncias acima informadas foram considerados na estimativa de receita, portanto, sendo desnecessário informar as eventuais medidas de compensação; c) Os benefícios relativos ao IPVA não têm prazo determinado, enquanto que aqueles aplicáveis ao ICMS possuem prazo determinado entre 08 (oito) e 12 (doze] anos - dados SUITEV; d) Outros setores: indústrias moveleira, de papelão e material plástico, de preparados alimentícios, de perfumaria e cosméticos, de tintas, de rações, de moagem, gráfica, de temperos, argamassa e concreto não-refratário, e café torrado moído; e) Outros veículos: Templo Religioso, Empresa Pública, Ambulância, Assistência Social, Instituição Educacional, Entidade Sindical, Partido Político, Descaracterização Da Posse, Diplomático; f) Lei de Incentivo à Cultura Capixaba - LICC - medida permite ao setor produtivo reverter, por meio de isenção, parte do Imposto sobre Circulação de Mercadorias e Serviços (ICMS), para apoiar o setor de esportes que foi duramente prejudicado diante da crise sanitária e econômica"
11.246/2021,6878_30,0,2022-03-09,30,DIO,"{""data"": ""2022-03-09"", ""paginas"": 86, ""pagina"": 30, ""pdf_id"": 538899, ""year"": ""2022"", ""month"": ""03"", ""day"": ""09"", ""diario_id"": 6878, ""tipo_edicao"": 1}","ntada pelas disposições previstas no art. 24, incisos III, IV, XII, XVI e XXII, da Lei Federal nº 8.666, de 21.06.1993; b) de inexigibilidade de licitação para cobrir despesas com: serviços de abastecimento de água e esgoto, assim como o fornecimento de energia elétrica, prestados mediante tarifas preestabelecidas, cobradas de todos os usuários do mesmo serviço, por concessionária de serviço público que tem o fornecimento exclusivo na região em que existe a demanda; c) aquisição de vale-transporte junto às empresas concessionárias de transporte coletivo urbano; serviços postais, compreendidos dentro do regime de monopólio, junto à Empresa Brasileira de Correios e Telégrafos - ECT; serviços de pagamento de pedágio, na modalidade “via expressa”, adquirido junto à empresa concessionária, exploradora de rodovia estadual ou federal; publicações de atos oficiais, que decorram do cumprimento da lei ou da aplicação do princípio da publicidade, no Diário Oficial do Estado - DOE; d) editais do Funcultura e sistema de transferência fundo a fundo, ambos regidos pela LC nº 458/2008 e Decretos nº 2.155-R e 4.960-R, bem como os projetos contemplados na Lei de Incentivo à Cultura Estadual, lei nº 11.246/2021, regulada pelo Decreto nº 5.035-R. Assinado digitalmente pelo DIO - DEPARTAMENTO DE IMPRENSA OFICIAL DO ESTADO DO ESPÍRITO SANTO Data: Terça-feira, 8 de Março de 2022 às 22:31:12 Código de Autenticação: c542b438"
Comissão de Avaliação de Projetos,8200_69,0,2023-07-04,69,DIO,"{""data"": ""2023-07-04"", ""paginas"": 130, ""pagina"": 69, ""pdf_id"": 731316, ""year"": ""2023"", ""month"": ""07"", ""day"": ""04"", ""diario_id"": 8200, ""tipo_edicao"": 1}","EA DA SAÚDE Companhia de Gás do Espírito Santo - ES GÁS EDITAL DE CHAMADA PÚBLICA PARA SELEÇÃO DE PROJETOS SOCIOAMBIENTAIS DA ES GÁS 2023 A Companhia de Gás do Espírito Santo - ES GÁS, tendo em vista os critérios de seleção de projetos do EDITAL DE CHAMADA PÚBLICA PARA SELEÇÃO DE PROJETOS SOCIOAMBIENTAIS 2023 e amparada na Política de Sustentabilidade e Padrão de Gestão para Doações e Patrocínios da ES Gás, vem divulgar o resultado da CHAMADA PÚBLICA, para o segundo trimestre de 2023, cujo objetivo é contribuir com o desenvolvimento socioambiental, cultural e econômico nas regiões onde a Companhia tem atuação, gerando assim impacto positivo em comunidades locais. PROPONENTES E PROJETOS SELECIONADOS: Lei de Incentivo à Cultura 1. Ludica Produções Audiovisuais - Cinemarias Mulheres Protagonistas 2. Instituto Todos os Cantos - Série de Concertos 2023 da Filarmônica de Mulheres do Espírito Santo Lei de Incentivo ao Esporte • Instituto Meninas do ES - Campeãs do Futuro Fundo da Infância e da Adolescência • Associação Amigos da Justiça Cidadania, Educação e Arte - Projeto Atelier Social Arte/ASA Fundo do Idoso • Associação Amigos da Justiça Educação e Arte - Cidadania em Ação Cidadania, COMISSÃO DE AVALIAÇÃO DE PROJETOS INCENTIVADOS Protocolo 1118944 Assinado digitalmente pelo DIO - DEPARTAMENTO DE IMPRENSA OFICIAL DO ESTADO DO ESPÍRITO SANTO Data: Segunda-feira, 3 de Julho de 2023 às 22:27:26 Código de Autenticação: e710021d"
Comissão de Avaliação de Projetos,7988_64,0,2023-04-10,64,DIO,"{""data"": ""2023-04-10"", ""paginas"": 118, ""pagina"": 64, ""pdf_id"": 703156, ""year"": ""2023"", ""month"": ""04"", ""day"": ""10"", ""diario_id"": 7988, ""tipo_edicao"": 1}","o - ES GÁS EDITAL DE CHAMADA PÚBLICA PARA SELEÇÃO DE PROJETOS SOCIOAMBIENTAIS DA ES GÁS 2023 A Companhia de Gás do Espírito Santo - ES GÁS, tendo em vista os critérios de seleção de projetos do EDITAL DE CHAMADA PÚBLICA PARA SELEÇÃO DE PROJETOS SOCIOAMBIENTAIS 2023 e amparada na sua Política de Sustentabilidade e respectivo Padrão de Gestão para Doações e Patrocínios, vem divulgar o resultado da CHAMADA PÚBLICA para o primeiro trimestre de 2023, cujo objetivo é contribuir com o desenvolvimento socioambiental, cultural e econômico nas regiões onde a Companhia tem atuação, gerando assim impacto positivo em comunidades locais. PROPONENTES E PROJETOS SELECIONADOS: Lei de Incentivo à Cultura 1. Cinemarias - Mulheres Protagonistas Ludica Produções Audiovisuais 1. Projeto Crias.Lab 3ª Edição - Terreiro de Ideias Arte, Comunicação, Cultura Lei de Incentivo ao Esporte • Escola de Judô Superar - Associação Esportiva Akira Fundo da Infância e da Adolescência • Projeto Atelier Social Arte - Associação Amigos da Justiça, Cidadania, Educação e Arte Fundo do Idoso • Projeto HECI-VER - Um novo futuro para os idosos de Cachoeiro de Itapemirim - Hospital Evangélico de Cachoeiro de Itapemirim (HECI) COMISSÃO DE AVALIAÇÃO DE PROJETOS INCENTIVADOS Protocolo 1062309 Secretaria de Estado de Direitos Humanos - SEDH Instituto de Atendimento Sócio-Educativo do Espírito Santo - IASES AVISO DE LICITAÇÃO Pregão Eletrônico Nº 006/2023 Cod.CidadES TCE-ES: 2023.500E0100025.01.0002 Órgão/Entidade: Instituto de Atendimento Socioeducativo do Espírito Santo-IASES Processo Nº: 2022-BJ991 Objeto: CONTRATAÇÃO DE EMPRESA ESPECIALIZADA NA PRESTAÇÃO DE SERVIÇOS CONTINUADOS DE MANUTENÇÃO PREVENTIVA E CORRETIVA EM GRUPOS GERADORES Valor estimado: R$ 214.642,20 Acolhimento de propostas: 10/04/2023 às 09:30h - 25/04/2023 às 09:30h Abertura de propostas: 25/04/2023 às 09:31h Abertura da sessão pública: 25/04/2023 às 10:00h O certame será realizado por meio do sistema SIGA, estando o edital disponível no endereço www.compras.es.gov.br. Os interessados em participar da licitação deverão efetuar seu cadastro no sistema SIGA, conforme instruções contidas no endereço: www. compras.es.gov.br/cadastro-defornecedores. Contato através do e-mail: pregoeiro@iases. es.gov.br Lourdemar Andrade Carvalho Pregoeira Oficial/IASES Protocolo 1062646 Defensoria Pública do Estado - DPES AVISO DE RESULTADO DE LICITAÇÃO Pregão Eletrônico nº 006/2023 Processo nº 4408 A Defensoria Pública do Estado do Espírito Santo torna público aos interessados, de acordo com disposições Lei n.º 8.666/93 e suas alterações, o resultado do Pregão Eletrônico nº 006/2023, HOMOLOGADO pela autoridade competente, cujo objeto é o registro de preços para contratação de empresa com fornecimento de cafeteiras elétricas. Empresa Vencedora - LOTE ÚNICO: VILA METAL COMÉRCIO LTDA; Valor total máximo para o LOTE ÚNICO: R$ 38.140,00 (trinta e oito mil, cento e quarenta reais). Vitória, 5 de abril de 2023. LUCAS ALEXANDRE SILVA DE PAULA Pregoeiro CPL - DPEES Protocolo 1062430 Publicações de Terceiros COMUNICADO “POSTO COLISEU LTDA” CNPJ 01.425.947/0002-98 Torna público que OBTEVE da SEMMA - Serra/ES, através do processo 46910/2022, a LMO n° 118/2020, para atividade de Comercio Varejista de combustíveis para veículos automotores com troca de óleo, localizado na Rua Manoel Ramos, s/n° - Bairro Novo - Serra / ES. Protocolo 1060566 ZENY JESUS DO NASCIMENTO torna público que requereu da SEMDEC/SUB-MA Cariacica/ES, através do proc. 10308/2023, a Licença Prévia - LP e a Licença de Instalação - LI, para atividade de 22.09 pátio de estocagem, armazém ou depósito para cargas gerais, em área aberta e/ou mista - galpão fechado + área aberta (...), na localidade Rua Pedro Fontes, s/nº, Padre Mathias, Cariacica/ES. Protocolo 1061837 Assinado digitalmente pelo DIO - DEPARTAMENTO DE IMPRENSA OFICIAL DO ESTADO DO ESPÍRITO SANTO Data: Domingo, 9 de Abril de 2023 às 20:48:48 Código de Autenticação: dd498658"
Comissão de Avaliação de Projetos,7632_111,0,2022-12-08,111,DIO,"{""data"": ""2022-12-08"", ""paginas"": 143, ""pagina"": 111, ""pdf_id"": 638300, ""year"": ""2022"", ""month"": ""12"", ""day"": ""08"", ""diario_id"": 7632, ""tipo_edicao"": 1}","DIÁRIO OFICIAL DOS PODERES DO ESTADO L I C I T A C Ö E S I 17 Vitória (ES), quinta-feira, 08 de Dezembro de 2022. o resultado da CHAMADA PÚBLICA para o quarto trimestre de 2022, cujo objetivo é contribuir com o desenvolvimento socioambiental, cultural e econômico nas regiões onde a Companhia tem atuação, gerando assim impacto positivo em comunidades locais. PROPONENTES E PROJETOS SELECIONADOS: Lei de Incentivo à Cultura 1. Cinemarias: Mulheres Protagonistas - Puri Produções e Eventos 1. Projeto Crias.Lab - Novas Vozes da Juventude e diversidade cultural capixaba- Puri Produções e Eventos Lei de Incentivo ao Esporte • Instituto Meninas do ES - Instituto Meninas do ES Fundo da Infância e da Adolescência • Projeto Atelier Social Arte - Associação Amigos da Justiça, Cidadania, Educação e Arte Fundo do Idoso • Cidadania em Ação - Associação Amigos da Justiça Cidadania, Educação e Arte COMISSÃO DE AVALIAÇÃO DE PROJETOS INCENTIVADOS Protocolo 981269 Defensoria Pública do Estado - DPES AVISO DE LICITAÇÃO PREGÃO ELETRÔNICO: N.º 54/2022 A Defensoria Pública do Estado do Espírito Santo torna público que fará realizar licitação, na modalidade “Pregão Eletrônico”, sistema SRP, tipo menor preço, para aquisição de purificadores de água, conforme Processo 4388, por meio do site www.comprasgovernamentais.gov.br, UASG: 926622. INÍCIO DO ENVIO DAS PROPOSTAS: A partir do dia 8/12/2022. FIM DO ENVIO DAS PROPOSTAS, ABERTURA E SESSÃO PÚBLICA: às 10h horas do dia 22/12/2022. Informações através do e-mail: licitacao@ defensoria.es.def.br. Vitória, 7 de dezembro de 2022. LUCAS ALEXANDRE SILVA DE PAULA Pregoeiro - DPEES Protocolo 981221 AVISO DE RESULTADO DE LICITAÇÃO Pregão Eletrônico nº 43/2022 Processo nº 3947 A Defensoria Pública do Estado do Espírito Santo torna público aos interessados, de acordo com disposições Lei n.º 8.666/93 e suas alterações, o resultado do Pregão Eletrônico nº 43/2022, HOMOLOGADO pela autoridade competente, cujo objeto é a contratação de empresa prestadora de serviços de fornecimento e instalação de estrutura para eventos, banheiro químico e mão de obra terceirizada. Empresa Vencedora LOTE 1: AGNES COMERCIAL LTDA. Valor máximo total para o LOTE 1: R$ 155.958,90 (cento e cinquenta e cinco mil e novecentos e cinquenta e oito reais e noventa centavos). Empresa Vencedora - LOTE 2: SUPPORT DISTRIBUIDORA DE PRODUTOS DE HIGIENE E LIMPEZA LTDA; Valor total máximo para o LOTE 2: R$ 2.983,50 (dois mil, novecentos e oitenta e três reais e cinquenta centavos). Vitória, 7 de dezembro de 2022. LUCAS ALEXANDRE SILVA DE PAULA Pregoeiro CPL - DPEES Protocolo 981336 Poder Legislativo Assembléia Legislativa do Espírito Santo - ALES AVISO DE REPUBLICAÇÃO DE LICITAÇÃO Processo n.º 201508/2020 Pregão Eletrônico n° 039/2021 Objeto: contratação de empresa especializada em fornecimento de solução de software para gestão e operacionalização de consignados no âmbito da Ales, compreendendo cessão de uso de software, instalação, implantação e hospedagem do sistema, capacitação, suporte técnico e manutenção. Informamos que, em decorrência da necessidade de adequações no edital, a sessão pública do pregão em epígrafe fica remarcada para o dia 21/12/2022, às 10h00min. O edital, já com as devidas adequações, está disponível nos sites www.al.es.gov.br, links: “Transparência”, “Consulta Licitações” e www.licitacoes-e.com.br. Mais informações pelo e-mail scl@al.es.gov.br ou telefone (27) 3382-3874. Id CidadES: 2022.500L1100001.01.0024 Vitória/ES, 17 de dezembro de 2022. TATIANA SOARES DE ALMEIDA Diretora Geral Protocolo 981776 AVISO DE ALTERAÇÃO DE DATA LICITAÇÃO No aviso de licitação referente ao Pregão Eletrônico - Registro de Preços nº 021/2022, publicado em 30/11/2022, Onde se lê: 12/12/"
Comissão de Avaliação de Projetos,7457_53,0,2022-10-03,53,DIO,"{""data"": ""2022-10-03"", ""paginas"": 82, ""pagina"": 53, ""pdf_id"": 617266, ""year"": ""2022"", ""month"": ""10"", ""day"": ""03"", ""diario_id"": 7457, ""tipo_edicao"": 1}","L I C I T A C Ö E S I DIÁRIO OFICIAL DOS PODERES DO ESTADO 16 Vitória (ES), segunda-feira, 03 de Outubro de 2022. Secretaria de Estado da Ciência, Tecnologia, Inovação, Educação Profissional e Desenvolvimento Econômico SECTIDES AVISO DE LICITAÇÃO Pregão Eletrônico Nº 035/2022 Secretaria de Estado da Ciência, Tecnologia, Inovação, Educação Profissional e Desenvolvimento Econômico - SECTIDES Processo Nº: 2022-9F0V8 Lei de Incentivo à Cultura 1. A menina e o pássaro - Bule Estúdio Criativo Produções Artísticas Lei de Incentivo ao Esporte • Instituto Meninas do ES - Instituto Meninas do ES Fundo da Infância e da Adolescência • Projeto Atelier Social Arte - Associação Amigos da Justiça, Cidadania, Educação e Arte ID CidadES Nº: 2022.500E0600013.01.0025 Objeto: CONTRATAÇÂO DE PRESTAÇÃO DE SERVIÇOS CONTÍNUOS DE COLETA, TRANSPORTE E DESTINAÇÃO FINAL DE RESÍDUOS Valor estimado total: Lote 1 - R$ 14.688,00 Lote 2 - R$ 27.000,00 Início Envio de propostas: 16/09/2022 às 10:00h Abertura de propostas: 14/10/2022 às 14:30h Fundo do Idoso • Cidadania em Ação - Associação Amigos da Justiça Cidadania, Educação e Arte COMISSÃO DE AVALIAÇÃO DE PROJETOS INCENTIVADOS Protocolo 942733 Ministério Público do Espírito Santo - MPES - Abertura da sessão pública: 14/10/2022 às 14:30h O certame será realizado por meio do sistema SIGA, estando o edital disponível no endereço www. compras.es.gov.br. Os interessados em participar da licitação deverão efetuar seu cadastro no sistema SIGA, conforme instruções contidas no endereço www.compras. es.gov.br/cadastro-de-fornecedores. Contato: cpl@sectides.es.gov.br/ 3636-1823/3636-9737 *Aviso de licitação republicado após realizados no edital de pregão eletrônico. acertos Vitória, 15/09/2022 Simone Tavares dos Santos Pregoeira / SECTIDES Protocolo 942720 Companhia de Gás do Espírito Santo - ES GÁS EDITAL DE CHAMADA PÚBLICA PARA SELEÇÃO DE PROJETOS SOCIOAMBIENTAIS DA ES GÁS 2022 A Companhia de Gás do Espírito Santo - ES GÁS, tendo em vista os critérios de seleção de projetos do EDITAL DE CHAMADA PÚBLICA PARA SELEÇÃO DE PROJETOS SOCIOAMBIENTAIS 2022 e amparada na sua Política de Sustentabilidade e respectivo Padrão de Gestão para Doações e Patrocínios, vem divulgar o resultado da CHAMADA PÚBLICA para o terceiro trimestre de 2022, cujo objetivo é contribuir com o desenvolvimento socioambiental, cultural e econômico nas regiões onde a Companhia tem atuação, gerando assim impacto positivo em comunidades locais. PROPONENTES E PROJETOS SELECIONADOS: Procuradoria Geral de Justiça - PGJ AVISO DE LICITAÇÃO REPUBLICAÇÃO DE EDITAL COM ALTERAÇÃO PREGÃO ELETRÔNICO Nº 043/2022 Processo: 19.11.0016.0005983/2022-96 ID CidadES Nº 2022.500M1300001.01.0027 O Ministério Público do Estado do Espírito Santo torna público que realizará licitação na modalidade “Pregão Eletrônico”, com participação exclusiva de microempresas, empresas de pequeno porte ou equiparadas, objetivando a contratação de empresa especializada na prestação de serviços continuados de Manutenção Preventiva e Corretiva para portas automáticas, bem como fornecimento de peças de reposição. O julgamento do certame está previsto para o dia 17/10/2022, com início da sessão às 14h. Valor máximo estimado da licitação é de R$ 23.400,00. O Edital e informações adicionais poderão ser obtidos pelo site: www.licitacoes-e.com.br, nº licitação: 948778. Vitória - ES, 30 de setembro de 2022. LÍVIA VON RONDON GOMES PREGOEIRA Protocolo 943396 Defensoria Pública do Estado - DPES AVISO DE LICITAÇÃO PREGÃO ELETRÔNICO: N.º 44/2022 A Defensoria Pública do Estado do Espírito Santo torna público que fará realizar licitação, na modalidade “Pregão Eletrônico”, sistema SRP, tipo menor preço, para contratação de empresa com fornecimento de placas de identificação Assinado digitalmente pelo DIO - DEPARTAMENTO DE IMPRENSA OFICIAL DO ESTADO DO ESPÍRITO SANTO Data: Segunda-feira, 3 de Outubro de 2022 às 16:24:54 Código de Autenticação: e42dc375"
Comissão de Avaliação de Projetos,7199_164,0,2022-06-30,164,DIO,"{""data"": ""2022-06-30"", ""paginas"": 202, ""pagina"": 164, ""pdf_id"": 583096, ""year"": ""2022"", ""month"": ""06"", ""day"": ""30"", ""diario_id"": 7199, ""tipo_edicao"": 1}","16.499,10 A Companhia de Gás do Espírito Santo - ES GÁS, tendo em vista os critérios de seleção de projetos do EDITAL DE CHAMADA PÚBLICA PARA SELEÇÃO DE PROJETOS SOCIOAMBIENTAIS 2022 e amparada na sua Política de Sustentabilidade e respectivo Padrão de Gestão para Doações e Patrocínios, vem divulgar o resultado da CHAMADA PÚBLICA para o segundo trimestre de 2022, cujo objetivo é contribuir com o desenvolvimento socioambiental, cultural e econômico nas regiões onde a Companhia tem atuação, gerando assim impacto positivo em comunidades locais. Lote 011: Empresa vencedora: J.B COMÉRCIO E SERVIÇOS EIRELI - EPP Valor global do lote: R$ 36.449,00 PROPONENTES E PROJETOS SELECIONADOS: Lei de Incentivo à Cultura 1. Camerata Jovem Rochativa - Rochativa Associação de Atividades Sociais do Setor de Rochas Ornamentais do ES 2. Festival Original Graffiti Espírito Santo J.E Produções e Eventos Ltda. ME Lei de Incentivo ao Esporte • Instituto Meninas do ES - Instituto Meninas do ES Fundo da Infância e da Adolescência • Projeto Atelier Social Arte - Associação Amigos da Justiça, Cidadania, Educação e Arte Fundo do Idoso • Cidadania em Ação - Associação Amigos da Justiça Cidadania, Educação e Arte COMISSÃO DE AVALIAÇÃO DE PROJETOS INCENTIVADOS Protocolo 877815 Lote 012: FRACASSADO Lote 013: Empresa vencedora: ESMERALDA COMÉRCIO E SERVIÇOS EIRELI - EPP Valor global do lote: R$ 34.221,00 Os referidos lotes foram devidamente homologados pela Autoridade competente em 28/06/2022. Contato: (27) 3636-5487 / pregoeiro@iases.es.gov. br. Lourdemar Andrade Carvalho Pregoeira Oficial/IASES Protocolo 880497 ERRATA Protocolo 875693 de 23/06/2022 Proc. Eletrônico: 2021-C29JZ Cod.CidadES TCE-ES: 2022.500E0100025.01.0003 ONDE SE LÊ: Lote 003: Empresa vencedora: Valor global do lote: R$ 2.924.334,48 Valor global dos lotes: R$ 10.734.298,80 LEIA-SE: Lote 003: Empresa vencedora: Valor global do lote: R$ 2.924.334,72 Valor global dos lotes: R$ 10.734.299,04 Protocolo 879845 Secretaria de Estado de Turismo - SETUR Secretaria de Estado de Direitos Humanos - SEDH Instituto de Atendimento Sócio-Educativo do Espírito Santo - IASES AVISO DE RESULTADO DE LICITAÇÃO Pregão Nº 004/2022 Cod.CidadES TCE-ES: 2022.500E0100025.02.0002 Instituto de Atendimento Socioeducativo do Espírito Santo - IASES Processo nº 2021-HM4VV AVISO DE SUSPENSÃO DE LICITAÇÃO Pregão Eletrônico nº 005/2022 Órgão: Secretaria de Estado do Turismo Processo N° 2021-D8RBC ID CidadES/TCE-ES: 2022.500E0600016.01.0003 Objeto: Contratação de empresa especializada em Serviço de Outsourcing de Impressão, Compreendendo Disponibilização de Equipamento Reprográfico Multifuncional Monocromático, Assistência Técnica e Fornecimento de Peças e Demais Insumos Consumíveis, excluindo fornecimento de papel a ser Assinado digitalmente pelo DIO - DEPARTAMENTO DE IMPRENSA OFICIAL DO ESTADO DO ESPÍRITO SANTO Data: Quarta-feira, 29 de Junho de 2022 às 22:44:34 Código de Autenticação: 8ef19b80"
Comissão de Avaliação de Projetos,6439_76,0,2021-12-09,76,DIO,"{""data"": ""2021-12-09"", ""paginas"": 102, ""pagina"": 76, ""pdf_id"": 464611, ""year"": ""2021"", ""month"": ""12"", ""day"": ""09"", ""diario_id"": 6439, ""tipo_edicao"": 1}","L I C I T A C Ö E S I DIÁRIO OFICIAL DOS PODERES DO ESTADO 13 Vitória (ES), quinta-feira, 09 de Dezembro de 2021. cultural e econômico nas regiões onde a Companhia tem atuação, gerando assim impacto positivo em comunidades locais. PROPONENTES E PROJETOS SELECIONADOS: Lei de Incentivo à Cultura 1- Associação Sociedade, Cultura e Arte (Soca) Cena Diversa 2- Eva Comunicação - Maré Marias 3- J. E. Produções e Eventos - Lona de Cultura e Arte 4- WB Produções - Cultura e Formação em Cena Lei de Incentivo ao Esporte • Instituto Anderson Varejão - Ídolo Social Fundo da Infância e da Adolescência • Inspetoria Nossa Senhora da Penha jogo Virando o Fundo do Idoso • Associação Amigos da Justiça Cidadania, Educação e Arte - Cidadania em Ação COMISSÃO DE AVALIAÇÃO DE PROJETOS INCENTIVADOS Protocolo 762613 Entidades Federais Conselho de Arquitetura e Urbanismo do Espírito Santo RESULTADO DE DISPENSA DE LICITAÇÃO O Conselho de Arquitetura e Urbanismo do Espírito Santo torna público o RESULTADO do processo de Dispensa de Licitação n.º 117/2021-CAU/ ES. Objeto: Contratação de empresa de rádio para gravação e veiculação de mensagem em comemoração ao Dia do Arquiteto e Urbanista. Prestador: REDE TRIBUNA - TRIBUNA FM CNPJ: 12.042.826/0002-83. Valor da contratação: R$ 6.500,00. Art. 24, II da Lei n.º 8.666/93. ELIOMAR VENÂNCIO DE SOUZA FILHO Presidente do CAU/ES Protocolo 762130 RESULTADO DE DISPENSA DE LICITAÇÃO O Conselho de Arquitetura e Urbanismo do Espírito Santo torna público o RESULTADO do processo de Dispensa de Licitação n.º 118/2021-CAU/ ES. Objeto: Veiculação de anúncio de ½ página a ser veiculado no jornal impresso, edição do dia 15/12/2021. Prestador: A Tribuna CNPJ: 12.042.826/0002-83. Valor da contratação: R$ 4.000,00. Art. 24, II da Lei n.º 8.666/93. ELIOMAR VENÂNCIO DE SOUZA FILHO Presidente do CAU/ES Protocolo 762136 RESUTADO DE DISPENSA DE LICITAÇÃO O Conselho de Arquitetura e Urbanismo do Espírito Santo torna público o RESULTADO do processo de Dispensa de Licitação n.º 102/2021-CAU/ES. Objeto: Contratação de fornecedores e empresas de comunicação para produção de materiais e veiculação de campanha de valorização profissional em alusão à data comemorativa do Dia do Arquiteto, 15 de dezembro. Prestador: SUL OUTDOOR CNPJ: 13.049.293/000143. Valor da contratação: R$ 13.660,00. Art. 24, II da Lei n.º 8.666/93. ELIOMAR VENÂNCIO DE SOUZA FILHO Presidente do CAU/ES Protocolo 762507 Conselho Regional de Química EXTRATO DE DISPENSA DE LICITAÇÃO Processo nº.: 091/2021. Objeto: Aquisição de serviço de antivírus para os computadores do CRQ XXI. Contratada: WDJ CONSULTORIA EM TECNOLOGIA, CNPJ: 28.821.067/0001-06. Valor total: R$ 1.920,00. Fundamento legal: Art. 24, Inciso II da Lei 8.666/93. Processo nº.: 093/2021. Objeto: Aquisição de certificado digital para o CRQ XXI, visando atender às necessidades do CRQ XXI. Contratada: SSABRASIL CERTIFICADO DIGITAL, CNPJ: 08.598.360/0001-49. Valor total: R$ 348,75. Fundamento legal: Art. 24, Inciso II da Lei 8.666/93. Processo nº.: 096/2021. Objeto: Aquisição de passagem aérea para o advogado do CRQ XXI para o deslocamento à Reunião ordinária da COPRESI para o trato de assuntos de interesse do CRQ XXI. Contratada: CHR VIAGENS E TURISMO EIRELI, CNPJ: 31.042.141/0001-09. Valor total: R$ 1.166,41. Fundamento legal: Art. 24, Inciso II da Lei 8.666/93. Protocolo 762462 Poder Legislativo Assembléia Legislativa do Espírito Santo - ALES EXTRATO DE ATA DE REGISTRO DE PREÇOS Processo nº 211339/2021 Pregão Eletrônico nº 027/2021 Ata nº 022/2021 Órgão gerenciador: Assembleia Legislativa do Esta"
