# Fonte: IBGE, Sistema de Informacoes e Indicadores Culturais (SIIC), API servicodados.ibge.gov.br/api/v1/pesquisas/10092, consulta 2026-09-23. valor = valor_publicado x multiplicador dos metadados. Script: analise/03b_ibge_cultura_es.py
indicador_id,indicador,descricao_ibge,unidade,multiplicador,localidade,ano,valor_publicado,valor
82734,assalariados_setor_cultural_cempre,Cadastro Central de Empresas > Total de pessoal ocupado assalariado no setor cultural,pessoas,1,AC,2007,1890.0,1890.0
82734,assalariados_setor_cultural_cempre,Cadastro Central de Empresas > Total de pessoal ocupado assalariado no setor cultural,pessoas,1,AC,2009,1970.0,1970.0
82734,assalariados_setor_cultural_cempre,Cadastro Central de Empresas > Total de pessoal ocupado assalariado no setor cultural,pessoas,1,AC,2011,2502.0,2502.0
82734,assalariados_setor_cultural_cempre,Cadastro Central de Empresas > Total de pessoal ocupado assalariado no setor cultural,pessoas,1,AC,2017,2265.0,2265.0
82734,assalariados_setor_cultural_cempre,Cadastro Central de Empresas > Total de pessoal ocupado assalariado no setor cultural,pessoas,1,AC,2019,2001.0,2001.0
82734,assalariados_setor_cultural_cempre,Cadastro Central de Empresas > Total de pessoal ocupado assalariado no setor cultural,pessoas,1,AC,2021,1905.0,1905.0
82734,assalariados_setor_cultural_cempre,Cadastro Central de Empresas > Total de pessoal ocupado assalariado no setor cultural,pessoas,1,AL,2007,4720.0,4720.0
82734,assalariados_setor_cultural_cempre,Cadastro Central de Empresas > Total de pessoal ocupado assalariado no setor cultural,pessoas,1,AL,2009,5818.0,5818.0
82734,assalariados_setor_cultural_cempre,Cadastro Central de Empresas > Total de pessoal ocupado assalariado no setor cultural,pessoas,1,AL,2011,6804.0,6804.0
82734,assalariados_setor_cultural_cempre,Cadastro Central de Empresas > Total de pessoal ocupado assalariado no setor cultural,pessoas,1,AL,2017,7830.0,7830.0
82734,assalariados_setor_cultural_cempre,Cadastro Central de Empresas > Total de pessoal ocupado assalariado no setor cultural,pessoas,1,AL,2019,8187.0,8187.0
82734,assalariados_setor_cultural_cempre,Cadastro Central de Empresas > Total de pessoal ocupado assalariado no setor cultural,pessoas,1,AL,2021,8842.0,8842.0
82734,assalariados_setor_cultural_cempre,Cadastro Central de Empresas > Total de pessoal ocupado assalariado no setor cultural,pessoas,1,AM,2007,43047.0,43047.0
82734,assalariados_setor_cultural_cempre,Cadastro Central de Empresas > Total de pessoal ocupado assalariado no setor cultural,pessoas,1,AM,2009,36547.0,36547.0
82734,assalariados_setor_cultural_cempre,Cadastro Central de Empresas > Total de pessoal ocupado assalariado no setor cultural,pessoas,1,AM,2011,50159.0,50159.0
82734,assalariados_setor_cultural_cempre,Cadastro Central de Empresas > Total de pessoal ocupado assalariado no setor cultural,pessoas,1,AM,2017,37179.0,37179.0
82734,assalariados_setor_cultural_cempre,Cadastro Central de Empresas > Total de pessoal ocupado assalariado no setor cultural,pessoas,1,AM,2019,35151.0,35151.0
82734,assalariados_setor_cultural_cempre,Cadastro Central de Empresas > Total de pessoal ocupado assalariado no setor cultural,pessoas,1,AM,2021,40208.0,40208.0
82734,assalariados_setor_cultural_cempre,Cadastro Central de Empresas > Total de pessoal ocupado assalariado no setor cultural,pessoas,1,AP,2007,1863.0,1863.0
82734,assalariados_setor_cultural_cempre,Cadastro Central de Empresas > Total de pessoal ocupado assalariado no setor cultural,pessoas,1,AP,2009,1254.0,1254.0
82734,assalariados_setor_cultural_cempre,Cadastro Central de Empresas > Total de pessoal ocupado assalariado no setor cultural,pessoas,1,AP,2011,1674.0,1674.0
82734,assalariados_setor_cultural_cempre,Cadastro Central de Empresas > Total de pessoal ocupado assalariado no setor cultural,pessoas,1,AP,2017,1918.0,1918.0
82734,assalariados_setor_cultural_cempre,Cadastro Central de Empresas > Total de pessoal ocupado assalariado no setor cultural,pessoas,1,AP,2019,2532.0,2532.0
82734,assalariados_setor_cultural_cempre,Cadastro Central de Empresas > Total de pessoal ocupado assalariado no setor cultural,pessoas,1,AP,2021,2647.0,2647.0
82734,assalariados_setor_cultural_cempre,Cadastro Central de Empresas > Total de pessoal ocupado assalariado no setor cultural,pessoas,1,BA,2007,38240.0,38240.0
82734,assalariados_setor_cultural_cempre,Cadastro Central de Empresas > Total de pessoal ocupado assalariado no setor cultural,pessoas,1,BA,2009,41960.0,41960.0
82734,assalariados_setor_cultural_cempre,Cadastro Central de Empresas > Total de pessoal ocupado assalariado no setor cultural,pessoas,1,BA,2011,51027.0,51027.0
82734,assalariados_setor_cultural_cempre,Cadastro Central de Empresas > Total de pessoal ocupado assalariado no setor cultural,pessoas,1,BA,2017,40451.0,40451.0
82734,assalariados_setor_cultural_cempre,Cadastro Central de Empresas > Total de pessoal ocupado assalariado no setor cultural,pessoas,1,BA,2019,46831.0,46831.0
82734,assalariados_setor_cultural_cempre,Cadastro Central de Empresas > Total de pessoal ocupado assalariado no setor cultural,pessoas,1,BA,2021,50230.0,50230.0
82734,assalariados_setor_cultural_cempre,Cadastro Central de Empresas > Total de pessoal ocupado assalariado no setor cultural,pessoas,1,CE,2007,30992.0,30992.0
82734,assalariados_setor_cultural_cempre,Cadastro Central de Empresas > Total de pessoal ocupado assalariado no setor cultural,pessoas,1,CE,2009,24051.0,24051.0
82734,assalariados_setor_cultural_cempre,Cadastro Central de Empresas > Total de pessoal ocupado assalariado no setor cultural,pessoas,1,CE,2011,29624.0,29624.0
82734,assalariados_setor_cultural_cempre,Cadastro Central de Empresas > Total de pessoal ocupado assalariado no setor cultural,pessoas,1,CE,2017,34449.0,34449.0
82734,assalariados_setor_cultural_cempre,Cadastro Central de Empresas > Total de pessoal ocupado assalariado no setor cultural,pessoas,1,CE,2019,41354.0,41354.0
82734,assalariados_setor_cultural_cempre,Cadastro Central de Empresas > Total de pessoal ocupado assalariado no setor cultural,pessoas,1,CE,2021,47032.0,47032.0
82734,assalariados_setor_cultural_cempre,Cadastro Central de Empresas > Total de pessoal ocupado assalariado no setor cultural,pessoas,1,DF,2007,38685.0,38685.0
82734,assalariados_setor_cultural_cempre,Cadastro Central de Empresas > Total de pessoal ocupado assalariado no setor cultural,pessoas,1,DF,2009,42533.0,42533.0
82734,assalariados_setor_cultural_cempre,Cadastro Central de Empresas > Total de pessoal ocupado assalariado no setor cultural,pessoas,1,DF,2011,44607.0,44607.0
82734,assalariados_setor_cultural_cempre,Cadastro Central de Empresas > Total de pessoal ocupado assalariado no setor cultural,pessoas,1,DF,2017,41900.0,41900.0
82734,assalariados_setor_cultural_cempre,Cadastro Central de Empresas > Total de pessoal ocupado assalariado no setor cultural,pessoas,1,DF,2019,41413.0,41413.0
82734,assalariados_setor_cultural_cempre,Cadastro Central de Empresas > Total de pessoal ocupado assalariado no setor cultural,pessoas,1,DF,2021,40938.0,40938.0
82734,assalariados_setor_cultural_cempre,Cadastro Central de Empresas > Total de pessoal ocupado assalariado no setor cultural,pessoas,1,ES,2007,17395.0,17395.0
82734,assalariados_setor_cultural_cempre,Cadastro Central de Empresas > Total de pessoal ocupado assalariado no setor cultural,pessoas,1,ES,2009,18189.0,18189.0
82734,assalariados_setor_cultural_cempre,Cadastro Central de Empresas > Total de pessoal ocupado assalariado no setor cultural,pessoas,1,ES,2011,20054.0,20054.0
82734,assalariados_setor_cultural_cempre,Cadastro Central de Empresas > Total de pessoal ocupado assalariado no setor cultural,pessoas,1,ES,2017,18923.0,18923.0
82734,assalariados_setor_cultural_cempre,Cadastro Central de Empresas > Total de pessoal ocupado assalariado no setor cultural,pessoas,1,ES,2019,20634.0,20634.0
82734,assalariados_setor_cultural_cempre,Cadastro Central de Empresas > Total de pessoal ocupado assalariado no setor cultural,pessoas,1,ES,2021,21436.0,21436.0
82734,assalariados_setor_cultural_cempre,Cadastro Central de Empresas > Total de pessoal ocupado assalariado no setor cultural,pessoas,1,GO,2007,24232.0,24232.0
82734,assalariados_setor_cultural_cempre,Cadastro Central de Empresas > Total de pessoal ocupado assalariado no setor cultural,pessoas,1,GO,2009,25450.0,25450.0
82734,assalariados_setor_cultural_cempre,Cadastro Central de Empresas > Total de pessoal ocupado assalariado no setor cultural,pessoas,1,GO,2011,28269.0,28269.0
82734,assalariados_setor_cultural_cempre,Cadastro Central de Empresas > Total de pessoal ocupado assalariado no setor cultural,pessoas,1,GO,2017,32612.0,32612.0
82734,assalariados_setor_cultural_cempre,Cadastro Central de Empresas > Total de pessoal ocupado assalariado no setor cultural,pessoas,1,GO,2019,34490.0,34490.0
82734,assalariados_setor_cultural_cempre,Cadastro Central de Empresas > Total de pessoal ocupado assalariado no setor cultural,pessoas,1,GO,2021,35619.0,35619.0
82734,assalariados_setor_cultural_cempre,Cadastro Central de Empresas > Total de pessoal ocupado assalariado no setor cultural,pessoas,1,MA,2007,7699.0,7699.0
82734,assalariados_setor_cultural_cempre,Cadastro Central de Empresas > Total de pessoal ocupado assalariado no setor cultural,pessoas,1,MA,2009,8842.0,8842.0
82734,assalariados_setor_cultural_cempre,Cadastro Central de Empresas > Total de pessoal ocupado assalariado no setor cultural,pessoas,1,MA,2011,11008.0,11008.0
82734,assalariados_setor_cultural_cempre,Cadastro Central de Empresas > Total de pessoal ocupado assalariado no setor cultural,pessoas,1,MA,2017,11502.0,11502.0
82734,assalariados_setor_cultural_cempre,Cadastro Central de Empresas > Total de pessoal ocupado assalariado no setor cultural,pessoas,1,MA,2019,14516.0,14516.0
82734,assalariados_setor_cultural_cempre,Cadastro Central de Empresas > Total de pessoal ocupado assalariado no setor cultural,pessoas,1,MA,2021,15048.0,15048.0
82734,assalariados_setor_cultural_cempre,Cadastro Central de Empresas > Total de pessoal ocupado assalariado no setor cultural,pessoas,1,MG,2007,108682.0,108682.0
82734,assalariados_setor_cultural_cempre,Cadastro Central de Empresas > Total de pessoal ocupado assalariado no setor cultural,pessoas,1,MG,2009,117316.0,117316.0
82734,assalariados_setor_cultural_cempre,Cadastro Central de Empresas > Total de pessoal ocupado assalariado no setor cultural,pessoas,1,MG,2011,126939.0,126939.0
82734,assalariados_setor_cultural_cempre,Cadastro Central de Empresas > Total de pessoal ocupado assalariado no setor cultural,pessoas,1,MG,2017,119583.0,119583.0
82734,assalariados_setor_cultural_cempre,Cadastro Central de Empresas > Total de pessoal ocupado assalariado no setor cultural,pessoas,1,MG,2019,126148.0,126148.0
82734,assalariados_setor_cultural_cempre,Cadastro Central de Empresas > Total de pessoal ocupado assalariado no setor cultural,pessoas,1,MG,2021,137772.0,137772.0
82734,assalariados_setor_cultural_cempre,Cadastro Central de Empresas > Total de pessoal ocupado assalariado no setor cultural,pessoas,1,MS,2007,10995.0,10995.0
82734,assalariados_setor_cultural_cempre,Cadastro Central de Empresas > Total de pessoal ocupado assalariado no setor cultural,pessoas,1,MS,2009,11913.0,11913.0
82734,assalariados_setor_cultural_cempre,Cadastro Central de Empresas > Total de pessoal ocupado assalariado no setor cultural,pessoas,1,MS,2011,12613.0,12613.0
82734,assalariados_setor_cultural_cempre,Cadastro Central de Empresas > Total de pessoal ocupado assalariado no setor cultural,pessoas,1,MS,2017,13184.0,13184.0
82734,assalariados_setor_cultural_cempre,Cadastro Central de Empresas > Total de pessoal ocupado assalariado no setor cultural,pessoas,1,MS,2019,14341.0,14341.0
82734,assalariados_setor_cultural_cempre,Cadastro Central de Empresas > Total de pessoal ocupado assalariado no setor cultural,pessoas,1,MS,2021,14775.0,14775.0
82734,assalariados_setor_cultural_cempre,Cadastro Central de Empresas > Total de pessoal ocupado assalariado no setor cultural,pessoas,1,MT,2007,11857.0,11857.0
82734,assalariados_setor_cultural_cempre,Cadastro Central de Empresas > Total de pessoal ocupado assalariado no setor cultural,pessoas,1,MT,2009,13104.0,13104.0
82734,assalariados_setor_cultural_cempre,Cadastro Central de Empresas > Total de pessoal ocupado assalariado no setor cultural,pessoas,1,MT,2011,14863.0,14863.0
82734,assalariados_setor_cultural_cempre,Cadastro Central de Empresas > Total de pessoal ocupado assalariado no setor cultural,pessoas,1,MT,2017,16075.0,16075.0
82734,assalariados_setor_cultural_cempre,Cadastro Central de Empresas > Total de pessoal ocupado assalariado no setor cultural,pessoas,1,MT,2019,18289.0,18289.0
82734,assalariados_setor_cultural_cempre,Cadastro Central de Empresas > Total de pessoal ocupado assalariado no setor cultural,pessoas,1,MT,2021,19325.0,19325.0
82734,assalariados_setor_cultural_cempre,Cadastro Central de Empresas > Total de pessoal ocupado assalariado no setor cultural,pessoas,1,PA,2007,14447.0,14447.0
82734,assalariados_setor_cultural_cempre,Cadastro Central de Empresas > Total de pessoal ocupado assalariado no setor cultural,pessoas,1,PA,2009,15741.0,15741.0
82734,assalariados_setor_cultural_cempre,Cadastro Central de Empresas > Total de pessoal ocupado assalariado no setor cultural,pessoas,1,PA,2011,17374.0,17374.0
82734,assalariados_setor_cultural_cempre,Cadastro Central de Empresas > Total de pessoal ocupado assalariado no setor cultural,pessoas,1,PA,2017,18716.0,18716.0
82734,assalariados_setor_cultural_cempre,Cadastro Central de Empresas > Total de pessoal ocupado assalariado no setor cultural,pessoas,1,PA,2019,19189.0,19189.0
82734,assalariados_setor_cultural_cempre,Cadastro Central de Empresas > Total de pessoal ocupado assalariado no setor cultural,pessoas,1,PA,2021,19522.0,19522.0
82734,assalariados_setor_cultural_cempre,Cadastro Central de Empresas > Total de pessoal ocupado assalariado no setor cultural,pessoas,1,PB,2007,8065.0,8065.0
82734,assalariados_setor_cultural_cempre,Cadastro Central de Empresas > Total de pessoal ocupado assalariado no setor cultural,pessoas,1,PB,2009,8792.0,8792.0
82734,assalariados_setor_cultural_cempre,Cadastro Central de Empresas > Total de pessoal ocupado assalariado no setor cultural,pessoas,1,PB,2011,11209.0,11209.0
82734,assalariados_setor_cultural_cempre,Cadastro Central de Empresas > Total de pessoal ocupado assalariado no setor cultural,pessoas,1,PB,2017,12110.0,12110.0
82734,assalariados_setor_cultural_cempre,Cadastro Central de Empresas > Total de pessoal ocupado assalariado no setor cultural,pessoas,1,PB,2019,14139.0,14139.0
82734,assalariados_setor_cultural_cempre,Cadastro Central de Empresas > Total de pessoal ocupado assalariado no setor cultural,pessoas,1,PB,2021,14669.0,14669.0
82734,assalariados_setor_cultural_cempre,Cadastro Central de Empresas > Total de pessoal ocupado assalariado no setor cultural,pessoas,1,PE,2007,29396.0,29396.0
82734,assalariados_setor_cultural_cempre,Cadastro Central de Empresas > Total de pessoal ocupado assalariado no setor cultural,pessoas,1,PE,2009,33983.0,33983.0
82734,assalariados_setor_cultural_cempre,Cadastro Central de Empresas > Total de pessoal ocupado assalariado no setor cultural,pessoas,1,PE,2011,35716.0,35716.0
82734,assalariados_setor_cultural_cempre,Cadastro Central de Empresas > Total de pessoal ocupado assalariado no setor cultural,pessoas,1,PE,2017,34529.0,34529.0
82734,assalariados_setor_cultural_cempre,Cadastro Central de Empresas > Total de pessoal ocupado assalariado no setor cultural,pessoas,1,PE,2019,36935.0,36935.0
82734,assalariados_setor_cultural_cempre,Cadastro Central de Empresas > Total de pessoal ocupado assalariado no setor cultural,pessoas,1,PE,2021,39180.0,39180.0
82734,assalariados_setor_cultural_cempre,Cadastro Central de Empresas > Total de pessoal ocupado assalariado no setor cultural,pessoas,1,PI,2007,5844.0,5844.0
82734,assalariados_setor_cultural_cempre,Cadastro Central de Empresas > Total de pessoal ocupado assalariado no setor cultural,pessoas,1,PI,2009,6326.0,6326.0
82734,assalariados_setor_cultural_cempre,Cadastro Central de Empresas > Total de pessoal ocupado assalariado no setor cultural,pessoas,1,PI,2011,6834.0,6834.0
82734,assalariados_setor_cultural_cempre,Cadastro Central de Empresas > Total de pessoal ocupado assalariado no setor cultural,pessoas,1,PI,2017,8473.0,8473.0
82734,assalariados_setor_cultural_cempre,Cadastro Central de Empresas > Total de pessoal ocupado assalariado no setor cultural,pessoas,1,PI,2019,9227.0,9227.0
82734,assalariados_setor_cultural_cempre,Cadastro Central de Empresas > Total de pessoal ocupado assalariado no setor cultural,pessoas,1,PI,2021,11323.0,11323.0
82734,assalariados_setor_cultural_cempre,Cadastro Central de Empresas > Total de pessoal ocupado assalariado no setor cultural,pessoas,1,PR,2007,85300.0,85300.0
82734,assalariados_setor_cultural_cempre,Cadastro Central de Empresas > Total de pessoal ocupado assalariado no setor cultural,pessoas,1,PR,2009,94947.0,94947.0
82734,assalariados_setor_cultural_cempre,Cadastro Central de Empresas > Total de pessoal ocupado assalariado no setor cultural,pessoas,1,PR,2011,105385.0,105385.0
82734,assalariados_setor_cultural_cempre,Cadastro Central de Empresas > Total de pessoal ocupado assalariado no setor cultural,pessoas,1,PR,2017,95147.0,95147.0
82734,assalariados_setor_cultural_cempre,Cadastro Central de Empresas > Total de pessoal ocupado assalariado no setor cultural,pessoas,1,PR,2019,101221.0,101221.0
82734,assalariados_setor_cultural_cempre,Cadastro Central de Empresas > Total de pessoal ocupado assalariado no setor cultural,pessoas,1,PR,2021,107237.0,107237.0
82734,assalariados_setor_cultural_cempre,Cadastro Central de Empresas > Total de pessoal ocupado assalariado no setor cultural,pessoas,1,RJ,2007,146470.0,146470.0
82734,assalariados_setor_cultural_cempre,Cadastro Central de Empresas > Total de pessoal ocupado assalariado no setor cultural,pessoas,1,RJ,2009,154914.0,154914.0
82734,assalariados_setor_cultural_cempre,Cadastro Central de Empresas > Total de pessoal ocupado assalariado no setor cultural,pessoas,1,RJ,2011,178830.0,178830.0
82734,assalariados_setor_cultural_cempre,Cadastro Central de Empresas > Total de pessoal ocupado assalariado no setor cultural,pessoas,1,RJ,2017,153004.0,153004.0
82734,assalariados_setor_cultural_cempre,Cadastro Central de Empresas > Total de pessoal ocupado assalariado no setor cultural,pessoas,1,RJ,2019,156966.0,156966.0
82734,assalariados_setor_cultural_cempre,Cadastro Central de Empresas > Total de pessoal ocupado assalariado no setor cultural,pessoas,1,RJ,2021,146181.0,146181.0
82734,assalariados_setor_cultural_cempre,Cadastro Central de Empresas > Total de pessoal ocupado assalariado no setor cultural,pessoas,1,RN,2007,10163.0,10163.0
82734,assalariados_setor_cultural_cempre,Cadastro Central de Empresas > Total de pessoal ocupado assalariado no setor cultural,pessoas,1,RN,2009,10489.0,10489.0
82734,assalariados_setor_cultural_cempre,Cadastro Central de Empresas > Total de pessoal ocupado assalariado no setor cultural,pessoas,1,RN,2011,11874.0,11874.0
82734,assalariados_setor_cultural_cempre,Cadastro Central de Empresas > Total de pessoal ocupado assalariado no setor cultural,pessoas,1,RN,2017,12445.0,12445.0
82734,assalariados_setor_cultural_cempre,Cadastro Central de Empresas > Total de pessoal ocupado assalariado no setor cultural,pessoas,1,RN,2019,12729.0,12729.0
82734,assalariados_setor_cultural_cempre,Cadastro Central de Empresas > Total de pessoal ocupado assalariado no setor cultural,pessoas,1,RN,2021,12474.0,12474.0
82734,assalariados_setor_cultural_cempre,Cadastro Central de Empresas > Total de pessoal ocupado assalariado no setor cultural,pessoas,1,RO,2007,5221.0,5221.0
82734,assalariados_setor_cultural_cempre,Cadastro Central de Empresas > Total de pessoal ocupado assalariado no setor cultural,pessoas,1,RO,2009,5063.0,5063.0
82734,assalariados_setor_cultural_cempre,Cadastro Central de Empresas > Total de pessoal ocupado assalariado no setor cultural,pessoas,1,RO,2011,5519.0,5519.0
82734,assalariados_setor_cultural_cempre,Cadastro Central de Empresas > Total de pessoal ocupado assalariado no setor cultural,pessoas,1,RO,2017,6162.0,6162.0
82734,assalariados_setor_cultural_cempre,Cadastro Central de Empresas > Total de pessoal ocupado assalariado no setor cultural,pessoas,1,RO,2019,6491.0,6491.0
82734,assalariados_setor_cultural_cempre,Cadastro Central de Empresas > Total de pessoal ocupado assalariado no setor cultural,pessoas,1,RO,2021,7440.0,7440.0
82734,assalariados_setor_cultural_cempre,Cadastro Central de Empresas > Total de pessoal ocupado assalariado no setor cultural,pessoas,1,RR,2007,1076.0,1076.0
82734,assalariados_setor_cultural_cempre,Cadastro Central de Empresas > Total de pessoal ocupado assalariado no setor cultural,pessoas,1,RR,2009,1811.0,1811.0
82734,assalariados_setor_cultural_cempre,Cadastro Central de Empresas > Total de pessoal ocupado assalariado no setor cultural,pessoas,1,RR,2011,1467.0,1467.0
82734,assalariados_setor_cultural_cempre,Cadastro Central de Empresas > Total de pessoal ocupado assalariado no setor cultural,pessoas,1,RR,2017,1763.0,1763.0
82734,assalariados_setor_cultural_cempre,Cadastro Central de Empresas > Total de pessoal ocupado assalariado no setor cultural,pessoas,1,RR,2019,1885.0,1885.0
82734,assalariados_setor_cultural_cempre,Cadastro Central de Empresas > Total de pessoal ocupado assalariado no setor cultural,pessoas,1,RR,2021,2089.0,2089.0
82734,assalariados_setor_cultural_cempre,Cadastro Central de Empresas > Total de pessoal ocupado assalariado no setor cultural,pessoas,1,RS,2007,77268.0,77268.0
82734,assalariados_setor_cultural_cempre,Cadastro Central de Empresas > Total de pessoal ocupado assalariado no setor cultural,pessoas,1,RS,2009,88976.0,88976.0
82734,assalariados_setor_cultural_cempre,Cadastro Central de Empresas > Total de pessoal ocupado assalariado no setor cultural,pessoas,1,RS,2011,92292.0,92292.0
82734,assalariados_setor_cultural_cempre,Cadastro Central de Empresas > Total de pessoal ocupado assalariado no setor cultural,pessoas,1,RS,2017,93381.0,93381.0
82734,assalariados_setor_cultural_cempre,Cadastro Central de Empresas > Total de pessoal ocupado assalariado no setor cultural,pessoas,1,RS,2019,95315.0,95315.0
82734,assalariados_setor_cultural_cempre,Cadastro Central de Empresas > Total de pessoal ocupado assalariado no setor cultural,pessoas,1,RS,2021,101571.0,101571.0
82734,assalariados_setor_cultural_cempre,Cadastro Central de Empresas > Total de pessoal ocupado assalariado no setor cultural,pessoas,1,SC,2007,55748.0,55748.0
82734,assalariados_setor_cultural_cempre,Cadastro Central de Empresas > Total de pessoal ocupado assalariado no setor cultural,pessoas,1,SC,2009,58469.0,58469.0
82734,assalariados_setor_cultural_cempre,Cadastro Central de Empresas > Total de pessoal ocupado assalariado no setor cultural,pessoas,1,SC,2011,59801.0,59801.0
82734,assalariados_setor_cultural_cempre,Cadastro Central de Empresas > Total de pessoal ocupado assalariado no setor cultural,pessoas,1,SC,2017,68194.0,68194.0
82734,assalariados_setor_cultural_cempre,Cadastro Central de Empresas > Total de pessoal ocupado assalariado no setor cultural,pessoas,1,SC,2019,78407.0,78407.0
82734,assalariados_setor_cultural_cempre,Cadastro Central de Empresas > Total de pessoal ocupado assalariado no setor cultural,pessoas,1,SC,2021,87402.0,87402.0
82734,assalariados_setor_cultural_cempre,Cadastro Central de Empresas > Total de pessoal ocupado assalariado no setor cultural,pessoas,1,SE,2007,6031.0,6031.0
82734,assalariados_setor_cultural_cempre,Cadastro Central de Empresas > Total de pessoal ocupado assalariado no setor cultural,pessoas,1,SE,2009,6335.0,6335.0
82734,assalariados_setor_cultural_cempre,Cadastro Central de Empresas > Total de pessoal ocupado assalariado no setor cultural,pessoas,1,SE,2011,7679.0,7679.0
82734,assalariados_setor_cultural_cempre,Cadastro Central de Empresas > Total de pessoal ocupado assalariado no setor cultural,pessoas,1,SE,2017,7543.0,7543.0
82734,assalariados_setor_cultural_cempre,Cadastro Central de Empresas > Total de pessoal ocupado assalariado no setor cultural,pessoas,1,SE,2019,8479.0,8479.0
82734,assalariados_setor_cultural_cempre,Cadastro Central de Empresas > Total de pessoal ocupado assalariado no setor cultural,pessoas,1,SE,2021,8395.0,8395.0
82734,assalariados_setor_cultural_cempre,Cadastro Central de Empresas > Total de pessoal ocupado assalariado no setor cultural,pessoas,1,SP,2007,499589.0,499589.0
82734,assalariados_setor_cultural_cempre,Cadastro Central de Empresas > Total de pessoal ocupado assalariado no setor cultural,pessoas,1,SP,2009,559303.0,559303.0
82734,assalariados_setor_cultural_cempre,Cadastro Central de Empresas > Total de pessoal ocupado assalariado no setor cultural,pessoas,1,SP,2011,628179.0,628179.0
82734,assalariados_setor_cultural_cempre,Cadastro Central de Empresas > Total de pessoal ocupado assalariado no setor cultural,pessoas,1,SP,2017,554651.0,554651.0
82734,assalariados_setor_cultural_cempre,Cadastro Central de Empresas > Total de pessoal ocupado assalariado no setor cultural,pessoas,1,SP,2019,585325.0,585325.0
82734,assalariados_setor_cultural_cempre,Cadastro Central de Empresas > Total de pessoal ocupado assalariado no setor cultural,pessoas,1,SP,2021,607217.0,607217.0
82734,assalariados_setor_cultural_cempre,Cadastro Central de Empresas > Total de pessoal ocupado assalariado no setor cultural,pessoas,1,TO,2007,2513.0,2513.0
82734,assalariados_setor_cultural_cempre,Cadastro Central de Empresas > Total de pessoal ocupado assalariado no setor cultural,pessoas,1,TO,2009,2713.0,2713.0
82734,assalariados_setor_cultural_cempre,Cadastro Central de Empresas > Total de pessoal ocupado assalariado no setor cultural,pessoas,1,TO,2011,3097.0,3097.0
82734,assalariados_setor_cultural_cempre,Cadastro Central de Empresas > Total de pessoal ocupado assalariado no setor cultural,pessoas,1,TO,2017,3600.0,3600.0
82734,assalariados_setor_cultural_cempre,Cadastro Central de Empresas > Total de pessoal ocupado assalariado no setor cultural,pessoas,1,TO,2019,3895.0,3895.0
82734,assalariados_setor_cultural_cempre,Cadastro Central de Empresas > Total de pessoal ocupado assalariado no setor cultural,pessoas,1,TO,2021,4495.0,4495.0
82731,ocupados_14mais_pnadc,Pesquisa Nacional por Amostra de Domicílios Contínua  > Pessoas de 14 anos ou mais de idade ocupadas na semana de referência,pessoas,1000,AC,2014,306.0,306000.0
82731,ocupados_14mais_pnadc,Pesquisa Nacional por Amostra de Domicílios Contínua  > Pessoas de 14 anos ou mais de idade ocupadas na semana de referência,pessoas,1000,AC,2015,309.0,309000.0
82731,ocupados_14mais_pnadc,Pesquisa Nacional por Amostra de Domicílios Contínua  > Pessoas de 14 anos ou mais de idade ocupadas na semana de referência,pessoas,1000,AC,2016,293.0,293000.0
82731,ocupados_14mais_pnadc,Pesquisa Nacional por Amostra de Domicílios Contínua  > Pessoas de 14 anos ou mais de idade ocupadas na semana de referência,pessoas,1000,AC,2017,286.0,286000.0
82731,ocupados_14mais_pnadc,Pesquisa Nacional por Amostra de Domicílios Contínua  > Pessoas de 14 anos ou mais de idade ocupadas na semana de referência,pessoas,1000,AC,2018,308.0,308000.0
82731,ocupados_14mais_pnadc,Pesquisa Nacional por Amostra de Domicílios Contínua  > Pessoas de 14 anos ou mais de idade ocupadas na semana de referência,pessoas,1000,AC,2019,292.0,292000.0
82731,ocupados_14mais_pnadc,Pesquisa Nacional por Amostra de Domicílios Contínua  > Pessoas de 14 anos ou mais de idade ocupadas na semana de referência,pessoas,1000,AC,2020,267.0,267000.0
82731,ocupados_14mais_pnadc,Pesquisa Nacional por Amostra de Domicílios Contínua  > Pessoas de 14 anos ou mais de idade ocupadas na semana de referência,pessoas,1000,AC,2021,293.0,293000.0
82731,ocupados_14mais_pnadc,Pesquisa Nacional por Amostra de Domicílios Contínua  > Pessoas de 14 anos ou mais de idade ocupadas na semana de referência,pessoas,1000,AC,2022,306.0,306000.0
82731,ocupados_14mais_pnadc,Pesquisa Nacional por Amostra de Domicílios Contínua  > Pessoas de 14 anos ou mais de idade ocupadas na semana de referência,pessoas,1000,AC,2023,295.0,295000.0
82731,ocupados_14mais_pnadc,Pesquisa Nacional por Amostra de Domicílios Contínua  > Pessoas de 14 anos ou mais de idade ocupadas na semana de referência,pessoas,1000,AC,2024,315.0,315000.0
82731,ocupados_14mais_pnadc,Pesquisa Nacional por Amostra de Domicílios Contínua  > Pessoas de 14 anos ou mais de idade ocupadas na semana de referência,pessoas,1000,AL,2014,1101.0,1101000.0
82731,ocupados_14mais_pnadc,Pesquisa Nacional por Amostra de Domicílios Contínua  > Pessoas de 14 anos ou mais de idade ocupadas na semana de referência,pessoas,1000,AL,2015,1087.0,1087000.0
82731,ocupados_14mais_pnadc,Pesquisa Nacional por Amostra de Domicílios Contínua  > Pessoas de 14 anos ou mais de idade ocupadas na semana de referência,pessoas,1000,AL,2016,1072.0,1072000.0
82731,ocupados_14mais_pnadc,Pesquisa Nacional por Amostra de Domicílios Contínua  > Pessoas de 14 anos ou mais de idade ocupadas na semana de referência,pessoas,1000,AL,2017,985.0,985000.0
82731,ocupados_14mais_pnadc,Pesquisa Nacional por Amostra de Domicílios Contínua  > Pessoas de 14 anos ou mais de idade ocupadas na semana de referência,pessoas,1000,AL,2018,954.0,954000.0
82731,ocupados_14mais_pnadc,Pesquisa Nacional por Amostra de Domicílios Contínua  > Pessoas de 14 anos ou mais de idade ocupadas na semana de referência,pessoas,1000,AL,2019,1001.0,1001000.0
82731,ocupados_14mais_pnadc,Pesquisa Nacional por Amostra de Domicílios Contínua  > Pessoas de 14 anos ou mais de idade ocupadas na semana de referência,pessoas,1000,AL,2020,887.0,887000.0
82731,ocupados_14mais_pnadc,Pesquisa Nacional por Amostra de Domicílios Contínua  > Pessoas de 14 anos ou mais de idade ocupadas na semana de referência,pessoas,1000,AL,2021,1034.0,1034000.0
82731,ocupados_14mais_pnadc,Pesquisa Nacional por Amostra de Domicílios Contínua  > Pessoas de 14 anos ou mais de idade ocupadas na semana de referência,pessoas,1000,AL,2022,1118.0,1118000.0
82731,ocupados_14mais_pnadc,Pesquisa Nacional por Amostra de Domicílios Contínua  > Pessoas de 14 anos ou mais de idade ocupadas na semana de referência,pessoas,1000,AL,2023,1201.0,1201000.0
82731,ocupados_14mais_pnadc,Pesquisa Nacional por Amostra de Domicílios Contínua  > Pessoas de 14 anos ou mais de idade ocupadas na semana de referência,pessoas,1000,AL,2024,1236.0,1236000.0
82731,ocupados_14mais_pnadc,Pesquisa Nacional por Amostra de Domicílios Contínua  > Pessoas de 14 anos ou mais de idade ocupadas na semana de referência,pessoas,1000,AM,2014,1482.0,1482000.0
82731,ocupados_14mais_pnadc,Pesquisa Nacional por Amostra de Domicílios Contínua  > Pessoas de 14 anos ou mais de idade ocupadas na semana de referência,pessoas,1000,AM,2015,1474.0,1474000.0
82731,ocupados_14mais_pnadc,Pesquisa Nacional por Amostra de Domicílios Contínua  > Pessoas de 14 anos ou mais de idade ocupadas na semana de referência,pessoas,1000,AM,2016,1490.0,1490000.0
82731,ocupados_14mais_pnadc,Pesquisa Nacional por Amostra de Domicílios Contínua  > Pessoas de 14 anos ou mais de idade ocupadas na semana de referência,pessoas,1000,AM,2017,1531.0,1531000.0
82731,ocupados_14mais_pnadc,Pesquisa Nacional por Amostra de Domicílios Contínua  > Pessoas de 14 anos ou mais de idade ocupadas na semana de referência,pessoas,1000,AM,2018,1558.0,1558000.0
82731,ocupados_14mais_pnadc,Pesquisa Nacional por Amostra de Domicílios Contínua  > Pessoas de 14 anos ou mais de idade ocupadas na semana de referência,pessoas,1000,AM,2019,1606.0,1606000.0
82731,ocupados_14mais_pnadc,Pesquisa Nacional por Amostra de Domicílios Contínua  > Pessoas de 14 anos ou mais de idade ocupadas na semana de referência,pessoas,1000,AM,2020,1490.0,1490000.0
82731,ocupados_14mais_pnadc,Pesquisa Nacional por Amostra de Domicílios Contínua  > Pessoas de 14 anos ou mais de idade ocupadas na semana de referência,pessoas,1000,AM,2021,1610.0,1610000.0
82731,ocupados_14mais_pnadc,Pesquisa Nacional por Amostra de Domicílios Contínua  > Pessoas de 14 anos ou mais de idade ocupadas na semana de referência,pessoas,1000,AM,2022,1637.0,1637000.0
82731,ocupados_14mais_pnadc,Pesquisa Nacional por Amostra de Domicílios Contínua  > Pessoas de 14 anos ou mais de idade ocupadas na semana de referência,pessoas,1000,AM,2023,1697.0,1697000.0
82731,ocupados_14mais_pnadc,Pesquisa Nacional por Amostra de Domicílios Contínua  > Pessoas de 14 anos ou mais de idade ocupadas na semana de referência,pessoas,1000,AM,2024,1779.0,1779000.0
82731,ocupados_14mais_pnadc,Pesquisa Nacional por Amostra de Domicílios Contínua  > Pessoas de 14 anos ou mais de idade ocupadas na semana de referência,pessoas,1000,AP,2014,278.0,278000.0
82731,ocupados_14mais_pnadc,Pesquisa Nacional por Amostra de Domicílios Contínua  > Pessoas de 14 anos ou mais de idade ocupadas na semana de referência,pessoas,1000,AP,2015,283.0,283000.0
82731,ocupados_14mais_pnadc,Pesquisa Nacional por Amostra de Domicílios Contínua  > Pessoas de 14 anos ou mais de idade ocupadas na semana de referência,pessoas,1000,AP,2016,285.0,285000.0
82731,ocupados_14mais_pnadc,Pesquisa Nacional por Amostra de Domicílios Contínua  > Pessoas de 14 anos ou mais de idade ocupadas na semana de referência,pessoas,1000,AP,2017,278.0,278000.0
82731,ocupados_14mais_pnadc,Pesquisa Nacional por Amostra de Domicílios Contínua  > Pessoas de 14 anos ou mais de idade ocupadas na semana de referência,pessoas,1000,AP,2018,269.0,269000.0
82731,ocupados_14mais_pnadc,Pesquisa Nacional por Amostra de Domicílios Contínua  > Pessoas de 14 anos ou mais de idade ocupadas na semana de referência,pessoas,1000,AP,2019,300.0,300000.0
82731,ocupados_14mais_pnadc,Pesquisa Nacional por Amostra de Domicílios Contínua  > Pessoas de 14 anos ou mais de idade ocupadas na semana de referência,pessoas,1000,AP,2020,270.0,270000.0
82731,ocupados_14mais_pnadc,Pesquisa Nacional por Amostra de Domicílios Contínua  > Pessoas de 14 anos ou mais de idade ocupadas na semana de referência,pessoas,1000,AP,2021,291.0,291000.0
82731,ocupados_14mais_pnadc,Pesquisa Nacional por Amostra de Domicílios Contínua  > Pessoas de 14 anos ou mais de idade ocupadas na semana de referência,pessoas,1000,AP,2022,321.0,321000.0
82731,ocupados_14mais_pnadc,Pesquisa Nacional por Amostra de Domicílios Contínua  > Pessoas de 14 anos ou mais de idade ocupadas na semana de referência,pessoas,1000,AP,2023,345.0,345000.0
82731,ocupados_14mais_pnadc,Pesquisa Nacional por Amostra de Domicílios Contínua  > Pessoas de 14 anos ou mais de idade ocupadas na semana de referência,pessoas,1000,AP,2024,330.0,330000.0
82731,ocupados_14mais_pnadc,Pesquisa Nacional por Amostra de Domicílios Contínua  > Pessoas de 14 anos ou mais de idade ocupadas na semana de referência,pessoas,1000,BA,2014,6240.0,6240000.0
82731,ocupados_14mais_pnadc,Pesquisa Nacional por Amostra de Domicílios Contínua  > Pessoas de 14 anos ou mais de idade ocupadas na semana de referência,pessoas,1000,BA,2015,6295.0,6295000.0
82731,ocupados_14mais_pnadc,Pesquisa Nacional por Amostra de Domicílios Contínua  > Pessoas de 14 anos ou mais de idade ocupadas na semana de referência,pessoas,1000,BA,2016,5776.0,5776000.0
82731,ocupados_14mais_pnadc,Pesquisa Nacional por Amostra de Domicílios Contínua  > Pessoas de 14 anos ou mais de idade ocupadas na semana de referência,pessoas,1000,BA,2017,5683.0,5683000.0
82731,ocupados_14mais_pnadc,Pesquisa Nacional por Amostra de Domicílios Contínua  > Pessoas de 14 anos ou mais de idade ocupadas na semana de referência,pessoas,1000,BA,2018,5709.0,5709000.0
82731,ocupados_14mais_pnadc,Pesquisa Nacional por Amostra de Domicílios Contínua  > Pessoas de 14 anos ou mais de idade ocupadas na semana de referência,pessoas,1000,BA,2019,5821.0,5821000.0
82731,ocupados_14mais_pnadc,Pesquisa Nacional por Amostra de Domicílios Contínua  > Pessoas de 14 anos ou mais de idade ocupadas na semana de referência,pessoas,1000,BA,2020,5007.0,5007000.0
82731,ocupados_14mais_pnadc,Pesquisa Nacional por Amostra de Domicílios Contínua  > Pessoas de 14 anos ou mais de idade ocupadas na semana de referência,pessoas,1000,BA,2021,5148.0,5148000.0
82731,ocupados_14mais_pnadc,Pesquisa Nacional por Amostra de Domicílios Contínua  > Pessoas de 14 anos ou mais de idade ocupadas na semana de referência,pessoas,1000,BA,2022,5912.0,5912000.0
82731,ocupados_14mais_pnadc,Pesquisa Nacional por Amostra de Domicílios Contínua  > Pessoas de 14 anos ou mais de idade ocupadas na semana de referência,pessoas,1000,BA,2023,5954.0,5954000.0
82731,ocupados_14mais_pnadc,Pesquisa Nacional por Amostra de Domicílios Contínua  > Pessoas de 14 anos ou mais de idade ocupadas na semana de referência,pessoas,1000,BA,2024,6295.0,6295000.0
82731,ocupados_14mais_pnadc,Pesquisa Nacional por Amostra de Domicílios Contínua  > Pessoas de 14 anos ou mais de idade ocupadas na semana de referência,pessoas,1000,CE,2014,3491.0,3491000.0
82731,ocupados_14mais_pnadc,Pesquisa Nacional por Amostra de Domicílios Contínua  > Pessoas de 14 anos ou mais de idade ocupadas na semana de referência,pessoas,1000,CE,2015,3392.0,3392000.0
82731,ocupados_14mais_pnadc,Pesquisa Nacional por Amostra de Domicílios Contínua  > Pessoas de 14 anos ou mais de idade ocupadas na semana de referência,pessoas,1000,CE,2016,3377.0,3377000.0
82731,ocupados_14mais_pnadc,Pesquisa Nacional por Amostra de Domicílios Contínua  > Pessoas de 14 anos ou mais de idade ocupadas na semana de referência,pessoas,1000,CE,2017,3456.0,3456000.0
82731,ocupados_14mais_pnadc,Pesquisa Nacional por Amostra de Domicílios Contínua  > Pessoas de 14 anos ou mais de idade ocupadas na semana de referência,pessoas,1000,CE,2018,3566.0,3566000.0
82731,ocupados_14mais_pnadc,Pesquisa Nacional por Amostra de Domicílios Contínua  > Pessoas de 14 anos ou mais de idade ocupadas na semana de referência,pessoas,1000,CE,2019,3631.0,3631000.0
82731,ocupados_14mais_pnadc,Pesquisa Nacional por Amostra de Domicílios Contínua  > Pessoas de 14 anos ou mais de idade ocupadas na semana de referência,pessoas,1000,CE,2020,3204.0,3204000.0
82731,ocupados_14mais_pnadc,Pesquisa Nacional por Amostra de Domicílios Contínua  > Pessoas de 14 anos ou mais de idade ocupadas na semana de referência,pessoas,1000,CE,2021,3241.0,3241000.0
82731,ocupados_14mais_pnadc,Pesquisa Nacional por Amostra de Domicílios Contínua  > Pessoas de 14 anos ou mais de idade ocupadas na semana de referência,pessoas,1000,CE,2022,3464.0,3464000.0
82731,ocupados_14mais_pnadc,Pesquisa Nacional por Amostra de Domicílios Contínua  > Pessoas de 14 anos ou mais de idade ocupadas na semana de referência,pessoas,1000,CE,2023,3611.0,3611000.0
82731,ocupados_14mais_pnadc,Pesquisa Nacional por Amostra de Domicílios Contínua  > Pessoas de 14 anos ou mais de idade ocupadas na semana de referência,pessoas,1000,CE,2024,3652.0,3652000.0
82731,ocupados_14mais_pnadc,Pesquisa Nacional por Amostra de Domicílios Contínua  > Pessoas de 14 anos ou mais de idade ocupadas na semana de referência,pessoas,1000,DF,2014,1318.0,1318000.0
82731,ocupados_14mais_pnadc,Pesquisa Nacional por Amostra de Domicílios Contínua  > Pessoas de 14 anos ou mais de idade ocupadas na semana de referência,pessoas,1000,DF,2015,1349.0,1349000.0
82731,ocupados_14mais_pnadc,Pesquisa Nacional por Amostra de Domicílios Contínua  > Pessoas de 14 anos ou mais de idade ocupadas na semana de referência,pessoas,1000,DF,2016,1347.0,1347000.0
82731,ocupados_14mais_pnadc,Pesquisa Nacional por Amostra de Domicílios Contínua  > Pessoas de 14 anos ou mais de idade ocupadas na semana de referência,pessoas,1000,DF,2017,1364.0,1364000.0
82731,ocupados_14mais_pnadc,Pesquisa Nacional por Amostra de Domicílios Contínua  > Pessoas de 14 anos ou mais de idade ocupadas na semana de referência,pessoas,1000,DF,2018,1387.0,1387000.0
82731,ocupados_14mais_pnadc,Pesquisa Nacional por Amostra de Domicílios Contínua  > Pessoas de 14 anos ou mais de idade ocupadas na semana de referência,pessoas,1000,DF,2019,1384.0,1384000.0
82731,ocupados_14mais_pnadc,Pesquisa Nacional por Amostra de Domicílios Contínua  > Pessoas de 14 anos ou mais de idade ocupadas na semana de referência,pessoas,1000,DF,2020,1279.0,1279000.0
82731,ocupados_14mais_pnadc,Pesquisa Nacional por Amostra de Domicílios Contínua  > Pessoas de 14 anos ou mais de idade ocupadas na semana de referência,pessoas,1000,DF,2021,1356.0,1356000.0
82731,ocupados_14mais_pnadc,Pesquisa Nacional por Amostra de Domicílios Contínua  > Pessoas de 14 anos ou mais de idade ocupadas na semana de referência,pessoas,1000,DF,2022,1478.0,1478000.0
82731,ocupados_14mais_pnadc,Pesquisa Nacional por Amostra de Domicílios Contínua  > Pessoas de 14 anos ou mais de idade ocupadas na semana de referência,pessoas,1000,DF,2023,1511.0,1511000.0
82731,ocupados_14mais_pnadc,Pesquisa Nacional por Amostra de Domicílios Contínua  > Pessoas de 14 anos ou mais de idade ocupadas na semana de referência,pessoas,1000,DF,2024,1470.0,1470000.0
82731,ocupados_14mais_pnadc,Pesquisa Nacional por Amostra de Domicílios Contínua  > Pessoas de 14 anos ou mais de idade ocupadas na semana de referência,pessoas,1000,ES,2014,1798.0,1798000.0
82731,ocupados_14mais_pnadc,Pesquisa Nacional por Amostra de Domicílios Contínua  > Pessoas de 14 anos ou mais de idade ocupadas na semana de referência,pessoas,1000,ES,2015,1794.0,1794000.0
82731,ocupados_14mais_pnadc,Pesquisa Nacional por Amostra de Domicílios Contínua  > Pessoas de 14 anos ou mais de idade ocupadas na semana de referência,pessoas,1000,ES,2016,1740.0,1740000.0
82731,ocupados_14mais_pnadc,Pesquisa Nacional por Amostra de Domicílios Contínua  > Pessoas de 14 anos ou mais de idade ocupadas na semana de referência,pessoas,1000,ES,2017,1776.0,1776000.0
82731,ocupados_14mais_pnadc,Pesquisa Nacional por Amostra de Domicílios Contínua  > Pessoas de 14 anos ou mais de idade ocupadas na semana de referência,pessoas,1000,ES,2018,1873.0,1873000.0
82731,ocupados_14mais_pnadc,Pesquisa Nacional por Amostra de Domicílios Contínua  > Pessoas de 14 anos ou mais de idade ocupadas na semana de referência,pessoas,1000,ES,2019,1930.0,1930000.0
82731,ocupados_14mais_pnadc,Pesquisa Nacional por Amostra de Domicílios Contínua  > Pessoas de 14 anos ou mais de idade ocupadas na semana de referência,pessoas,1000,ES,2020,1783.0,1783000.0
82731,ocupados_14mais_pnadc,Pesquisa Nacional por Amostra de Domicílios Contínua  > Pessoas de 14 anos ou mais de idade ocupadas na semana de referência,pessoas,1000,ES,2021,1807.0,1807000.0
82731,ocupados_14mais_pnadc,Pesquisa Nacional por Amostra de Domicílios Contínua  > Pessoas de 14 anos ou mais de idade ocupadas na semana de referência,pessoas,1000,ES,2022,1936.0,1936000.0
82731,ocupados_14mais_pnadc,Pesquisa Nacional por Amostra de Domicílios Contínua  > Pessoas de 14 anos ou mais de idade ocupadas na semana de referência,pessoas,1000,ES,2023,1982.0,1982000.0
82731,ocupados_14mais_pnadc,Pesquisa Nacional por Amostra de Domicílios Contínua  > Pessoas de 14 anos ou mais de idade ocupadas na semana de referência,pessoas,1000,ES,2024,2044.0,2044000.0
82731,ocupados_14mais_pnadc,Pesquisa Nacional por Amostra de Domicílios Contínua  > Pessoas de 14 anos ou mais de idade ocupadas na semana de referência,pessoas,1000,GO,2014,3214.0,3214000.0
82731,ocupados_14mais_pnadc,Pesquisa Nacional por Amostra de Domicílios Contínua  > Pessoas de 14 anos ou mais de idade ocupadas na semana de referência,pessoas,1000,GO,2015,3184.0,3184000.0
82731,ocupados_14mais_pnadc,Pesquisa Nacional por Amostra de Domicílios Contínua  > Pessoas de 14 anos ou mais de idade ocupadas na semana de referência,pessoas,1000,GO,2016,3132.0,3132000.0
82731,ocupados_14mais_pnadc,Pesquisa Nacional por Amostra de Domicílios Contínua  > Pessoas de 14 anos ou mais de idade ocupadas na semana de referência,pessoas,1000,GO,2017,3270.0,3270000.0
82731,ocupados_14mais_pnadc,Pesquisa Nacional por Amostra de Domicílios Contínua  > Pessoas de 14 anos ou mais de idade ocupadas na semana de referência,pessoas,1000,GO,2018,3317.0,3317000.0
82731,ocupados_14mais_pnadc,Pesquisa Nacional por Amostra de Domicílios Contínua  > Pessoas de 14 anos ou mais de idade ocupadas na semana de referência,pessoas,1000,GO,2019,3371.0,3371000.0
82731,ocupados_14mais_pnadc,Pesquisa Nacional por Amostra de Domicílios Contínua  > Pessoas de 14 anos ou mais de idade ocupadas na semana de referência,pessoas,1000,GO,2020,3071.0,3071000.0
82731,ocupados_14mais_pnadc,Pesquisa Nacional por Amostra de Domicílios Contínua  > Pessoas de 14 anos ou mais de idade ocupadas na semana de referência,pessoas,1000,GO,2021,3217.0,3217000.0
82731,ocupados_14mais_pnadc,Pesquisa Nacional por Amostra de Domicílios Contínua  > Pessoas de 14 anos ou mais de idade ocupadas na semana de referência,pessoas,1000,GO,2022,3566.0,3566000.0
82731,ocupados_14mais_pnadc,Pesquisa Nacional por Amostra de Domicílios Contínua  > Pessoas de 14 anos ou mais de idade ocupadas na semana de referência,pessoas,1000,GO,2023,3821.0,3821000.0
82731,ocupados_14mais_pnadc,Pesquisa Nacional por Amostra de Domicílios Contínua  > Pessoas de 14 anos ou mais de idade ocupadas na semana de referência,pessoas,1000,GO,2024,3847.0,3847000.0
82731,ocupados_14mais_pnadc,Pesquisa Nacional por Amostra de Domicílios Contínua  > Pessoas de 14 anos ou mais de idade ocupadas na semana de referência,pessoas,1000,MA,2014,2565.0,2565000.0
82731,ocupados_14mais_pnadc,Pesquisa Nacional por Amostra de Domicílios Contínua  > Pessoas de 14 anos ou mais de idade ocupadas na semana de referência,pessoas,1000,MA,2015,2573.0,2573000.0
82731,ocupados_14mais_pnadc,Pesquisa Nacional por Amostra de Domicílios Contínua  > Pessoas de 14 anos ou mais de idade ocupadas na semana de referência,pessoas,1000,MA,2016,2420.0,2420000.0
82731,ocupados_14mais_pnadc,Pesquisa Nacional por Amostra de Domicílios Contínua  > Pessoas de 14 anos ou mais de idade ocupadas na semana de referência,pessoas,1000,MA,2017,2309.0,2309000.0
82731,ocupados_14mais_pnadc,Pesquisa Nacional por Amostra de Domicílios Contínua  > Pessoas de 14 anos ou mais de idade ocupadas na semana de referência,pessoas,1000,MA,2018,2203.0,2203000.0
82731,ocupados_14mais_pnadc,Pesquisa Nacional por Amostra de Domicílios Contínua  > Pessoas de 14 anos ou mais de idade ocupadas na semana de referência,pessoas,1000,MA,2019,2225.0,2225000.0
82731,ocupados_14mais_pnadc,Pesquisa Nacional por Amostra de Domicílios Contínua  > Pessoas de 14 anos ou mais de idade ocupadas na semana de referência,pessoas,1000,MA,2020,2062.0,2062000.0
82731,ocupados_14mais_pnadc,Pesquisa Nacional por Amostra de Domicílios Contínua  > Pessoas de 14 anos ou mais de idade ocupadas na semana de referência,pessoas,1000,MA,2021,2101.0,2101000.0
82731,ocupados_14mais_pnadc,Pesquisa Nacional por Amostra de Domicílios Contínua  > Pessoas de 14 anos ou mais de idade ocupadas na semana de referência,pessoas,1000,MA,2022,2392.0,2392000.0
82731,ocupados_14mais_pnadc,Pesquisa Nacional por Amostra de Domicílios Contínua  > Pessoas de 14 anos ou mais de idade ocupadas na semana de referência,pessoas,1000,MA,2023,2520.0,2520000.0
82731,ocupados_14mais_pnadc,Pesquisa Nacional por Amostra de Domicílios Contínua  > Pessoas de 14 anos ou mais de idade ocupadas na semana de referência,pessoas,1000,MA,2024,2546.0,2546000.0
82731,ocupados_14mais_pnadc,Pesquisa Nacional por Amostra de Domicílios Contínua  > Pessoas de 14 anos ou mais de idade ocupadas na semana de referência,pessoas,1000,MG,2014,9646.0,9646000.0
82731,ocupados_14mais_pnadc,Pesquisa Nacional por Amostra de Domicílios Contínua  > Pessoas de 14 anos ou mais de idade ocupadas na semana de referência,pessoas,1000,MG,2015,9862.0,9862000.0
82731,ocupados_14mais_pnadc,Pesquisa Nacional por Amostra de Domicílios Contínua  > Pessoas de 14 anos ou mais de idade ocupadas na semana de referência,pessoas,1000,MG,2016,9511.0,9511000.0
82731,ocupados_14mais_pnadc,Pesquisa Nacional por Amostra de Domicílios Contínua  > Pessoas de 14 anos ou mais de idade ocupadas na semana de referência,pessoas,1000,MG,2017,9638.0,9638000.0
82731,ocupados_14mais_pnadc,Pesquisa Nacional por Amostra de Domicílios Contínua  > Pessoas de 14 anos ou mais de idade ocupadas na semana de referência,pessoas,1000,MG,2018,9839.0,9839000.0
82731,ocupados_14mais_pnadc,Pesquisa Nacional por Amostra de Domicílios Contínua  > Pessoas de 14 anos ou mais de idade ocupadas na semana de referência,pessoas,1000,MG,2019,10103.0,10103000.0
82731,ocupados_14mais_pnadc,Pesquisa Nacional por Amostra de Domicílios Contínua  > Pessoas de 14 anos ou mais de idade ocupadas na semana de referência,pessoas,1000,MG,2020,9302.0,9302000.0
82731,ocupados_14mais_pnadc,Pesquisa Nacional por Amostra de Domicílios Contínua  > Pessoas de 14 anos ou mais de idade ocupadas na semana de referência,pessoas,1000,MG,2021,9483.0,9483000.0
82731,ocupados_14mais_pnadc,Pesquisa Nacional por Amostra de Domicílios Contínua  > Pessoas de 14 anos ou mais de idade ocupadas na semana de referência,pessoas,1000,MG,2022,10204.0,10204000.0
82731,ocupados_14mais_pnadc,Pesquisa Nacional por Amostra de Domicílios Contínua  > Pessoas de 14 anos ou mais de idade ocupadas na semana de referência,pessoas,1000,MG,2023,10650.0,10650000.0
82731,ocupados_14mais_pnadc,Pesquisa Nacional por Amostra de Domicílios Contínua  > Pessoas de 14 anos ou mais de idade ocupadas na semana de referência,pessoas,1000,MG,2024,10859.0,10859000.0
82731,ocupados_14mais_pnadc,Pesquisa Nacional por Amostra de Domicílios Contínua  > Pessoas de 14 anos ou mais de idade ocupadas na semana de referência,pessoas,1000,MS,2014,1234.0,1234000.0
82731,ocupados_14mais_pnadc,Pesquisa Nacional por Amostra de Domicílios Contínua  > Pessoas de 14 anos ou mais de idade ocupadas na semana de referência,pessoas,1000,MS,2015,1231.0,1231000.0
82731,ocupados_14mais_pnadc,Pesquisa Nacional por Amostra de Domicílios Contínua  > Pessoas de 14 anos ou mais de idade ocupadas na semana de referência,pessoas,1000,MS,2016,1263.0,1263000.0
82731,ocupados_14mais_pnadc,Pesquisa Nacional por Amostra de Domicílios Contínua  > Pessoas de 14 anos ou mais de idade ocupadas na semana de referência,pessoas,1000,MS,2017,1251.0,1251000.0
82731,ocupados_14mais_pnadc,Pesquisa Nacional por Amostra de Domicílios Contínua  > Pessoas de 14 anos ou mais de idade ocupadas na semana de referência,pessoas,1000,MS,2018,1313.0,1313000.0
82731,ocupados_14mais_pnadc,Pesquisa Nacional por Amostra de Domicílios Contínua  > Pessoas de 14 anos ou mais de idade ocupadas na semana de referência,pessoas,1000,MS,2019,1339.0,1339000.0
82731,ocupados_14mais_pnadc,Pesquisa Nacional por Amostra de Domicílios Contínua  > Pessoas de 14 anos ou mais de idade ocupadas na semana de referência,pessoas,1000,MS,2020,1229.0,1229000.0
82731,ocupados_14mais_pnadc,Pesquisa Nacional por Amostra de Domicílios Contínua  > Pessoas de 14 anos ou mais de idade ocupadas na semana de referência,pessoas,1000,MS,2021,1261.0,1261000.0
82731,ocupados_14mais_pnadc,Pesquisa Nacional por Amostra de Domicílios Contínua  > Pessoas de 14 anos ou mais de idade ocupadas na semana de referência,pessoas,1000,MS,2022,1345.0,1345000.0
82731,ocupados_14mais_pnadc,Pesquisa Nacional por Amostra de Domicílios Contínua  > Pessoas de 14 anos ou mais de idade ocupadas na semana de referência,pessoas,1000,MS,2023,1425.0,1425000.0
82731,ocupados_14mais_pnadc,Pesquisa Nacional por Amostra de Domicílios Contínua  > Pessoas de 14 anos ou mais de idade ocupadas na semana de referência,pessoas,1000,MS,2024,1419.0,1419000.0
82731,ocupados_14mais_pnadc,Pesquisa Nacional por Amostra de Domicílios Contínua  > Pessoas de 14 anos ou mais de idade ocupadas na semana de referência,pessoas,1000,MT,2014,1547.0,1547000.0
82731,ocupados_14mais_pnadc,Pesquisa Nacional por Amostra de Domicílios Contínua  > Pessoas de 14 anos ou mais de idade ocupadas na semana de referência,pessoas,1000,MT,2015,1573.0,1573000.0
82731,ocupados_14mais_pnadc,Pesquisa Nacional por Amostra de Domicílios Contínua  > Pessoas de 14 anos ou mais de idade ocupadas na semana de referência,pessoas,1000,MT,2016,1536.0,1536000.0
82731,ocupados_14mais_pnadc,Pesquisa Nacional por Amostra de Domicílios Contínua  > Pessoas de 14 anos ou mais de idade ocupadas na semana de referência,pessoas,1000,MT,2017,1580.0,1580000.0
82731,ocupados_14mais_pnadc,Pesquisa Nacional por Amostra de Domicílios Contínua  > Pessoas de 14 anos ou mais de idade ocupadas na semana de referência,pessoas,1000,MT,2018,1644.0,1644000.0
82731,ocupados_14mais_pnadc,Pesquisa Nacional por Amostra de Domicílios Contínua  > Pessoas de 14 anos ou mais de idade ocupadas na semana de referência,pessoas,1000,MT,2019,1723.0,1723000.0
82731,ocupados_14mais_pnadc,Pesquisa Nacional por Amostra de Domicílios Contínua  > Pessoas de 14 anos ou mais de idade ocupadas na semana de referência,pessoas,1000,MT,2020,1648.0,1648000.0
82731,ocupados_14mais_pnadc,Pesquisa Nacional por Amostra de Domicílios Contínua  > Pessoas de 14 anos ou mais de idade ocupadas na semana de referência,pessoas,1000,MT,2021,1702.0,1702000.0
82731,ocupados_14mais_pnadc,Pesquisa Nacional por Amostra de Domicílios Contínua  > Pessoas de 14 anos ou mais de idade ocupadas na semana de referência,pessoas,1000,MT,2022,1775.0,1775000.0
82731,ocupados_14mais_pnadc,Pesquisa Nacional por Amostra de Domicílios Contínua  > Pessoas de 14 anos ou mais de idade ocupadas na semana de referência,pessoas,1000,MT,2023,1907.0,1907000.0
82731,ocupados_14mais_pnadc,Pesquisa Nacional por Amostra de Domicílios Contínua  > Pessoas de 14 anos ou mais de idade ocupadas na semana de referência,pessoas,1000,MT,2024,2034.0,2034000.0
82731,ocupados_14mais_pnadc,Pesquisa Nacional por Amostra de Domicílios Contínua  > Pessoas de 14 anos ou mais de idade ocupadas na semana de referência,pessoas,1000,PA,2014,3283.0,3283000.0
82731,ocupados_14mais_pnadc,Pesquisa Nacional por Amostra de Domicílios Contínua  > Pessoas de 14 anos ou mais de idade ocupadas na semana de referência,pessoas,1000,PA,2015,3417.0,3417000.0
82731,ocupados_14mais_pnadc,Pesquisa Nacional por Amostra de Domicílios Contínua  > Pessoas de 14 anos ou mais de idade ocupadas na semana de referência,pessoas,1000,PA,2016,3319.0,3319000.0
82731,ocupados_14mais_pnadc,Pesquisa Nacional por Amostra de Domicílios Contínua  > Pessoas de 14 anos ou mais de idade ocupadas na semana de referência,pessoas,1000,PA,2017,3368.0,3368000.0
82731,ocupados_14mais_pnadc,Pesquisa Nacional por Amostra de Domicílios Contínua  > Pessoas de 14 anos ou mais de idade ocupadas na semana de referência,pessoas,1000,PA,2018,3290.0,3290000.0
82731,ocupados_14mais_pnadc,Pesquisa Nacional por Amostra de Domicílios Contínua  > Pessoas de 14 anos ou mais de idade ocupadas na semana de referência,pessoas,1000,PA,2019,3417.0,3417000.0
82731,ocupados_14mais_pnadc,Pesquisa Nacional por Amostra de Domicílios Contínua  > Pessoas de 14 anos ou mais de idade ocupadas na semana de referência,pessoas,1000,PA,2020,3259.0,3259000.0
82731,ocupados_14mais_pnadc,Pesquisa Nacional por Amostra de Domicílios Contínua  > Pessoas de 14 anos ou mais de idade ocupadas na semana de referência,pessoas,1000,PA,2021,3252.0,3252000.0
82731,ocupados_14mais_pnadc,Pesquisa Nacional por Amostra de Domicílios Contínua  > Pessoas de 14 anos ou mais de idade ocupadas na semana de referência,pessoas,1000,PA,2022,3640.0,3640000.0
82731,ocupados_14mais_pnadc,Pesquisa Nacional por Amostra de Domicílios Contínua  > Pessoas de 14 anos ou mais de idade ocupadas na semana de referência,pessoas,1000,PA,2023,3724.0,3724000.0
82731,ocupados_14mais_pnadc,Pesquisa Nacional por Amostra de Domicílios Contínua  > Pessoas de 14 anos ou mais de idade ocupadas na semana de referência,pessoas,1000,PA,2024,3775.0,3775000.0
82731,ocupados_14mais_pnadc,Pesquisa Nacional por Amostra de Domicílios Contínua  > Pessoas de 14 anos ou mais de idade ocupadas na semana de referência,pessoas,1000,PB,2014,1567.0,1567000.0
82731,ocupados_14mais_pnadc,Pesquisa Nacional por Amostra de Domicílios Contínua  > Pessoas de 14 anos ou mais de idade ocupadas na semana de referência,pessoas,1000,PB,2015,1597.0,1597000.0
82731,ocupados_14mais_pnadc,Pesquisa Nacional por Amostra de Domicílios Contínua  > Pessoas de 14 anos ou mais de idade ocupadas na semana de referência,pessoas,1000,PB,2016,1468.0,1468000.0
82731,ocupados_14mais_pnadc,Pesquisa Nacional por Amostra de Domicílios Contínua  > Pessoas de 14 anos ou mais de idade ocupadas na semana de referência,pessoas,1000,PB,2017,1528.0,1528000.0
82731,ocupados_14mais_pnadc,Pesquisa Nacional por Amostra de Domicílios Contínua  > Pessoas de 14 anos ou mais de idade ocupadas na semana de referência,pessoas,1000,PB,2018,1528.0,1528000.0
82731,ocupados_14mais_pnadc,Pesquisa Nacional por Amostra de Domicílios Contínua  > Pessoas de 14 anos ou mais de idade ocupadas na semana de referência,pessoas,1000,PB,2019,1494.0,1494000.0
82731,ocupados_14mais_pnadc,Pesquisa Nacional por Amostra de Domicílios Contínua  > Pessoas de 14 anos ou mais de idade ocupadas na semana de referência,pessoas,1000,PB,2020,1270.0,1270000.0
82731,ocupados_14mais_pnadc,Pesquisa Nacional por Amostra de Domicílios Contínua  > Pessoas de 14 anos ou mais de idade ocupadas na semana de referência,pessoas,1000,PB,2021,1341.0,1341000.0
82731,ocupados_14mais_pnadc,Pesquisa Nacional por Amostra de Domicílios Contínua  > Pessoas de 14 anos ou mais de idade ocupadas na semana de referência,pessoas,1000,PB,2022,1456.0,1456000.0
82731,ocupados_14mais_pnadc,Pesquisa Nacional por Amostra de Domicílios Contínua  > Pessoas de 14 anos ou mais de idade ocupadas na semana de referência,pessoas,1000,PB,2023,1557.0,1557000.0
82731,ocupados_14mais_pnadc,Pesquisa Nacional por Amostra de Domicílios Contínua  > Pessoas de 14 anos ou mais de idade ocupadas na semana de referência,pessoas,1000,PB,2024,1658.0,1658000.0
82731,ocupados_14mais_pnadc,Pesquisa Nacional por Amostra de Domicílios Contínua  > Pessoas de 14 anos ou mais de idade ocupadas na semana de referência,pessoas,1000,PE,2014,3656.0,3656000.0
82731,ocupados_14mais_pnadc,Pesquisa Nacional por Amostra de Domicílios Contínua  > Pessoas de 14 anos ou mais de idade ocupadas na semana de referência,pessoas,1000,PE,2015,3650.0,3650000.0
82731,ocupados_14mais_pnadc,Pesquisa Nacional por Amostra de Domicílios Contínua  > Pessoas de 14 anos ou mais de idade ocupadas na semana de referência,pessoas,1000,PE,2016,3399.0,3399000.0
82731,ocupados_14mais_pnadc,Pesquisa Nacional por Amostra de Domicílios Contínua  > Pessoas de 14 anos ou mais de idade ocupadas na semana de referência,pessoas,1000,PE,2017,3347.0,3347000.0
82731,ocupados_14mais_pnadc,Pesquisa Nacional por Amostra de Domicílios Contínua  > Pessoas de 14 anos ou mais de idade ocupadas na semana de referência,pessoas,1000,PE,2018,3520.0,3520000.0
82731,ocupados_14mais_pnadc,Pesquisa Nacional por Amostra de Domicílios Contínua  > Pessoas de 14 anos ou mais de idade ocupadas na semana de referência,pessoas,1000,PE,2019,3493.0,3493000.0
82731,ocupados_14mais_pnadc,Pesquisa Nacional por Amostra de Domicílios Contínua  > Pessoas de 14 anos ou mais de idade ocupadas na semana de referência,pessoas,1000,PE,2020,3078.0,3078000.0
82731,ocupados_14mais_pnadc,Pesquisa Nacional por Amostra de Domicílios Contínua  > Pessoas de 14 anos ou mais de idade ocupadas na semana de referência,pessoas,1000,PE,2021,3192.0,3192000.0
82731,ocupados_14mais_pnadc,Pesquisa Nacional por Amostra de Domicílios Contínua  > Pessoas de 14 anos ou mais de idade ocupadas na semana de referência,pessoas,1000,PE,2022,3497.0,3497000.0
82731,ocupados_14mais_pnadc,Pesquisa Nacional por Amostra de Domicílios Contínua  > Pessoas de 14 anos ou mais de idade ocupadas na semana de referência,pessoas,1000,PE,2023,3576.0,3576000.0
82731,ocupados_14mais_pnadc,Pesquisa Nacional por Amostra de Domicílios Contínua  > Pessoas de 14 anos ou mais de idade ocupadas na semana de referência,pessoas,1000,PE,2024,3825.0,3825000.0
82731,ocupados_14mais_pnadc,Pesquisa Nacional por Amostra de Domicílios Contínua  > Pessoas de 14 anos ou mais de idade ocupadas na semana de referência,pessoas,1000,PI,2014,1400.0,1400000.0
82731,ocupados_14mais_pnadc,Pesquisa Nacional por Amostra de Domicílios Contínua  > Pessoas de 14 anos ou mais de idade ocupadas na semana de referência,pessoas,1000,PI,2015,1423.0,1423000.0
82731,ocupados_14mais_pnadc,Pesquisa Nacional por Amostra de Domicílios Contínua  > Pessoas de 14 anos ou mais de idade ocupadas na semana de referência,pessoas,1000,PI,2016,1302.0,1302000.0
82731,ocupados_14mais_pnadc,Pesquisa Nacional por Amostra de Domicílios Contínua  > Pessoas de 14 anos ou mais de idade ocupadas na semana de referência,pessoas,1000,PI,2017,1273.0,1273000.0
82731,ocupados_14mais_pnadc,Pesquisa Nacional por Amostra de Domicílios Contínua  > Pessoas de 14 anos ou mais de idade ocupadas na semana de referência,pessoas,1000,PI,2018,1238.0,1238000.0
82731,ocupados_14mais_pnadc,Pesquisa Nacional por Amostra de Domicílios Contínua  > Pessoas de 14 anos ou mais de idade ocupadas na semana de referência,pessoas,1000,PI,2019,1307.0,1307000.0
82731,ocupados_14mais_pnadc,Pesquisa Nacional por Amostra de Domicílios Contínua  > Pessoas de 14 anos ou mais de idade ocupadas na semana de referência,pessoas,1000,PI,2020,1151.0,1151000.0
82731,ocupados_14mais_pnadc,Pesquisa Nacional por Amostra de Domicílios Contínua  > Pessoas de 14 anos ou mais de idade ocupadas na semana de referência,pessoas,1000,PI,2021,1265.0,1265000.0
82731,ocupados_14mais_pnadc,Pesquisa Nacional por Amostra de Domicílios Contínua  > Pessoas de 14 anos ou mais de idade ocupadas na semana de referência,pessoas,1000,PI,2022,1295.0,1295000.0
82731,ocupados_14mais_pnadc,Pesquisa Nacional por Amostra de Domicílios Contínua  > Pessoas de 14 anos ou mais de idade ocupadas na semana de referência,pessoas,1000,PI,2023,1295.0,1295000.0
82731,ocupados_14mais_pnadc,Pesquisa Nacional por Amostra de Domicílios Contínua  > Pessoas de 14 anos ou mais de idade ocupadas na semana de referência,pessoas,1000,PI,2024,1369.0,1369000.0
82731,ocupados_14mais_pnadc,Pesquisa Nacional por Amostra de Domicílios Contínua  > Pessoas de 14 anos ou mais de idade ocupadas na semana de referência,pessoas,1000,PR,2014,5510.0,5510000.0
82731,ocupados_14mais_pnadc,Pesquisa Nacional por Amostra de Domicílios Contínua  > Pessoas de 14 anos ou mais de idade ocupadas na semana de referência,pessoas,1000,PR,2015,5494.0,5494000.0
82731,ocupados_14mais_pnadc,Pesquisa Nacional por Amostra de Domicílios Contínua  > Pessoas de 14 anos ou mais de idade ocupadas na semana de referência,pessoas,1000,PR,2016,5445.0,5445000.0
82731,ocupados_14mais_pnadc,Pesquisa Nacional por Amostra de Domicílios Contínua  > Pessoas de 14 anos ou mais de idade ocupadas na semana de referência,pessoas,1000,PR,2017,5454.0,5454000.0
82731,ocupados_14mais_pnadc,Pesquisa Nacional por Amostra de Domicílios Contínua  > Pessoas de 14 anos ou mais de idade ocupadas na semana de referência,pessoas,1000,PR,2018,5569.0,5569000.0
82731,ocupados_14mais_pnadc,Pesquisa Nacional por Amostra de Domicílios Contínua  > Pessoas de 14 anos ou mais de idade ocupadas na semana de referência,pessoas,1000,PR,2019,5639.0,5639000.0
82731,ocupados_14mais_pnadc,Pesquisa Nacional por Amostra de Domicílios Contínua  > Pessoas de 14 anos ou mais de idade ocupadas na semana de referência,pessoas,1000,PR,2020,5321.0,5321000.0
82731,ocupados_14mais_pnadc,Pesquisa Nacional por Amostra de Domicílios Contínua  > Pessoas de 14 anos ou mais de idade ocupadas na semana de referência,pessoas,1000,PR,2021,5471.0,5471000.0
82731,ocupados_14mais_pnadc,Pesquisa Nacional por Amostra de Domicílios Contínua  > Pessoas de 14 anos ou mais de idade ocupadas na semana de referência,pessoas,1000,PR,2022,5763.0,5763000.0
82731,ocupados_14mais_pnadc,Pesquisa Nacional por Amostra de Domicílios Contínua  > Pessoas de 14 anos ou mais de idade ocupadas na semana de referência,pessoas,1000,PR,2023,5988.0,5988000.0
82731,ocupados_14mais_pnadc,Pesquisa Nacional por Amostra de Domicílios Contínua  > Pessoas de 14 anos ou mais de idade ocupadas na semana de referência,pessoas,1000,PR,2024,6108.0,6108000.0
82731,ocupados_14mais_pnadc,Pesquisa Nacional por Amostra de Domicílios Contínua  > Pessoas de 14 anos ou mais de idade ocupadas na semana de referência,pessoas,1000,RJ,2014,7659.0,7659000.0
82731,ocupados_14mais_pnadc,Pesquisa Nacional por Amostra de Domicílios Contínua  > Pessoas de 14 anos ou mais de idade ocupadas na semana de referência,pessoas,1000,RJ,2015,7577.0,7577000.0
82731,ocupados_14mais_pnadc,Pesquisa Nacional por Amostra de Domicílios Contínua  > Pessoas de 14 anos ou mais de idade ocupadas na semana de referência,pessoas,1000,RJ,2016,7466.0,7466000.0
82731,ocupados_14mais_pnadc,Pesquisa Nacional por Amostra de Domicílios Contínua  > Pessoas de 14 anos ou mais de idade ocupadas na semana de referência,pessoas,1000,RJ,2017,7518.0,7518000.0
82731,ocupados_14mais_pnadc,Pesquisa Nacional por Amostra de Domicílios Contínua  > Pessoas de 14 anos ou mais de idade ocupadas na semana de referência,pessoas,1000,RJ,2018,7525.0,7525000.0
82731,ocupados_14mais_pnadc,Pesquisa Nacional por Amostra de Domicílios Contínua  > Pessoas de 14 anos ou mais de idade ocupadas na semana de referência,pessoas,1000,RJ,2019,7639.0,7639000.0
82731,ocupados_14mais_pnadc,Pesquisa Nacional por Amostra de Domicílios Contínua  > Pessoas de 14 anos ou mais de idade ocupadas na semana de referência,pessoas,1000,RJ,2020,6752.0,6752000.0
82731,ocupados_14mais_pnadc,Pesquisa Nacional por Amostra de Domicílios Contínua  > Pessoas de 14 anos ou mais de idade ocupadas na semana de referência,pessoas,1000,RJ,2021,6961.0,6961000.0
82731,ocupados_14mais_pnadc,Pesquisa Nacional por Amostra de Domicílios Contínua  > Pessoas de 14 anos ou mais de idade ocupadas na semana de referência,pessoas,1000,RJ,2022,7566.0,7566000.0
82731,ocupados_14mais_pnadc,Pesquisa Nacional por Amostra de Domicílios Contínua  > Pessoas de 14 anos ou mais de idade ocupadas na semana de referência,pessoas,1000,RJ,2023,7963.0,7963000.0
82731,ocupados_14mais_pnadc,Pesquisa Nacional por Amostra de Domicílios Contínua  > Pessoas de 14 anos ou mais de idade ocupadas na semana de referência,pessoas,1000,RJ,2024,8126.0,8126000.0
82731,ocupados_14mais_pnadc,Pesquisa Nacional por Amostra de Domicílios Contínua  > Pessoas de 14 anos ou mais de idade ocupadas na semana de referência,pessoas,1000,RN,2014,1303.0,1303000.0
82731,ocupados_14mais_pnadc,Pesquisa Nacional por Amostra de Domicílios Contínua  > Pessoas de 14 anos ou mais de idade ocupadas na semana de referência,pessoas,1000,RN,2015,1346.0,1346000.0
82731,ocupados_14mais_pnadc,Pesquisa Nacional por Amostra de Domicílios Contínua  > Pessoas de 14 anos ou mais de idade ocupadas na semana de referência,pessoas,1000,RN,2016,1287.0,1287000.0
82731,ocupados_14mais_pnadc,Pesquisa Nacional por Amostra de Domicílios Contínua  > Pessoas de 14 anos ou mais de idade ocupadas na semana de referência,pessoas,1000,RN,2017,1238.0,1238000.0
82731,ocupados_14mais_pnadc,Pesquisa Nacional por Amostra de Domicílios Contínua  > Pessoas de 14 anos ou mais de idade ocupadas na semana de referência,pessoas,1000,RN,2018,1272.0,1272000.0
82731,ocupados_14mais_pnadc,Pesquisa Nacional por Amostra de Domicílios Contínua  > Pessoas de 14 anos ou mais de idade ocupadas na semana de referência,pessoas,1000,RN,2019,1281.0,1281000.0
82731,ocupados_14mais_pnadc,Pesquisa Nacional por Amostra de Domicílios Contínua  > Pessoas de 14 anos ou mais de idade ocupadas na semana de referência,pessoas,1000,RN,2020,1159.0,1159000.0
82731,ocupados_14mais_pnadc,Pesquisa Nacional por Amostra de Domicílios Contínua  > Pessoas de 14 anos ou mais de idade ocupadas na semana de referência,pessoas,1000,RN,2021,1245.0,1245000.0
82731,ocupados_14mais_pnadc,Pesquisa Nacional por Amostra de Domicílios Contínua  > Pessoas de 14 anos ou mais de idade ocupadas na semana de referência,pessoas,1000,RN,2022,1312.0,1312000.0
82731,ocupados_14mais_pnadc,Pesquisa Nacional por Amostra de Domicílios Contínua  > Pessoas de 14 anos ou mais de idade ocupadas na semana de referência,pessoas,1000,RN,2023,1284.0,1284000.0
82731,ocupados_14mais_pnadc,Pesquisa Nacional por Amostra de Domicílios Contínua  > Pessoas de 14 anos ou mais de idade ocupadas na semana de referência,pessoas,1000,RN,2024,1397.0,1397000.0
82731,ocupados_14mais_pnadc,Pesquisa Nacional por Amostra de Domicílios Contínua  > Pessoas de 14 anos ou mais de idade ocupadas na semana de referência,pessoas,1000,RO,2014,744.0,744000.0
82731,ocupados_14mais_pnadc,Pesquisa Nacional por Amostra de Domicílios Contínua  > Pessoas de 14 anos ou mais de idade ocupadas na semana de referência,pessoas,1000,RO,2015,718.0,718000.0
82731,ocupados_14mais_pnadc,Pesquisa Nacional por Amostra de Domicílios Contínua  > Pessoas de 14 anos ou mais de idade ocupadas na semana de referência,pessoas,1000,RO,2016,734.0,734000.0
82731,ocupados_14mais_pnadc,Pesquisa Nacional por Amostra de Domicílios Contínua  > Pessoas de 14 anos ou mais de idade ocupadas na semana de referência,pessoas,1000,RO,2017,760.0,760000.0
82731,ocupados_14mais_pnadc,Pesquisa Nacional por Amostra de Domicílios Contínua  > Pessoas de 14 anos ou mais de idade ocupadas na semana de referência,pessoas,1000,RO,2018,749.0,749000.0
82731,ocupados_14mais_pnadc,Pesquisa Nacional por Amostra de Domicílios Contínua  > Pessoas de 14 anos ou mais de idade ocupadas na semana de referência,pessoas,1000,RO,2019,782.0,782000.0
82731,ocupados_14mais_pnadc,Pesquisa Nacional por Amostra de Domicílios Contínua  > Pessoas de 14 anos ou mais de idade ocupadas na semana de referência,pessoas,1000,RO,2020,766.0,766000.0
82731,ocupados_14mais_pnadc,Pesquisa Nacional por Amostra de Domicílios Contínua  > Pessoas de 14 anos ou mais de idade ocupadas na semana de referência,pessoas,1000,RO,2021,731.0,731000.0
82731,ocupados_14mais_pnadc,Pesquisa Nacional por Amostra de Domicílios Contínua  > Pessoas de 14 anos ou mais de idade ocupadas na semana de referência,pessoas,1000,RO,2022,802.0,802000.0
82731,ocupados_14mais_pnadc,Pesquisa Nacional por Amostra de Domicílios Contínua  > Pessoas de 14 anos ou mais de idade ocupadas na semana de referência,pessoas,1000,RO,2023,775.0,775000.0
82731,ocupados_14mais_pnadc,Pesquisa Nacional por Amostra de Domicílios Contínua  > Pessoas de 14 anos ou mais de idade ocupadas na semana de referência,pessoas,1000,RO,2024,795.0,795000.0
82731,ocupados_14mais_pnadc,Pesquisa Nacional por Amostra de Domicílios Contínua  > Pessoas de 14 anos ou mais de idade ocupadas na semana de referência,pessoas,1000,RR,2014,204.0,204000.0
82731,ocupados_14mais_pnadc,Pesquisa Nacional por Amostra de Domicílios Contínua  > Pessoas de 14 anos ou mais de idade ocupadas na semana de referência,pessoas,1000,RR,2015,205.0,205000.0
82731,ocupados_14mais_pnadc,Pesquisa Nacional por Amostra de Domicílios Contínua  > Pessoas de 14 anos ou mais de idade ocupadas na semana de referência,pessoas,1000,RR,2016,206.0,206000.0
82731,ocupados_14mais_pnadc,Pesquisa Nacional por Amostra de Domicílios Contínua  > Pessoas de 14 anos ou mais de idade ocupadas na semana de referência,pessoas,1000,RR,2017,202.0,202000.0
82731,ocupados_14mais_pnadc,Pesquisa Nacional por Amostra de Domicílios Contínua  > Pessoas de 14 anos ou mais de idade ocupadas na semana de referência,pessoas,1000,RR,2018,222.0,222000.0
82731,ocupados_14mais_pnadc,Pesquisa Nacional por Amostra de Domicílios Contínua  > Pessoas de 14 anos ou mais de idade ocupadas na semana de referência,pessoas,1000,RR,2019,220.0,220000.0
82731,ocupados_14mais_pnadc,Pesquisa Nacional por Amostra de Domicílios Contínua  > Pessoas de 14 anos ou mais de idade ocupadas na semana de referência,pessoas,1000,RR,2020,204.0,204000.0
82731,ocupados_14mais_pnadc,Pesquisa Nacional por Amostra de Domicílios Contínua  > Pessoas de 14 anos ou mais de idade ocupadas na semana de referência,pessoas,1000,RR,2021,218.0,218000.0
82731,ocupados_14mais_pnadc,Pesquisa Nacional por Amostra de Domicílios Contínua  > Pessoas de 14 anos ou mais de idade ocupadas na semana de referência,pessoas,1000,RR,2022,247.0,247000.0
82731,ocupados_14mais_pnadc,Pesquisa Nacional por Amostra de Domicílios Contínua  > Pessoas de 14 anos ou mais de idade ocupadas na semana de referência,pessoas,1000,RR,2023,264.0,264000.0
82731,ocupados_14mais_pnadc,Pesquisa Nacional por Amostra de Domicílios Contínua  > Pessoas de 14 anos ou mais de idade ocupadas na semana de referência,pessoas,1000,RR,2024,275.0,275000.0
82731,ocupados_14mais_pnadc,Pesquisa Nacional por Amostra de Domicílios Contínua  > Pessoas de 14 anos ou mais de idade ocupadas na semana de referência,pessoas,1000,RS,2014,5538.0,5538000.0
82731,ocupados_14mais_pnadc,Pesquisa Nacional por Amostra de Domicílios Contínua  > Pessoas de 14 anos ou mais de idade ocupadas na semana de referência,pessoas,1000,RS,2015,5618.0,5618000.0
82731,ocupados_14mais_pnadc,Pesquisa Nacional por Amostra de Domicílios Contínua  > Pessoas de 14 anos ou mais de idade ocupadas na semana de referência,pessoas,1000,RS,2016,5575.0,5575000.0
82731,ocupados_14mais_pnadc,Pesquisa Nacional por Amostra de Domicílios Contínua  > Pessoas de 14 anos ou mais de idade ocupadas na semana de referência,pessoas,1000,RS,2017,5514.0,5514000.0
82731,ocupados_14mais_pnadc,Pesquisa Nacional por Amostra de Domicílios Contínua  > Pessoas de 14 anos ou mais de idade ocupadas na semana de referência,pessoas,1000,RS,2018,5480.0,5480000.0
82731,ocupados_14mais_pnadc,Pesquisa Nacional por Amostra de Domicílios Contínua  > Pessoas de 14 anos ou mais de idade ocupadas na semana de referência,pessoas,1000,RS,2019,5672.0,5672000.0
82731,ocupados_14mais_pnadc,Pesquisa Nacional por Amostra de Domicílios Contínua  > Pessoas de 14 anos ou mais de idade ocupadas na semana de referência,pessoas,1000,RS,2020,5193.0,5193000.0
82731,ocupados_14mais_pnadc,Pesquisa Nacional por Amostra de Domicílios Contínua  > Pessoas de 14 anos ou mais de idade ocupadas na semana de referência,pessoas,1000,RS,2021,5397.0,5397000.0
82731,ocupados_14mais_pnadc,Pesquisa Nacional por Amostra de Domicílios Contínua  > Pessoas de 14 anos ou mais de idade ocupadas na semana de referência,pessoas,1000,RS,2022,5612.0,5612000.0
82731,ocupados_14mais_pnadc,Pesquisa Nacional por Amostra de Domicílios Contínua  > Pessoas de 14 anos ou mais de idade ocupadas na semana de referência,pessoas,1000,RS,2023,5735.0,5735000.0
82731,ocupados_14mais_pnadc,Pesquisa Nacional por Amostra de Domicílios Contínua  > Pessoas de 14 anos ou mais de idade ocupadas na semana de referência,pessoas,1000,RS,2024,5851.0,5851000.0
82731,ocupados_14mais_pnadc,Pesquisa Nacional por Amostra de Domicílios Contínua  > Pessoas de 14 anos ou mais de idade ocupadas na semana de referência,pessoas,1000,SC,2014,3497.0,3497000.0
82731,ocupados_14mais_pnadc,Pesquisa Nacional por Amostra de Domicílios Contínua  > Pessoas de 14 anos ou mais de idade ocupadas na semana de referência,pessoas,1000,SC,2015,3523.0,3523000.0
82731,ocupados_14mais_pnadc,Pesquisa Nacional por Amostra de Domicílios Contínua  > Pessoas de 14 anos ou mais de idade ocupadas na semana de referência,pessoas,1000,SC,2016,3529.0,3529000.0
82731,ocupados_14mais_pnadc,Pesquisa Nacional por Amostra de Domicílios Contínua  > Pessoas de 14 anos ou mais de idade ocupadas na semana de referência,pessoas,1000,SC,2017,3639.0,3639000.0
82731,ocupados_14mais_pnadc,Pesquisa Nacional por Amostra de Domicílios Contínua  > Pessoas de 14 anos ou mais de idade ocupadas na semana de referência,pessoas,1000,SC,2018,3749.0,3749000.0
82731,ocupados_14mais_pnadc,Pesquisa Nacional por Amostra de Domicílios Contínua  > Pessoas de 14 anos ou mais de idade ocupadas na semana de referência,pessoas,1000,SC,2019,3840.0,3840000.0
82731,ocupados_14mais_pnadc,Pesquisa Nacional por Amostra de Domicílios Contínua  > Pessoas de 14 anos ou mais de idade ocupadas na semana de referência,pessoas,1000,SC,2020,3726.0,3726000.0
82731,ocupados_14mais_pnadc,Pesquisa Nacional por Amostra de Domicílios Contínua  > Pessoas de 14 anos ou mais de idade ocupadas na semana de referência,pessoas,1000,SC,2021,3846.0,3846000.0
82731,ocupados_14mais_pnadc,Pesquisa Nacional por Amostra de Domicílios Contínua  > Pessoas de 14 anos ou mais de idade ocupadas na semana de referência,pessoas,1000,SC,2022,4027.0,4027000.0
82731,ocupados_14mais_pnadc,Pesquisa Nacional por Amostra de Domicílios Contínua  > Pessoas de 14 anos ou mais de idade ocupadas na semana de referência,pessoas,1000,SC,2023,4262.0,4262000.0
82731,ocupados_14mais_pnadc,Pesquisa Nacional por Amostra de Domicílios Contínua  > Pessoas de 14 anos ou mais de idade ocupadas na semana de referência,pessoas,1000,SC,2024,4439.0,4439000.0
82731,ocupados_14mais_pnadc,Pesquisa Nacional por Amostra de Domicílios Contínua  > Pessoas de 14 anos ou mais de idade ocupadas na semana de referência,pessoas,1000,SE,2014,931.0,931000.0
82731,ocupados_14mais_pnadc,Pesquisa Nacional por Amostra de Domicílios Contínua  > Pessoas de 14 anos ou mais de idade ocupadas na semana de referência,pessoas,1000,SE,2015,924.0,924000.0
82731,ocupados_14mais_pnadc,Pesquisa Nacional por Amostra de Domicílios Contínua  > Pessoas de 14 anos ou mais de idade ocupadas na semana de referência,pessoas,1000,SE,2016,887.0,887000.0
82731,ocupados_14mais_pnadc,Pesquisa Nacional por Amostra de Domicílios Contínua  > Pessoas de 14 anos ou mais de idade ocupadas na semana de referência,pessoas,1000,SE,2017,853.0,853000.0
82731,ocupados_14mais_pnadc,Pesquisa Nacional por Amostra de Domicílios Contínua  > Pessoas de 14 anos ou mais de idade ocupadas na semana de referência,pessoas,1000,SE,2018,832.0,832000.0
82731,ocupados_14mais_pnadc,Pesquisa Nacional por Amostra de Domicílios Contínua  > Pessoas de 14 anos ou mais de idade ocupadas na semana de referência,pessoas,1000,SE,2019,909.0,909000.0
82731,ocupados_14mais_pnadc,Pesquisa Nacional por Amostra de Domicílios Contínua  > Pessoas de 14 anos ou mais de idade ocupadas na semana de referência,pessoas,1000,SE,2020,801.0,801000.0
82731,ocupados_14mais_pnadc,Pesquisa Nacional por Amostra de Domicílios Contínua  > Pessoas de 14 anos ou mais de idade ocupadas na semana de referência,pessoas,1000,SE,2021,836.0,836000.0
82731,ocupados_14mais_pnadc,Pesquisa Nacional por Amostra de Domicílios Contínua  > Pessoas de 14 anos ou mais de idade ocupadas na semana de referência,pessoas,1000,SE,2022,938.0,938000.0
82731,ocupados_14mais_pnadc,Pesquisa Nacional por Amostra de Domicílios Contínua  > Pessoas de 14 anos ou mais de idade ocupadas na semana de referência,pessoas,1000,SE,2023,929.0,929000.0
82731,ocupados_14mais_pnadc,Pesquisa Nacional por Amostra de Domicílios Contínua  > Pessoas de 14 anos ou mais de idade ocupadas na semana de referência,pessoas,1000,SE,2024,996.0,996000.0
82731,ocupados_14mais_pnadc,Pesquisa Nacional por Amostra de Domicílios Contínua  > Pessoas de 14 anos ou mais de idade ocupadas na semana de referência,pessoas,1000,SP,2014,21494.0,21494000.0
82731,ocupados_14mais_pnadc,Pesquisa Nacional por Amostra de Domicílios Contínua  > Pessoas de 14 anos ou mais de idade ocupadas na semana de referência,pessoas,1000,SP,2015,21154.0,21154000.0
82731,ocupados_14mais_pnadc,Pesquisa Nacional por Amostra de Domicílios Contínua  > Pessoas de 14 anos ou mais de idade ocupadas na semana de referência,pessoas,1000,SP,2016,21434.0,21434000.0
82731,ocupados_14mais_pnadc,Pesquisa Nacional por Amostra de Domicílios Contínua  > Pessoas de 14 anos ou mais de idade ocupadas na semana de referência,pessoas,1000,SP,2017,21466.0,21466000.0
82731,ocupados_14mais_pnadc,Pesquisa Nacional por Amostra de Domicílios Contínua  > Pessoas de 14 anos ou mais de idade ocupadas na semana de referência,pessoas,1000,SP,2018,21993.0,21993000.0
82731,ocupados_14mais_pnadc,Pesquisa Nacional por Amostra de Domicílios Contínua  > Pessoas de 14 anos ou mais de idade ocupadas na semana de referência,pessoas,1000,SP,2019,22488.0,22488000.0
82731,ocupados_14mais_pnadc,Pesquisa Nacional por Amostra de Domicílios Contínua  > Pessoas de 14 anos ou mais de idade ocupadas na semana de referência,pessoas,1000,SP,2020,20520.0,20520000.0
82731,ocupados_14mais_pnadc,Pesquisa Nacional por Amostra de Domicílios Contínua  > Pessoas de 14 anos ou mais de idade ocupadas na semana de referência,pessoas,1000,SP,2021,21001.0,21001000.0
82731,ocupados_14mais_pnadc,Pesquisa Nacional por Amostra de Domicílios Contínua  > Pessoas de 14 anos ou mais de idade ocupadas na semana de referência,pessoas,1000,SP,2022,22863.0,22863000.0
82731,ocupados_14mais_pnadc,Pesquisa Nacional por Amostra de Domicílios Contínua  > Pessoas de 14 anos ou mais de idade ocupadas na semana de referência,pessoas,1000,SP,2023,23740.0,23740000.0
82731,ocupados_14mais_pnadc,Pesquisa Nacional por Amostra de Domicílios Contínua  > Pessoas de 14 anos ou mais de idade ocupadas na semana de referência,pessoas,1000,SP,2024,24114.0,24114000.0
82731,ocupados_14mais_pnadc,Pesquisa Nacional por Amostra de Domicílios Contínua  > Pessoas de 14 anos ou mais de idade ocupadas na semana de referência,pessoas,1000,TO,2014,612.0,612000.0
82731,ocupados_14mais_pnadc,Pesquisa Nacional por Amostra de Domicílios Contínua  > Pessoas de 14 anos ou mais de idade ocupadas na semana de referência,pessoas,1000,TO,2015,596.0,596000.0
82731,ocupados_14mais_pnadc,Pesquisa Nacional por Amostra de Domicílios Contínua  > Pessoas de 14 anos ou mais de idade ocupadas na semana de referência,pessoas,1000,TO,2016,602.0,602000.0
82731,ocupados_14mais_pnadc,Pesquisa Nacional por Amostra de Domicílios Contínua  > Pessoas de 14 anos ou mais de idade ocupadas na semana de referência,pessoas,1000,TO,2017,606.0,606000.0
82731,ocupados_14mais_pnadc,Pesquisa Nacional por Amostra de Domicílios Contínua  > Pessoas de 14 anos ou mais de idade ocupadas na semana de referência,pessoas,1000,TO,2018,611.0,611000.0
82731,ocupados_14mais_pnadc,Pesquisa Nacional por Amostra de Domicílios Contínua  > Pessoas de 14 anos ou mais de idade ocupadas na semana de referência,pessoas,1000,TO,2019,629.0,629000.0
82731,ocupados_14mais_pnadc,Pesquisa Nacional por Amostra de Domicílios Contínua  > Pessoas de 14 anos ou mais de idade ocupadas na semana de referência,pessoas,1000,TO,2020,589.0,589000.0
82731,ocupados_14mais_pnadc,Pesquisa Nacional por Amostra de Domicílios Contínua  > Pessoas de 14 anos ou mais de idade ocupadas na semana de referência,pessoas,1000,TO,2021,628.0,628000.0
82731,ocupados_14mais_pnadc,Pesquisa Nacional por Amostra de Domicílios Contínua  > Pessoas de 14 anos ou mais de idade ocupadas na semana de referência,pessoas,1000,TO,2022,687.0,687000.0
82731,ocupados_14mais_pnadc,Pesquisa Nacional por Amostra de Domicílios Contínua  > Pessoas de 14 anos ou mais de idade ocupadas na semana de referência,pessoas,1000,TO,2023,722.0,722000.0
82731,ocupados_14mais_pnadc,Pesquisa Nacional por Amostra de Domicílios Contínua  > Pessoas de 14 anos ou mais de idade ocupadas na semana de referência,pessoas,1000,TO,2024,754.0,754000.0
82732,ocupados_setor_cultural_pnadc,Pesquisa Nacional por Amostra de Domicílios Contínua  > Pessoas de 14 anos ou mais de idade ocupadas na semana de referência > Setor Cultural,pessoas,1000,AC,2014,9.0,9000.0
82732,ocupados_setor_cultural_pnadc,Pesquisa Nacional por Amostra de Domicílios Contínua  > Pessoas de 14 anos ou mais de idade ocupadas na semana de referência > Setor Cultural,pessoas,1000,AC,2015,10.0,10000.0
82732,ocupados_setor_cultural_pnadc,Pesquisa Nacional por Amostra de Domicílios Contínua  > Pessoas de 14 anos ou mais de idade ocupadas na semana de referência > Setor Cultural,pessoas,1000,AC,2016,10.0,10000.0
82732,ocupados_setor_cultural_pnadc,Pesquisa Nacional por Amostra de Domicílios Contínua  > Pessoas de 14 anos ou mais de idade ocupadas na semana de referência > Setor Cultural,pessoas,1000,AC,2017,10.0,10000.0
82732,ocupados_setor_cultural_pnadc,Pesquisa Nacional por Amostra de Domicílios Contínua  > Pessoas de 14 anos ou mais de idade ocupadas na semana de referência > Setor Cultural,pessoas,1000,AC,2018,11.0,11000.0
82732,ocupados_setor_cultural_pnadc,Pesquisa Nacional por Amostra de Domicílios Contínua  > Pessoas de 14 anos ou mais de idade ocupadas na semana de referência > Setor Cultural,pessoas,1000,AC,2019,10.0,10000.0
82732,ocupados_setor_cultural_pnadc,Pesquisa Nacional por Amostra de Domicílios Contínua  > Pessoas de 14 anos ou mais de idade ocupadas na semana de referência > Setor Cultural,pessoas,1000,AC,2020,7.0,7000.0
82732,ocupados_setor_cultural_pnadc,Pesquisa Nacional por Amostra de Domicílios Contínua  > Pessoas de 14 anos ou mais de idade ocupadas na semana de referência > Setor Cultural,pessoas,1000,AC,2021,11.0,11000.0
82732,ocupados_setor_cultural_pnadc,Pesquisa Nacional por Amostra de Domicílios Contínua  > Pessoas de 14 anos ou mais de idade ocupadas na semana de referência > Setor Cultural,pessoas,1000,AC,2022,10.0,10000.0
82732,ocupados_setor_cultural_pnadc,Pesquisa Nacional por Amostra de Domicílios Contínua  > Pessoas de 14 anos ou mais de idade ocupadas na semana de referência > Setor Cultural,pessoas,1000,AC,2023,11.0,11000.0
82732,ocupados_setor_cultural_pnadc,Pesquisa Nacional por Amostra de Domicílios Contínua  > Pessoas de 14 anos ou mais de idade ocupadas na semana de referência > Setor Cultural,pessoas,1000,AC,2024,9.0,9000.0
82732,ocupados_setor_cultural_pnadc,Pesquisa Nacional por Amostra de Domicílios Contínua  > Pessoas de 14 anos ou mais de idade ocupadas na semana de referência > Setor Cultural,pessoas,1000,AL,2014,38.0,38000.0
82732,ocupados_setor_cultural_pnadc,Pesquisa Nacional por Amostra de Domicílios Contínua  > Pessoas de 14 anos ou mais de idade ocupadas na semana de referência > Setor Cultural,pessoas,1000,AL,2015,35.0,35000.0
82732,ocupados_setor_cultural_pnadc,Pesquisa Nacional por Amostra de Domicílios Contínua  > Pessoas de 14 anos ou mais de idade ocupadas na semana de referência > Setor Cultural,pessoas,1000,AL,2016,33.0,33000.0
82732,ocupados_setor_cultural_pnadc,Pesquisa Nacional por Amostra de Domicílios Contínua  > Pessoas de 14 anos ou mais de idade ocupadas na semana de referência > Setor Cultural,pessoas,1000,AL,2017,31.0,31000.0
82732,ocupados_setor_cultural_pnadc,Pesquisa Nacional por Amostra de Domicílios Contínua  > Pessoas de 14 anos ou mais de idade ocupadas na semana de referência > Setor Cultural,pessoas,1000,AL,2018,33.0,33000.0
82732,ocupados_setor_cultural_pnadc,Pesquisa Nacional por Amostra de Domicílios Contínua  > Pessoas de 14 anos ou mais de idade ocupadas na semana de referência > Setor Cultural,pessoas,1000,AL,2019,35.0,35000.0
82732,ocupados_setor_cultural_pnadc,Pesquisa Nacional por Amostra de Domicílios Contínua  > Pessoas de 14 anos ou mais de idade ocupadas na semana de referência > Setor Cultural,pessoas,1000,AL,2020,35.0,35000.0
82732,ocupados_setor_cultural_pnadc,Pesquisa Nacional por Amostra de Domicílios Contínua  > Pessoas de 14 anos ou mais de idade ocupadas na semana de referência > Setor Cultural,pessoas,1000,AL,2021,33.0,33000.0
82732,ocupados_setor_cultural_pnadc,Pesquisa Nacional por Amostra de Domicílios Contínua  > Pessoas de 14 anos ou mais de idade ocupadas na semana de referência > Setor Cultural,pessoas,1000,AL,2022,36.0,36000.0
82732,ocupados_setor_cultural_pnadc,Pesquisa Nacional por Amostra de Domicílios Contínua  > Pessoas de 14 anos ou mais de idade ocupadas na semana de referência > Setor Cultural,pessoas,1000,AL,2023,52.0,52000.0
82732,ocupados_setor_cultural_pnadc,Pesquisa Nacional por Amostra de Domicílios Contínua  > Pessoas de 14 anos ou mais de idade ocupadas na semana de referência > Setor Cultural,pessoas,1000,AL,2024,54.0,54000.0
82732,ocupados_setor_cultural_pnadc,Pesquisa Nacional por Amostra de Domicílios Contínua  > Pessoas de 14 anos ou mais de idade ocupadas na semana de referência > Setor Cultural,pessoas,1000,AM,2014,108.0,108000.0
82732,ocupados_setor_cultural_pnadc,Pesquisa Nacional por Amostra de Domicílios Contínua  > Pessoas de 14 anos ou mais de idade ocupadas na semana de referência > Setor Cultural,pessoas,1000,AM,2015,95.0,95000.0
82732,ocupados_setor_cultural_pnadc,Pesquisa Nacional por Amostra de Domicílios Contínua  > Pessoas de 14 anos ou mais de idade ocupadas na semana de referência > Setor Cultural,pessoas,1000,AM,2016,88.0,88000.0
82732,ocupados_setor_cultural_pnadc,Pesquisa Nacional por Amostra de Domicílios Contínua  > Pessoas de 14 anos ou mais de idade ocupadas na semana de referência > Setor Cultural,pessoas,1000,AM,2017,102.0,102000.0
82732,ocupados_setor_cultural_pnadc,Pesquisa Nacional por Amostra de Domicílios Contínua  > Pessoas de 14 anos ou mais de idade ocupadas na semana de referência > Setor Cultural,pessoas,1000,AM,2018,100.0,100000.0
82732,ocupados_setor_cultural_pnadc,Pesquisa Nacional por Amostra de Domicílios Contínua  > Pessoas de 14 anos ou mais de idade ocupadas na semana de referência > Setor Cultural,pessoas,1000,AM,2019,99.0,99000.0
82732,ocupados_setor_cultural_pnadc,Pesquisa Nacional por Amostra de Domicílios Contínua  > Pessoas de 14 anos ou mais de idade ocupadas na semana de referência > Setor Cultural,pessoas,1000,AM,2020,80.0,80000.0
82732,ocupados_setor_cultural_pnadc,Pesquisa Nacional por Amostra de Domicílios Contínua  > Pessoas de 14 anos ou mais de idade ocupadas na semana de referência > Setor Cultural,pessoas,1000,AM,2021,95.0,95000.0
82732,ocupados_setor_cultural_pnadc,Pesquisa Nacional por Amostra de Domicílios Contínua  > Pessoas de 14 anos ou mais de idade ocupadas na semana de referência > Setor Cultural,pessoas,1000,AM,2022,109.0,109000.0
82732,ocupados_setor_cultural_pnadc,Pesquisa Nacional por Amostra de Domicílios Contínua  > Pessoas de 14 anos ou mais de idade ocupadas na semana de referência > Setor Cultural,pessoas,1000,AM,2023,115.0,115000.0
82732,ocupados_setor_cultural_pnadc,Pesquisa Nacional por Amostra de Domicílios Contínua  > Pessoas de 14 anos ou mais de idade ocupadas na semana de referência > Setor Cultural,pessoas,1000,AM,2024,118.0,118000.0
82732,ocupados_setor_cultural_pnadc,Pesquisa Nacional por Amostra de Domicílios Contínua  > Pessoas de 14 anos ou mais de idade ocupadas na semana de referência > Setor Cultural,pessoas,1000,AP,2014,14.0,14000.0
82732,ocupados_setor_cultural_pnadc,Pesquisa Nacional por Amostra de Domicílios Contínua  > Pessoas de 14 anos ou mais de idade ocupadas na semana de referência > Setor Cultural,pessoas,1000,AP,2015,10.0,10000.0
82732,ocupados_setor_cultural_pnadc,Pesquisa Nacional por Amostra de Domicílios Contínua  > Pessoas de 14 anos ou mais de idade ocupadas na semana de referência > Setor Cultural,pessoas,1000,AP,2016,10.0,10000.0
82732,ocupados_setor_cultural_pnadc,Pesquisa Nacional por Amostra de Domicílios Contínua  > Pessoas de 14 anos ou mais de idade ocupadas na semana de referência > Setor Cultural,pessoas,1000,AP,2017,8.0,8000.0
82732,ocupados_setor_cultural_pnadc,Pesquisa Nacional por Amostra de Domicílios Contínua  > Pessoas de 14 anos ou mais de idade ocupadas na semana de referência > Setor Cultural,pessoas,1000,AP,2018,9.0,9000.0
82732,ocupados_setor_cultural_pnadc,Pesquisa Nacional por Amostra de Domicílios Contínua  > Pessoas de 14 anos ou mais de idade ocupadas na semana de referência > Setor Cultural,pessoas,1000,AP,2019,11.0,11000.0
82732,ocupados_setor_cultural_pnadc,Pesquisa Nacional por Amostra de Domicílios Contínua  > Pessoas de 14 anos ou mais de idade ocupadas na semana de referência > Setor Cultural,pessoas,1000,AP,2020,8.0,8000.0
82732,ocupados_setor_cultural_pnadc,Pesquisa Nacional por Amostra de Domicílios Contínua  > Pessoas de 14 anos ou mais de idade ocupadas na semana de referência > Setor Cultural,pessoas,1000,AP,2021,12.0,12000.0
82732,ocupados_setor_cultural_pnadc,Pesquisa Nacional por Amostra de Domicílios Contínua  > Pessoas de 14 anos ou mais de idade ocupadas na semana de referência > Setor Cultural,pessoas,1000,AP,2022,12.0,12000.0
82732,ocupados_setor_cultural_pnadc,Pesquisa Nacional por Amostra de Domicílios Contínua  > Pessoas de 14 anos ou mais de idade ocupadas na semana de referência > Setor Cultural,pessoas,1000,AP,2023,10.0,10000.0
82732,ocupados_setor_cultural_pnadc,Pesquisa Nacional por Amostra de Domicílios Contínua  > Pessoas de 14 anos ou mais de idade ocupadas na semana de referência > Setor Cultural,pessoas,1000,AP,2024,9.0,9000.0
82732,ocupados_setor_cultural_pnadc,Pesquisa Nacional por Amostra de Domicílios Contínua  > Pessoas de 14 anos ou mais de idade ocupadas na semana de referência > Setor Cultural,pessoas,1000,BA,2014,245.0,245000.0
82732,ocupados_setor_cultural_pnadc,Pesquisa Nacional por Amostra de Domicílios Contínua  > Pessoas de 14 anos ou mais de idade ocupadas na semana de referência > Setor Cultural,pessoas,1000,BA,2015,230.0,230000.0
82732,ocupados_setor_cultural_pnadc,Pesquisa Nacional por Amostra de Domicílios Contínua  > Pessoas de 14 anos ou mais de idade ocupadas na semana de referência > Setor Cultural,pessoas,1000,BA,2016,243.0,243000.0
82732,ocupados_setor_cultural_pnadc,Pesquisa Nacional por Amostra de Domicílios Contínua  > Pessoas de 14 anos ou mais de idade ocupadas na semana de referência > Setor Cultural,pessoas,1000,BA,2017,251.0,251000.0
82732,ocupados_setor_cultural_pnadc,Pesquisa Nacional por Amostra de Domicílios Contínua  > Pessoas de 14 anos ou mais de idade ocupadas na semana de referência > Setor Cultural,pessoas,1000,BA,2018,226.0,226000.0
82732,ocupados_setor_cultural_pnadc,Pesquisa Nacional por Amostra de Domicílios Contínua  > Pessoas de 14 anos ou mais de idade ocupadas na semana de referência > Setor Cultural,pessoas,1000,BA,2019,256.0,256000.0
82732,ocupados_setor_cultural_pnadc,Pesquisa Nacional por Amostra de Domicílios Contínua  > Pessoas de 14 anos ou mais de idade ocupadas na semana de referência > Setor Cultural,pessoas,1000,BA,2020,209.0,209000.0
82732,ocupados_setor_cultural_pnadc,Pesquisa Nacional por Amostra de Domicílios Contínua  > Pessoas de 14 anos ou mais de idade ocupadas na semana de referência > Setor Cultural,pessoas,1000,BA,2021,197.0,197000.0
82732,ocupados_setor_cultural_pnadc,Pesquisa Nacional por Amostra de Domicílios Contínua  > Pessoas de 14 anos ou mais de idade ocupadas na semana de referência > Setor Cultural,pessoas,1000,BA,2022,245.0,245000.0
82732,ocupados_setor_cultural_pnadc,Pesquisa Nacional por Amostra de Domicílios Contínua  > Pessoas de 14 anos ou mais de idade ocupadas na semana de referência > Setor Cultural,pessoas,1000,BA,2023,224.0,224000.0
82732,ocupados_setor_cultural_pnadc,Pesquisa Nacional por Amostra de Domicílios Contínua  > Pessoas de 14 anos ou mais de idade ocupadas na semana de referência > Setor Cultural,pessoas,1000,BA,2024,283.0,283000.0
82732,ocupados_setor_cultural_pnadc,Pesquisa Nacional por Amostra de Domicílios Contínua  > Pessoas de 14 anos ou mais de idade ocupadas na semana de referência > Setor Cultural,pessoas,1000,CE,2014,221.0,221000.0
82732,ocupados_setor_cultural_pnadc,Pesquisa Nacional por Amostra de Domicílios Contínua  > Pessoas de 14 anos ou mais de idade ocupadas na semana de referência > Setor Cultural,pessoas,1000,CE,2015,207.0,207000.0
82732,ocupados_setor_cultural_pnadc,Pesquisa Nacional por Amostra de Domicílios Contínua  > Pessoas de 14 anos ou mais de idade ocupadas na semana de referência > Setor Cultural,pessoas,1000,CE,2016,229.0,229000.0
82732,ocupados_setor_cultural_pnadc,Pesquisa Nacional por Amostra de Domicílios Contínua  > Pessoas de 14 anos ou mais de idade ocupadas na semana de referência > Setor Cultural,pessoas,1000,CE,2017,234.0,234000.0
82732,ocupados_setor_cultural_pnadc,Pesquisa Nacional por Amostra de Domicílios Contínua  > Pessoas de 14 anos ou mais de idade ocupadas na semana de referência > Setor Cultural,pessoas,1000,CE,2018,229.0,229000.0
82732,ocupados_setor_cultural_pnadc,Pesquisa Nacional por Amostra de Domicílios Contínua  > Pessoas de 14 anos ou mais de idade ocupadas na semana de referência > Setor Cultural,pessoas,1000,CE,2019,245.0,245000.0
82732,ocupados_setor_cultural_pnadc,Pesquisa Nacional por Amostra de Domicílios Contínua  > Pessoas de 14 anos ou mais de idade ocupadas na semana de referência > Setor Cultural,pessoas,1000,CE,2020,212.0,212000.0
82732,ocupados_setor_cultural_pnadc,Pesquisa Nacional por Amostra de Domicílios Contínua  > Pessoas de 14 anos ou mais de idade ocupadas na semana de referência > Setor Cultural,pessoas,1000,CE,2021,188.0,188000.0
82732,ocupados_setor_cultural_pnadc,Pesquisa Nacional por Amostra de Domicílios Contínua  > Pessoas de 14 anos ou mais de idade ocupadas na semana de referência > Setor Cultural,pessoas,1000,CE,2022,203.0,203000.0
82732,ocupados_setor_cultural_pnadc,Pesquisa Nacional por Amostra de Domicílios Contínua  > Pessoas de 14 anos ou mais de idade ocupadas na semana de referência > Setor Cultural,pessoas,1000,CE,2023,236.0,236000.0
82732,ocupados_setor_cultural_pnadc,Pesquisa Nacional por Amostra de Domicílios Contínua  > Pessoas de 14 anos ou mais de idade ocupadas na semana de referência > Setor Cultural,pessoas,1000,CE,2024,254.0,254000.0
82732,ocupados_setor_cultural_pnadc,Pesquisa Nacional por Amostra de Domicílios Contínua  > Pessoas de 14 anos ou mais de idade ocupadas na semana de referência > Setor Cultural,pessoas,1000,DF,2014,88.0,88000.0
82732,ocupados_setor_cultural_pnadc,Pesquisa Nacional por Amostra de Domicílios Contínua  > Pessoas de 14 anos ou mais de idade ocupadas na semana de referência > Setor Cultural,pessoas,1000,DF,2015,81.0,81000.0
82732,ocupados_setor_cultural_pnadc,Pesquisa Nacional por Amostra de Domicílios Contínua  > Pessoas de 14 anos ou mais de idade ocupadas na semana de referência > Setor Cultural,pessoas,1000,DF,2016,68.0,68000.0
82732,ocupados_setor_cultural_pnadc,Pesquisa Nacional por Amostra de Domicílios Contínua  > Pessoas de 14 anos ou mais de idade ocupadas na semana de referência > Setor Cultural,pessoas,1000,DF,2017,84.0,84000.0
82732,ocupados_setor_cultural_pnadc,Pesquisa Nacional por Amostra de Domicílios Contínua  > Pessoas de 14 anos ou mais de idade ocupadas na semana de referência > Setor Cultural,pessoas,1000,DF,2018,78.0,78000.0
82732,ocupados_setor_cultural_pnadc,Pesquisa Nacional por Amostra de Domicílios Contínua  > Pessoas de 14 anos ou mais de idade ocupadas na semana de referência > Setor Cultural,pessoas,1000,DF,2019,93.0,93000.0
82732,ocupados_setor_cultural_pnadc,Pesquisa Nacional por Amostra de Domicílios Contínua  > Pessoas de 14 anos ou mais de idade ocupadas na semana de referência > Setor Cultural,pessoas,1000,DF,2020,81.0,81000.0
82732,ocupados_setor_cultural_pnadc,Pesquisa Nacional por Amostra de Domicílios Contínua  > Pessoas de 14 anos ou mais de idade ocupadas na semana de referência > Setor Cultural,pessoas,1000,DF,2021,86.0,86000.0
82732,ocupados_setor_cultural_pnadc,Pesquisa Nacional por Amostra de Domicílios Contínua  > Pessoas de 14 anos ou mais de idade ocupadas na semana de referência > Setor Cultural,pessoas,1000,DF,2022,97.0,97000.0
82732,ocupados_setor_cultural_pnadc,Pesquisa Nacional por Amostra de Domicílios Contínua  > Pessoas de 14 anos ou mais de idade ocupadas na semana de referência > Setor Cultural,pessoas,1000,DF,2023,86.0,86000.0
82732,ocupados_setor_cultural_pnadc,Pesquisa Nacional por Amostra de Domicílios Contínua  > Pessoas de 14 anos ou mais de idade ocupadas na semana de referência > Setor Cultural,pessoas,1000,DF,2024,87.0,87000.0
82732,ocupados_setor_cultural_pnadc,Pesquisa Nacional por Amostra de Domicílios Contínua  > Pessoas de 14 anos ou mais de idade ocupadas na semana de referência > Setor Cultural,pessoas,1000,ES,2014,73.0,73000.0
82732,ocupados_setor_cultural_pnadc,Pesquisa Nacional por Amostra de Domicílios Contínua  > Pessoas de 14 anos ou mais de idade ocupadas na semana de referência > Setor Cultural,pessoas,1000,ES,2015,75.0,75000.0
82732,ocupados_setor_cultural_pnadc,Pesquisa Nacional por Amostra de Domicílios Contínua  > Pessoas de 14 anos ou mais de idade ocupadas na semana de referência > Setor Cultural,pessoas,1000,ES,2016,75.0,75000.0
82732,ocupados_setor_cultural_pnadc,Pesquisa Nacional por Amostra de Domicílios Contínua  > Pessoas de 14 anos ou mais de idade ocupadas na semana de referência > Setor Cultural,pessoas,1000,ES,2017,86.0,86000.0
82732,ocupados_setor_cultural_pnadc,Pesquisa Nacional por Amostra de Domicílios Contínua  > Pessoas de 14 anos ou mais de idade ocupadas na semana de referência > Setor Cultural,pessoas,1000,ES,2018,89.0,89000.0
82732,ocupados_setor_cultural_pnadc,Pesquisa Nacional por Amostra de Domicílios Contínua  > Pessoas de 14 anos ou mais de idade ocupadas na semana de referência > Setor Cultural,pessoas,1000,ES,2019,89.0,89000.0
82732,ocupados_setor_cultural_pnadc,Pesquisa Nacional por Amostra de Domicílios Contínua  > Pessoas de 14 anos ou mais de idade ocupadas na semana de referência > Setor Cultural,pessoas,1000,ES,2020,79.0,79000.0
82732,ocupados_setor_cultural_pnadc,Pesquisa Nacional por Amostra de Domicílios Contínua  > Pessoas de 14 anos ou mais de idade ocupadas na semana de referência > Setor Cultural,pessoas,1000,ES,2021,87.0,87000.0
82732,ocupados_setor_cultural_pnadc,Pesquisa Nacional por Amostra de Domicílios Contínua  > Pessoas de 14 anos ou mais de idade ocupadas na semana de referência > Setor Cultural,pessoas,1000,ES,2022,79.0,79000.0
82732,ocupados_setor_cultural_pnadc,Pesquisa Nacional por Amostra de Domicílios Contínua  > Pessoas de 14 anos ou mais de idade ocupadas na semana de referência > Setor Cultural,pessoas,1000,ES,2023,80.0,80000.0
82732,ocupados_setor_cultural_pnadc,Pesquisa Nacional por Amostra de Domicílios Contínua  > Pessoas de 14 anos ou mais de idade ocupadas na semana de referência > Setor Cultural,pessoas,1000,ES,2024,85.0,85000.0
82732,ocupados_setor_cultural_pnadc,Pesquisa Nacional por Amostra de Domicílios Contínua  > Pessoas de 14 anos ou mais de idade ocupadas na semana de referência > Setor Cultural,pessoas,1000,GO,2014,188.0,188000.0
82732,ocupados_setor_cultural_pnadc,Pesquisa Nacional por Amostra de Domicílios Contínua  > Pessoas de 14 anos ou mais de idade ocupadas na semana de referência > Setor Cultural,pessoas,1000,GO,2015,162.0,162000.0
82732,ocupados_setor_cultural_pnadc,Pesquisa Nacional por Amostra de Domicílios Contínua  > Pessoas de 14 anos ou mais de idade ocupadas na semana de referência > Setor Cultural,pessoas,1000,GO,2016,194.0,194000.0
82732,ocupados_setor_cultural_pnadc,Pesquisa Nacional por Amostra de Domicílios Contínua  > Pessoas de 14 anos ou mais de idade ocupadas na semana de referência > Setor Cultural,pessoas,1000,GO,2017,199.0,199000.0
82732,ocupados_setor_cultural_pnadc,Pesquisa Nacional por Amostra de Domicílios Contínua  > Pessoas de 14 anos ou mais de idade ocupadas na semana de referência > Setor Cultural,pessoas,1000,GO,2018,161.0,161000.0
82732,ocupados_setor_cultural_pnadc,Pesquisa Nacional por Amostra de Domicílios Contínua  > Pessoas de 14 anos ou mais de idade ocupadas na semana de referência > Setor Cultural,pessoas,1000,GO,2019,159.0,159000.0
82732,ocupados_setor_cultural_pnadc,Pesquisa Nacional por Amostra de Domicílios Contínua  > Pessoas de 14 anos ou mais de idade ocupadas na semana de referência > Setor Cultural,pessoas,1000,GO,2020,135.0,135000.0
82732,ocupados_setor_cultural_pnadc,Pesquisa Nacional por Amostra de Domicílios Contínua  > Pessoas de 14 anos ou mais de idade ocupadas na semana de referência > Setor Cultural,pessoas,1000,GO,2021,168.0,168000.0
82732,ocupados_setor_cultural_pnadc,Pesquisa Nacional por Amostra de Domicílios Contínua  > Pessoas de 14 anos ou mais de idade ocupadas na semana de referência > Setor Cultural,pessoas,1000,GO,2022,168.0,168000.0
82732,ocupados_setor_cultural_pnadc,Pesquisa Nacional por Amostra de Domicílios Contínua  > Pessoas de 14 anos ou mais de idade ocupadas na semana de referência > Setor Cultural,pessoas,1000,GO,2023,229.0,229000.0
82732,ocupados_setor_cultural_pnadc,Pesquisa Nacional por Amostra de Domicílios Contínua  > Pessoas de 14 anos ou mais de idade ocupadas na semana de referência > Setor Cultural,pessoas,1000,GO,2024,206.0,206000.0
82732,ocupados_setor_cultural_pnadc,Pesquisa Nacional por Amostra de Domicílios Contínua  > Pessoas de 14 anos ou mais de idade ocupadas na semana de referência > Setor Cultural,pessoas,1000,MA,2014,75.0,75000.0
82732,ocupados_setor_cultural_pnadc,Pesquisa Nacional por Amostra de Domicílios Contínua  > Pessoas de 14 anos ou mais de idade ocupadas na semana de referência > Setor Cultural,pessoas,1000,MA,2015,80.0,80000.0
82732,ocupados_setor_cultural_pnadc,Pesquisa Nacional por Amostra de Domicílios Contínua  > Pessoas de 14 anos ou mais de idade ocupadas na semana de referência > Setor Cultural,pessoas,1000,MA,2016,81.0,81000.0
82732,ocupados_setor_cultural_pnadc,Pesquisa Nacional por Amostra de Domicílios Contínua  > Pessoas de 14 anos ou mais de idade ocupadas na semana de referência > Setor Cultural,pessoas,1000,MA,2017,76.0,76000.0
82732,ocupados_setor_cultural_pnadc,Pesquisa Nacional por Amostra de Domicílios Contínua  > Pessoas de 14 anos ou mais de idade ocupadas na semana de referência > Setor Cultural,pessoas,1000,MA,2018,90.0,90000.0
82732,ocupados_setor_cultural_pnadc,Pesquisa Nacional por Amostra de Domicílios Contínua  > Pessoas de 14 anos ou mais de idade ocupadas na semana de referência > Setor Cultural,pessoas,1000,MA,2019,76.0,76000.0
82732,ocupados_setor_cultural_pnadc,Pesquisa Nacional por Amostra de Domicílios Contínua  > Pessoas de 14 anos ou mais de idade ocupadas na semana de referência > Setor Cultural,pessoas,1000,MA,2020,68.0,68000.0
82732,ocupados_setor_cultural_pnadc,Pesquisa Nacional por Amostra de Domicílios Contínua  > Pessoas de 14 anos ou mais de idade ocupadas na semana de referência > Setor Cultural,pessoas,1000,MA,2021,77.0,77000.0
82732,ocupados_setor_cultural_pnadc,Pesquisa Nacional por Amostra de Domicílios Contínua  > Pessoas de 14 anos ou mais de idade ocupadas na semana de referência > Setor Cultural,pessoas,1000,MA,2022,82.0,82000.0
82732,ocupados_setor_cultural_pnadc,Pesquisa Nacional por Amostra de Domicílios Contínua  > Pessoas de 14 anos ou mais de idade ocupadas na semana de referência > Setor Cultural,pessoas,1000,MA,2023,84.0,84000.0
82732,ocupados_setor_cultural_pnadc,Pesquisa Nacional por Amostra de Domicílios Contínua  > Pessoas de 14 anos ou mais de idade ocupadas na semana de referência > Setor Cultural,pessoas,1000,MA,2024,91.0,91000.0
82732,ocupados_setor_cultural_pnadc,Pesquisa Nacional por Amostra de Domicílios Contínua  > Pessoas de 14 anos ou mais de idade ocupadas na semana de referência > Setor Cultural,pessoas,1000,MG,2014,498.0,498000.0
82732,ocupados_setor_cultural_pnadc,Pesquisa Nacional por Amostra de Domicílios Contínua  > Pessoas de 14 anos ou mais de idade ocupadas na semana de referência > Setor Cultural,pessoas,1000,MG,2015,525.0,525000.0
82732,ocupados_setor_cultural_pnadc,Pesquisa Nacional por Amostra de Domicílios Contínua  > Pessoas de 14 anos ou mais de idade ocupadas na semana de referência > Setor Cultural,pessoas,1000,MG,2016,503.0,503000.0
82732,ocupados_setor_cultural_pnadc,Pesquisa Nacional por Amostra de Domicílios Contínua  > Pessoas de 14 anos ou mais de idade ocupadas na semana de referência > Setor Cultural,pessoas,1000,MG,2017,495.0,495000.0
82732,ocupados_setor_cultural_pnadc,Pesquisa Nacional por Amostra de Domicílios Contínua  > Pessoas de 14 anos ou mais de idade ocupadas na semana de referência > Setor Cultural,pessoas,1000,MG,2018,517.0,517000.0
82732,ocupados_setor_cultural_pnadc,Pesquisa Nacional por Amostra de Domicílios Contínua  > Pessoas de 14 anos ou mais de idade ocupadas na semana de referência > Setor Cultural,pessoas,1000,MG,2019,493.0,493000.0
82732,ocupados_setor_cultural_pnadc,Pesquisa Nacional por Amostra de Domicílios Contínua  > Pessoas de 14 anos ou mais de idade ocupadas na semana de referência > Setor Cultural,pessoas,1000,MG,2020,412.0,412000.0
82732,ocupados_setor_cultural_pnadc,Pesquisa Nacional por Amostra de Domicílios Contínua  > Pessoas de 14 anos ou mais de idade ocupadas na semana de referência > Setor Cultural,pessoas,1000,MG,2021,455.0,455000.0
82732,ocupados_setor_cultural_pnadc,Pesquisa Nacional por Amostra de Domicílios Contínua  > Pessoas de 14 anos ou mais de idade ocupadas na semana de referência > Setor Cultural,pessoas,1000,MG,2022,538.0,538000.0
82732,ocupados_setor_cultural_pnadc,Pesquisa Nacional por Amostra de Domicílios Contínua  > Pessoas de 14 anos ou mais de idade ocupadas na semana de referência > Setor Cultural,pessoas,1000,MG,2023,529.0,529000.0
82732,ocupados_setor_cultural_pnadc,Pesquisa Nacional por Amostra de Domicílios Contínua  > Pessoas de 14 anos ou mais de idade ocupadas na semana de referência > Setor Cultural,pessoas,1000,MG,2024,544.0,544000.0
82732,ocupados_setor_cultural_pnadc,Pesquisa Nacional por Amostra de Domicílios Contínua  > Pessoas de 14 anos ou mais de idade ocupadas na semana de referência > Setor Cultural,pessoas,1000,MS,2014,46.0,46000.0
82732,ocupados_setor_cultural_pnadc,Pesquisa Nacional por Amostra de Domicílios Contínua  > Pessoas de 14 anos ou mais de idade ocupadas na semana de referência > Setor Cultural,pessoas,1000,MS,2015,55.0,55000.0
82732,ocupados_setor_cultural_pnadc,Pesquisa Nacional por Amostra de Domicílios Contínua  > Pessoas de 14 anos ou mais de idade ocupadas na semana de referência > Setor Cultural,pessoas,1000,MS,2016,43.0,43000.0
82732,ocupados_setor_cultural_pnadc,Pesquisa Nacional por Amostra de Domicílios Contínua  > Pessoas de 14 anos ou mais de idade ocupadas na semana de referência > Setor Cultural,pessoas,1000,MS,2017,58.0,58000.0
82732,ocupados_setor_cultural_pnadc,Pesquisa Nacional por Amostra de Domicílios Contínua  > Pessoas de 14 anos ou mais de idade ocupadas na semana de referência > Setor Cultural,pessoas,1000,MS,2018,57.0,57000.0
82732,ocupados_setor_cultural_pnadc,Pesquisa Nacional por Amostra de Domicílios Contínua  > Pessoas de 14 anos ou mais de idade ocupadas na semana de referência > Setor Cultural,pessoas,1000,MS,2019,59.0,59000.0
82732,ocupados_setor_cultural_pnadc,Pesquisa Nacional por Amostra de Domicílios Contínua  > Pessoas de 14 anos ou mais de idade ocupadas na semana de referência > Setor Cultural,pessoas,1000,MS,2020,52.0,52000.0
82732,ocupados_setor_cultural_pnadc,Pesquisa Nacional por Amostra de Domicílios Contínua  > Pessoas de 14 anos ou mais de idade ocupadas na semana de referência > Setor Cultural,pessoas,1000,MS,2021,52.0,52000.0
82732,ocupados_setor_cultural_pnadc,Pesquisa Nacional por Amostra de Domicílios Contínua  > Pessoas de 14 anos ou mais de idade ocupadas na semana de referência > Setor Cultural,pessoas,1000,MS,2022,45.0,45000.0
82732,ocupados_setor_cultural_pnadc,Pesquisa Nacional por Amostra de Domicílios Contínua  > Pessoas de 14 anos ou mais de idade ocupadas na semana de referência > Setor Cultural,pessoas,1000,MS,2023,64.0,64000.0
82732,ocupados_setor_cultural_pnadc,Pesquisa Nacional por Amostra de Domicílios Contínua  > Pessoas de 14 anos ou mais de idade ocupadas na semana de referência > Setor Cultural,pessoas,1000,MS,2024,65.0,65000.0
82732,ocupados_setor_cultural_pnadc,Pesquisa Nacional por Amostra de Domicílios Contínua  > Pessoas de 14 anos ou mais de idade ocupadas na semana de referência > Setor Cultural,pessoas,1000,MT,2014,64.0,64000.0
82732,ocupados_setor_cultural_pnadc,Pesquisa Nacional por Amostra de Domicílios Contínua  > Pessoas de 14 anos ou mais de idade ocupadas na semana de referência > Setor Cultural,pessoas,1000,MT,2015,69.0,69000.0
82732,ocupados_setor_cultural_pnadc,Pesquisa Nacional por Amostra de Domicílios Contínua  > Pessoas de 14 anos ou mais de idade ocupadas na semana de referência > Setor Cultural,pessoas,1000,MT,2016,58.0,58000.0
82732,ocupados_setor_cultural_pnadc,Pesquisa Nacional por Amostra de Domicílios Contínua  > Pessoas de 14 anos ou mais de idade ocupadas na semana de referência > Setor Cultural,pessoas,1000,MT,2017,53.0,53000.0
82732,ocupados_setor_cultural_pnadc,Pesquisa Nacional por Amostra de Domicílios Contínua  > Pessoas de 14 anos ou mais de idade ocupadas na semana de referência > Setor Cultural,pessoas,1000,MT,2018,62.0,62000.0
82732,ocupados_setor_cultural_pnadc,Pesquisa Nacional por Amostra de Domicílios Contínua  > Pessoas de 14 anos ou mais de idade ocupadas na semana de referência > Setor Cultural,pessoas,1000,MT,2019,64.0,64000.0
82732,ocupados_setor_cultural_pnadc,Pesquisa Nacional por Amostra de Domicílios Contínua  > Pessoas de 14 anos ou mais de idade ocupadas na semana de referência > Setor Cultural,pessoas,1000,MT,2020,67.0,67000.0
82732,ocupados_setor_cultural_pnadc,Pesquisa Nacional por Amostra de Domicílios Contínua  > Pessoas de 14 anos ou mais de idade ocupadas na semana de referência > Setor Cultural,pessoas,1000,MT,2021,53.0,53000.0
82732,ocupados_setor_cultural_pnadc,Pesquisa Nacional por Amostra de Domicílios Contínua  > Pessoas de 14 anos ou mais de idade ocupadas na semana de referência > Setor Cultural,pessoas,1000,MT,2022,54.0,54000.0
82732,ocupados_setor_cultural_pnadc,Pesquisa Nacional por Amostra de Domicílios Contínua  > Pessoas de 14 anos ou mais de idade ocupadas na semana de referência > Setor Cultural,pessoas,1000,MT,2023,60.0,60000.0
82732,ocupados_setor_cultural_pnadc,Pesquisa Nacional por Amostra de Domicílios Contínua  > Pessoas de 14 anos ou mais de idade ocupadas na semana de referência > Setor Cultural,pessoas,1000,MT,2024,84.0,84000.0
82732,ocupados_setor_cultural_pnadc,Pesquisa Nacional por Amostra de Domicílios Contínua  > Pessoas de 14 anos ou mais de idade ocupadas na semana de referência > Setor Cultural,pessoas,1000,PA,2014,126.0,126000.0
82732,ocupados_setor_cultural_pnadc,Pesquisa Nacional por Amostra de Domicílios Contínua  > Pessoas de 14 anos ou mais de idade ocupadas na semana de referência > Setor Cultural,pessoas,1000,PA,2015,136.0,136000.0
82732,ocupados_setor_cultural_pnadc,Pesquisa Nacional por Amostra de Domicílios Contínua  > Pessoas de 14 anos ou mais de idade ocupadas na semana de referência > Setor Cultural,pessoas,1000,PA,2016,122.0,122000.0
82732,ocupados_setor_cultural_pnadc,Pesquisa Nacional por Amostra de Domicílios Contínua  > Pessoas de 14 anos ou mais de idade ocupadas na semana de referência > Setor Cultural,pessoas,1000,PA,2017,138.0,138000.0
82732,ocupados_setor_cultural_pnadc,Pesquisa Nacional por Amostra de Domicílios Contínua  > Pessoas de 14 anos ou mais de idade ocupadas na semana de referência > Setor Cultural,pessoas,1000,PA,2018,134.0,134000.0
82732,ocupados_setor_cultural_pnadc,Pesquisa Nacional por Amostra de Domicílios Contínua  > Pessoas de 14 anos ou mais de idade ocupadas na semana de referência > Setor Cultural,pessoas,1000,PA,2019,130.0,130000.0
82732,ocupados_setor_cultural_pnadc,Pesquisa Nacional por Amostra de Domicílios Contínua  > Pessoas de 14 anos ou mais de idade ocupadas na semana de referência > Setor Cultural,pessoas,1000,PA,2020,117.0,117000.0
82732,ocupados_setor_cultural_pnadc,Pesquisa Nacional por Amostra de Domicílios Contínua  > Pessoas de 14 anos ou mais de idade ocupadas na semana de referência > Setor Cultural,pessoas,1000,PA,2021,141.0,141000.0
82732,ocupados_setor_cultural_pnadc,Pesquisa Nacional por Amostra de Domicílios Contínua  > Pessoas de 14 anos ou mais de idade ocupadas na semana de referência > Setor Cultural,pessoas,1000,PA,2022,128.0,128000.0
82732,ocupados_setor_cultural_pnadc,Pesquisa Nacional por Amostra de Domicílios Contínua  > Pessoas de 14 anos ou mais de idade ocupadas na semana de referência > Setor Cultural,pessoas,1000,PA,2023,173.0,173000.0
82732,ocupados_setor_cultural_pnadc,Pesquisa Nacional por Amostra de Domicílios Contínua  > Pessoas de 14 anos ou mais de idade ocupadas na semana de referência > Setor Cultural,pessoas,1000,PA,2024,152.0,152000.0
82732,ocupados_setor_cultural_pnadc,Pesquisa Nacional por Amostra de Domicílios Contínua  > Pessoas de 14 anos ou mais de idade ocupadas na semana de referência > Setor Cultural,pessoas,1000,PB,2014,88.0,88000.0
82732,ocupados_setor_cultural_pnadc,Pesquisa Nacional por Amostra de Domicílios Contínua  > Pessoas de 14 anos ou mais de idade ocupadas na semana de referência > Setor Cultural,pessoas,1000,PB,2015,87.0,87000.0
82732,ocupados_setor_cultural_pnadc,Pesquisa Nacional por Amostra de Domicílios Contínua  > Pessoas de 14 anos ou mais de idade ocupadas na semana de referência > Setor Cultural,pessoas,1000,PB,2016,73.0,73000.0
82732,ocupados_setor_cultural_pnadc,Pesquisa Nacional por Amostra de Domicílios Contínua  > Pessoas de 14 anos ou mais de idade ocupadas na semana de referência > Setor Cultural,pessoas,1000,PB,2017,64.0,64000.0
82732,ocupados_setor_cultural_pnadc,Pesquisa Nacional por Amostra de Domicílios Contínua  > Pessoas de 14 anos ou mais de idade ocupadas na semana de referência > Setor Cultural,pessoas,1000,PB,2018,86.0,86000.0
82732,ocupados_setor_cultural_pnadc,Pesquisa Nacional por Amostra de Domicílios Contínua  > Pessoas de 14 anos ou mais de idade ocupadas na semana de referência > Setor Cultural,pessoas,1000,PB,2019,63.0,63000.0
82732,ocupados_setor_cultural_pnadc,Pesquisa Nacional por Amostra de Domicílios Contínua  > Pessoas de 14 anos ou mais de idade ocupadas na semana de referência > Setor Cultural,pessoas,1000,PB,2020,54.0,54000.0
82732,ocupados_setor_cultural_pnadc,Pesquisa Nacional por Amostra de Domicílios Contínua  > Pessoas de 14 anos ou mais de idade ocupadas na semana de referência > Setor Cultural,pessoas,1000,PB,2021,62.0,62000.0
82732,ocupados_setor_cultural_pnadc,Pesquisa Nacional por Amostra de Domicílios Contínua  > Pessoas de 14 anos ou mais de idade ocupadas na semana de referência > Setor Cultural,pessoas,1000,PB,2022,67.0,67000.0
82732,ocupados_setor_cultural_pnadc,Pesquisa Nacional por Amostra de Domicílios Contínua  > Pessoas de 14 anos ou mais de idade ocupadas na semana de referência > Setor Cultural,pessoas,1000,PB,2023,83.0,83000.0
82732,ocupados_setor_cultural_pnadc,Pesquisa Nacional por Amostra de Domicílios Contínua  > Pessoas de 14 anos ou mais de idade ocupadas na semana de referência > Setor Cultural,pessoas,1000,PB,2024,91.0,91000.0
82732,ocupados_setor_cultural_pnadc,Pesquisa Nacional por Amostra de Domicílios Contínua  > Pessoas de 14 anos ou mais de idade ocupadas na semana de referência > Setor Cultural,pessoas,1000,PE,2014,164.0,164000.0
82732,ocupados_setor_cultural_pnadc,Pesquisa Nacional por Amostra de Domicílios Contínua  > Pessoas de 14 anos ou mais de idade ocupadas na semana de referência > Setor Cultural,pessoas,1000,PE,2015,161.0,161000.0
82732,ocupados_setor_cultural_pnadc,Pesquisa Nacional por Amostra de Domicílios Contínua  > Pessoas de 14 anos ou mais de idade ocupadas na semana de referência > Setor Cultural,pessoas,1000,PE,2016,168.0,168000.0
82732,ocupados_setor_cultural_pnadc,Pesquisa Nacional por Amostra de Domicílios Contínua  > Pessoas de 14 anos ou mais de idade ocupadas na semana de referência > Setor Cultural,pessoas,1000,PE,2017,188.0,188000.0
82732,ocupados_setor_cultural_pnadc,Pesquisa Nacional por Amostra de Domicílios Contínua  > Pessoas de 14 anos ou mais de idade ocupadas na semana de referência > Setor Cultural,pessoas,1000,PE,2018,162.0,162000.0
82732,ocupados_setor_cultural_pnadc,Pesquisa Nacional por Amostra de Domicílios Contínua  > Pessoas de 14 anos ou mais de idade ocupadas na semana de referência > Setor Cultural,pessoas,1000,PE,2019,165.0,165000.0
82732,ocupados_setor_cultural_pnadc,Pesquisa Nacional por Amostra de Domicílios Contínua  > Pessoas de 14 anos ou mais de idade ocupadas na semana de referência > Setor Cultural,pessoas,1000,PE,2020,148.0,148000.0
82732,ocupados_setor_cultural_pnadc,Pesquisa Nacional por Amostra de Domicílios Contínua  > Pessoas de 14 anos ou mais de idade ocupadas na semana de referência > Setor Cultural,pessoas,1000,PE,2021,147.0,147000.0
82732,ocupados_setor_cultural_pnadc,Pesquisa Nacional por Amostra de Domicílios Contínua  > Pessoas de 14 anos ou mais de idade ocupadas na semana de referência > Setor Cultural,pessoas,1000,PE,2022,147.0,147000.0
82732,ocupados_setor_cultural_pnadc,Pesquisa Nacional por Amostra de Domicílios Contínua  > Pessoas de 14 anos ou mais de idade ocupadas na semana de referência > Setor Cultural,pessoas,1000,PE,2023,152.0,152000.0
82732,ocupados_setor_cultural_pnadc,Pesquisa Nacional por Amostra de Domicílios Contínua  > Pessoas de 14 anos ou mais de idade ocupadas na semana de referência > Setor Cultural,pessoas,1000,PE,2024,184.0,184000.0
82732,ocupados_setor_cultural_pnadc,Pesquisa Nacional por Amostra de Domicílios Contínua  > Pessoas de 14 anos ou mais de idade ocupadas na semana de referência > Setor Cultural,pessoas,1000,PI,2014,44.0,44000.0
82732,ocupados_setor_cultural_pnadc,Pesquisa Nacional por Amostra de Domicílios Contínua  > Pessoas de 14 anos ou mais de idade ocupadas na semana de referência > Setor Cultural,pessoas,1000,PI,2015,62.0,62000.0
82732,ocupados_setor_cultural_pnadc,Pesquisa Nacional por Amostra de Domicílios Contínua  > Pessoas de 14 anos ou mais de idade ocupadas na semana de referência > Setor Cultural,pessoas,1000,PI,2016,58.0,58000.0
82732,ocupados_setor_cultural_pnadc,Pesquisa Nacional por Amostra de Domicílios Contínua  > Pessoas de 14 anos ou mais de idade ocupadas na semana de referência > Setor Cultural,pessoas,1000,PI,2017,58.0,58000.0
82732,ocupados_setor_cultural_pnadc,Pesquisa Nacional por Amostra de Domicílios Contínua  > Pessoas de 14 anos ou mais de idade ocupadas na semana de referência > Setor Cultural,pessoas,1000,PI,2018,55.0,55000.0
82732,ocupados_setor_cultural_pnadc,Pesquisa Nacional por Amostra de Domicílios Contínua  > Pessoas de 14 anos ou mais de idade ocupadas na semana de referência > Setor Cultural,pessoas,1000,PI,2019,44.0,44000.0
82732,ocupados_setor_cultural_pnadc,Pesquisa Nacional por Amostra de Domicílios Contínua  > Pessoas de 14 anos ou mais de idade ocupadas na semana de referência > Setor Cultural,pessoas,1000,PI,2020,43.0,43000.0
82732,ocupados_setor_cultural_pnadc,Pesquisa Nacional por Amostra de Domicílios Contínua  > Pessoas de 14 anos ou mais de idade ocupadas na semana de referência > Setor Cultural,pessoas,1000,PI,2021,56.0,56000.0
82732,ocupados_setor_cultural_pnadc,Pesquisa Nacional por Amostra de Domicílios Contínua  > Pessoas de 14 anos ou mais de idade ocupadas na semana de referência > Setor Cultural,pessoas,1000,PI,2022,57.0,57000.0
82732,ocupados_setor_cultural_pnadc,Pesquisa Nacional por Amostra de Domicílios Contínua  > Pessoas de 14 anos ou mais de idade ocupadas na semana de referência > Setor Cultural,pessoas,1000,PI,2023,56.0,56000.0
82732,ocupados_setor_cultural_pnadc,Pesquisa Nacional por Amostra de Domicílios Contínua  > Pessoas de 14 anos ou mais de idade ocupadas na semana de referência > Setor Cultural,pessoas,1000,PI,2024,49.0,49000.0
82732,ocupados_setor_cultural_pnadc,Pesquisa Nacional por Amostra de Domicílios Contínua  > Pessoas de 14 anos ou mais de idade ocupadas na semana de referência > Setor Cultural,pessoas,1000,PR,2014,334.0,334000.0
82732,ocupados_setor_cultural_pnadc,Pesquisa Nacional por Amostra de Domicílios Contínua  > Pessoas de 14 anos ou mais de idade ocupadas na semana de referência > Setor Cultural,pessoas,1000,PR,2015,304.0,304000.0
82732,ocupados_setor_cultural_pnadc,Pesquisa Nacional por Amostra de Domicílios Contínua  > Pessoas de 14 anos ou mais de idade ocupadas na semana de referência > Setor Cultural,pessoas,1000,PR,2016,307.0,307000.0
82732,ocupados_setor_cultural_pnadc,Pesquisa Nacional por Amostra de Domicílios Contínua  > Pessoas de 14 anos ou mais de idade ocupadas na semana de referência > Setor Cultural,pessoas,1000,PR,2017,298.0,298000.0
82732,ocupados_setor_cultural_pnadc,Pesquisa Nacional por Amostra de Domicílios Contínua  > Pessoas de 14 anos ou mais de idade ocupadas na semana de referência > Setor Cultural,pessoas,1000,PR,2018,294.0,294000.0
82732,ocupados_setor_cultural_pnadc,Pesquisa Nacional por Amostra de Domicílios Contínua  > Pessoas de 14 anos ou mais de idade ocupadas na semana de referência > Setor Cultural,pessoas,1000,PR,2019,305.0,305000.0
82732,ocupados_setor_cultural_pnadc,Pesquisa Nacional por Amostra de Domicílios Contínua  > Pessoas de 14 anos ou mais de idade ocupadas na semana de referência > Setor Cultural,pessoas,1000,PR,2020,278.0,278000.0
82732,ocupados_setor_cultural_pnadc,Pesquisa Nacional por Amostra de Domicílios Contínua  > Pessoas de 14 anos ou mais de idade ocupadas na semana de referência > Setor Cultural,pessoas,1000,PR,2021,281.0,281000.0
82732,ocupados_setor_cultural_pnadc,Pesquisa Nacional por Amostra de Domicílios Contínua  > Pessoas de 14 anos ou mais de idade ocupadas na semana de referência > Setor Cultural,pessoas,1000,PR,2022,277.0,277000.0
82732,ocupados_setor_cultural_pnadc,Pesquisa Nacional por Amostra de Domicílios Contínua  > Pessoas de 14 anos ou mais de idade ocupadas na semana de referência > Setor Cultural,pessoas,1000,PR,2023,302.0,302000.0
82732,ocupados_setor_cultural_pnadc,Pesquisa Nacional por Amostra de Domicílios Contínua  > Pessoas de 14 anos ou mais de idade ocupadas na semana de referência > Setor Cultural,pessoas,1000,PR,2024,323.0,323000.0
82732,ocupados_setor_cultural_pnadc,Pesquisa Nacional por Amostra de Domicílios Contínua  > Pessoas de 14 anos ou mais de idade ocupadas na semana de referência > Setor Cultural,pessoas,1000,RJ,2014,504.0,504000.0
82732,ocupados_setor_cultural_pnadc,Pesquisa Nacional por Amostra de Domicílios Contínua  > Pessoas de 14 anos ou mais de idade ocupadas na semana de referência > Setor Cultural,pessoas,1000,RJ,2015,480.0,480000.0
82732,ocupados_setor_cultural_pnadc,Pesquisa Nacional por Amostra de Domicílios Contínua  > Pessoas de 14 anos ou mais de idade ocupadas na semana de referência > Setor Cultural,pessoas,1000,RJ,2016,475.0,475000.0
82732,ocupados_setor_cultural_pnadc,Pesquisa Nacional por Amostra de Domicílios Contínua  > Pessoas de 14 anos ou mais de idade ocupadas na semana de referência > Setor Cultural,pessoas,1000,RJ,2017,529.0,529000.0
82732,ocupados_setor_cultural_pnadc,Pesquisa Nacional por Amostra de Domicílios Contínua  > Pessoas de 14 anos ou mais de idade ocupadas na semana de referência > Setor Cultural,pessoas,1000,RJ,2018,508.0,508000.0
82732,ocupados_setor_cultural_pnadc,Pesquisa Nacional por Amostra de Domicílios Contínua  > Pessoas de 14 anos ou mais de idade ocupadas na semana de referência > Setor Cultural,pessoas,1000,RJ,2019,552.0,552000.0
82732,ocupados_setor_cultural_pnadc,Pesquisa Nacional por Amostra de Domicílios Contínua  > Pessoas de 14 anos ou mais de idade ocupadas na semana de referência > Setor Cultural,pessoas,1000,RJ,2020,472.0,472000.0
82732,ocupados_setor_cultural_pnadc,Pesquisa Nacional por Amostra de Domicílios Contínua  > Pessoas de 14 anos ou mais de idade ocupadas na semana de referência > Setor Cultural,pessoas,1000,RJ,2021,477.0,477000.0
82732,ocupados_setor_cultural_pnadc,Pesquisa Nacional por Amostra de Domicílios Contínua  > Pessoas de 14 anos ou mais de idade ocupadas na semana de referência > Setor Cultural,pessoas,1000,RJ,2022,484.0,484000.0
82732,ocupados_setor_cultural_pnadc,Pesquisa Nacional por Amostra de Domicílios Contínua  > Pessoas de 14 anos ou mais de idade ocupadas na semana de referência > Setor Cultural,pessoas,1000,RJ,2023,537.0,537000.0
82732,ocupados_setor_cultural_pnadc,Pesquisa Nacional por Amostra de Domicílios Contínua  > Pessoas de 14 anos ou mais de idade ocupadas na semana de referência > Setor Cultural,pessoas,1000,RJ,2024,571.0,571000.0
82732,ocupados_setor_cultural_pnadc,Pesquisa Nacional por Amostra de Domicílios Contínua  > Pessoas de 14 anos ou mais de idade ocupadas na semana de referência > Setor Cultural,pessoas,1000,RN,2014,53.0,53000.0
82732,ocupados_setor_cultural_pnadc,Pesquisa Nacional por Amostra de Domicílios Contínua  > Pessoas de 14 anos ou mais de idade ocupadas na semana de referência > Setor Cultural,pessoas,1000,RN,2015,65.0,65000.0
82732,ocupados_setor_cultural_pnadc,Pesquisa Nacional por Amostra de Domicílios Contínua  > Pessoas de 14 anos ou mais de idade ocupadas na semana de referência > Setor Cultural,pessoas,1000,RN,2016,58.0,58000.0
82732,ocupados_setor_cultural_pnadc,Pesquisa Nacional por Amostra de Domicílios Contínua  > Pessoas de 14 anos ou mais de idade ocupadas na semana de referência > Setor Cultural,pessoas,1000,RN,2017,71.0,71000.0
82732,ocupados_setor_cultural_pnadc,Pesquisa Nacional por Amostra de Domicílios Contínua  > Pessoas de 14 anos ou mais de idade ocupadas na semana de referência > Setor Cultural,pessoas,1000,RN,2018,58.0,58000.0
82732,ocupados_setor_cultural_pnadc,Pesquisa Nacional por Amostra de Domicílios Contínua  > Pessoas de 14 anos ou mais de idade ocupadas na semana de referência > Setor Cultural,pessoas,1000,RN,2019,65.0,65000.0
82732,ocupados_setor_cultural_pnadc,Pesquisa Nacional por Amostra de Domicílios Contínua  > Pessoas de 14 anos ou mais de idade ocupadas na semana de referência > Setor Cultural,pessoas,1000,RN,2020,79.0,79000.0
82732,ocupados_setor_cultural_pnadc,Pesquisa Nacional por Amostra de Domicílios Contínua  > Pessoas de 14 anos ou mais de idade ocupadas na semana de referência > Setor Cultural,pessoas,1000,RN,2021,55.0,55000.0
82732,ocupados_setor_cultural_pnadc,Pesquisa Nacional por Amostra de Domicílios Contínua  > Pessoas de 14 anos ou mais de idade ocupadas na semana de referência > Setor Cultural,pessoas,1000,RN,2022,60.0,60000.0
82732,ocupados_setor_cultural_pnadc,Pesquisa Nacional por Amostra de Domicílios Contínua  > Pessoas de 14 anos ou mais de idade ocupadas na semana de referência > Setor Cultural,pessoas,1000,RN,2023,54.0,54000.0
82732,ocupados_setor_cultural_pnadc,Pesquisa Nacional por Amostra de Domicílios Contínua  > Pessoas de 14 anos ou mais de idade ocupadas na semana de referência > Setor Cultural,pessoas,1000,RN,2024,62.0,62000.0
82732,ocupados_setor_cultural_pnadc,Pesquisa Nacional por Amostra de Domicílios Contínua  > Pessoas de 14 anos ou mais de idade ocupadas na semana de referência > Setor Cultural,pessoas,1000,RO,2014,24.0,24000.0
82732,ocupados_setor_cultural_pnadc,Pesquisa Nacional por Amostra de Domicílios Contínua  > Pessoas de 14 anos ou mais de idade ocupadas na semana de referência > Setor Cultural,pessoas,1000,RO,2015,22.0,22000.0
82732,ocupados_setor_cultural_pnadc,Pesquisa Nacional por Amostra de Domicílios Contínua  > Pessoas de 14 anos ou mais de idade ocupadas na semana de referência > Setor Cultural,pessoas,1000,RO,2016,20.0,20000.0
82732,ocupados_setor_cultural_pnadc,Pesquisa Nacional por Amostra de Domicílios Contínua  > Pessoas de 14 anos ou mais de idade ocupadas na semana de referência > Setor Cultural,pessoas,1000,RO,2017,21.0,21000.0
82732,ocupados_setor_cultural_pnadc,Pesquisa Nacional por Amostra de Domicílios Contínua  > Pessoas de 14 anos ou mais de idade ocupadas na semana de referência > Setor Cultural,pessoas,1000,RO,2018,23.0,23000.0
82732,ocupados_setor_cultural_pnadc,Pesquisa Nacional por Amostra de Domicílios Contínua  > Pessoas de 14 anos ou mais de idade ocupadas na semana de referência > Setor Cultural,pessoas,1000,RO,2019,26.0,26000.0
82732,ocupados_setor_cultural_pnadc,Pesquisa Nacional por Amostra de Domicílios Contínua  > Pessoas de 14 anos ou mais de idade ocupadas na semana de referência > Setor Cultural,pessoas,1000,RO,2020,23.0,23000.0
82732,ocupados_setor_cultural_pnadc,Pesquisa Nacional por Amostra de Domicílios Contínua  > Pessoas de 14 anos ou mais de idade ocupadas na semana de referência > Setor Cultural,pessoas,1000,RO,2021,25.0,25000.0
82732,ocupados_setor_cultural_pnadc,Pesquisa Nacional por Amostra de Domicílios Contínua  > Pessoas de 14 anos ou mais de idade ocupadas na semana de referência > Setor Cultural,pessoas,1000,RO,2022,31.0,31000.0
82732,ocupados_setor_cultural_pnadc,Pesquisa Nacional por Amostra de Domicílios Contínua  > Pessoas de 14 anos ou mais de idade ocupadas na semana de referência > Setor Cultural,pessoas,1000,RO,2023,33.0,33000.0
82732,ocupados_setor_cultural_pnadc,Pesquisa Nacional por Amostra de Domicílios Contínua  > Pessoas de 14 anos ou mais de idade ocupadas na semana de referência > Setor Cultural,pessoas,1000,RO,2024,23.0,23000.0
82732,ocupados_setor_cultural_pnadc,Pesquisa Nacional por Amostra de Domicílios Contínua  > Pessoas de 14 anos ou mais de idade ocupadas na semana de referência > Setor Cultural,pessoas,1000,RR,2014,7.0,7000.0
82732,ocupados_setor_cultural_pnadc,Pesquisa Nacional por Amostra de Domicílios Contínua  > Pessoas de 14 anos ou mais de idade ocupadas na semana de referência > Setor Cultural,pessoas,1000,RR,2015,7.0,7000.0
82732,ocupados_setor_cultural_pnadc,Pesquisa Nacional por Amostra de Domicílios Contínua  > Pessoas de 14 anos ou mais de idade ocupadas na semana de referência > Setor Cultural,pessoas,1000,RR,2016,10.0,10000.0
82732,ocupados_setor_cultural_pnadc,Pesquisa Nacional por Amostra de Domicílios Contínua  > Pessoas de 14 anos ou mais de idade ocupadas na semana de referência > Setor Cultural,pessoas,1000,RR,2017,8.0,8000.0
82732,ocupados_setor_cultural_pnadc,Pesquisa Nacional por Amostra de Domicílios Contínua  > Pessoas de 14 anos ou mais de idade ocupadas na semana de referência > Setor Cultural,pessoas,1000,RR,2018,9.0,9000.0
82732,ocupados_setor_cultural_pnadc,Pesquisa Nacional por Amostra de Domicílios Contínua  > Pessoas de 14 anos ou mais de idade ocupadas na semana de referência > Setor Cultural,pessoas,1000,RR,2019,9.0,9000.0
82732,ocupados_setor_cultural_pnadc,Pesquisa Nacional por Amostra de Domicílios Contínua  > Pessoas de 14 anos ou mais de idade ocupadas na semana de referência > Setor Cultural,pessoas,1000,RR,2020,7.0,7000.0
82732,ocupados_setor_cultural_pnadc,Pesquisa Nacional por Amostra de Domicílios Contínua  > Pessoas de 14 anos ou mais de idade ocupadas na semana de referência > Setor Cultural,pessoas,1000,RR,2021,5.0,5000.0
82732,ocupados_setor_cultural_pnadc,Pesquisa Nacional por Amostra de Domicílios Contínua  > Pessoas de 14 anos ou mais de idade ocupadas na semana de referência > Setor Cultural,pessoas,1000,RR,2022,8.0,8000.0
82732,ocupados_setor_cultural_pnadc,Pesquisa Nacional por Amostra de Domicílios Contínua  > Pessoas de 14 anos ou mais de idade ocupadas na semana de referência > Setor Cultural,pessoas,1000,RR,2023,11.0,11000.0
82732,ocupados_setor_cultural_pnadc,Pesquisa Nacional por Amostra de Domicílios Contínua  > Pessoas de 14 anos ou mais de idade ocupadas na semana de referência > Setor Cultural,pessoas,1000,RR,2024,10.0,10000.0
82732,ocupados_setor_cultural_pnadc,Pesquisa Nacional por Amostra de Domicílios Contínua  > Pessoas de 14 anos ou mais de idade ocupadas na semana de referência > Setor Cultural,pessoas,1000,RS,2014,341.0,341000.0
82732,ocupados_setor_cultural_pnadc,Pesquisa Nacional por Amostra de Domicílios Contínua  > Pessoas de 14 anos ou mais de idade ocupadas na semana de referência > Setor Cultural,pessoas,1000,RS,2015,356.0,356000.0
82732,ocupados_setor_cultural_pnadc,Pesquisa Nacional por Amostra de Domicílios Contínua  > Pessoas de 14 anos ou mais de idade ocupadas na semana de referência > Setor Cultural,pessoas,1000,RS,2016,333.0,333000.0
82732,ocupados_setor_cultural_pnadc,Pesquisa Nacional por Amostra de Domicílios Contínua  > Pessoas de 14 anos ou mais de idade ocupadas na semana de referência > Setor Cultural,pessoas,1000,RS,2017,328.0,328000.0
82732,ocupados_setor_cultural_pnadc,Pesquisa Nacional por Amostra de Domicílios Contínua  > Pessoas de 14 anos ou mais de idade ocupadas na semana de referência > Setor Cultural,pessoas,1000,RS,2018,330.0,330000.0
82732,ocupados_setor_cultural_pnadc,Pesquisa Nacional por Amostra de Domicílios Contínua  > Pessoas de 14 anos ou mais de idade ocupadas na semana de referência > Setor Cultural,pessoas,1000,RS,2019,344.0,344000.0
82732,ocupados_setor_cultural_pnadc,Pesquisa Nacional por Amostra de Domicílios Contínua  > Pessoas de 14 anos ou mais de idade ocupadas na semana de referência > Setor Cultural,pessoas,1000,RS,2020,286.0,286000.0
82732,ocupados_setor_cultural_pnadc,Pesquisa Nacional por Amostra de Domicílios Contínua  > Pessoas de 14 anos ou mais de idade ocupadas na semana de referência > Setor Cultural,pessoas,1000,RS,2021,303.0,303000.0
82732,ocupados_setor_cultural_pnadc,Pesquisa Nacional por Amostra de Domicílios Contínua  > Pessoas de 14 anos ou mais de idade ocupadas na semana de referência > Setor Cultural,pessoas,1000,RS,2022,351.0,351000.0
82732,ocupados_setor_cultural_pnadc,Pesquisa Nacional por Amostra de Domicílios Contínua  > Pessoas de 14 anos ou mais de idade ocupadas na semana de referência > Setor Cultural,pessoas,1000,RS,2023,340.0,340000.0
82732,ocupados_setor_cultural_pnadc,Pesquisa Nacional por Amostra de Domicílios Contínua  > Pessoas de 14 anos ou mais de idade ocupadas na semana de referência > Setor Cultural,pessoas,1000,RS,2024,344.0,344000.0
82732,ocupados_setor_cultural_pnadc,Pesquisa Nacional por Amostra de Domicílios Contínua  > Pessoas de 14 anos ou mais de idade ocupadas na semana de referência > Setor Cultural,pessoas,1000,SC,2014,209.0,209000.0
82732,ocupados_setor_cultural_pnadc,Pesquisa Nacional por Amostra de Domicílios Contínua  > Pessoas de 14 anos ou mais de idade ocupadas na semana de referência > Setor Cultural,pessoas,1000,SC,2015,215.0,215000.0
82732,ocupados_setor_cultural_pnadc,Pesquisa Nacional por Amostra de Domicílios Contínua  > Pessoas de 14 anos ou mais de idade ocupadas na semana de referência > Setor Cultural,pessoas,1000,SC,2016,197.0,197000.0
82732,ocupados_setor_cultural_pnadc,Pesquisa Nacional por Amostra de Domicílios Contínua  > Pessoas de 14 anos ou mais de idade ocupadas na semana de referência > Setor Cultural,pessoas,1000,SC,2017,221.0,221000.0
82732,ocupados_setor_cultural_pnadc,Pesquisa Nacional por Amostra de Domicílios Contínua  > Pessoas de 14 anos ou mais de idade ocupadas na semana de referência > Setor Cultural,pessoas,1000,SC,2018,220.0,220000.0
82732,ocupados_setor_cultural_pnadc,Pesquisa Nacional por Amostra de Domicílios Contínua  > Pessoas de 14 anos ou mais de idade ocupadas na semana de referência > Setor Cultural,pessoas,1000,SC,2019,229.0,229000.0
82732,ocupados_setor_cultural_pnadc,Pesquisa Nacional por Amostra de Domicílios Contínua  > Pessoas de 14 anos ou mais de idade ocupadas na semana de referência > Setor Cultural,pessoas,1000,SC,2020,218.0,218000.0
82732,ocupados_setor_cultural_pnadc,Pesquisa Nacional por Amostra de Domicílios Contínua  > Pessoas de 14 anos ou mais de idade ocupadas na semana de referência > Setor Cultural,pessoas,1000,SC,2021,218.0,218000.0
82732,ocupados_setor_cultural_pnadc,Pesquisa Nacional por Amostra de Domicílios Contínua  > Pessoas de 14 anos ou mais de idade ocupadas na semana de referência > Setor Cultural,pessoas,1000,SC,2022,219.0,219000.0
82732,ocupados_setor_cultural_pnadc,Pesquisa Nacional por Amostra de Domicílios Contínua  > Pessoas de 14 anos ou mais de idade ocupadas na semana de referência > Setor Cultural,pessoas,1000,SC,2023,266.0,266000.0
82732,ocupados_setor_cultural_pnadc,Pesquisa Nacional por Amostra de Domicílios Contínua  > Pessoas de 14 anos ou mais de idade ocupadas na semana de referência > Setor Cultural,pessoas,1000,SC,2024,267.0,267000.0
82732,ocupados_setor_cultural_pnadc,Pesquisa Nacional por Amostra de Domicílios Contínua  > Pessoas de 14 anos ou mais de idade ocupadas na semana de referência > Setor Cultural,pessoas,1000,SE,2014,36.0,36000.0
82732,ocupados_setor_cultural_pnadc,Pesquisa Nacional por Amostra de Domicílios Contínua  > Pessoas de 14 anos ou mais de idade ocupadas na semana de referência > Setor Cultural,pessoas,1000,SE,2015,42.0,42000.0
82732,ocupados_setor_cultural_pnadc,Pesquisa Nacional por Amostra de Domicílios Contínua  > Pessoas de 14 anos ou mais de idade ocupadas na semana de referência > Setor Cultural,pessoas,1000,SE,2016,33.0,33000.0
82732,ocupados_setor_cultural_pnadc,Pesquisa Nacional por Amostra de Domicílios Contínua  > Pessoas de 14 anos ou mais de idade ocupadas na semana de referência > Setor Cultural,pessoas,1000,SE,2017,32.0,32000.0
82732,ocupados_setor_cultural_pnadc,Pesquisa Nacional por Amostra de Domicílios Contínua  > Pessoas de 14 anos ou mais de idade ocupadas na semana de referência > Setor Cultural,pessoas,1000,SE,2018,38.0,38000.0
82732,ocupados_setor_cultural_pnadc,Pesquisa Nacional por Amostra de Domicílios Contínua  > Pessoas de 14 anos ou mais de idade ocupadas na semana de referência > Setor Cultural,pessoas,1000,SE,2019,46.0,46000.0
82732,ocupados_setor_cultural_pnadc,Pesquisa Nacional por Amostra de Domicílios Contínua  > Pessoas de 14 anos ou mais de idade ocupadas na semana de referência > Setor Cultural,pessoas,1000,SE,2020,40.0,40000.0
82732,ocupados_setor_cultural_pnadc,Pesquisa Nacional por Amostra de Domicílios Contínua  > Pessoas de 14 anos ou mais de idade ocupadas na semana de referência > Setor Cultural,pessoas,1000,SE,2021,30.0,30000.0
82732,ocupados_setor_cultural_pnadc,Pesquisa Nacional por Amostra de Domicílios Contínua  > Pessoas de 14 anos ou mais de idade ocupadas na semana de referência > Setor Cultural,pessoas,1000,SE,2022,38.0,38000.0
82732,ocupados_setor_cultural_pnadc,Pesquisa Nacional por Amostra de Domicílios Contínua  > Pessoas de 14 anos ou mais de idade ocupadas na semana de referência > Setor Cultural,pessoas,1000,SE,2023,40.0,40000.0
82732,ocupados_setor_cultural_pnadc,Pesquisa Nacional por Amostra de Domicílios Contínua  > Pessoas de 14 anos ou mais de idade ocupadas na semana de referência > Setor Cultural,pessoas,1000,SE,2024,46.0,46000.0
82732,ocupados_setor_cultural_pnadc,Pesquisa Nacional por Amostra de Domicílios Contínua  > Pessoas de 14 anos ou mais de idade ocupadas na semana de referência > Setor Cultural,pessoas,1000,SP,2014,1587.0,1587000.0
82732,ocupados_setor_cultural_pnadc,Pesquisa Nacional por Amostra de Domicílios Contínua  > Pessoas de 14 anos ou mais de idade ocupadas na semana de referência > Setor Cultural,pessoas,1000,SP,2015,1559.0,1559000.0
82732,ocupados_setor_cultural_pnadc,Pesquisa Nacional por Amostra de Domicílios Contínua  > Pessoas de 14 anos ou mais de idade ocupadas na semana de referência > Setor Cultural,pessoas,1000,SP,2016,1537.0,1537000.0
82732,ocupados_setor_cultural_pnadc,Pesquisa Nacional por Amostra de Domicílios Contínua  > Pessoas de 14 anos ou mais de idade ocupadas na semana de referência > Setor Cultural,pessoas,1000,SP,2017,1447.0,1447000.0
82732,ocupados_setor_cultural_pnadc,Pesquisa Nacional por Amostra de Domicílios Contínua  > Pessoas de 14 anos ou mais de idade ocupadas na semana de referência > Setor Cultural,pessoas,1000,SP,2018,1554.0,1554000.0
82732,ocupados_setor_cultural_pnadc,Pesquisa Nacional por Amostra de Domicílios Contínua  > Pessoas de 14 anos ou mais de idade ocupadas na semana de referência > Setor Cultural,pessoas,1000,SP,2019,1668.0,1668000.0
82732,ocupados_setor_cultural_pnadc,Pesquisa Nacional por Amostra de Domicílios Contínua  > Pessoas de 14 anos ou mais de idade ocupadas na semana de referência > Setor Cultural,pessoas,1000,SP,2020,1523.0,1523000.0
82732,ocupados_setor_cultural_pnadc,Pesquisa Nacional por Amostra de Domicílios Contínua  > Pessoas de 14 anos ou mais de idade ocupadas na semana de referência > Setor Cultural,pessoas,1000,SP,2021,1505.0,1505000.0
82732,ocupados_setor_cultural_pnadc,Pesquisa Nacional por Amostra de Domicílios Contínua  > Pessoas de 14 anos ou mais de idade ocupadas na semana de referência > Setor Cultural,pessoas,1000,SP,2022,1746.0,1746000.0
82732,ocupados_setor_cultural_pnadc,Pesquisa Nacional por Amostra de Domicílios Contínua  > Pessoas de 14 anos ou mais de idade ocupadas na semana de referência > Setor Cultural,pessoas,1000,SP,2023,1840.0,1840000.0
82732,ocupados_setor_cultural_pnadc,Pesquisa Nacional por Amostra de Domicílios Contínua  > Pessoas de 14 anos ou mais de idade ocupadas na semana de referência > Setor Cultural,pessoas,1000,SP,2024,1821.0,1821000.0
82732,ocupados_setor_cultural_pnadc,Pesquisa Nacional por Amostra de Domicílios Contínua  > Pessoas de 14 anos ou mais de idade ocupadas na semana de referência > Setor Cultural,pessoas,1000,TO,2014,17.0,17000.0
82732,ocupados_setor_cultural_pnadc,Pesquisa Nacional por Amostra de Domicílios Contínua  > Pessoas de 14 anos ou mais de idade ocupadas na semana de referência > Setor Cultural,pessoas,1000,TO,2015,22.0,22000.0
82732,ocupados_setor_cultural_pnadc,Pesquisa Nacional por Amostra de Domicílios Contínua  > Pessoas de 14 anos ou mais de idade ocupadas na semana de referência > Setor Cultural,pessoas,1000,TO,2016,21.0,21000.0
82732,ocupados_setor_cultural_pnadc,Pesquisa Nacional por Amostra de Domicílios Contínua  > Pessoas de 14 anos ou mais de idade ocupadas na semana de referência > Setor Cultural,pessoas,1000,TO,2017,20.0,20000.0
82732,ocupados_setor_cultural_pnadc,Pesquisa Nacional por Amostra de Domicílios Contínua  > Pessoas de 14 anos ou mais de idade ocupadas na semana de referência > Setor Cultural,pessoas,1000,TO,2018,24.0,24000.0
82732,ocupados_setor_cultural_pnadc,Pesquisa Nacional por Amostra de Domicílios Contínua  > Pessoas de 14 anos ou mais de idade ocupadas na semana de referência > Setor Cultural,pessoas,1000,TO,2019,23.0,23000.0
82732,ocupados_setor_cultural_pnadc,Pesquisa Nacional por Amostra de Domicílios Contínua  > Pessoas de 14 anos ou mais de idade ocupadas na semana de referência > Setor Cultural,pessoas,1000,TO,2020,16.0,16000.0
82732,ocupados_setor_cultural_pnadc,Pesquisa Nacional por Amostra de Domicílios Contínua  > Pessoas de 14 anos ou mais de idade ocupadas na semana de referência > Setor Cultural,pessoas,1000,TO,2021,17.0,17000.0
82732,ocupados_setor_cultural_pnadc,Pesquisa Nacional por Amostra de Domicílios Contínua  > Pessoas de 14 anos ou mais de idade ocupadas na semana de referência > Setor Cultural,pessoas,1000,TO,2022,24.0,24000.0
82732,ocupados_setor_cultural_pnadc,Pesquisa Nacional por Amostra de Domicílios Contínua  > Pessoas de 14 anos ou mais de idade ocupadas na semana de referência > Setor Cultural,pessoas,1000,TO,2023,22.0,22000.0
82732,ocupados_setor_cultural_pnadc,Pesquisa Nacional por Amostra de Domicílios Contínua  > Pessoas de 14 anos ou mais de idade ocupadas na semana de referência > Setor Cultural,pessoas,1000,TO,2024,31.0,31000.0
82729,pct_despesa_familiar_cultura_pof,Pesquisa de Orçamentos Familiares > Percentual da despesa de consumo monetária e não monetária média mensal familiar na cultura,%,1,AC,2018,7.0,7.0
82729,pct_despesa_familiar_cultura_pof,Pesquisa de Orçamentos Familiares > Percentual da despesa de consumo monetária e não monetária média mensal familiar na cultura,%,1,AL,2018,5.9,5.9
82729,pct_despesa_familiar_cultura_pof,Pesquisa de Orçamentos Familiares > Percentual da despesa de consumo monetária e não monetária média mensal familiar na cultura,%,1,AM,2018,7.8,7.8
82729,pct_despesa_familiar_cultura_pof,Pesquisa de Orçamentos Familiares > Percentual da despesa de consumo monetária e não monetária média mensal familiar na cultura,%,1,AP,2018,6.9,6.9
82729,pct_despesa_familiar_cultura_pof,Pesquisa de Orçamentos Familiares > Percentual da despesa de consumo monetária e não monetária média mensal familiar na cultura,%,1,BA,2018,7.0,7.0
82729,pct_despesa_familiar_cultura_pof,Pesquisa de Orçamentos Familiares > Percentual da despesa de consumo monetária e não monetária média mensal familiar na cultura,%,1,CE,2018,6.5,6.5
82729,pct_despesa_familiar_cultura_pof,Pesquisa de Orçamentos Familiares > Percentual da despesa de consumo monetária e não monetária média mensal familiar na cultura,%,1,DF,2018,8.7,8.7
82729,pct_despesa_familiar_cultura_pof,Pesquisa de Orçamentos Familiares > Percentual da despesa de consumo monetária e não monetária média mensal familiar na cultura,%,1,ES,2018,7.8,7.8
82729,pct_despesa_familiar_cultura_pof,Pesquisa de Orçamentos Familiares > Percentual da despesa de consumo monetária e não monetária média mensal familiar na cultura,%,1,GO,2018,7.0,7.0
82729,pct_despesa_familiar_cultura_pof,Pesquisa de Orçamentos Familiares > Percentual da despesa de consumo monetária e não monetária média mensal familiar na cultura,%,1,MA,2018,7.0,7.0
82729,pct_despesa_familiar_cultura_pof,Pesquisa de Orçamentos Familiares > Percentual da despesa de consumo monetária e não monetária média mensal familiar na cultura,%,1,MG,2018,7.7,7.7
82729,pct_despesa_familiar_cultura_pof,Pesquisa de Orçamentos Familiares > Percentual da despesa de consumo monetária e não monetária média mensal familiar na cultura,%,1,MS,2018,7.5,7.5
82729,pct_despesa_familiar_cultura_pof,Pesquisa de Orçamentos Familiares > Percentual da despesa de consumo monetária e não monetária média mensal familiar na cultura,%,1,MT,2018,6.8,6.8
82729,pct_despesa_familiar_cultura_pof,Pesquisa de Orçamentos Familiares > Percentual da despesa de consumo monetária e não monetária média mensal familiar na cultura,%,1,PA,2018,6.7,6.7
82729,pct_despesa_familiar_cultura_pof,Pesquisa de Orçamentos Familiares > Percentual da despesa de consumo monetária e não monetária média mensal familiar na cultura,%,1,PB,2018,7.8,7.8
82729,pct_despesa_familiar_cultura_pof,Pesquisa de Orçamentos Familiares > Percentual da despesa de consumo monetária e não monetária média mensal familiar na cultura,%,1,PE,2018,6.9,6.9
82729,pct_despesa_familiar_cultura_pof,Pesquisa de Orçamentos Familiares > Percentual da despesa de consumo monetária e não monetária média mensal familiar na cultura,%,1,PI,2018,5.1,5.1
82729,pct_despesa_familiar_cultura_pof,Pesquisa de Orçamentos Familiares > Percentual da despesa de consumo monetária e não monetária média mensal familiar na cultura,%,1,PR,2018,7.1,7.1
82729,pct_despesa_familiar_cultura_pof,Pesquisa de Orçamentos Familiares > Percentual da despesa de consumo monetária e não monetária média mensal familiar na cultura,%,1,RJ,2018,8.6,8.6
82729,pct_despesa_familiar_cultura_pof,Pesquisa de Orçamentos Familiares > Percentual da despesa de consumo monetária e não monetária média mensal familiar na cultura,%,1,RN,2018,7.2,7.2
82729,pct_despesa_familiar_cultura_pof,Pesquisa de Orçamentos Familiares > Percentual da despesa de consumo monetária e não monetária média mensal familiar na cultura,%,1,RO,2018,7.6,7.6
82729,pct_despesa_familiar_cultura_pof,Pesquisa de Orçamentos Familiares > Percentual da despesa de consumo monetária e não monetária média mensal familiar na cultura,%,1,RR,2018,5.1,5.1
82729,pct_despesa_familiar_cultura_pof,Pesquisa de Orçamentos Familiares > Percentual da despesa de consumo monetária e não monetária média mensal familiar na cultura,%,1,RS,2018,8.0,8.0
82729,pct_despesa_familiar_cultura_pof,Pesquisa de Orçamentos Familiares > Percentual da despesa de consumo monetária e não monetária média mensal familiar na cultura,%,1,SC,2018,6.7,6.7
82729,pct_despesa_familiar_cultura_pof,Pesquisa de Orçamentos Familiares > Percentual da despesa de consumo monetária e não monetária média mensal familiar na cultura,%,1,SE,2018,6.7,6.7
82729,pct_despesa_familiar_cultura_pof,Pesquisa de Orçamentos Familiares > Percentual da despesa de consumo monetária e não monetária média mensal familiar na cultura,%,1,SP,2018,7.7,7.7
82729,pct_despesa_familiar_cultura_pof,Pesquisa de Orçamentos Familiares > Percentual da despesa de consumo monetária e não monetária média mensal familiar na cultura,%,1,TO,2018,6.0,6.0
82624,pct_residentes_mun_com_cinema,Residentes em municípios com acesso a equipamentos culturais e meios de comunicação > Cinema,%,1,AC,2018,57.2,57.2
82624,pct_residentes_mun_com_cinema,Residentes em municípios com acesso a equipamentos culturais e meios de comunicação > Cinema,%,1,AC,2021,58.8,58.8
82624,pct_residentes_mun_com_cinema,Residentes em municípios com acesso a equipamentos culturais e meios de comunicação > Cinema,%,1,AL,2018,45.0,45.0
82624,pct_residentes_mun_com_cinema,Residentes em municípios com acesso a equipamentos culturais e meios de comunicação > Cinema,%,1,AL,2021,41.6,41.6
82624,pct_residentes_mun_com_cinema,Residentes em municípios com acesso a equipamentos culturais e meios de comunicação > Cinema,%,1,AM,2018,66.8,66.8
82624,pct_residentes_mun_com_cinema,Residentes em municípios com acesso a equipamentos culturais e meios de comunicação > Cinema,%,1,AM,2021,55.0,55.0
82624,pct_residentes_mun_com_cinema,Residentes em municípios com acesso a equipamentos culturais e meios de comunicação > Cinema,%,1,AP,2018,60.1,60.1
82624,pct_residentes_mun_com_cinema,Residentes em municípios com acesso a equipamentos culturais e meios de comunicação > Cinema,%,1,AP,2021,60.1,60.1
82624,pct_residentes_mun_com_cinema,Residentes em municípios com acesso a equipamentos culturais e meios de comunicação > Cinema,%,1,BA,2018,43.0,43.0
82624,pct_residentes_mun_com_cinema,Residentes em municípios com acesso a equipamentos culturais e meios de comunicação > Cinema,%,1,BA,2021,39.8,39.8
82624,pct_residentes_mun_com_cinema,Residentes em municípios com acesso a equipamentos culturais e meios de comunicação > Cinema,%,1,CE,2018,48.8,48.8
82624,pct_residentes_mun_com_cinema,Residentes em municípios com acesso a equipamentos culturais e meios de comunicação > Cinema,%,1,CE,2021,45.1,45.1
82624,pct_residentes_mun_com_cinema,Residentes em municípios com acesso a equipamentos culturais e meios de comunicação > Cinema,%,1,DF,2018,100.0,100.0
82624,pct_residentes_mun_com_cinema,Residentes em municípios com acesso a equipamentos culturais e meios de comunicação > Cinema,%,1,DF,2021,100.0,100.0
82624,pct_residentes_mun_com_cinema,Residentes em municípios com acesso a equipamentos culturais e meios de comunicação > Cinema,%,1,ES,2018,68.9,68.9
82624,pct_residentes_mun_com_cinema,Residentes em municípios com acesso a equipamentos culturais e meios de comunicação > Cinema,%,1,ES,2021,65.1,65.1
82624,pct_residentes_mun_com_cinema,Residentes em municípios com acesso a equipamentos culturais e meios de comunicação > Cinema,%,1,GO,2018,58.2,58.2
82624,pct_residentes_mun_com_cinema,Residentes em municípios com acesso a equipamentos culturais e meios de comunicação > Cinema,%,1,GO,2021,54.1,54.1
82624,pct_residentes_mun_com_cinema,Residentes em municípios com acesso a equipamentos culturais e meios de comunicação > Cinema,%,1,MA,2018,24.3,24.3
82624,pct_residentes_mun_com_cinema,Residentes em municípios com acesso a equipamentos culturais e meios de comunicação > Cinema,%,1,MA,2021,9.9,9.9
82624,pct_residentes_mun_com_cinema,Residentes em municípios com acesso a equipamentos culturais e meios de comunicação > Cinema,%,1,MG,2018,53.6,53.6
82624,pct_residentes_mun_com_cinema,Residentes em municípios com acesso a equipamentos culturais e meios de comunicação > Cinema,%,1,MG,2021,50.6,50.6
82624,pct_residentes_mun_com_cinema,Residentes em municípios com acesso a equipamentos culturais e meios de comunicação > Cinema,%,1,MS,2018,50.2,50.2
82624,pct_residentes_mun_com_cinema,Residentes em municípios com acesso a equipamentos culturais e meios de comunicação > Cinema,%,1,MS,2021,53.0,53.0
82624,pct_residentes_mun_com_cinema,Residentes em municípios com acesso a equipamentos culturais e meios de comunicação > Cinema,%,1,MT,2018,52.1,52.1
82624,pct_residentes_mun_com_cinema,Residentes em municípios com acesso a equipamentos culturais e meios de comunicação > Cinema,%,1,MT,2021,56.2,56.2
82624,pct_residentes_mun_com_cinema,Residentes em municípios com acesso a equipamentos culturais e meios de comunicação > Cinema,%,1,PA,2018,46.9,46.9
82624,pct_residentes_mun_com_cinema,Residentes em municípios com acesso a equipamentos culturais e meios de comunicação > Cinema,%,1,PA,2021,45.7,45.7
82624,pct_residentes_mun_com_cinema,Residentes em municípios com acesso a equipamentos culturais e meios de comunicação > Cinema,%,1,PB,2018,38.9,38.9
82624,pct_residentes_mun_com_cinema,Residentes em municípios com acesso a equipamentos culturais e meios de comunicação > Cinema,%,1,PB,2021,37.1,37.1
82624,pct_residentes_mun_com_cinema,Residentes em municípios com acesso a equipamentos culturais e meios de comunicação > Cinema,%,1,PE,2018,55.4,55.4
82624,pct_residentes_mun_com_cinema,Residentes em municípios com acesso a equipamentos culturais e meios de comunicação > Cinema,%,1,PE,2021,52.0,52.0
82624,pct_residentes_mun_com_cinema,Residentes em municípios com acesso a equipamentos culturais e meios de comunicação > Cinema,%,1,PI,2018,40.2,40.2
82624,pct_residentes_mun_com_cinema,Residentes em municípios com acesso a equipamentos culturais e meios de comunicação > Cinema,%,1,PI,2021,39.0,39.0
82624,pct_residentes_mun_com_cinema,Residentes em municípios com acesso a equipamentos culturais e meios de comunicação > Cinema,%,1,PR,2018,57.4,57.4
82624,pct_residentes_mun_com_cinema,Residentes em municípios com acesso a equipamentos culturais e meios de comunicação > Cinema,%,1,PR,2021,50.6,50.6
82624,pct_residentes_mun_com_cinema,Residentes em municípios com acesso a equipamentos culturais e meios de comunicação > Cinema,%,1,RJ,2018,78.6,78.6
82624,pct_residentes_mun_com_cinema,Residentes em municípios com acesso a equipamentos culturais e meios de comunicação > Cinema,%,1,RJ,2021,85.8,85.8
82624,pct_residentes_mun_com_cinema,Residentes em municípios com acesso a equipamentos culturais e meios de comunicação > Cinema,%,1,RN,2018,46.5,46.5
82624,pct_residentes_mun_com_cinema,Residentes em municípios com acesso a equipamentos culturais e meios de comunicação > Cinema,%,1,RN,2021,36.2,36.2
82624,pct_residentes_mun_com_cinema,Residentes em municípios com acesso a equipamentos culturais e meios de comunicação > Cinema,%,1,RO,2018,56.8,56.8
82624,pct_residentes_mun_com_cinema,Residentes em municípios com acesso a equipamentos culturais e meios de comunicação > Cinema,%,1,RO,2021,42.8,42.8
82624,pct_residentes_mun_com_cinema,Residentes em municípios com acesso a equipamentos culturais e meios de comunicação > Cinema,%,1,RR,2018,71.0,71.0
82624,pct_residentes_mun_com_cinema,Residentes em municípios com acesso a equipamentos culturais e meios de comunicação > Cinema,%,1,RR,2021,71.3,71.3
82624,pct_residentes_mun_com_cinema,Residentes em municípios com acesso a equipamentos culturais e meios de comunicação > Cinema,%,1,RS,2018,51.9,51.9
82624,pct_residentes_mun_com_cinema,Residentes em municípios com acesso a equipamentos culturais e meios de comunicação > Cinema,%,1,RS,2021,49.0,49.0
82624,pct_residentes_mun_com_cinema,Residentes em municípios com acesso a equipamentos culturais e meios de comunicação > Cinema,%,1,SC,2018,57.8,57.8
82624,pct_residentes_mun_com_cinema,Residentes em municípios com acesso a equipamentos culturais e meios de comunicação > Cinema,%,1,SC,2021,56.2,56.2
82624,pct_residentes_mun_com_cinema,Residentes em municípios com acesso a equipamentos culturais e meios de comunicação > Cinema,%,1,SE,2018,40.7,40.7
82624,pct_residentes_mun_com_cinema,Residentes em municípios com acesso a equipamentos culturais e meios de comunicação > Cinema,%,1,SE,2021,43.5,43.5
82624,pct_residentes_mun_com_cinema,Residentes em municípios com acesso a equipamentos culturais e meios de comunicação > Cinema,%,1,SP,2018,80.8,80.8
82624,pct_residentes_mun_com_cinema,Residentes em municípios com acesso a equipamentos culturais e meios de comunicação > Cinema,%,1,SP,2021,77.8,77.8
82624,pct_residentes_mun_com_cinema,Residentes em municípios com acesso a equipamentos culturais e meios de comunicação > Cinema,%,1,TO,2018,29.7,29.7
82624,pct_residentes_mun_com_cinema,Residentes em municípios com acesso a equipamentos culturais e meios de comunicação > Cinema,%,1,TO,2021,38.0,38.0
82622,pct_residentes_mun_com_museu,Residentes em municípios com acesso a equipamentos culturais e meios de comunicação > Museus,%,1,AC,2018,65.3,65.3
82622,pct_residentes_mun_com_museu,Residentes em municípios com acesso a equipamentos culturais e meios de comunicação > Museus,%,1,AC,2021,67.8,67.8
82622,pct_residentes_mun_com_museu,Residentes em municípios com acesso a equipamentos culturais e meios de comunicação > Museus,%,1,AL,2018,57.3,57.3
82622,pct_residentes_mun_com_museu,Residentes em municípios com acesso a equipamentos culturais e meios de comunicação > Museus,%,1,AL,2021,66.1,66.1
82622,pct_residentes_mun_com_museu,Residentes em municípios com acesso a equipamentos culturais e meios de comunicação > Museus,%,1,AM,2018,59.0,59.0
82622,pct_residentes_mun_com_museu,Residentes em municípios com acesso a equipamentos culturais e meios de comunicação > Museus,%,1,AM,2021,61.0,61.0
82622,pct_residentes_mun_com_museu,Residentes em municípios com acesso a equipamentos culturais e meios de comunicação > Museus,%,1,AP,2018,76.9,76.9
82622,pct_residentes_mun_com_museu,Residentes em municípios com acesso a equipamentos culturais e meios de comunicação > Museus,%,1,AP,2021,77.3,77.3
82622,pct_residentes_mun_com_museu,Residentes em municípios com acesso a equipamentos culturais e meios de comunicação > Museus,%,1,BA,2018,56.0,56.0
82622,pct_residentes_mun_com_museu,Residentes em municípios com acesso a equipamentos culturais e meios de comunicação > Museus,%,1,BA,2021,45.9,45.9
82622,pct_residentes_mun_com_museu,Residentes em municípios com acesso a equipamentos culturais e meios de comunicação > Museus,%,1,CE,2018,66.8,66.8
82622,pct_residentes_mun_com_museu,Residentes em municípios com acesso a equipamentos culturais e meios de comunicação > Museus,%,1,CE,2021,70.7,70.7
82622,pct_residentes_mun_com_museu,Residentes em municípios com acesso a equipamentos culturais e meios de comunicação > Museus,%,1,DF,2018,100.0,100.0
82622,pct_residentes_mun_com_museu,Residentes em municípios com acesso a equipamentos culturais e meios de comunicação > Museus,%,1,DF,2021,100.0,100.0
82622,pct_residentes_mun_com_museu,Residentes em municípios com acesso a equipamentos culturais e meios de comunicação > Museus,%,1,ES,2018,73.6,73.6
82622,pct_residentes_mun_com_museu,Residentes em municípios com acesso a equipamentos culturais e meios de comunicação > Museus,%,1,ES,2021,74.5,74.5
82622,pct_residentes_mun_com_museu,Residentes em municípios com acesso a equipamentos culturais e meios de comunicação > Museus,%,1,GO,2018,53.4,53.4
82622,pct_residentes_mun_com_museu,Residentes em municípios com acesso a equipamentos culturais e meios de comunicação > Museus,%,1,GO,2021,52.1,52.1
82622,pct_residentes_mun_com_museu,Residentes em municípios com acesso a equipamentos culturais e meios de comunicação > Museus,%,1,MA,2018,27.9,27.9
82622,pct_residentes_mun_com_museu,Residentes em municípios com acesso a equipamentos culturais e meios de comunicação > Museus,%,1,MA,2021,27.5,27.5
82622,pct_residentes_mun_com_museu,Residentes em municípios com acesso a equipamentos culturais e meios de comunicação > Museus,%,1,MG,2018,67.2,67.2
82622,pct_residentes_mun_com_museu,Residentes em municípios com acesso a equipamentos culturais e meios de comunicação > Museus,%,1,MG,2021,66.9,66.9
82622,pct_residentes_mun_com_museu,Residentes em municípios com acesso a equipamentos culturais e meios de comunicação > Museus,%,1,MS,2018,67.9,67.9
82622,pct_residentes_mun_com_museu,Residentes em municípios com acesso a equipamentos culturais e meios de comunicação > Museus,%,1,MS,2021,64.9,64.9
82622,pct_residentes_mun_com_museu,Residentes em municípios com acesso a equipamentos culturais e meios de comunicação > Museus,%,1,MT,2018,47.9,47.9
82622,pct_residentes_mun_com_museu,Residentes em municípios com acesso a equipamentos culturais e meios de comunicação > Museus,%,1,MT,2021,55.8,55.8
82622,pct_residentes_mun_com_museu,Residentes em municípios com acesso a equipamentos culturais e meios de comunicação > Museus,%,1,PA,2018,43.5,43.5
82622,pct_residentes_mun_com_museu,Residentes em municípios com acesso a equipamentos culturais e meios de comunicação > Museus,%,1,PA,2021,44.5,44.5
82622,pct_residentes_mun_com_museu,Residentes em municípios com acesso a equipamentos culturais e meios de comunicação > Museus,%,1,PB,2018,49.8,49.8
82622,pct_residentes_mun_com_museu,Residentes em municípios com acesso a equipamentos culturais e meios de comunicação > Museus,%,1,PB,2021,54.8,54.8
82622,pct_residentes_mun_com_museu,Residentes em municípios com acesso a equipamentos culturais e meios de comunicação > Museus,%,1,PE,2018,62.1,62.1
82622,pct_residentes_mun_com_museu,Residentes em municípios com acesso a equipamentos culturais e meios de comunicação > Museus,%,1,PE,2021,63.8,63.8
82622,pct_residentes_mun_com_museu,Residentes em municípios com acesso a equipamentos culturais e meios de comunicação > Museus,%,1,PI,2018,51.7,51.7
82622,pct_residentes_mun_com_museu,Residentes em municípios com acesso a equipamentos culturais e meios de comunicação > Museus,%,1,PI,2021,53.9,53.9
82622,pct_residentes_mun_com_museu,Residentes em municípios com acesso a equipamentos culturais e meios de comunicação > Museus,%,1,PR,2018,66.4,66.4
82622,pct_residentes_mun_com_museu,Residentes em municípios com acesso a equipamentos culturais e meios de comunicação > Museus,%,1,PR,2021,71.4,71.4
82622,pct_residentes_mun_com_museu,Residentes em municípios com acesso a equipamentos culturais e meios de comunicação > Museus,%,1,RJ,2018,77.4,77.4
82622,pct_residentes_mun_com_museu,Residentes em municípios com acesso a equipamentos culturais e meios de comunicação > Museus,%,1,RJ,2021,81.2,81.2
82622,pct_residentes_mun_com_museu,Residentes em municípios com acesso a equipamentos culturais e meios de comunicação > Museus,%,1,RN,2018,44.7,44.7
82622,pct_residentes_mun_com_museu,Residentes em municípios com acesso a equipamentos culturais e meios de comunicação > Museus,%,1,RN,2021,50.6,50.6
82622,pct_residentes_mun_com_museu,Residentes em municípios com acesso a equipamentos culturais e meios de comunicação > Museus,%,1,RO,2018,55.9,55.9
82622,pct_residentes_mun_com_museu,Residentes em municípios com acesso a equipamentos culturais e meios de comunicação > Museus,%,1,RO,2021,61.8,61.8
82622,pct_residentes_mun_com_museu,Residentes em municípios com acesso a equipamentos culturais e meios de comunicação > Museus,%,1,RR,2018,71.0,71.0
82622,pct_residentes_mun_com_museu,Residentes em municípios com acesso a equipamentos culturais e meios de comunicação > Museus,%,1,RR,2021,71.3,71.3
82622,pct_residentes_mun_com_museu,Residentes em municípios com acesso a equipamentos culturais e meios de comunicação > Museus,%,1,RS,2018,82.8,82.8
82622,pct_residentes_mun_com_museu,Residentes em municípios com acesso a equipamentos culturais e meios de comunicação > Museus,%,1,RS,2021,81.9,81.9
82622,pct_residentes_mun_com_museu,Residentes em municípios com acesso a equipamentos culturais e meios de comunicação > Museus,%,1,SC,2018,72.7,72.7
82622,pct_residentes_mun_com_museu,Residentes em municípios com acesso a equipamentos culturais e meios de comunicação > Museus,%,1,SC,2021,72.4,72.4
82622,pct_residentes_mun_com_museu,Residentes em municípios com acesso a equipamentos culturais e meios de comunicação > Museus,%,1,SE,2018,44.9,44.9
82622,pct_residentes_mun_com_museu,Residentes em municípios com acesso a equipamentos culturais e meios de comunicação > Museus,%,1,SE,2021,47.1,47.1
82622,pct_residentes_mun_com_museu,Residentes em municípios com acesso a equipamentos culturais e meios de comunicação > Museus,%,1,SP,2018,85.8,85.8
82622,pct_residentes_mun_com_museu,Residentes em municípios com acesso a equipamentos culturais e meios de comunicação > Museus,%,1,SP,2021,86.6,86.6
82622,pct_residentes_mun_com_museu,Residentes em municípios com acesso a equipamentos culturais e meios de comunicação > Museus,%,1,TO,2018,36.7,36.7
82622,pct_residentes_mun_com_museu,Residentes em municípios com acesso a equipamentos culturais e meios de comunicação > Museus,%,1,TO,2021,36.0,36.0
82623,pct_residentes_mun_com_teatro,Residentes em municípios com acesso a equipamentos culturais e meios de comunicação > Teatro ou sala de espetáculo,%,1,AC,2018,69.0,69.0
82623,pct_residentes_mun_com_teatro,Residentes em municípios com acesso a equipamentos culturais e meios de comunicação > Teatro ou sala de espetáculo,%,1,AC,2021,67.6,67.6
82623,pct_residentes_mun_com_teatro,Residentes em municípios com acesso a equipamentos culturais e meios de comunicação > Teatro ou sala de espetáculo,%,1,AL,2018,48.5,48.5
82623,pct_residentes_mun_com_teatro,Residentes em municípios com acesso a equipamentos culturais e meios de comunicação > Teatro ou sala de espetáculo,%,1,AL,2021,50.7,50.7
82623,pct_residentes_mun_com_teatro,Residentes em municípios com acesso a equipamentos culturais e meios de comunicação > Teatro ou sala de espetáculo,%,1,AM,2018,61.9,61.9
82623,pct_residentes_mun_com_teatro,Residentes em municípios com acesso a equipamentos culturais e meios de comunicação > Teatro ou sala de espetáculo,%,1,AM,2021,62.0,62.0
82623,pct_residentes_mun_com_teatro,Residentes em municípios com acesso a equipamentos culturais e meios de comunicação > Teatro ou sala de espetáculo,%,1,AP,2018,76.9,76.9
82623,pct_residentes_mun_com_teatro,Residentes em municípios com acesso a equipamentos culturais e meios de comunicação > Teatro ou sala de espetáculo,%,1,AP,2021,75.4,75.4
82623,pct_residentes_mun_com_teatro,Residentes em municípios com acesso a equipamentos culturais e meios de comunicação > Teatro ou sala de espetáculo,%,1,BA,2018,57.0,57.0
82623,pct_residentes_mun_com_teatro,Residentes em municípios com acesso a equipamentos culturais e meios de comunicação > Teatro ou sala de espetáculo,%,1,BA,2021,48.6,48.6
82623,pct_residentes_mun_com_teatro,Residentes em municípios com acesso a equipamentos culturais e meios de comunicação > Teatro ou sala de espetáculo,%,1,CE,2018,67.5,67.5
82623,pct_residentes_mun_com_teatro,Residentes em municípios com acesso a equipamentos culturais e meios de comunicação > Teatro ou sala de espetáculo,%,1,CE,2021,71.5,71.5
82623,pct_residentes_mun_com_teatro,Residentes em municípios com acesso a equipamentos culturais e meios de comunicação > Teatro ou sala de espetáculo,%,1,DF,2018,100.0,100.0
82623,pct_residentes_mun_com_teatro,Residentes em municípios com acesso a equipamentos culturais e meios de comunicação > Teatro ou sala de espetáculo,%,1,DF,2021,100.0,100.0
82623,pct_residentes_mun_com_teatro,Residentes em municípios com acesso a equipamentos culturais e meios de comunicação > Teatro ou sala de espetáculo,%,1,ES,2018,63.1,63.1
82623,pct_residentes_mun_com_teatro,Residentes em municípios com acesso a equipamentos culturais e meios de comunicação > Teatro ou sala de espetáculo,%,1,ES,2021,78.2,78.2
82623,pct_residentes_mun_com_teatro,Residentes em municípios com acesso a equipamentos culturais e meios de comunicação > Teatro ou sala de espetáculo,%,1,GO,2018,64.5,64.5
82623,pct_residentes_mun_com_teatro,Residentes em municípios com acesso a equipamentos culturais e meios de comunicação > Teatro ou sala de espetáculo,%,1,GO,2021,68.1,68.1
82623,pct_residentes_mun_com_teatro,Residentes em municípios com acesso a equipamentos culturais e meios de comunicação > Teatro ou sala de espetáculo,%,1,MA,2018,36.2,36.2
82623,pct_residentes_mun_com_teatro,Residentes em municípios com acesso a equipamentos culturais e meios de comunicação > Teatro ou sala de espetáculo,%,1,MA,2021,35.1,35.1
82623,pct_residentes_mun_com_teatro,Residentes em municípios com acesso a equipamentos culturais e meios de comunicação > Teatro ou sala de espetáculo,%,1,MG,2018,65.2,65.2
82623,pct_residentes_mun_com_teatro,Residentes em municípios com acesso a equipamentos culturais e meios de comunicação > Teatro ou sala de espetáculo,%,1,MG,2021,66.2,66.2
82623,pct_residentes_mun_com_teatro,Residentes em municípios com acesso a equipamentos culturais e meios de comunicação > Teatro ou sala de espetáculo,%,1,MS,2018,58.8,58.8
82623,pct_residentes_mun_com_teatro,Residentes em municípios com acesso a equipamentos culturais e meios de comunicação > Teatro ou sala de espetáculo,%,1,MS,2021,56.6,56.6
82623,pct_residentes_mun_com_teatro,Residentes em municípios com acesso a equipamentos culturais e meios de comunicação > Teatro ou sala de espetáculo,%,1,MT,2018,34.6,34.6
82623,pct_residentes_mun_com_teatro,Residentes em municípios com acesso a equipamentos culturais e meios de comunicação > Teatro ou sala de espetáculo,%,1,MT,2021,40.1,40.1
82623,pct_residentes_mun_com_teatro,Residentes em municípios com acesso a equipamentos culturais e meios de comunicação > Teatro ou sala de espetáculo,%,1,PA,2018,48.5,48.5
82623,pct_residentes_mun_com_teatro,Residentes em municípios com acesso a equipamentos culturais e meios de comunicação > Teatro ou sala de espetáculo,%,1,PA,2021,50.0,50.0
82623,pct_residentes_mun_com_teatro,Residentes em municípios com acesso a equipamentos culturais e meios de comunicação > Teatro ou sala de espetáculo,%,1,PB,2018,44.1,44.1
82623,pct_residentes_mun_com_teatro,Residentes em municípios com acesso a equipamentos culturais e meios de comunicação > Teatro ou sala de espetáculo,%,1,PB,2021,50.5,50.5
82623,pct_residentes_mun_com_teatro,Residentes em municípios com acesso a equipamentos culturais e meios de comunicação > Teatro ou sala de espetáculo,%,1,PE,2018,62.5,62.5
82623,pct_residentes_mun_com_teatro,Residentes em municípios com acesso a equipamentos culturais e meios de comunicação > Teatro ou sala de espetáculo,%,1,PE,2021,61.0,61.0
82623,pct_residentes_mun_com_teatro,Residentes em municípios com acesso a equipamentos culturais e meios de comunicação > Teatro ou sala de espetáculo,%,1,PI,2018,43.6,43.6
82623,pct_residentes_mun_com_teatro,Residentes em municípios com acesso a equipamentos culturais e meios de comunicação > Teatro ou sala de espetáculo,%,1,PI,2021,48.4,48.4
82623,pct_residentes_mun_com_teatro,Residentes em municípios com acesso a equipamentos culturais e meios de comunicação > Teatro ou sala de espetáculo,%,1,PR,2018,74.5,74.5
82623,pct_residentes_mun_com_teatro,Residentes em municípios com acesso a equipamentos culturais e meios de comunicação > Teatro ou sala de espetáculo,%,1,PR,2021,75.9,75.9
82623,pct_residentes_mun_com_teatro,Residentes em municípios com acesso a equipamentos culturais e meios de comunicação > Teatro ou sala de espetáculo,%,1,RJ,2018,92.0,92.0
82623,pct_residentes_mun_com_teatro,Residentes em municípios com acesso a equipamentos culturais e meios de comunicação > Teatro ou sala de espetáculo,%,1,RJ,2021,93.6,93.6
82623,pct_residentes_mun_com_teatro,Residentes em municípios com acesso a equipamentos culturais e meios de comunicação > Teatro ou sala de espetáculo,%,1,RN,2018,53.7,53.7
82623,pct_residentes_mun_com_teatro,Residentes em municípios com acesso a equipamentos culturais e meios de comunicação > Teatro ou sala de espetáculo,%,1,RN,2021,58.0,58.0
82623,pct_residentes_mun_com_teatro,Residentes em municípios com acesso a equipamentos culturais e meios de comunicação > Teatro ou sala de espetáculo,%,1,RO,2018,66.6,66.6
82623,pct_residentes_mun_com_teatro,Residentes em municípios com acesso a equipamentos culturais e meios de comunicação > Teatro ou sala de espetáculo,%,1,RO,2021,71.2,71.2
82623,pct_residentes_mun_com_teatro,Residentes em municípios com acesso a equipamentos culturais e meios de comunicação > Teatro ou sala de espetáculo,%,1,RR,2018,79.8,79.8
82623,pct_residentes_mun_com_teatro,Residentes em municípios com acesso a equipamentos culturais e meios de comunicação > Teatro ou sala de espetáculo,%,1,RR,2021,73.1,73.1
82623,pct_residentes_mun_com_teatro,Residentes em municípios com acesso a equipamentos culturais e meios de comunicação > Teatro ou sala de espetáculo,%,1,RS,2018,65.6,65.6
82623,pct_residentes_mun_com_teatro,Residentes em municípios com acesso a equipamentos culturais e meios de comunicação > Teatro ou sala de espetáculo,%,1,RS,2021,62.4,62.4
82623,pct_residentes_mun_com_teatro,Residentes em municípios com acesso a equipamentos culturais e meios de comunicação > Teatro ou sala de espetáculo,%,1,SC,2018,63.6,63.6
82623,pct_residentes_mun_com_teatro,Residentes em municípios com acesso a equipamentos culturais e meios de comunicação > Teatro ou sala de espetáculo,%,1,SC,2021,63.6,63.6
82623,pct_residentes_mun_com_teatro,Residentes em municípios com acesso a equipamentos culturais e meios de comunicação > Teatro ou sala de espetáculo,%,1,SE,2018,46.4,46.4
82623,pct_residentes_mun_com_teatro,Residentes em municípios com acesso a equipamentos culturais e meios de comunicação > Teatro ou sala de espetáculo,%,1,SE,2021,45.4,45.4
82623,pct_residentes_mun_com_teatro,Residentes em municípios com acesso a equipamentos culturais e meios de comunicação > Teatro ou sala de espetáculo,%,1,SP,2018,88.7,88.7
82623,pct_residentes_mun_com_teatro,Residentes em municípios com acesso a equipamentos culturais e meios de comunicação > Teatro ou sala de espetáculo,%,1,SP,2021,88.1,88.1
82623,pct_residentes_mun_com_teatro,Residentes em municípios com acesso a equipamentos culturais e meios de comunicação > Teatro ou sala de espetáculo,%,1,TO,2018,38.5,38.5
82623,pct_residentes_mun_com_teatro,Residentes em municípios com acesso a equipamentos culturais e meios de comunicação > Teatro ou sala de espetáculo,%,1,TO,2021,39.3,39.3
82620,rendimento_medio_setor_cultural_pnadc,Pesquisa Nacional por Amostra de Domicílios Contínua  > Rendimento médio real habitual das pessoas de 14 anos ou mais de idade ocupadas na semana de referência > Setor Cultural,R$,1,AC,2014,2285.0,2285.0
82620,rendimento_medio_setor_cultural_pnadc,Pesquisa Nacional por Amostra de Domicílios Contínua  > Rendimento médio real habitual das pessoas de 14 anos ou mais de idade ocupadas na semana de referência > Setor Cultural,R$,1,AC,2015,3322.0,3322.0
82620,rendimento_medio_setor_cultural_pnadc,Pesquisa Nacional por Amostra de Domicílios Contínua  > Rendimento médio real habitual das pessoas de 14 anos ou mais de idade ocupadas na semana de referência > Setor Cultural,R$,1,AC,2016,1839.0,1839.0
82620,rendimento_medio_setor_cultural_pnadc,Pesquisa Nacional por Amostra de Domicílios Contínua  > Rendimento médio real habitual das pessoas de 14 anos ou mais de idade ocupadas na semana de referência > Setor Cultural,R$,1,AC,2017,2411.0,2411.0
82620,rendimento_medio_setor_cultural_pnadc,Pesquisa Nacional por Amostra de Domicílios Contínua  > Rendimento médio real habitual das pessoas de 14 anos ou mais de idade ocupadas na semana de referência > Setor Cultural,R$,1,AC,2018,2662.0,2662.0
82620,rendimento_medio_setor_cultural_pnadc,Pesquisa Nacional por Amostra de Domicílios Contínua  > Rendimento médio real habitual das pessoas de 14 anos ou mais de idade ocupadas na semana de referência > Setor Cultural,R$,1,AC,2019,1809.0,1809.0
82620,rendimento_medio_setor_cultural_pnadc,Pesquisa Nacional por Amostra de Domicílios Contínua  > Rendimento médio real habitual das pessoas de 14 anos ou mais de idade ocupadas na semana de referência > Setor Cultural,R$,1,AC,2020,1815.0,1815.0
82620,rendimento_medio_setor_cultural_pnadc,Pesquisa Nacional por Amostra de Domicílios Contínua  > Rendimento médio real habitual das pessoas de 14 anos ou mais de idade ocupadas na semana de referência > Setor Cultural,R$,1,AC,2021,1772.0,1772.0
82620,rendimento_medio_setor_cultural_pnadc,Pesquisa Nacional por Amostra de Domicílios Contínua  > Rendimento médio real habitual das pessoas de 14 anos ou mais de idade ocupadas na semana de referência > Setor Cultural,R$,1,AC,2022,2316.0,2316.0
82620,rendimento_medio_setor_cultural_pnadc,Pesquisa Nacional por Amostra de Domicílios Contínua  > Rendimento médio real habitual das pessoas de 14 anos ou mais de idade ocupadas na semana de referência > Setor Cultural,R$,1,AC,2023,2461.0,2461.0
82620,rendimento_medio_setor_cultural_pnadc,Pesquisa Nacional por Amostra de Domicílios Contínua  > Rendimento médio real habitual das pessoas de 14 anos ou mais de idade ocupadas na semana de referência > Setor Cultural,R$,1,AC,2024,1798.0,1798.0
82620,rendimento_medio_setor_cultural_pnadc,Pesquisa Nacional por Amostra de Domicílios Contínua  > Rendimento médio real habitual das pessoas de 14 anos ou mais de idade ocupadas na semana de referência > Setor Cultural,R$,1,AL,2014,1793.0,1793.0
82620,rendimento_medio_setor_cultural_pnadc,Pesquisa Nacional por Amostra de Domicílios Contínua  > Rendimento médio real habitual das pessoas de 14 anos ou mais de idade ocupadas na semana de referência > Setor Cultural,R$,1,AL,2015,1643.0,1643.0
82620,rendimento_medio_setor_cultural_pnadc,Pesquisa Nacional por Amostra de Domicílios Contínua  > Rendimento médio real habitual das pessoas de 14 anos ou mais de idade ocupadas na semana de referência > Setor Cultural,R$,1,AL,2016,1555.0,1555.0
82620,rendimento_medio_setor_cultural_pnadc,Pesquisa Nacional por Amostra de Domicílios Contínua  > Rendimento médio real habitual das pessoas de 14 anos ou mais de idade ocupadas na semana de referência > Setor Cultural,R$,1,AL,2017,1478.0,1478.0
82620,rendimento_medio_setor_cultural_pnadc,Pesquisa Nacional por Amostra de Domicílios Contínua  > Rendimento médio real habitual das pessoas de 14 anos ou mais de idade ocupadas na semana de referência > Setor Cultural,R$,1,AL,2018,2087.0,2087.0
82620,rendimento_medio_setor_cultural_pnadc,Pesquisa Nacional por Amostra de Domicílios Contínua  > Rendimento médio real habitual das pessoas de 14 anos ou mais de idade ocupadas na semana de referência > Setor Cultural,R$,1,AL,2019,1691.0,1691.0
82620,rendimento_medio_setor_cultural_pnadc,Pesquisa Nacional por Amostra de Domicílios Contínua  > Rendimento médio real habitual das pessoas de 14 anos ou mais de idade ocupadas na semana de referência > Setor Cultural,R$,1,AL,2020,1396.0,1396.0
82620,rendimento_medio_setor_cultural_pnadc,Pesquisa Nacional por Amostra de Domicílios Contínua  > Rendimento médio real habitual das pessoas de 14 anos ou mais de idade ocupadas na semana de referência > Setor Cultural,R$,1,AL,2021,2228.0,2228.0
82620,rendimento_medio_setor_cultural_pnadc,Pesquisa Nacional por Amostra de Domicílios Contínua  > Rendimento médio real habitual das pessoas de 14 anos ou mais de idade ocupadas na semana de referência > Setor Cultural,R$,1,AL,2022,1805.0,1805.0
82620,rendimento_medio_setor_cultural_pnadc,Pesquisa Nacional por Amostra de Domicílios Contínua  > Rendimento médio real habitual das pessoas de 14 anos ou mais de idade ocupadas na semana de referência > Setor Cultural,R$,1,AL,2023,1672.0,1672.0
82620,rendimento_medio_setor_cultural_pnadc,Pesquisa Nacional por Amostra de Domicílios Contínua  > Rendimento médio real habitual das pessoas de 14 anos ou mais de idade ocupadas na semana de referência > Setor Cultural,R$,1,AL,2024,1915.0,1915.0
82620,rendimento_medio_setor_cultural_pnadc,Pesquisa Nacional por Amostra de Domicílios Contínua  > Rendimento médio real habitual das pessoas de 14 anos ou mais de idade ocupadas na semana de referência > Setor Cultural,R$,1,AM,2014,2317.0,2317.0
82620,rendimento_medio_setor_cultural_pnadc,Pesquisa Nacional por Amostra de Domicílios Contínua  > Rendimento médio real habitual das pessoas de 14 anos ou mais de idade ocupadas na semana de referência > Setor Cultural,R$,1,AM,2015,2412.0,2412.0
82620,rendimento_medio_setor_cultural_pnadc,Pesquisa Nacional por Amostra de Domicílios Contínua  > Rendimento médio real habitual das pessoas de 14 anos ou mais de idade ocupadas na semana de referência > Setor Cultural,R$,1,AM,2016,2521.0,2521.0
82620,rendimento_medio_setor_cultural_pnadc,Pesquisa Nacional por Amostra de Domicílios Contínua  > Rendimento médio real habitual das pessoas de 14 anos ou mais de idade ocupadas na semana de referência > Setor Cultural,R$,1,AM,2017,2046.0,2046.0
82620,rendimento_medio_setor_cultural_pnadc,Pesquisa Nacional por Amostra de Domicílios Contínua  > Rendimento médio real habitual das pessoas de 14 anos ou mais de idade ocupadas na semana de referência > Setor Cultural,R$,1,AM,2018,2155.0,2155.0
82620,rendimento_medio_setor_cultural_pnadc,Pesquisa Nacional por Amostra de Domicílios Contínua  > Rendimento médio real habitual das pessoas de 14 anos ou mais de idade ocupadas na semana de referência > Setor Cultural,R$,1,AM,2019,2197.0,2197.0
82620,rendimento_medio_setor_cultural_pnadc,Pesquisa Nacional por Amostra de Domicílios Contínua  > Rendimento médio real habitual das pessoas de 14 anos ou mais de idade ocupadas na semana de referência > Setor Cultural,R$,1,AM,2020,2022.0,2022.0
82620,rendimento_medio_setor_cultural_pnadc,Pesquisa Nacional por Amostra de Domicílios Contínua  > Rendimento médio real habitual das pessoas de 14 anos ou mais de idade ocupadas na semana de referência > Setor Cultural,R$,1,AM,2021,2651.0,2651.0
82620,rendimento_medio_setor_cultural_pnadc,Pesquisa Nacional por Amostra de Domicílios Contínua  > Rendimento médio real habitual das pessoas de 14 anos ou mais de idade ocupadas na semana de referência > Setor Cultural,R$,1,AM,2022,2311.0,2311.0
82620,rendimento_medio_setor_cultural_pnadc,Pesquisa Nacional por Amostra de Domicílios Contínua  > Rendimento médio real habitual das pessoas de 14 anos ou mais de idade ocupadas na semana de referência > Setor Cultural,R$,1,AM,2023,2396.0,2396.0
82620,rendimento_medio_setor_cultural_pnadc,Pesquisa Nacional por Amostra de Domicílios Contínua  > Rendimento médio real habitual das pessoas de 14 anos ou mais de idade ocupadas na semana de referência > Setor Cultural,R$,1,AM,2024,2134.0,2134.0
82620,rendimento_medio_setor_cultural_pnadc,Pesquisa Nacional por Amostra de Domicílios Contínua  > Rendimento médio real habitual das pessoas de 14 anos ou mais de idade ocupadas na semana de referência > Setor Cultural,R$,1,AP,2014,2567.0,2567.0
82620,rendimento_medio_setor_cultural_pnadc,Pesquisa Nacional por Amostra de Domicílios Contínua  > Rendimento médio real habitual das pessoas de 14 anos ou mais de idade ocupadas na semana de referência > Setor Cultural,R$,1,AP,2015,1701.0,1701.0
82620,rendimento_medio_setor_cultural_pnadc,Pesquisa Nacional por Amostra de Domicílios Contínua  > Rendimento médio real habitual das pessoas de 14 anos ou mais de idade ocupadas na semana de referência > Setor Cultural,R$,1,AP,2016,1803.0,1803.0
82620,rendimento_medio_setor_cultural_pnadc,Pesquisa Nacional por Amostra de Domicílios Contínua  > Rendimento médio real habitual das pessoas de 14 anos ou mais de idade ocupadas na semana de referência > Setor Cultural,R$,1,AP,2017,2047.0,2047.0
82620,rendimento_medio_setor_cultural_pnadc,Pesquisa Nacional por Amostra de Domicílios Contínua  > Rendimento médio real habitual das pessoas de 14 anos ou mais de idade ocupadas na semana de referência > Setor Cultural,R$,1,AP,2018,2239.0,2239.0
82620,rendimento_medio_setor_cultural_pnadc,Pesquisa Nacional por Amostra de Domicílios Contínua  > Rendimento médio real habitual das pessoas de 14 anos ou mais de idade ocupadas na semana de referência > Setor Cultural,R$,1,AP,2019,1900.0,1900.0
82620,rendimento_medio_setor_cultural_pnadc,Pesquisa Nacional por Amostra de Domicílios Contínua  > Rendimento médio real habitual das pessoas de 14 anos ou mais de idade ocupadas na semana de referência > Setor Cultural,R$,1,AP,2020,1957.0,1957.0
82620,rendimento_medio_setor_cultural_pnadc,Pesquisa Nacional por Amostra de Domicílios Contínua  > Rendimento médio real habitual das pessoas de 14 anos ou mais de idade ocupadas na semana de referência > Setor Cultural,R$,1,AP,2021,1759.0,1759.0
82620,rendimento_medio_setor_cultural_pnadc,Pesquisa Nacional por Amostra de Domicílios Contínua  > Rendimento médio real habitual das pessoas de 14 anos ou mais de idade ocupadas na semana de referência > Setor Cultural,R$,1,AP,2022,2265.0,2265.0
82620,rendimento_medio_setor_cultural_pnadc,Pesquisa Nacional por Amostra de Domicílios Contínua  > Rendimento médio real habitual das pessoas de 14 anos ou mais de idade ocupadas na semana de referência > Setor Cultural,R$,1,AP,2023,2204.0,2204.0
82620,rendimento_medio_setor_cultural_pnadc,Pesquisa Nacional por Amostra de Domicílios Contínua  > Rendimento médio real habitual das pessoas de 14 anos ou mais de idade ocupadas na semana de referência > Setor Cultural,R$,1,AP,2024,2046.0,2046.0
82620,rendimento_medio_setor_cultural_pnadc,Pesquisa Nacional por Amostra de Domicílios Contínua  > Rendimento médio real habitual das pessoas de 14 anos ou mais de idade ocupadas na semana de referência > Setor Cultural,R$,1,BA,2014,2319.0,2319.0
82620,rendimento_medio_setor_cultural_pnadc,Pesquisa Nacional por Amostra de Domicílios Contínua  > Rendimento médio real habitual das pessoas de 14 anos ou mais de idade ocupadas na semana de referência > Setor Cultural,R$,1,BA,2015,1992.0,1992.0
82620,rendimento_medio_setor_cultural_pnadc,Pesquisa Nacional por Amostra de Domicílios Contínua  > Rendimento médio real habitual das pessoas de 14 anos ou mais de idade ocupadas na semana de referência > Setor Cultural,R$,1,BA,2016,2107.0,2107.0
82620,rendimento_medio_setor_cultural_pnadc,Pesquisa Nacional por Amostra de Domicílios Contínua  > Rendimento médio real habitual das pessoas de 14 anos ou mais de idade ocupadas na semana de referência > Setor Cultural,R$,1,BA,2017,1852.0,1852.0
82620,rendimento_medio_setor_cultural_pnadc,Pesquisa Nacional por Amostra de Domicílios Contínua  > Rendimento médio real habitual das pessoas de 14 anos ou mais de idade ocupadas na semana de referência > Setor Cultural,R$,1,BA,2018,2024.0,2024.0
82620,rendimento_medio_setor_cultural_pnadc,Pesquisa Nacional por Amostra de Domicílios Contínua  > Rendimento médio real habitual das pessoas de 14 anos ou mais de idade ocupadas na semana de referência > Setor Cultural,R$,1,BA,2019,1714.0,1714.0
82620,rendimento_medio_setor_cultural_pnadc,Pesquisa Nacional por Amostra de Domicílios Contínua  > Rendimento médio real habitual das pessoas de 14 anos ou mais de idade ocupadas na semana de referência > Setor Cultural,R$,1,BA,2020,1603.0,1603.0
82620,rendimento_medio_setor_cultural_pnadc,Pesquisa Nacional por Amostra de Domicílios Contínua  > Rendimento médio real habitual das pessoas de 14 anos ou mais de idade ocupadas na semana de referência > Setor Cultural,R$,1,BA,2021,1536.0,1536.0
82620,rendimento_medio_setor_cultural_pnadc,Pesquisa Nacional por Amostra de Domicílios Contínua  > Rendimento médio real habitual das pessoas de 14 anos ou mais de idade ocupadas na semana de referência > Setor Cultural,R$,1,BA,2022,1929.0,1929.0
82620,rendimento_medio_setor_cultural_pnadc,Pesquisa Nacional por Amostra de Domicílios Contínua  > Rendimento médio real habitual das pessoas de 14 anos ou mais de idade ocupadas na semana de referência > Setor Cultural,R$,1,BA,2023,1884.0,1884.0
82620,rendimento_medio_setor_cultural_pnadc,Pesquisa Nacional por Amostra de Domicílios Contínua  > Rendimento médio real habitual das pessoas de 14 anos ou mais de idade ocupadas na semana de referência > Setor Cultural,R$,1,BA,2024,1877.0,1877.0
82620,rendimento_medio_setor_cultural_pnadc,Pesquisa Nacional por Amostra de Domicílios Contínua  > Rendimento médio real habitual das pessoas de 14 anos ou mais de idade ocupadas na semana de referência > Setor Cultural,R$,1,CE,2014,1677.0,1677.0
82620,rendimento_medio_setor_cultural_pnadc,Pesquisa Nacional por Amostra de Domicílios Contínua  > Rendimento médio real habitual das pessoas de 14 anos ou mais de idade ocupadas na semana de referência > Setor Cultural,R$,1,CE,2015,1573.0,1573.0
82620,rendimento_medio_setor_cultural_pnadc,Pesquisa Nacional por Amostra de Domicílios Contínua  > Rendimento médio real habitual das pessoas de 14 anos ou mais de idade ocupadas na semana de referência > Setor Cultural,R$,1,CE,2016,1843.0,1843.0
82620,rendimento_medio_setor_cultural_pnadc,Pesquisa Nacional por Amostra de Domicílios Contínua  > Rendimento médio real habitual das pessoas de 14 anos ou mais de idade ocupadas na semana de referência > Setor Cultural,R$,1,CE,2017,1951.0,1951.0
82620,rendimento_medio_setor_cultural_pnadc,Pesquisa Nacional por Amostra de Domicílios Contínua  > Rendimento médio real habitual das pessoas de 14 anos ou mais de idade ocupadas na semana de referência > Setor Cultural,R$,1,CE,2018,1612.0,1612.0
82620,rendimento_medio_setor_cultural_pnadc,Pesquisa Nacional por Amostra de Domicílios Contínua  > Rendimento médio real habitual das pessoas de 14 anos ou mais de idade ocupadas na semana de referência > Setor Cultural,R$,1,CE,2019,1715.0,1715.0
82620,rendimento_medio_setor_cultural_pnadc,Pesquisa Nacional por Amostra de Domicílios Contínua  > Rendimento médio real habitual das pessoas de 14 anos ou mais de idade ocupadas na semana de referência > Setor Cultural,R$,1,CE,2020,1690.0,1690.0
82620,rendimento_medio_setor_cultural_pnadc,Pesquisa Nacional por Amostra de Domicílios Contínua  > Rendimento médio real habitual das pessoas de 14 anos ou mais de idade ocupadas na semana de referência > Setor Cultural,R$,1,CE,2021,1637.0,1637.0
82620,rendimento_medio_setor_cultural_pnadc,Pesquisa Nacional por Amostra de Domicílios Contínua  > Rendimento médio real habitual das pessoas de 14 anos ou mais de idade ocupadas na semana de referência > Setor Cultural,R$,1,CE,2022,1837.0,1837.0
82620,rendimento_medio_setor_cultural_pnadc,Pesquisa Nacional por Amostra de Domicílios Contínua  > Rendimento médio real habitual das pessoas de 14 anos ou mais de idade ocupadas na semana de referência > Setor Cultural,R$,1,CE,2023,1590.0,1590.0
82620,rendimento_medio_setor_cultural_pnadc,Pesquisa Nacional por Amostra de Domicílios Contínua  > Rendimento médio real habitual das pessoas de 14 anos ou mais de idade ocupadas na semana de referência > Setor Cultural,R$,1,CE,2024,1596.0,1596.0
82620,rendimento_medio_setor_cultural_pnadc,Pesquisa Nacional por Amostra de Domicílios Contínua  > Rendimento médio real habitual das pessoas de 14 anos ou mais de idade ocupadas na semana de referência > Setor Cultural,R$,1,DF,2014,5753.0,5753.0
82620,rendimento_medio_setor_cultural_pnadc,Pesquisa Nacional por Amostra de Domicílios Contínua  > Rendimento médio real habitual das pessoas de 14 anos ou mais de idade ocupadas na semana de referência > Setor Cultural,R$,1,DF,2015,5805.0,5805.0
82620,rendimento_medio_setor_cultural_pnadc,Pesquisa Nacional por Amostra de Domicílios Contínua  > Rendimento médio real habitual das pessoas de 14 anos ou mais de idade ocupadas na semana de referência > Setor Cultural,R$,1,DF,2016,4614.0,4614.0
82620,rendimento_medio_setor_cultural_pnadc,Pesquisa Nacional por Amostra de Domicílios Contínua  > Rendimento médio real habitual das pessoas de 14 anos ou mais de idade ocupadas na semana de referência > Setor Cultural,R$,1,DF,2017,3994.0,3994.0
82620,rendimento_medio_setor_cultural_pnadc,Pesquisa Nacional por Amostra de Domicílios Contínua  > Rendimento médio real habitual das pessoas de 14 anos ou mais de idade ocupadas na semana de referência > Setor Cultural,R$,1,DF,2018,5103.0,5103.0
82620,rendimento_medio_setor_cultural_pnadc,Pesquisa Nacional por Amostra de Domicílios Contínua  > Rendimento médio real habitual das pessoas de 14 anos ou mais de idade ocupadas na semana de referência > Setor Cultural,R$,1,DF,2019,4670.0,4670.0
82620,rendimento_medio_setor_cultural_pnadc,Pesquisa Nacional por Amostra de Domicílios Contínua  > Rendimento médio real habitual das pessoas de 14 anos ou mais de idade ocupadas na semana de referência > Setor Cultural,R$,1,DF,2020,4363.0,4363.0
82620,rendimento_medio_setor_cultural_pnadc,Pesquisa Nacional por Amostra de Domicílios Contínua  > Rendimento médio real habitual das pessoas de 14 anos ou mais de idade ocupadas na semana de referência > Setor Cultural,R$,1,DF,2021,3917.0,3917.0
82620,rendimento_medio_setor_cultural_pnadc,Pesquisa Nacional por Amostra de Domicílios Contínua  > Rendimento médio real habitual das pessoas de 14 anos ou mais de idade ocupadas na semana de referência > Setor Cultural,R$,1,DF,2022,3632.0,3632.0
82620,rendimento_medio_setor_cultural_pnadc,Pesquisa Nacional por Amostra de Domicílios Contínua  > Rendimento médio real habitual das pessoas de 14 anos ou mais de idade ocupadas na semana de referência > Setor Cultural,R$,1,DF,2023,4353.0,4353.0
82620,rendimento_medio_setor_cultural_pnadc,Pesquisa Nacional por Amostra de Domicílios Contínua  > Rendimento médio real habitual das pessoas de 14 anos ou mais de idade ocupadas na semana de referência > Setor Cultural,R$,1,DF,2024,4097.0,4097.0
82620,rendimento_medio_setor_cultural_pnadc,Pesquisa Nacional por Amostra de Domicílios Contínua  > Rendimento médio real habitual das pessoas de 14 anos ou mais de idade ocupadas na semana de referência > Setor Cultural,R$,1,ES,2014,2945.0,2945.0
82620,rendimento_medio_setor_cultural_pnadc,Pesquisa Nacional por Amostra de Domicílios Contínua  > Rendimento médio real habitual das pessoas de 14 anos ou mais de idade ocupadas na semana de referência > Setor Cultural,R$,1,ES,2015,2757.0,2757.0
82620,rendimento_medio_setor_cultural_pnadc,Pesquisa Nacional por Amostra de Domicílios Contínua  > Rendimento médio real habitual das pessoas de 14 anos ou mais de idade ocupadas na semana de referência > Setor Cultural,R$,1,ES,2016,2671.0,2671.0
82620,rendimento_medio_setor_cultural_pnadc,Pesquisa Nacional por Amostra de Domicílios Contínua  > Rendimento médio real habitual das pessoas de 14 anos ou mais de idade ocupadas na semana de referência > Setor Cultural,R$,1,ES,2017,2545.0,2545.0
82620,rendimento_medio_setor_cultural_pnadc,Pesquisa Nacional por Amostra de Domicílios Contínua  > Rendimento médio real habitual das pessoas de 14 anos ou mais de idade ocupadas na semana de referência > Setor Cultural,R$,1,ES,2018,2819.0,2819.0
82620,rendimento_medio_setor_cultural_pnadc,Pesquisa Nacional por Amostra de Domicílios Contínua  > Rendimento médio real habitual das pessoas de 14 anos ou mais de idade ocupadas na semana de referência > Setor Cultural,R$,1,ES,2019,2463.0,2463.0
82620,rendimento_medio_setor_cultural_pnadc,Pesquisa Nacional por Amostra de Domicílios Contínua  > Rendimento médio real habitual das pessoas de 14 anos ou mais de idade ocupadas na semana de referência > Setor Cultural,R$,1,ES,2020,2521.0,2521.0
82620,rendimento_medio_setor_cultural_pnadc,Pesquisa Nacional por Amostra de Domicílios Contínua  > Rendimento médio real habitual das pessoas de 14 anos ou mais de idade ocupadas na semana de referência > Setor Cultural,R$,1,ES,2021,2278.0,2278.0
82620,rendimento_medio_setor_cultural_pnadc,Pesquisa Nacional por Amostra de Domicílios Contínua  > Rendimento médio real habitual das pessoas de 14 anos ou mais de idade ocupadas na semana de referência > Setor Cultural,R$,1,ES,2022,2430.0,2430.0
82620,rendimento_medio_setor_cultural_pnadc,Pesquisa Nacional por Amostra de Domicílios Contínua  > Rendimento médio real habitual das pessoas de 14 anos ou mais de idade ocupadas na semana de referência > Setor Cultural,R$,1,ES,2023,3020.0,3020.0
82620,rendimento_medio_setor_cultural_pnadc,Pesquisa Nacional por Amostra de Domicílios Contínua  > Rendimento médio real habitual das pessoas de 14 anos ou mais de idade ocupadas na semana de referência > Setor Cultural,R$,1,ES,2024,3358.0,3358.0
82620,rendimento_medio_setor_cultural_pnadc,Pesquisa Nacional por Amostra de Domicílios Contínua  > Rendimento médio real habitual das pessoas de 14 anos ou mais de idade ocupadas na semana de referência > Setor Cultural,R$,1,GO,2014,2393.0,2393.0
82620,rendimento_medio_setor_cultural_pnadc,Pesquisa Nacional por Amostra de Domicílios Contínua  > Rendimento médio real habitual das pessoas de 14 anos ou mais de idade ocupadas na semana de referência > Setor Cultural,R$,1,GO,2015,2540.0,2540.0
82620,rendimento_medio_setor_cultural_pnadc,Pesquisa Nacional por Amostra de Domicílios Contínua  > Rendimento médio real habitual das pessoas de 14 anos ou mais de idade ocupadas na semana de referência > Setor Cultural,R$,1,GO,2016,2347.0,2347.0
82620,rendimento_medio_setor_cultural_pnadc,Pesquisa Nacional por Amostra de Domicílios Contínua  > Rendimento médio real habitual das pessoas de 14 anos ou mais de idade ocupadas na semana de referência > Setor Cultural,R$,1,GO,2017,2360.0,2360.0
82620,rendimento_medio_setor_cultural_pnadc,Pesquisa Nacional por Amostra de Domicílios Contínua  > Rendimento médio real habitual das pessoas de 14 anos ou mais de idade ocupadas na semana de referência > Setor Cultural,R$,1,GO,2018,2506.0,2506.0
82620,rendimento_medio_setor_cultural_pnadc,Pesquisa Nacional por Amostra de Domicílios Contínua  > Rendimento médio real habitual das pessoas de 14 anos ou mais de idade ocupadas na semana de referência > Setor Cultural,R$,1,GO,2019,2545.0,2545.0
82620,rendimento_medio_setor_cultural_pnadc,Pesquisa Nacional por Amostra de Domicílios Contínua  > Rendimento médio real habitual das pessoas de 14 anos ou mais de idade ocupadas na semana de referência > Setor Cultural,R$,1,GO,2020,2294.0,2294.0
82620,rendimento_medio_setor_cultural_pnadc,Pesquisa Nacional por Amostra de Domicílios Contínua  > Rendimento médio real habitual das pessoas de 14 anos ou mais de idade ocupadas na semana de referência > Setor Cultural,R$,1,GO,2021,2222.0,2222.0
82620,rendimento_medio_setor_cultural_pnadc,Pesquisa Nacional por Amostra de Domicílios Contínua  > Rendimento médio real habitual das pessoas de 14 anos ou mais de idade ocupadas na semana de referência > Setor Cultural,R$,1,GO,2022,2391.0,2391.0
82620,rendimento_medio_setor_cultural_pnadc,Pesquisa Nacional por Amostra de Domicílios Contínua  > Rendimento médio real habitual das pessoas de 14 anos ou mais de idade ocupadas na semana de referência > Setor Cultural,R$,1,GO,2023,2867.0,2867.0
82620,rendimento_medio_setor_cultural_pnadc,Pesquisa Nacional por Amostra de Domicílios Contínua  > Rendimento médio real habitual das pessoas de 14 anos ou mais de idade ocupadas na semana de referência > Setor Cultural,R$,1,GO,2024,2558.0,2558.0
82620,rendimento_medio_setor_cultural_pnadc,Pesquisa Nacional por Amostra de Domicílios Contínua  > Rendimento médio real habitual das pessoas de 14 anos ou mais de idade ocupadas na semana de referência > Setor Cultural,R$,1,MA,2014,1474.0,1474.0
82620,rendimento_medio_setor_cultural_pnadc,Pesquisa Nacional por Amostra de Domicílios Contínua  > Rendimento médio real habitual das pessoas de 14 anos ou mais de idade ocupadas na semana de referência > Setor Cultural,R$,1,MA,2015,1348.0,1348.0
82620,rendimento_medio_setor_cultural_pnadc,Pesquisa Nacional por Amostra de Domicílios Contínua  > Rendimento médio real habitual das pessoas de 14 anos ou mais de idade ocupadas na semana de referência > Setor Cultural,R$,1,MA,2016,1321.0,1321.0
82620,rendimento_medio_setor_cultural_pnadc,Pesquisa Nacional por Amostra de Domicílios Contínua  > Rendimento médio real habitual das pessoas de 14 anos ou mais de idade ocupadas na semana de referência > Setor Cultural,R$,1,MA,2017,1453.0,1453.0
82620,rendimento_medio_setor_cultural_pnadc,Pesquisa Nacional por Amostra de Domicílios Contínua  > Rendimento médio real habitual das pessoas de 14 anos ou mais de idade ocupadas na semana de referência > Setor Cultural,R$,1,MA,2018,1764.0,1764.0
82620,rendimento_medio_setor_cultural_pnadc,Pesquisa Nacional por Amostra de Domicílios Contínua  > Rendimento médio real habitual das pessoas de 14 anos ou mais de idade ocupadas na semana de referência > Setor Cultural,R$,1,MA,2019,1751.0,1751.0
82620,rendimento_medio_setor_cultural_pnadc,Pesquisa Nacional por Amostra de Domicílios Contínua  > Rendimento médio real habitual das pessoas de 14 anos ou mais de idade ocupadas na semana de referência > Setor Cultural,R$,1,MA,2020,1604.0,1604.0
82620,rendimento_medio_setor_cultural_pnadc,Pesquisa Nacional por Amostra de Domicílios Contínua  > Rendimento médio real habitual das pessoas de 14 anos ou mais de idade ocupadas na semana de referência > Setor Cultural,R$,1,MA,2021,1545.0,1545.0
82620,rendimento_medio_setor_cultural_pnadc,Pesquisa Nacional por Amostra de Domicílios Contínua  > Rendimento médio real habitual das pessoas de 14 anos ou mais de idade ocupadas na semana de referência > Setor Cultural,R$,1,MA,2022,1748.0,1748.0
82620,rendimento_medio_setor_cultural_pnadc,Pesquisa Nacional por Amostra de Domicílios Contínua  > Rendimento médio real habitual das pessoas de 14 anos ou mais de idade ocupadas na semana de referência > Setor Cultural,R$,1,MA,2023,1681.0,1681.0
82620,rendimento_medio_setor_cultural_pnadc,Pesquisa Nacional por Amostra de Domicílios Contínua  > Rendimento médio real habitual das pessoas de 14 anos ou mais de idade ocupadas na semana de referência > Setor Cultural,R$,1,MA,2024,1642.0,1642.0
82620,rendimento_medio_setor_cultural_pnadc,Pesquisa Nacional por Amostra de Domicílios Contínua  > Rendimento médio real habitual das pessoas de 14 anos ou mais de idade ocupadas na semana de referência > Setor Cultural,R$,1,MG,2014,2836.0,2836.0
82620,rendimento_medio_setor_cultural_pnadc,Pesquisa Nacional por Amostra de Domicílios Contínua  > Rendimento médio real habitual das pessoas de 14 anos ou mais de idade ocupadas na semana de referência > Setor Cultural,R$,1,MG,2015,2442.0,2442.0
82620,rendimento_medio_setor_cultural_pnadc,Pesquisa Nacional por Amostra de Domicílios Contínua  > Rendimento médio real habitual das pessoas de 14 anos ou mais de idade ocupadas na semana de referência > Setor Cultural,R$,1,MG,2016,2342.0,2342.0
82620,rendimento_medio_setor_cultural_pnadc,Pesquisa Nacional por Amostra de Domicílios Contínua  > Rendimento médio real habitual das pessoas de 14 anos ou mais de idade ocupadas na semana de referência > Setor Cultural,R$,1,MG,2017,2539.0,2539.0
82620,rendimento_medio_setor_cultural_pnadc,Pesquisa Nacional por Amostra de Domicílios Contínua  > Rendimento médio real habitual das pessoas de 14 anos ou mais de idade ocupadas na semana de referência > Setor Cultural,R$,1,MG,2018,2180.0,2180.0
82620,rendimento_medio_setor_cultural_pnadc,Pesquisa Nacional por Amostra de Domicílios Contínua  > Rendimento médio real habitual das pessoas de 14 anos ou mais de idade ocupadas na semana de referência > Setor Cultural,R$,1,MG,2019,2066.0,2066.0
82620,rendimento_medio_setor_cultural_pnadc,Pesquisa Nacional por Amostra de Domicílios Contínua  > Rendimento médio real habitual das pessoas de 14 anos ou mais de idade ocupadas na semana de referência > Setor Cultural,R$,1,MG,2020,2241.0,2241.0
82620,rendimento_medio_setor_cultural_pnadc,Pesquisa Nacional por Amostra de Domicílios Contínua  > Rendimento médio real habitual das pessoas de 14 anos ou mais de idade ocupadas na semana de referência > Setor Cultural,R$,1,MG,2021,2480.0,2480.0
82620,rendimento_medio_setor_cultural_pnadc,Pesquisa Nacional por Amostra de Domicílios Contínua  > Rendimento médio real habitual das pessoas de 14 anos ou mais de idade ocupadas na semana de referência > Setor Cultural,R$,1,MG,2022,2264.0,2264.0
82620,rendimento_medio_setor_cultural_pnadc,Pesquisa Nacional por Amostra de Domicílios Contínua  > Rendimento médio real habitual das pessoas de 14 anos ou mais de idade ocupadas na semana de referência > Setor Cultural,R$,1,MG,2023,2528.0,2528.0
82620,rendimento_medio_setor_cultural_pnadc,Pesquisa Nacional por Amostra de Domicílios Contínua  > Rendimento médio real habitual das pessoas de 14 anos ou mais de idade ocupadas na semana de referência > Setor Cultural,R$,1,MG,2024,2809.0,2809.0
82620,rendimento_medio_setor_cultural_pnadc,Pesquisa Nacional por Amostra de Domicílios Contínua  > Rendimento médio real habitual das pessoas de 14 anos ou mais de idade ocupadas na semana de referência > Setor Cultural,R$,1,MS,2014,2577.0,2577.0
82620,rendimento_medio_setor_cultural_pnadc,Pesquisa Nacional por Amostra de Domicílios Contínua  > Rendimento médio real habitual das pessoas de 14 anos ou mais de idade ocupadas na semana de referência > Setor Cultural,R$,1,MS,2015,2497.0,2497.0
82620,rendimento_medio_setor_cultural_pnadc,Pesquisa Nacional por Amostra de Domicílios Contínua  > Rendimento médio real habitual das pessoas de 14 anos ou mais de idade ocupadas na semana de referência > Setor Cultural,R$,1,MS,2016,2476.0,2476.0
82620,rendimento_medio_setor_cultural_pnadc,Pesquisa Nacional por Amostra de Domicílios Contínua  > Rendimento médio real habitual das pessoas de 14 anos ou mais de idade ocupadas na semana de referência > Setor Cultural,R$,1,MS,2017,2678.0,2678.0
82620,rendimento_medio_setor_cultural_pnadc,Pesquisa Nacional por Amostra de Domicílios Contínua  > Rendimento médio real habitual das pessoas de 14 anos ou mais de idade ocupadas na semana de referência > Setor Cultural,R$,1,MS,2018,2251.0,2251.0
82620,rendimento_medio_setor_cultural_pnadc,Pesquisa Nacional por Amostra de Domicílios Contínua  > Rendimento médio real habitual das pessoas de 14 anos ou mais de idade ocupadas na semana de referência > Setor Cultural,R$,1,MS,2019,3172.0,3172.0
82620,rendimento_medio_setor_cultural_pnadc,Pesquisa Nacional por Amostra de Domicílios Contínua  > Rendimento médio real habitual das pessoas de 14 anos ou mais de idade ocupadas na semana de referência > Setor Cultural,R$,1,MS,2020,2586.0,2586.0
82620,rendimento_medio_setor_cultural_pnadc,Pesquisa Nacional por Amostra de Domicílios Contínua  > Rendimento médio real habitual das pessoas de 14 anos ou mais de idade ocupadas na semana de referência > Setor Cultural,R$,1,MS,2021,2547.0,2547.0
82620,rendimento_medio_setor_cultural_pnadc,Pesquisa Nacional por Amostra de Domicílios Contínua  > Rendimento médio real habitual das pessoas de 14 anos ou mais de idade ocupadas na semana de referência > Setor Cultural,R$,1,MS,2022,2843.0,2843.0
82620,rendimento_medio_setor_cultural_pnadc,Pesquisa Nacional por Amostra de Domicílios Contínua  > Rendimento médio real habitual das pessoas de 14 anos ou mais de idade ocupadas na semana de referência > Setor Cultural,R$,1,MS,2023,2847.0,2847.0
82620,rendimento_medio_setor_cultural_pnadc,Pesquisa Nacional por Amostra de Domicílios Contínua  > Rendimento médio real habitual das pessoas de 14 anos ou mais de idade ocupadas na semana de referência > Setor Cultural,R$,1,MS,2024,3162.0,3162.0
82620,rendimento_medio_setor_cultural_pnadc,Pesquisa Nacional por Amostra de Domicílios Contínua  > Rendimento médio real habitual das pessoas de 14 anos ou mais de idade ocupadas na semana de referência > Setor Cultural,R$,1,MT,2014,3110.0,3110.0
82620,rendimento_medio_setor_cultural_pnadc,Pesquisa Nacional por Amostra de Domicílios Contínua  > Rendimento médio real habitual das pessoas de 14 anos ou mais de idade ocupadas na semana de referência > Setor Cultural,R$,1,MT,2015,2634.0,2634.0
82620,rendimento_medio_setor_cultural_pnadc,Pesquisa Nacional por Amostra de Domicílios Contínua  > Rendimento médio real habitual das pessoas de 14 anos ou mais de idade ocupadas na semana de referência > Setor Cultural,R$,1,MT,2016,3052.0,3052.0
82620,rendimento_medio_setor_cultural_pnadc,Pesquisa Nacional por Amostra de Domicílios Contínua  > Rendimento médio real habitual das pessoas de 14 anos ou mais de idade ocupadas na semana de referência > Setor Cultural,R$,1,MT,2017,3276.0,3276.0
82620,rendimento_medio_setor_cultural_pnadc,Pesquisa Nacional por Amostra de Domicílios Contínua  > Rendimento médio real habitual das pessoas de 14 anos ou mais de idade ocupadas na semana de referência > Setor Cultural,R$,1,MT,2018,2948.0,2948.0
82620,rendimento_medio_setor_cultural_pnadc,Pesquisa Nacional por Amostra de Domicílios Contínua  > Rendimento médio real habitual das pessoas de 14 anos ou mais de idade ocupadas na semana de referência > Setor Cultural,R$,1,MT,2019,2980.0,2980.0
82620,rendimento_medio_setor_cultural_pnadc,Pesquisa Nacional por Amostra de Domicílios Contínua  > Rendimento médio real habitual das pessoas de 14 anos ou mais de idade ocupadas na semana de referência > Setor Cultural,R$,1,MT,2020,2841.0,2841.0
82620,rendimento_medio_setor_cultural_pnadc,Pesquisa Nacional por Amostra de Domicílios Contínua  > Rendimento médio real habitual das pessoas de 14 anos ou mais de idade ocupadas na semana de referência > Setor Cultural,R$,1,MT,2021,2774.0,2774.0
82620,rendimento_medio_setor_cultural_pnadc,Pesquisa Nacional por Amostra de Domicílios Contínua  > Rendimento médio real habitual das pessoas de 14 anos ou mais de idade ocupadas na semana de referência > Setor Cultural,R$,1,MT,2022,2551.0,2551.0
82620,rendimento_medio_setor_cultural_pnadc,Pesquisa Nacional por Amostra de Domicílios Contínua  > Rendimento médio real habitual das pessoas de 14 anos ou mais de idade ocupadas na semana de referência > Setor Cultural,R$,1,MT,2023,2871.0,2871.0
82620,rendimento_medio_setor_cultural_pnadc,Pesquisa Nacional por Amostra de Domicílios Contínua  > Rendimento médio real habitual das pessoas de 14 anos ou mais de idade ocupadas na semana de referência > Setor Cultural,R$,1,MT,2024,3277.0,3277.0
82620,rendimento_medio_setor_cultural_pnadc,Pesquisa Nacional por Amostra de Domicílios Contínua  > Rendimento médio real habitual das pessoas de 14 anos ou mais de idade ocupadas na semana de referência > Setor Cultural,R$,1,PA,2014,2047.0,2047.0
82620,rendimento_medio_setor_cultural_pnadc,Pesquisa Nacional por Amostra de Domicílios Contínua  > Rendimento médio real habitual das pessoas de 14 anos ou mais de idade ocupadas na semana de referência > Setor Cultural,R$,1,PA,2015,1643.0,1643.0
82620,rendimento_medio_setor_cultural_pnadc,Pesquisa Nacional por Amostra de Domicílios Contínua  > Rendimento médio real habitual das pessoas de 14 anos ou mais de idade ocupadas na semana de referência > Setor Cultural,R$,1,PA,2016,1539.0,1539.0
82620,rendimento_medio_setor_cultural_pnadc,Pesquisa Nacional por Amostra de Domicílios Contínua  > Rendimento médio real habitual das pessoas de 14 anos ou mais de idade ocupadas na semana de referência > Setor Cultural,R$,1,PA,2017,1592.0,1592.0
82620,rendimento_medio_setor_cultural_pnadc,Pesquisa Nacional por Amostra de Domicílios Contínua  > Rendimento médio real habitual das pessoas de 14 anos ou mais de idade ocupadas na semana de referência > Setor Cultural,R$,1,PA,2018,1545.0,1545.0
82620,rendimento_medio_setor_cultural_pnadc,Pesquisa Nacional por Amostra de Domicílios Contínua  > Rendimento médio real habitual das pessoas de 14 anos ou mais de idade ocupadas na semana de referência > Setor Cultural,R$,1,PA,2019,1920.0,1920.0
82620,rendimento_medio_setor_cultural_pnadc,Pesquisa Nacional por Amostra de Domicílios Contínua  > Rendimento médio real habitual das pessoas de 14 anos ou mais de idade ocupadas na semana de referência > Setor Cultural,R$,1,PA,2020,1769.0,1769.0
82620,rendimento_medio_setor_cultural_pnadc,Pesquisa Nacional por Amostra de Domicílios Contínua  > Rendimento médio real habitual das pessoas de 14 anos ou mais de idade ocupadas na semana de referência > Setor Cultural,R$,1,PA,2021,1562.0,1562.0
82620,rendimento_medio_setor_cultural_pnadc,Pesquisa Nacional por Amostra de Domicílios Contínua  > Rendimento médio real habitual das pessoas de 14 anos ou mais de idade ocupadas na semana de referência > Setor Cultural,R$,1,PA,2022,1820.0,1820.0
82620,rendimento_medio_setor_cultural_pnadc,Pesquisa Nacional por Amostra de Domicílios Contínua  > Rendimento médio real habitual das pessoas de 14 anos ou mais de idade ocupadas na semana de referência > Setor Cultural,R$,1,PA,2023,2232.0,2232.0
82620,rendimento_medio_setor_cultural_pnadc,Pesquisa Nacional por Amostra de Domicílios Contínua  > Rendimento médio real habitual das pessoas de 14 anos ou mais de idade ocupadas na semana de referência > Setor Cultural,R$,1,PA,2024,1970.0,1970.0
82620,rendimento_medio_setor_cultural_pnadc,Pesquisa Nacional por Amostra de Domicílios Contínua  > Rendimento médio real habitual das pessoas de 14 anos ou mais de idade ocupadas na semana de referência > Setor Cultural,R$,1,PB,2014,1691.0,1691.0
82620,rendimento_medio_setor_cultural_pnadc,Pesquisa Nacional por Amostra de Domicílios Contínua  > Rendimento médio real habitual das pessoas de 14 anos ou mais de idade ocupadas na semana de referência > Setor Cultural,R$,1,PB,2015,1469.0,1469.0
82620,rendimento_medio_setor_cultural_pnadc,Pesquisa Nacional por Amostra de Domicílios Contínua  > Rendimento médio real habitual das pessoas de 14 anos ou mais de idade ocupadas na semana de referência > Setor Cultural,R$,1,PB,2016,1912.0,1912.0
82620,rendimento_medio_setor_cultural_pnadc,Pesquisa Nacional por Amostra de Domicílios Contínua  > Rendimento médio real habitual das pessoas de 14 anos ou mais de idade ocupadas na semana de referência > Setor Cultural,R$,1,PB,2017,2180.0,2180.0
82620,rendimento_medio_setor_cultural_pnadc,Pesquisa Nacional por Amostra de Domicílios Contínua  > Rendimento médio real habitual das pessoas de 14 anos ou mais de idade ocupadas na semana de referência > Setor Cultural,R$,1,PB,2018,1838.0,1838.0
82620,rendimento_medio_setor_cultural_pnadc,Pesquisa Nacional por Amostra de Domicílios Contínua  > Rendimento médio real habitual das pessoas de 14 anos ou mais de idade ocupadas na semana de referência > Setor Cultural,R$,1,PB,2019,1687.0,1687.0
82620,rendimento_medio_setor_cultural_pnadc,Pesquisa Nacional por Amostra de Domicílios Contínua  > Rendimento médio real habitual das pessoas de 14 anos ou mais de idade ocupadas na semana de referência > Setor Cultural,R$,1,PB,2020,1743.0,1743.0
82620,rendimento_medio_setor_cultural_pnadc,Pesquisa Nacional por Amostra de Domicílios Contínua  > Rendimento médio real habitual das pessoas de 14 anos ou mais de idade ocupadas na semana de referência > Setor Cultural,R$,1,PB,2021,1301.0,1301.0
82620,rendimento_medio_setor_cultural_pnadc,Pesquisa Nacional por Amostra de Domicílios Contínua  > Rendimento médio real habitual das pessoas de 14 anos ou mais de idade ocupadas na semana de referência > Setor Cultural,R$,1,PB,2022,1777.0,1777.0
82620,rendimento_medio_setor_cultural_pnadc,Pesquisa Nacional por Amostra de Domicílios Contínua  > Rendimento médio real habitual das pessoas de 14 anos ou mais de idade ocupadas na semana de referência > Setor Cultural,R$,1,PB,2023,1755.0,1755.0
82620,rendimento_medio_setor_cultural_pnadc,Pesquisa Nacional por Amostra de Domicílios Contínua  > Rendimento médio real habitual das pessoas de 14 anos ou mais de idade ocupadas na semana de referência > Setor Cultural,R$,1,PB,2024,2427.0,2427.0
82620,rendimento_medio_setor_cultural_pnadc,Pesquisa Nacional por Amostra de Domicílios Contínua  > Rendimento médio real habitual das pessoas de 14 anos ou mais de idade ocupadas na semana de referência > Setor Cultural,R$,1,PE,2014,2770.0,2770.0
82620,rendimento_medio_setor_cultural_pnadc,Pesquisa Nacional por Amostra de Domicílios Contínua  > Rendimento médio real habitual das pessoas de 14 anos ou mais de idade ocupadas na semana de referência > Setor Cultural,R$,1,PE,2015,2616.0,2616.0
82620,rendimento_medio_setor_cultural_pnadc,Pesquisa Nacional por Amostra de Domicílios Contínua  > Rendimento médio real habitual das pessoas de 14 anos ou mais de idade ocupadas na semana de referência > Setor Cultural,R$,1,PE,2016,2284.0,2284.0
82620,rendimento_medio_setor_cultural_pnadc,Pesquisa Nacional por Amostra de Domicílios Contínua  > Rendimento médio real habitual das pessoas de 14 anos ou mais de idade ocupadas na semana de referência > Setor Cultural,R$,1,PE,2017,1891.0,1891.0
82620,rendimento_medio_setor_cultural_pnadc,Pesquisa Nacional por Amostra de Domicílios Contínua  > Rendimento médio real habitual das pessoas de 14 anos ou mais de idade ocupadas na semana de referência > Setor Cultural,R$,1,PE,2018,2016.0,2016.0
82620,rendimento_medio_setor_cultural_pnadc,Pesquisa Nacional por Amostra de Domicílios Contínua  > Rendimento médio real habitual das pessoas de 14 anos ou mais de idade ocupadas na semana de referência > Setor Cultural,R$,1,PE,2019,2131.0,2131.0
82620,rendimento_medio_setor_cultural_pnadc,Pesquisa Nacional por Amostra de Domicílios Contínua  > Rendimento médio real habitual das pessoas de 14 anos ou mais de idade ocupadas na semana de referência > Setor Cultural,R$,1,PE,2020,2135.0,2135.0
82620,rendimento_medio_setor_cultural_pnadc,Pesquisa Nacional por Amostra de Domicílios Contínua  > Rendimento médio real habitual das pessoas de 14 anos ou mais de idade ocupadas na semana de referência > Setor Cultural,R$,1,PE,2021,1407.0,1407.0
82620,rendimento_medio_setor_cultural_pnadc,Pesquisa Nacional por Amostra de Domicílios Contínua  > Rendimento médio real habitual das pessoas de 14 anos ou mais de idade ocupadas na semana de referência > Setor Cultural,R$,1,PE,2022,1977.0,1977.0
82620,rendimento_medio_setor_cultural_pnadc,Pesquisa Nacional por Amostra de Domicílios Contínua  > Rendimento médio real habitual das pessoas de 14 anos ou mais de idade ocupadas na semana de referência > Setor Cultural,R$,1,PE,2023,1950.0,1950.0
82620,rendimento_medio_setor_cultural_pnadc,Pesquisa Nacional por Amostra de Domicílios Contínua  > Rendimento médio real habitual das pessoas de 14 anos ou mais de idade ocupadas na semana de referência > Setor Cultural,R$,1,PE,2024,2700.0,2700.0
82620,rendimento_medio_setor_cultural_pnadc,Pesquisa Nacional por Amostra de Domicílios Contínua  > Rendimento médio real habitual das pessoas de 14 anos ou mais de idade ocupadas na semana de referência > Setor Cultural,R$,1,PI,2014,1239.0,1239.0
82620,rendimento_medio_setor_cultural_pnadc,Pesquisa Nacional por Amostra de Domicílios Contínua  > Rendimento médio real habitual das pessoas de 14 anos ou mais de idade ocupadas na semana de referência > Setor Cultural,R$,1,PI,2015,1273.0,1273.0
82620,rendimento_medio_setor_cultural_pnadc,Pesquisa Nacional por Amostra de Domicílios Contínua  > Rendimento médio real habitual das pessoas de 14 anos ou mais de idade ocupadas na semana de referência > Setor Cultural,R$,1,PI,2016,1403.0,1403.0
82620,rendimento_medio_setor_cultural_pnadc,Pesquisa Nacional por Amostra de Domicílios Contínua  > Rendimento médio real habitual das pessoas de 14 anos ou mais de idade ocupadas na semana de referência > Setor Cultural,R$,1,PI,2017,1446.0,1446.0
82620,rendimento_medio_setor_cultural_pnadc,Pesquisa Nacional por Amostra de Domicílios Contínua  > Rendimento médio real habitual das pessoas de 14 anos ou mais de idade ocupadas na semana de referência > Setor Cultural,R$,1,PI,2018,1767.0,1767.0
82620,rendimento_medio_setor_cultural_pnadc,Pesquisa Nacional por Amostra de Domicílios Contínua  > Rendimento médio real habitual das pessoas de 14 anos ou mais de idade ocupadas na semana de referência > Setor Cultural,R$,1,PI,2019,1970.0,1970.0
82620,rendimento_medio_setor_cultural_pnadc,Pesquisa Nacional por Amostra de Domicílios Contínua  > Rendimento médio real habitual das pessoas de 14 anos ou mais de idade ocupadas na semana de referência > Setor Cultural,R$,1,PI,2020,1463.0,1463.0
82620,rendimento_medio_setor_cultural_pnadc,Pesquisa Nacional por Amostra de Domicílios Contínua  > Rendimento médio real habitual das pessoas de 14 anos ou mais de idade ocupadas na semana de referência > Setor Cultural,R$,1,PI,2021,1432.0,1432.0
82620,rendimento_medio_setor_cultural_pnadc,Pesquisa Nacional por Amostra de Domicílios Contínua  > Rendimento médio real habitual das pessoas de 14 anos ou mais de idade ocupadas na semana de referência > Setor Cultural,R$,1,PI,2022,2175.0,2175.0
82620,rendimento_medio_setor_cultural_pnadc,Pesquisa Nacional por Amostra de Domicílios Contínua  > Rendimento médio real habitual das pessoas de 14 anos ou mais de idade ocupadas na semana de referência > Setor Cultural,R$,1,PI,2023,1898.0,1898.0
82620,rendimento_medio_setor_cultural_pnadc,Pesquisa Nacional por Amostra de Domicílios Contínua  > Rendimento médio real habitual das pessoas de 14 anos ou mais de idade ocupadas na semana de referência > Setor Cultural,R$,1,PI,2024,1961.0,1961.0
82620,rendimento_medio_setor_cultural_pnadc,Pesquisa Nacional por Amostra de Domicílios Contínua  > Rendimento médio real habitual das pessoas de 14 anos ou mais de idade ocupadas na semana de referência > Setor Cultural,R$,1,PR,2014,3314.0,3314.0
82620,rendimento_medio_setor_cultural_pnadc,Pesquisa Nacional por Amostra de Domicílios Contínua  > Rendimento médio real habitual das pessoas de 14 anos ou mais de idade ocupadas na semana de referência > Setor Cultural,R$,1,PR,2015,3122.0,3122.0
82620,rendimento_medio_setor_cultural_pnadc,Pesquisa Nacional por Amostra de Domicílios Contínua  > Rendimento médio real habitual das pessoas de 14 anos ou mais de idade ocupadas na semana de referência > Setor Cultural,R$,1,PR,2016,3149.0,3149.0
82620,rendimento_medio_setor_cultural_pnadc,Pesquisa Nacional por Amostra de Domicílios Contínua  > Rendimento médio real habitual das pessoas de 14 anos ou mais de idade ocupadas na semana de referência > Setor Cultural,R$,1,PR,2017,3150.0,3150.0
82620,rendimento_medio_setor_cultural_pnadc,Pesquisa Nacional por Amostra de Domicílios Contínua  > Rendimento médio real habitual das pessoas de 14 anos ou mais de idade ocupadas na semana de referência > Setor Cultural,R$,1,PR,2018,3130.0,3130.0
82620,rendimento_medio_setor_cultural_pnadc,Pesquisa Nacional por Amostra de Domicílios Contínua  > Rendimento médio real habitual das pessoas de 14 anos ou mais de idade ocupadas na semana de referência > Setor Cultural,R$,1,PR,2019,3072.0,3072.0
82620,rendimento_medio_setor_cultural_pnadc,Pesquisa Nacional por Amostra de Domicílios Contínua  > Rendimento médio real habitual das pessoas de 14 anos ou mais de idade ocupadas na semana de referência > Setor Cultural,R$,1,PR,2020,2972.0,2972.0
82620,rendimento_medio_setor_cultural_pnadc,Pesquisa Nacional por Amostra de Domicílios Contínua  > Rendimento médio real habitual das pessoas de 14 anos ou mais de idade ocupadas na semana de referência > Setor Cultural,R$,1,PR,2021,2779.0,2779.0
82620,rendimento_medio_setor_cultural_pnadc,Pesquisa Nacional por Amostra de Domicílios Contínua  > Rendimento médio real habitual das pessoas de 14 anos ou mais de idade ocupadas na semana de referência > Setor Cultural,R$,1,PR,2022,2901.0,2901.0
82620,rendimento_medio_setor_cultural_pnadc,Pesquisa Nacional por Amostra de Domicílios Contínua  > Rendimento médio real habitual das pessoas de 14 anos ou mais de idade ocupadas na semana de referência > Setor Cultural,R$,1,PR,2023,3083.0,3083.0
82620,rendimento_medio_setor_cultural_pnadc,Pesquisa Nacional por Amostra de Domicílios Contínua  > Rendimento médio real habitual das pessoas de 14 anos ou mais de idade ocupadas na semana de referência > Setor Cultural,R$,1,PR,2024,3429.0,3429.0
82620,rendimento_medio_setor_cultural_pnadc,Pesquisa Nacional por Amostra de Domicílios Contínua  > Rendimento médio real habitual das pessoas de 14 anos ou mais de idade ocupadas na semana de referência > Setor Cultural,R$,1,RJ,2014,3741.0,3741.0
82620,rendimento_medio_setor_cultural_pnadc,Pesquisa Nacional por Amostra de Domicílios Contínua  > Rendimento médio real habitual das pessoas de 14 anos ou mais de idade ocupadas na semana de referência > Setor Cultural,R$,1,RJ,2015,3616.0,3616.0
82620,rendimento_medio_setor_cultural_pnadc,Pesquisa Nacional por Amostra de Domicílios Contínua  > Rendimento médio real habitual das pessoas de 14 anos ou mais de idade ocupadas na semana de referência > Setor Cultural,R$,1,RJ,2016,3590.0,3590.0
82620,rendimento_medio_setor_cultural_pnadc,Pesquisa Nacional por Amostra de Domicílios Contínua  > Rendimento médio real habitual das pessoas de 14 anos ou mais de idade ocupadas na semana de referência > Setor Cultural,R$,1,RJ,2017,3315.0,3315.0
82620,rendimento_medio_setor_cultural_pnadc,Pesquisa Nacional por Amostra de Domicílios Contínua  > Rendimento médio real habitual das pessoas de 14 anos ou mais de idade ocupadas na semana de referência > Setor Cultural,R$,1,RJ,2018,3706.0,3706.0
82620,rendimento_medio_setor_cultural_pnadc,Pesquisa Nacional por Amostra de Domicílios Contínua  > Rendimento médio real habitual das pessoas de 14 anos ou mais de idade ocupadas na semana de referência > Setor Cultural,R$,1,RJ,2019,3915.0,3915.0
82620,rendimento_medio_setor_cultural_pnadc,Pesquisa Nacional por Amostra de Domicílios Contínua  > Rendimento médio real habitual das pessoas de 14 anos ou mais de idade ocupadas na semana de referência > Setor Cultural,R$,1,RJ,2020,3878.0,3878.0
82620,rendimento_medio_setor_cultural_pnadc,Pesquisa Nacional por Amostra de Domicílios Contínua  > Rendimento médio real habitual das pessoas de 14 anos ou mais de idade ocupadas na semana de referência > Setor Cultural,R$,1,RJ,2021,3536.0,3536.0
82620,rendimento_medio_setor_cultural_pnadc,Pesquisa Nacional por Amostra de Domicílios Contínua  > Rendimento médio real habitual das pessoas de 14 anos ou mais de idade ocupadas na semana de referência > Setor Cultural,R$,1,RJ,2022,4457.0,4457.0
82620,rendimento_medio_setor_cultural_pnadc,Pesquisa Nacional por Amostra de Domicílios Contínua  > Rendimento médio real habitual das pessoas de 14 anos ou mais de idade ocupadas na semana de referência > Setor Cultural,R$,1,RJ,2023,4057.0,4057.0
82620,rendimento_medio_setor_cultural_pnadc,Pesquisa Nacional por Amostra de Domicílios Contínua  > Rendimento médio real habitual das pessoas de 14 anos ou mais de idade ocupadas na semana de referência > Setor Cultural,R$,1,RJ,2024,3996.0,3996.0
82620,rendimento_medio_setor_cultural_pnadc,Pesquisa Nacional por Amostra de Domicílios Contínua  > Rendimento médio real habitual das pessoas de 14 anos ou mais de idade ocupadas na semana de referência > Setor Cultural,R$,1,RN,2014,1767.0,1767.0
82620,rendimento_medio_setor_cultural_pnadc,Pesquisa Nacional por Amostra de Domicílios Contínua  > Rendimento médio real habitual das pessoas de 14 anos ou mais de idade ocupadas na semana de referência > Setor Cultural,R$,1,RN,2015,2128.0,2128.0
82620,rendimento_medio_setor_cultural_pnadc,Pesquisa Nacional por Amostra de Domicílios Contínua  > Rendimento médio real habitual das pessoas de 14 anos ou mais de idade ocupadas na semana de referência > Setor Cultural,R$,1,RN,2016,2035.0,2035.0
82620,rendimento_medio_setor_cultural_pnadc,Pesquisa Nacional por Amostra de Domicílios Contínua  > Rendimento médio real habitual das pessoas de 14 anos ou mais de idade ocupadas na semana de referência > Setor Cultural,R$,1,RN,2017,2000.0,2000.0
82620,rendimento_medio_setor_cultural_pnadc,Pesquisa Nacional por Amostra de Domicílios Contínua  > Rendimento médio real habitual das pessoas de 14 anos ou mais de idade ocupadas na semana de referência > Setor Cultural,R$,1,RN,2018,1871.0,1871.0
82620,rendimento_medio_setor_cultural_pnadc,Pesquisa Nacional por Amostra de Domicílios Contínua  > Rendimento médio real habitual das pessoas de 14 anos ou mais de idade ocupadas na semana de referência > Setor Cultural,R$,1,RN,2019,2191.0,2191.0
82620,rendimento_medio_setor_cultural_pnadc,Pesquisa Nacional por Amostra de Domicílios Contínua  > Rendimento médio real habitual das pessoas de 14 anos ou mais de idade ocupadas na semana de referência > Setor Cultural,R$,1,RN,2020,2745.0,2745.0
82620,rendimento_medio_setor_cultural_pnadc,Pesquisa Nacional por Amostra de Domicílios Contínua  > Rendimento médio real habitual das pessoas de 14 anos ou mais de idade ocupadas na semana de referência > Setor Cultural,R$,1,RN,2021,2340.0,2340.0
82620,rendimento_medio_setor_cultural_pnadc,Pesquisa Nacional por Amostra de Domicílios Contínua  > Rendimento médio real habitual das pessoas de 14 anos ou mais de idade ocupadas na semana de referência > Setor Cultural,R$,1,RN,2022,1967.0,1967.0
82620,rendimento_medio_setor_cultural_pnadc,Pesquisa Nacional por Amostra de Domicílios Contínua  > Rendimento médio real habitual das pessoas de 14 anos ou mais de idade ocupadas na semana de referência > Setor Cultural,R$,1,RN,2023,2397.0,2397.0
82620,rendimento_medio_setor_cultural_pnadc,Pesquisa Nacional por Amostra de Domicílios Contínua  > Rendimento médio real habitual das pessoas de 14 anos ou mais de idade ocupadas na semana de referência > Setor Cultural,R$,1,RN,2024,2443.0,2443.0
82620,rendimento_medio_setor_cultural_pnadc,Pesquisa Nacional por Amostra de Domicílios Contínua  > Rendimento médio real habitual das pessoas de 14 anos ou mais de idade ocupadas na semana de referência > Setor Cultural,R$,1,RO,2014,2218.0,2218.0
82620,rendimento_medio_setor_cultural_pnadc,Pesquisa Nacional por Amostra de Domicílios Contínua  > Rendimento médio real habitual das pessoas de 14 anos ou mais de idade ocupadas na semana de referência > Setor Cultural,R$,1,RO,2015,1896.0,1896.0
82620,rendimento_medio_setor_cultural_pnadc,Pesquisa Nacional por Amostra de Domicílios Contínua  > Rendimento médio real habitual das pessoas de 14 anos ou mais de idade ocupadas na semana de referência > Setor Cultural,R$,1,RO,2016,1818.0,1818.0
82620,rendimento_medio_setor_cultural_pnadc,Pesquisa Nacional por Amostra de Domicílios Contínua  > Rendimento médio real habitual das pessoas de 14 anos ou mais de idade ocupadas na semana de referência > Setor Cultural,R$,1,RO,2017,1968.0,1968.0
82620,rendimento_medio_setor_cultural_pnadc,Pesquisa Nacional por Amostra de Domicílios Contínua  > Rendimento médio real habitual das pessoas de 14 anos ou mais de idade ocupadas na semana de referência > Setor Cultural,R$,1,RO,2018,1953.0,1953.0
82620,rendimento_medio_setor_cultural_pnadc,Pesquisa Nacional por Amostra de Domicílios Contínua  > Rendimento médio real habitual das pessoas de 14 anos ou mais de idade ocupadas na semana de referência > Setor Cultural,R$,1,RO,2019,2074.0,2074.0
82620,rendimento_medio_setor_cultural_pnadc,Pesquisa Nacional por Amostra de Domicílios Contínua  > Rendimento médio real habitual das pessoas de 14 anos ou mais de idade ocupadas na semana de referência > Setor Cultural,R$,1,RO,2020,2000.0,2000.0
82620,rendimento_medio_setor_cultural_pnadc,Pesquisa Nacional por Amostra de Domicílios Contínua  > Rendimento médio real habitual das pessoas de 14 anos ou mais de idade ocupadas na semana de referência > Setor Cultural,R$,1,RO,2021,2079.0,2079.0
82620,rendimento_medio_setor_cultural_pnadc,Pesquisa Nacional por Amostra de Domicílios Contínua  > Rendimento médio real habitual das pessoas de 14 anos ou mais de idade ocupadas na semana de referência > Setor Cultural,R$,1,RO,2022,1995.0,1995.0
82620,rendimento_medio_setor_cultural_pnadc,Pesquisa Nacional por Amostra de Domicílios Contínua  > Rendimento médio real habitual das pessoas de 14 anos ou mais de idade ocupadas na semana de referência > Setor Cultural,R$,1,RO,2023,2701.0,2701.0
82620,rendimento_medio_setor_cultural_pnadc,Pesquisa Nacional por Amostra de Domicílios Contínua  > Rendimento médio real habitual das pessoas de 14 anos ou mais de idade ocupadas na semana de referência > Setor Cultural,R$,1,RO,2024,2648.0,2648.0
82620,rendimento_medio_setor_cultural_pnadc,Pesquisa Nacional por Amostra de Domicílios Contínua  > Rendimento médio real habitual das pessoas de 14 anos ou mais de idade ocupadas na semana de referência > Setor Cultural,R$,1,RR,2014,2521.0,2521.0
82620,rendimento_medio_setor_cultural_pnadc,Pesquisa Nacional por Amostra de Domicílios Contínua  > Rendimento médio real habitual das pessoas de 14 anos ou mais de idade ocupadas na semana de referência > Setor Cultural,R$,1,RR,2015,1967.0,1967.0
82620,rendimento_medio_setor_cultural_pnadc,Pesquisa Nacional por Amostra de Domicílios Contínua  > Rendimento médio real habitual das pessoas de 14 anos ou mais de idade ocupadas na semana de referência > Setor Cultural,R$,1,RR,2016,2330.0,2330.0
82620,rendimento_medio_setor_cultural_pnadc,Pesquisa Nacional por Amostra de Domicílios Contínua  > Rendimento médio real habitual das pessoas de 14 anos ou mais de idade ocupadas na semana de referência > Setor Cultural,R$,1,RR,2017,2207.0,2207.0
82620,rendimento_medio_setor_cultural_pnadc,Pesquisa Nacional por Amostra de Domicílios Contínua  > Rendimento médio real habitual das pessoas de 14 anos ou mais de idade ocupadas na semana de referência > Setor Cultural,R$,1,RR,2018,2530.0,2530.0
82620,rendimento_medio_setor_cultural_pnadc,Pesquisa Nacional por Amostra de Domicílios Contínua  > Rendimento médio real habitual das pessoas de 14 anos ou mais de idade ocupadas na semana de referência > Setor Cultural,R$,1,RR,2019,2020.0,2020.0
82620,rendimento_medio_setor_cultural_pnadc,Pesquisa Nacional por Amostra de Domicílios Contínua  > Rendimento médio real habitual das pessoas de 14 anos ou mais de idade ocupadas na semana de referência > Setor Cultural,R$,1,RR,2020,2350.0,2350.0
82620,rendimento_medio_setor_cultural_pnadc,Pesquisa Nacional por Amostra de Domicílios Contínua  > Rendimento médio real habitual das pessoas de 14 anos ou mais de idade ocupadas na semana de referência > Setor Cultural,R$,1,RR,2021,1911.0,1911.0
82620,rendimento_medio_setor_cultural_pnadc,Pesquisa Nacional por Amostra de Domicílios Contínua  > Rendimento médio real habitual das pessoas de 14 anos ou mais de idade ocupadas na semana de referência > Setor Cultural,R$,1,RR,2022,2221.0,2221.0
82620,rendimento_medio_setor_cultural_pnadc,Pesquisa Nacional por Amostra de Domicílios Contínua  > Rendimento médio real habitual das pessoas de 14 anos ou mais de idade ocupadas na semana de referência > Setor Cultural,R$,1,RR,2023,1990.0,1990.0
82620,rendimento_medio_setor_cultural_pnadc,Pesquisa Nacional por Amostra de Domicílios Contínua  > Rendimento médio real habitual das pessoas de 14 anos ou mais de idade ocupadas na semana de referência > Setor Cultural,R$,1,RR,2024,2266.0,2266.0
82620,rendimento_medio_setor_cultural_pnadc,Pesquisa Nacional por Amostra de Domicílios Contínua  > Rendimento médio real habitual das pessoas de 14 anos ou mais de idade ocupadas na semana de referência > Setor Cultural,R$,1,RS,2014,3037.0,3037.0
82620,rendimento_medio_setor_cultural_pnadc,Pesquisa Nacional por Amostra de Domicílios Contínua  > Rendimento médio real habitual das pessoas de 14 anos ou mais de idade ocupadas na semana de referência > Setor Cultural,R$,1,RS,2015,2723.0,2723.0
82620,rendimento_medio_setor_cultural_pnadc,Pesquisa Nacional por Amostra de Domicílios Contínua  > Rendimento médio real habitual das pessoas de 14 anos ou mais de idade ocupadas na semana de referência > Setor Cultural,R$,1,RS,2016,2953.0,2953.0
82620,rendimento_medio_setor_cultural_pnadc,Pesquisa Nacional por Amostra de Domicílios Contínua  > Rendimento médio real habitual das pessoas de 14 anos ou mais de idade ocupadas na semana de referência > Setor Cultural,R$,1,RS,2017,2796.0,2796.0
82620,rendimento_medio_setor_cultural_pnadc,Pesquisa Nacional por Amostra de Domicílios Contínua  > Rendimento médio real habitual das pessoas de 14 anos ou mais de idade ocupadas na semana de referência > Setor Cultural,R$,1,RS,2018,2990.0,2990.0
82620,rendimento_medio_setor_cultural_pnadc,Pesquisa Nacional por Amostra de Domicílios Contínua  > Rendimento médio real habitual das pessoas de 14 anos ou mais de idade ocupadas na semana de referência > Setor Cultural,R$,1,RS,2019,2841.0,2841.0
82620,rendimento_medio_setor_cultural_pnadc,Pesquisa Nacional por Amostra de Domicílios Contínua  > Rendimento médio real habitual das pessoas de 14 anos ou mais de idade ocupadas na semana de referência > Setor Cultural,R$,1,RS,2020,2995.0,2995.0
82620,rendimento_medio_setor_cultural_pnadc,Pesquisa Nacional por Amostra de Domicílios Contínua  > Rendimento médio real habitual das pessoas de 14 anos ou mais de idade ocupadas na semana de referência > Setor Cultural,R$,1,RS,2021,2622.0,2622.0
82620,rendimento_medio_setor_cultural_pnadc,Pesquisa Nacional por Amostra de Domicílios Contínua  > Rendimento médio real habitual das pessoas de 14 anos ou mais de idade ocupadas na semana de referência > Setor Cultural,R$,1,RS,2022,2827.0,2827.0
82620,rendimento_medio_setor_cultural_pnadc,Pesquisa Nacional por Amostra de Domicílios Contínua  > Rendimento médio real habitual das pessoas de 14 anos ou mais de idade ocupadas na semana de referência > Setor Cultural,R$,1,RS,2023,3071.0,3071.0
82620,rendimento_medio_setor_cultural_pnadc,Pesquisa Nacional por Amostra de Domicílios Contínua  > Rendimento médio real habitual das pessoas de 14 anos ou mais de idade ocupadas na semana de referência > Setor Cultural,R$,1,RS,2024,3093.0,3093.0
82620,rendimento_medio_setor_cultural_pnadc,Pesquisa Nacional por Amostra de Domicílios Contínua  > Rendimento médio real habitual das pessoas de 14 anos ou mais de idade ocupadas na semana de referência > Setor Cultural,R$,1,SC,2014,3202.0,3202.0
82620,rendimento_medio_setor_cultural_pnadc,Pesquisa Nacional por Amostra de Domicílios Contínua  > Rendimento médio real habitual das pessoas de 14 anos ou mais de idade ocupadas na semana de referência > Setor Cultural,R$,1,SC,2015,2973.0,2973.0
82620,rendimento_medio_setor_cultural_pnadc,Pesquisa Nacional por Amostra de Domicílios Contínua  > Rendimento médio real habitual das pessoas de 14 anos ou mais de idade ocupadas na semana de referência > Setor Cultural,R$,1,SC,2016,2999.0,2999.0
82620,rendimento_medio_setor_cultural_pnadc,Pesquisa Nacional por Amostra de Domicílios Contínua  > Rendimento médio real habitual das pessoas de 14 anos ou mais de idade ocupadas na semana de referência > Setor Cultural,R$,1,SC,2017,2857.0,2857.0
82620,rendimento_medio_setor_cultural_pnadc,Pesquisa Nacional por Amostra de Domicílios Contínua  > Rendimento médio real habitual das pessoas de 14 anos ou mais de idade ocupadas na semana de referência > Setor Cultural,R$,1,SC,2018,3101.0,3101.0
82620,rendimento_medio_setor_cultural_pnadc,Pesquisa Nacional por Amostra de Domicílios Contínua  > Rendimento médio real habitual das pessoas de 14 anos ou mais de idade ocupadas na semana de referência > Setor Cultural,R$,1,SC,2019,3142.0,3142.0
82620,rendimento_medio_setor_cultural_pnadc,Pesquisa Nacional por Amostra de Domicílios Contínua  > Rendimento médio real habitual das pessoas de 14 anos ou mais de idade ocupadas na semana de referência > Setor Cultural,R$,1,SC,2020,3089.0,3089.0
82620,rendimento_medio_setor_cultural_pnadc,Pesquisa Nacional por Amostra de Domicílios Contínua  > Rendimento médio real habitual das pessoas de 14 anos ou mais de idade ocupadas na semana de referência > Setor Cultural,R$,1,SC,2021,2952.0,2952.0
82620,rendimento_medio_setor_cultural_pnadc,Pesquisa Nacional por Amostra de Domicílios Contínua  > Rendimento médio real habitual das pessoas de 14 anos ou mais de idade ocupadas na semana de referência > Setor Cultural,R$,1,SC,2022,3152.0,3152.0
82620,rendimento_medio_setor_cultural_pnadc,Pesquisa Nacional por Amostra de Domicílios Contínua  > Rendimento médio real habitual das pessoas de 14 anos ou mais de idade ocupadas na semana de referência > Setor Cultural,R$,1,SC,2023,3429.0,3429.0
82620,rendimento_medio_setor_cultural_pnadc,Pesquisa Nacional por Amostra de Domicílios Contínua  > Rendimento médio real habitual das pessoas de 14 anos ou mais de idade ocupadas na semana de referência > Setor Cultural,R$,1,SC,2024,3833.0,3833.0
82620,rendimento_medio_setor_cultural_pnadc,Pesquisa Nacional por Amostra de Domicílios Contínua  > Rendimento médio real habitual das pessoas de 14 anos ou mais de idade ocupadas na semana de referência > Setor Cultural,R$,1,SE,2014,1739.0,1739.0
82620,rendimento_medio_setor_cultural_pnadc,Pesquisa Nacional por Amostra de Domicílios Contínua  > Rendimento médio real habitual das pessoas de 14 anos ou mais de idade ocupadas na semana de referência > Setor Cultural,R$,1,SE,2015,1650.0,1650.0
82620,rendimento_medio_setor_cultural_pnadc,Pesquisa Nacional por Amostra de Domicílios Contínua  > Rendimento médio real habitual das pessoas de 14 anos ou mais de idade ocupadas na semana de referência > Setor Cultural,R$,1,SE,2016,2142.0,2142.0
82620,rendimento_medio_setor_cultural_pnadc,Pesquisa Nacional por Amostra de Domicílios Contínua  > Rendimento médio real habitual das pessoas de 14 anos ou mais de idade ocupadas na semana de referência > Setor Cultural,R$,1,SE,2017,2346.0,2346.0
82620,rendimento_medio_setor_cultural_pnadc,Pesquisa Nacional por Amostra de Domicílios Contínua  > Rendimento médio real habitual das pessoas de 14 anos ou mais de idade ocupadas na semana de referência > Setor Cultural,R$,1,SE,2018,2144.0,2144.0
82620,rendimento_medio_setor_cultural_pnadc,Pesquisa Nacional por Amostra de Domicílios Contínua  > Rendimento médio real habitual das pessoas de 14 anos ou mais de idade ocupadas na semana de referência > Setor Cultural,R$,1,SE,2019,1776.0,1776.0
82620,rendimento_medio_setor_cultural_pnadc,Pesquisa Nacional por Amostra de Domicílios Contínua  > Rendimento médio real habitual das pessoas de 14 anos ou mais de idade ocupadas na semana de referência > Setor Cultural,R$,1,SE,2020,1687.0,1687.0
82620,rendimento_medio_setor_cultural_pnadc,Pesquisa Nacional por Amostra de Domicílios Contínua  > Rendimento médio real habitual das pessoas de 14 anos ou mais de idade ocupadas na semana de referência > Setor Cultural,R$,1,SE,2021,1585.0,1585.0
82620,rendimento_medio_setor_cultural_pnadc,Pesquisa Nacional por Amostra de Domicílios Contínua  > Rendimento médio real habitual das pessoas de 14 anos ou mais de idade ocupadas na semana de referência > Setor Cultural,R$,1,SE,2022,2173.0,2173.0
82620,rendimento_medio_setor_cultural_pnadc,Pesquisa Nacional por Amostra de Domicílios Contínua  > Rendimento médio real habitual das pessoas de 14 anos ou mais de idade ocupadas na semana de referência > Setor Cultural,R$,1,SE,2023,1815.0,1815.0
82620,rendimento_medio_setor_cultural_pnadc,Pesquisa Nacional por Amostra de Domicílios Contínua  > Rendimento médio real habitual das pessoas de 14 anos ou mais de idade ocupadas na semana de referência > Setor Cultural,R$,1,SE,2024,2041.0,2041.0
82620,rendimento_medio_setor_cultural_pnadc,Pesquisa Nacional por Amostra de Domicílios Contínua  > Rendimento médio real habitual das pessoas de 14 anos ou mais de idade ocupadas na semana de referência > Setor Cultural,R$,1,SP,2014,4420.0,4420.0
82620,rendimento_medio_setor_cultural_pnadc,Pesquisa Nacional por Amostra de Domicílios Contínua  > Rendimento médio real habitual das pessoas de 14 anos ou mais de idade ocupadas na semana de referência > Setor Cultural,R$,1,SP,2015,4385.0,4385.0
82620,rendimento_medio_setor_cultural_pnadc,Pesquisa Nacional por Amostra de Domicílios Contínua  > Rendimento médio real habitual das pessoas de 14 anos ou mais de idade ocupadas na semana de referência > Setor Cultural,R$,1,SP,2016,4359.0,4359.0
82620,rendimento_medio_setor_cultural_pnadc,Pesquisa Nacional por Amostra de Domicílios Contínua  > Rendimento médio real habitual das pessoas de 14 anos ou mais de idade ocupadas na semana de referência > Setor Cultural,R$,1,SP,2017,4082.0,4082.0
82620,rendimento_medio_setor_cultural_pnadc,Pesquisa Nacional por Amostra de Domicílios Contínua  > Rendimento médio real habitual das pessoas de 14 anos ou mais de idade ocupadas na semana de referência > Setor Cultural,R$,1,SP,2018,3995.0,3995.0
82620,rendimento_medio_setor_cultural_pnadc,Pesquisa Nacional por Amostra de Domicílios Contínua  > Rendimento médio real habitual das pessoas de 14 anos ou mais de idade ocupadas na semana de referência > Setor Cultural,R$,1,SP,2019,4066.0,4066.0
82620,rendimento_medio_setor_cultural_pnadc,Pesquisa Nacional por Amostra de Domicílios Contínua  > Rendimento médio real habitual das pessoas de 14 anos ou mais de idade ocupadas na semana de referência > Setor Cultural,R$,1,SP,2020,4425.0,4425.0
82620,rendimento_medio_setor_cultural_pnadc,Pesquisa Nacional por Amostra de Domicílios Contínua  > Rendimento médio real habitual das pessoas de 14 anos ou mais de idade ocupadas na semana de referência > Setor Cultural,R$,1,SP,2021,3970.0,3970.0
82620,rendimento_medio_setor_cultural_pnadc,Pesquisa Nacional por Amostra de Domicílios Contínua  > Rendimento médio real habitual das pessoas de 14 anos ou mais de idade ocupadas na semana de referência > Setor Cultural,R$,1,SP,2022,3837.0,3837.0
82620,rendimento_medio_setor_cultural_pnadc,Pesquisa Nacional por Amostra de Domicílios Contínua  > Rendimento médio real habitual das pessoas de 14 anos ou mais de idade ocupadas na semana de referência > Setor Cultural,R$,1,SP,2023,4492.0,4492.0
82620,rendimento_medio_setor_cultural_pnadc,Pesquisa Nacional por Amostra de Domicílios Contínua  > Rendimento médio real habitual das pessoas de 14 anos ou mais de idade ocupadas na semana de referência > Setor Cultural,R$,1,SP,2024,4119.0,4119.0
82620,rendimento_medio_setor_cultural_pnadc,Pesquisa Nacional por Amostra de Domicílios Contínua  > Rendimento médio real habitual das pessoas de 14 anos ou mais de idade ocupadas na semana de referência > Setor Cultural,R$,1,TO,2014,2689.0,2689.0
82620,rendimento_medio_setor_cultural_pnadc,Pesquisa Nacional por Amostra de Domicílios Contínua  > Rendimento médio real habitual das pessoas de 14 anos ou mais de idade ocupadas na semana de referência > Setor Cultural,R$,1,TO,2015,1991.0,1991.0
82620,rendimento_medio_setor_cultural_pnadc,Pesquisa Nacional por Amostra de Domicílios Contínua  > Rendimento médio real habitual das pessoas de 14 anos ou mais de idade ocupadas na semana de referência > Setor Cultural,R$,1,TO,2016,2027.0,2027.0
82620,rendimento_medio_setor_cultural_pnadc,Pesquisa Nacional por Amostra de Domicílios Contínua  > Rendimento médio real habitual das pessoas de 14 anos ou mais de idade ocupadas na semana de referência > Setor Cultural,R$,1,TO,2017,2067.0,2067.0
82620,rendimento_medio_setor_cultural_pnadc,Pesquisa Nacional por Amostra de Domicílios Contínua  > Rendimento médio real habitual das pessoas de 14 anos ou mais de idade ocupadas na semana de referência > Setor Cultural,R$,1,TO,2018,2266.0,2266.0
82620,rendimento_medio_setor_cultural_pnadc,Pesquisa Nacional por Amostra de Domicílios Contínua  > Rendimento médio real habitual das pessoas de 14 anos ou mais de idade ocupadas na semana de referência > Setor Cultural,R$,1,TO,2019,2439.0,2439.0
82620,rendimento_medio_setor_cultural_pnadc,Pesquisa Nacional por Amostra de Domicílios Contínua  > Rendimento médio real habitual das pessoas de 14 anos ou mais de idade ocupadas na semana de referência > Setor Cultural,R$,1,TO,2020,2183.0,2183.0
82620,rendimento_medio_setor_cultural_pnadc,Pesquisa Nacional por Amostra de Domicílios Contínua  > Rendimento médio real habitual das pessoas de 14 anos ou mais de idade ocupadas na semana de referência > Setor Cultural,R$,1,TO,2021,1884.0,1884.0
82620,rendimento_medio_setor_cultural_pnadc,Pesquisa Nacional por Amostra de Domicílios Contínua  > Rendimento médio real habitual das pessoas de 14 anos ou mais de idade ocupadas na semana de referência > Setor Cultural,R$,1,TO,2022,2957.0,2957.0
82620,rendimento_medio_setor_cultural_pnadc,Pesquisa Nacional por Amostra de Domicílios Contínua  > Rendimento médio real habitual das pessoas de 14 anos ou mais de idade ocupadas na semana de referência > Setor Cultural,R$,1,TO,2023,1914.0,1914.0
82620,rendimento_medio_setor_cultural_pnadc,Pesquisa Nacional por Amostra de Domicílios Contínua  > Rendimento médio real habitual das pessoas de 14 anos ou mais de idade ocupadas na semana de referência > Setor Cultural,R$,1,TO,2024,2157.0,2157.0
82733,unidades_locais_setor_cultural_cempre,Cadastro Central de Empresas > Nº de unidades locais do setor cultural,unidades locais,1,AC,2007,457.0,457.0
82733,unidades_locais_setor_cultural_cempre,Cadastro Central de Empresas > Nº de unidades locais do setor cultural,unidades locais,1,AC,2009,498.0,498.0
82733,unidades_locais_setor_cultural_cempre,Cadastro Central de Empresas > Nº de unidades locais do setor cultural,unidades locais,1,AC,2011,539.0,539.0
82733,unidades_locais_setor_cultural_cempre,Cadastro Central de Empresas > Nº de unidades locais do setor cultural,unidades locais,1,AC,2017,450.0,450.0
82733,unidades_locais_setor_cultural_cempre,Cadastro Central de Empresas > Nº de unidades locais do setor cultural,unidades locais,1,AC,2019,455.0,455.0
82733,unidades_locais_setor_cultural_cempre,Cadastro Central de Empresas > Nº de unidades locais do setor cultural,unidades locais,1,AC,2021,502.0,502.0
82733,unidades_locais_setor_cultural_cempre,Cadastro Central de Empresas > Nº de unidades locais do setor cultural,unidades locais,1,AL,2007,1724.0,1724.0
82733,unidades_locais_setor_cultural_cempre,Cadastro Central de Empresas > Nº de unidades locais do setor cultural,unidades locais,1,AL,2009,1885.0,1885.0
82733,unidades_locais_setor_cultural_cempre,Cadastro Central de Empresas > Nº de unidades locais do setor cultural,unidades locais,1,AL,2011,2028.0,2028.0
82733,unidades_locais_setor_cultural_cempre,Cadastro Central de Empresas > Nº de unidades locais do setor cultural,unidades locais,1,AL,2017,1955.0,1955.0
82733,unidades_locais_setor_cultural_cempre,Cadastro Central de Empresas > Nº de unidades locais do setor cultural,unidades locais,1,AL,2019,2081.0,2081.0
82733,unidades_locais_setor_cultural_cempre,Cadastro Central de Empresas > Nº de unidades locais do setor cultural,unidades locais,1,AL,2021,2419.0,2419.0
82733,unidades_locais_setor_cultural_cempre,Cadastro Central de Empresas > Nº de unidades locais do setor cultural,unidades locais,1,AM,2007,1950.0,1950.0
82733,unidades_locais_setor_cultural_cempre,Cadastro Central de Empresas > Nº de unidades locais do setor cultural,unidades locais,1,AM,2009,2198.0,2198.0
82733,unidades_locais_setor_cultural_cempre,Cadastro Central de Empresas > Nº de unidades locais do setor cultural,unidades locais,1,AM,2011,2382.0,2382.0
82733,unidades_locais_setor_cultural_cempre,Cadastro Central de Empresas > Nº de unidades locais do setor cultural,unidades locais,1,AM,2017,2059.0,2059.0
82733,unidades_locais_setor_cultural_cempre,Cadastro Central de Empresas > Nº de unidades locais do setor cultural,unidades locais,1,AM,2019,2320.0,2320.0
82733,unidades_locais_setor_cultural_cempre,Cadastro Central de Empresas > Nº de unidades locais do setor cultural,unidades locais,1,AM,2021,2744.0,2744.0
82733,unidades_locais_setor_cultural_cempre,Cadastro Central de Empresas > Nº de unidades locais do setor cultural,unidades locais,1,AP,2007,486.0,486.0
82733,unidades_locais_setor_cultural_cempre,Cadastro Central de Empresas > Nº de unidades locais do setor cultural,unidades locais,1,AP,2009,433.0,433.0
82733,unidades_locais_setor_cultural_cempre,Cadastro Central de Empresas > Nº de unidades locais do setor cultural,unidades locais,1,AP,2011,622.0,622.0
82733,unidades_locais_setor_cultural_cempre,Cadastro Central de Empresas > Nº de unidades locais do setor cultural,unidades locais,1,AP,2017,391.0,391.0
82733,unidades_locais_setor_cultural_cempre,Cadastro Central de Empresas > Nº de unidades locais do setor cultural,unidades locais,1,AP,2019,413.0,413.0
82733,unidades_locais_setor_cultural_cempre,Cadastro Central de Empresas > Nº de unidades locais do setor cultural,unidades locais,1,AP,2021,402.0,402.0
82733,unidades_locais_setor_cultural_cempre,Cadastro Central de Empresas > Nº de unidades locais do setor cultural,unidades locais,1,BA,2007,13476.0,13476.0
82733,unidades_locais_setor_cultural_cempre,Cadastro Central de Empresas > Nº de unidades locais do setor cultural,unidades locais,1,BA,2009,14447.0,14447.0
82733,unidades_locais_setor_cultural_cempre,Cadastro Central de Empresas > Nº de unidades locais do setor cultural,unidades locais,1,BA,2011,14701.0,14701.0
82733,unidades_locais_setor_cultural_cempre,Cadastro Central de Empresas > Nº de unidades locais do setor cultural,unidades locais,1,BA,2017,12540.0,12540.0
82733,unidades_locais_setor_cultural_cempre,Cadastro Central de Empresas > Nº de unidades locais do setor cultural,unidades locais,1,BA,2019,12662.0,12662.0
82733,unidades_locais_setor_cultural_cempre,Cadastro Central de Empresas > Nº de unidades locais do setor cultural,unidades locais,1,BA,2021,13831.0,13831.0
82733,unidades_locais_setor_cultural_cempre,Cadastro Central de Empresas > Nº de unidades locais do setor cultural,unidades locais,1,CE,2007,6774.0,6774.0
82733,unidades_locais_setor_cultural_cempre,Cadastro Central de Empresas > Nº de unidades locais do setor cultural,unidades locais,1,CE,2009,7722.0,7722.0
82733,unidades_locais_setor_cultural_cempre,Cadastro Central de Empresas > Nº de unidades locais do setor cultural,unidades locais,1,CE,2011,8290.0,8290.0
82733,unidades_locais_setor_cultural_cempre,Cadastro Central de Empresas > Nº de unidades locais do setor cultural,unidades locais,1,CE,2017,7336.0,7336.0
82733,unidades_locais_setor_cultural_cempre,Cadastro Central de Empresas > Nº de unidades locais do setor cultural,unidades locais,1,CE,2019,7662.0,7662.0
82733,unidades_locais_setor_cultural_cempre,Cadastro Central de Empresas > Nº de unidades locais do setor cultural,unidades locais,1,CE,2021,8720.0,8720.0
82733,unidades_locais_setor_cultural_cempre,Cadastro Central de Empresas > Nº de unidades locais do setor cultural,unidades locais,1,DF,2007,7982.0,7982.0
82733,unidades_locais_setor_cultural_cempre,Cadastro Central de Empresas > Nº de unidades locais do setor cultural,unidades locais,1,DF,2009,8732.0,8732.0
82733,unidades_locais_setor_cultural_cempre,Cadastro Central de Empresas > Nº de unidades locais do setor cultural,unidades locais,1,DF,2011,8812.0,8812.0
82733,unidades_locais_setor_cultural_cempre,Cadastro Central de Empresas > Nº de unidades locais do setor cultural,unidades locais,1,DF,2017,7378.0,7378.0
82733,unidades_locais_setor_cultural_cempre,Cadastro Central de Empresas > Nº de unidades locais do setor cultural,unidades locais,1,DF,2019,7786.0,7786.0
82733,unidades_locais_setor_cultural_cempre,Cadastro Central de Empresas > Nº de unidades locais do setor cultural,unidades locais,1,DF,2021,9408.0,9408.0
82733,unidades_locais_setor_cultural_cempre,Cadastro Central de Empresas > Nº de unidades locais do setor cultural,unidades locais,1,ES,2007,6144.0,6144.0
82733,unidades_locais_setor_cultural_cempre,Cadastro Central de Empresas > Nº de unidades locais do setor cultural,unidades locais,1,ES,2009,6315.0,6315.0
82733,unidades_locais_setor_cultural_cempre,Cadastro Central de Empresas > Nº de unidades locais do setor cultural,unidades locais,1,ES,2011,6569.0,6569.0
82733,unidades_locais_setor_cultural_cempre,Cadastro Central de Empresas > Nº de unidades locais do setor cultural,unidades locais,1,ES,2017,6089.0,6089.0
82733,unidades_locais_setor_cultural_cempre,Cadastro Central de Empresas > Nº de unidades locais do setor cultural,unidades locais,1,ES,2019,6555.0,6555.0
82733,unidades_locais_setor_cultural_cempre,Cadastro Central de Empresas > Nº de unidades locais do setor cultural,unidades locais,1,ES,2021,7498.0,7498.0
82733,unidades_locais_setor_cultural_cempre,Cadastro Central de Empresas > Nº de unidades locais do setor cultural,unidades locais,1,GO,2007,8449.0,8449.0
82733,unidades_locais_setor_cultural_cempre,Cadastro Central de Empresas > Nº de unidades locais do setor cultural,unidades locais,1,GO,2009,9431.0,9431.0
82733,unidades_locais_setor_cultural_cempre,Cadastro Central de Empresas > Nº de unidades locais do setor cultural,unidades locais,1,GO,2011,9620.0,9620.0
82733,unidades_locais_setor_cultural_cempre,Cadastro Central de Empresas > Nº de unidades locais do setor cultural,unidades locais,1,GO,2017,9276.0,9276.0
82733,unidades_locais_setor_cultural_cempre,Cadastro Central de Empresas > Nº de unidades locais do setor cultural,unidades locais,1,GO,2019,9598.0,9598.0
82733,unidades_locais_setor_cultural_cempre,Cadastro Central de Empresas > Nº de unidades locais do setor cultural,unidades locais,1,GO,2021,11302.0,11302.0
82733,unidades_locais_setor_cultural_cempre,Cadastro Central de Empresas > Nº de unidades locais do setor cultural,unidades locais,1,MA,2007,3516.0,3516.0
82733,unidades_locais_setor_cultural_cempre,Cadastro Central de Empresas > Nº de unidades locais do setor cultural,unidades locais,1,MA,2009,3996.0,3996.0
82733,unidades_locais_setor_cultural_cempre,Cadastro Central de Empresas > Nº de unidades locais do setor cultural,unidades locais,1,MA,2011,4056.0,4056.0
82733,unidades_locais_setor_cultural_cempre,Cadastro Central de Empresas > Nº de unidades locais do setor cultural,unidades locais,1,MA,2017,3434.0,3434.0
82733,unidades_locais_setor_cultural_cempre,Cadastro Central de Empresas > Nº de unidades locais do setor cultural,unidades locais,1,MA,2019,3483.0,3483.0
82733,unidades_locais_setor_cultural_cempre,Cadastro Central de Empresas > Nº de unidades locais do setor cultural,unidades locais,1,MA,2021,3999.0,3999.0
82733,unidades_locais_setor_cultural_cempre,Cadastro Central de Empresas > Nº de unidades locais do setor cultural,unidades locais,1,MG,2007,35052.0,35052.0
82733,unidades_locais_setor_cultural_cempre,Cadastro Central de Empresas > Nº de unidades locais do setor cultural,unidades locais,1,MG,2009,37503.0,37503.0
82733,unidades_locais_setor_cultural_cempre,Cadastro Central de Empresas > Nº de unidades locais do setor cultural,unidades locais,1,MG,2011,36944.0,36944.0
82733,unidades_locais_setor_cultural_cempre,Cadastro Central de Empresas > Nº de unidades locais do setor cultural,unidades locais,1,MG,2017,31984.0,31984.0
82733,unidades_locais_setor_cultural_cempre,Cadastro Central de Empresas > Nº de unidades locais do setor cultural,unidades locais,1,MG,2019,32473.0,32473.0
82733,unidades_locais_setor_cultural_cempre,Cadastro Central de Empresas > Nº de unidades locais do setor cultural,unidades locais,1,MG,2021,36889.0,36889.0
82733,unidades_locais_setor_cultural_cempre,Cadastro Central de Empresas > Nº de unidades locais do setor cultural,unidades locais,1,MS,2007,3602.0,3602.0
82733,unidades_locais_setor_cultural_cempre,Cadastro Central de Empresas > Nº de unidades locais do setor cultural,unidades locais,1,MS,2009,3821.0,3821.0
82733,unidades_locais_setor_cultural_cempre,Cadastro Central de Empresas > Nº de unidades locais do setor cultural,unidades locais,1,MS,2011,3851.0,3851.0
82733,unidades_locais_setor_cultural_cempre,Cadastro Central de Empresas > Nº de unidades locais do setor cultural,unidades locais,1,MS,2017,3688.0,3688.0
82733,unidades_locais_setor_cultural_cempre,Cadastro Central de Empresas > Nº de unidades locais do setor cultural,unidades locais,1,MS,2019,3669.0,3669.0
82733,unidades_locais_setor_cultural_cempre,Cadastro Central de Empresas > Nº de unidades locais do setor cultural,unidades locais,1,MS,2021,4417.0,4417.0
82733,unidades_locais_setor_cultural_cempre,Cadastro Central de Empresas > Nº de unidades locais do setor cultural,unidades locais,1,MT,2007,4637.0,4637.0
82733,unidades_locais_setor_cultural_cempre,Cadastro Central de Empresas > Nº de unidades locais do setor cultural,unidades locais,1,MT,2009,5139.0,5139.0
82733,unidades_locais_setor_cultural_cempre,Cadastro Central de Empresas > Nº de unidades locais do setor cultural,unidades locais,1,MT,2011,4940.0,4940.0
82733,unidades_locais_setor_cultural_cempre,Cadastro Central de Empresas > Nº de unidades locais do setor cultural,unidades locais,1,MT,2017,4869.0,4869.0
82733,unidades_locais_setor_cultural_cempre,Cadastro Central de Empresas > Nº de unidades locais do setor cultural,unidades locais,1,MT,2019,5303.0,5303.0
82733,unidades_locais_setor_cultural_cempre,Cadastro Central de Empresas > Nº de unidades locais do setor cultural,unidades locais,1,MT,2021,6237.0,6237.0
82733,unidades_locais_setor_cultural_cempre,Cadastro Central de Empresas > Nº de unidades locais do setor cultural,unidades locais,1,PA,2007,3569.0,3569.0
82733,unidades_locais_setor_cultural_cempre,Cadastro Central de Empresas > Nº de unidades locais do setor cultural,unidades locais,1,PA,2009,4119.0,4119.0
82733,unidades_locais_setor_cultural_cempre,Cadastro Central de Empresas > Nº de unidades locais do setor cultural,unidades locais,1,PA,2011,4347.0,4347.0
82733,unidades_locais_setor_cultural_cempre,Cadastro Central de Empresas > Nº de unidades locais do setor cultural,unidades locais,1,PA,2017,3640.0,3640.0
82733,unidades_locais_setor_cultural_cempre,Cadastro Central de Empresas > Nº de unidades locais do setor cultural,unidades locais,1,PA,2019,3664.0,3664.0
82733,unidades_locais_setor_cultural_cempre,Cadastro Central de Empresas > Nº de unidades locais do setor cultural,unidades locais,1,PA,2021,4412.0,4412.0
82733,unidades_locais_setor_cultural_cempre,Cadastro Central de Empresas > Nº de unidades locais do setor cultural,unidades locais,1,PB,2007,2744.0,2744.0
82733,unidades_locais_setor_cultural_cempre,Cadastro Central de Empresas > Nº de unidades locais do setor cultural,unidades locais,1,PB,2009,3002.0,3002.0
82733,unidades_locais_setor_cultural_cempre,Cadastro Central de Empresas > Nº de unidades locais do setor cultural,unidades locais,1,PB,2011,3205.0,3205.0
82733,unidades_locais_setor_cultural_cempre,Cadastro Central de Empresas > Nº de unidades locais do setor cultural,unidades locais,1,PB,2017,2923.0,2923.0
82733,unidades_locais_setor_cultural_cempre,Cadastro Central de Empresas > Nº de unidades locais do setor cultural,unidades locais,1,PB,2019,3082.0,3082.0
82733,unidades_locais_setor_cultural_cempre,Cadastro Central de Empresas > Nº de unidades locais do setor cultural,unidades locais,1,PB,2021,3666.0,3666.0
82733,unidades_locais_setor_cultural_cempre,Cadastro Central de Empresas > Nº de unidades locais do setor cultural,unidades locais,1,PE,2007,7177.0,7177.0
82733,unidades_locais_setor_cultural_cempre,Cadastro Central de Empresas > Nº de unidades locais do setor cultural,unidades locais,1,PE,2009,7876.0,7876.0
82733,unidades_locais_setor_cultural_cempre,Cadastro Central de Empresas > Nº de unidades locais do setor cultural,unidades locais,1,PE,2011,8167.0,8167.0
82733,unidades_locais_setor_cultural_cempre,Cadastro Central de Empresas > Nº de unidades locais do setor cultural,unidades locais,1,PE,2017,7023.0,7023.0
82733,unidades_locais_setor_cultural_cempre,Cadastro Central de Empresas > Nº de unidades locais do setor cultural,unidades locais,1,PE,2019,7463.0,7463.0
82733,unidades_locais_setor_cultural_cempre,Cadastro Central de Empresas > Nº de unidades locais do setor cultural,unidades locais,1,PE,2021,8525.0,8525.0
82733,unidades_locais_setor_cultural_cempre,Cadastro Central de Empresas > Nº de unidades locais do setor cultural,unidades locais,1,PI,2007,1702.0,1702.0
82733,unidades_locais_setor_cultural_cempre,Cadastro Central de Empresas > Nº de unidades locais do setor cultural,unidades locais,1,PI,2009,1910.0,1910.0
82733,unidades_locais_setor_cultural_cempre,Cadastro Central de Empresas > Nº de unidades locais do setor cultural,unidades locais,1,PI,2011,2072.0,2072.0
82733,unidades_locais_setor_cultural_cempre,Cadastro Central de Empresas > Nº de unidades locais do setor cultural,unidades locais,1,PI,2017,2150.0,2150.0
82733,unidades_locais_setor_cultural_cempre,Cadastro Central de Empresas > Nº de unidades locais do setor cultural,unidades locais,1,PI,2019,2256.0,2256.0
82733,unidades_locais_setor_cultural_cempre,Cadastro Central de Empresas > Nº de unidades locais do setor cultural,unidades locais,1,PI,2021,2704.0,2704.0
82733,unidades_locais_setor_cultural_cempre,Cadastro Central de Empresas > Nº de unidades locais do setor cultural,unidades locais,1,PR,2007,26202.0,26202.0
82733,unidades_locais_setor_cultural_cempre,Cadastro Central de Empresas > Nº de unidades locais do setor cultural,unidades locais,1,PR,2009,28530.0,28530.0
82733,unidades_locais_setor_cultural_cempre,Cadastro Central de Empresas > Nº de unidades locais do setor cultural,unidades locais,1,PR,2011,28713.0,28713.0
82733,unidades_locais_setor_cultural_cempre,Cadastro Central de Empresas > Nº de unidades locais do setor cultural,unidades locais,1,PR,2017,27031.0,27031.0
82733,unidades_locais_setor_cultural_cempre,Cadastro Central de Empresas > Nº de unidades locais do setor cultural,unidades locais,1,PR,2019,28643.0,28643.0
82733,unidades_locais_setor_cultural_cempre,Cadastro Central de Empresas > Nº de unidades locais do setor cultural,unidades locais,1,PR,2021,33178.0,33178.0
82733,unidades_locais_setor_cultural_cempre,Cadastro Central de Empresas > Nº de unidades locais do setor cultural,unidades locais,1,RJ,2007,35063.0,35063.0
82733,unidades_locais_setor_cultural_cempre,Cadastro Central de Empresas > Nº de unidades locais do setor cultural,unidades locais,1,RJ,2009,36192.0,36192.0
82733,unidades_locais_setor_cultural_cempre,Cadastro Central de Empresas > Nº de unidades locais do setor cultural,unidades locais,1,RJ,2011,36173.0,36173.0
82733,unidades_locais_setor_cultural_cempre,Cadastro Central de Empresas > Nº de unidades locais do setor cultural,unidades locais,1,RJ,2017,32653.0,32653.0
82733,unidades_locais_setor_cultural_cempre,Cadastro Central de Empresas > Nº de unidades locais do setor cultural,unidades locais,1,RJ,2019,33748.0,33748.0
82733,unidades_locais_setor_cultural_cempre,Cadastro Central de Empresas > Nº de unidades locais do setor cultural,unidades locais,1,RJ,2021,36973.0,36973.0
82733,unidades_locais_setor_cultural_cempre,Cadastro Central de Empresas > Nº de unidades locais do setor cultural,unidades locais,1,RN,2007,2712.0,2712.0
82733,unidades_locais_setor_cultural_cempre,Cadastro Central de Empresas > Nº de unidades locais do setor cultural,unidades locais,1,RN,2009,3042.0,3042.0
82733,unidades_locais_setor_cultural_cempre,Cadastro Central de Empresas > Nº de unidades locais do setor cultural,unidades locais,1,RN,2011,3096.0,3096.0
82733,unidades_locais_setor_cultural_cempre,Cadastro Central de Empresas > Nº de unidades locais do setor cultural,unidades locais,1,RN,2017,2907.0,2907.0
82733,unidades_locais_setor_cultural_cempre,Cadastro Central de Empresas > Nº de unidades locais do setor cultural,unidades locais,1,RN,2019,2982.0,2982.0
82733,unidades_locais_setor_cultural_cempre,Cadastro Central de Empresas > Nº de unidades locais do setor cultural,unidades locais,1,RN,2021,3387.0,3387.0
82733,unidades_locais_setor_cultural_cempre,Cadastro Central de Empresas > Nº de unidades locais do setor cultural,unidades locais,1,RO,2007,1842.0,1842.0
82733,unidades_locais_setor_cultural_cempre,Cadastro Central de Empresas > Nº de unidades locais do setor cultural,unidades locais,1,RO,2009,1966.0,1966.0
82733,unidades_locais_setor_cultural_cempre,Cadastro Central de Empresas > Nº de unidades locais do setor cultural,unidades locais,1,RO,2011,2048.0,2048.0
82733,unidades_locais_setor_cultural_cempre,Cadastro Central de Empresas > Nº de unidades locais do setor cultural,unidades locais,1,RO,2017,1774.0,1774.0
82733,unidades_locais_setor_cultural_cempre,Cadastro Central de Empresas > Nº de unidades locais do setor cultural,unidades locais,1,RO,2019,1845.0,1845.0
82733,unidades_locais_setor_cultural_cempre,Cadastro Central de Empresas > Nº de unidades locais do setor cultural,unidades locais,1,RO,2021,2030.0,2030.0
82733,unidades_locais_setor_cultural_cempre,Cadastro Central de Empresas > Nº de unidades locais do setor cultural,unidades locais,1,RR,2007,420.0,420.0
82733,unidades_locais_setor_cultural_cempre,Cadastro Central de Empresas > Nº de unidades locais do setor cultural,unidades locais,1,RR,2009,547.0,547.0
82733,unidades_locais_setor_cultural_cempre,Cadastro Central de Empresas > Nº de unidades locais do setor cultural,unidades locais,1,RR,2011,454.0,454.0
82733,unidades_locais_setor_cultural_cempre,Cadastro Central de Empresas > Nº de unidades locais do setor cultural,unidades locais,1,RR,2017,418.0,418.0
82733,unidades_locais_setor_cultural_cempre,Cadastro Central de Empresas > Nº de unidades locais do setor cultural,unidades locais,1,RR,2019,458.0,458.0
82733,unidades_locais_setor_cultural_cempre,Cadastro Central de Empresas > Nº de unidades locais do setor cultural,unidades locais,1,RR,2021,543.0,543.0
82733,unidades_locais_setor_cultural_cempre,Cadastro Central de Empresas > Nº de unidades locais do setor cultural,unidades locais,1,RS,2007,32351.0,32351.0
82733,unidades_locais_setor_cultural_cempre,Cadastro Central de Empresas > Nº de unidades locais do setor cultural,unidades locais,1,RS,2009,33187.0,33187.0
82733,unidades_locais_setor_cultural_cempre,Cadastro Central de Empresas > Nº de unidades locais do setor cultural,unidades locais,1,RS,2011,31816.0,31816.0
82733,unidades_locais_setor_cultural_cempre,Cadastro Central de Empresas > Nº de unidades locais do setor cultural,unidades locais,1,RS,2017,28383.0,28383.0
82733,unidades_locais_setor_cultural_cempre,Cadastro Central de Empresas > Nº de unidades locais do setor cultural,unidades locais,1,RS,2019,28990.0,28990.0
82733,unidades_locais_setor_cultural_cempre,Cadastro Central de Empresas > Nº de unidades locais do setor cultural,unidades locais,1,RS,2021,31862.0,31862.0
82733,unidades_locais_setor_cultural_cempre,Cadastro Central de Empresas > Nº de unidades locais do setor cultural,unidades locais,1,SC,2007,17752.0,17752.0
82733,unidades_locais_setor_cultural_cempre,Cadastro Central de Empresas > Nº de unidades locais do setor cultural,unidades locais,1,SC,2009,18736.0,18736.0
82733,unidades_locais_setor_cultural_cempre,Cadastro Central de Empresas > Nº de unidades locais do setor cultural,unidades locais,1,SC,2011,18195.0,18195.0
82733,unidades_locais_setor_cultural_cempre,Cadastro Central de Empresas > Nº de unidades locais do setor cultural,unidades locais,1,SC,2017,17264.0,17264.0
82733,unidades_locais_setor_cultural_cempre,Cadastro Central de Empresas > Nº de unidades locais do setor cultural,unidades locais,1,SC,2019,18707.0,18707.0
82733,unidades_locais_setor_cultural_cempre,Cadastro Central de Empresas > Nº de unidades locais do setor cultural,unidades locais,1,SC,2021,23112.0,23112.0
82733,unidades_locais_setor_cultural_cempre,Cadastro Central de Empresas > Nº de unidades locais do setor cultural,unidades locais,1,SE,2007,1804.0,1804.0
82733,unidades_locais_setor_cultural_cempre,Cadastro Central de Empresas > Nº de unidades locais do setor cultural,unidades locais,1,SE,2009,1852.0,1852.0
82733,unidades_locais_setor_cultural_cempre,Cadastro Central de Empresas > Nº de unidades locais do setor cultural,unidades locais,1,SE,2011,1961.0,1961.0
82733,unidades_locais_setor_cultural_cempre,Cadastro Central de Empresas > Nº de unidades locais do setor cultural,unidades locais,1,SE,2017,1890.0,1890.0
82733,unidades_locais_setor_cultural_cempre,Cadastro Central de Empresas > Nº de unidades locais do setor cultural,unidades locais,1,SE,2019,1998.0,1998.0
82733,unidades_locais_setor_cultural_cempre,Cadastro Central de Empresas > Nº de unidades locais do setor cultural,unidades locais,1,SE,2021,2341.0,2341.0
82733,unidades_locais_setor_cultural_cempre,Cadastro Central de Empresas > Nº de unidades locais do setor cultural,unidades locais,1,SP,2007,143022.0,143022.0
82733,unidades_locais_setor_cultural_cempre,Cadastro Central de Empresas > Nº de unidades locais do setor cultural,unidades locais,1,SP,2009,153357.0,153357.0
82733,unidades_locais_setor_cultural_cempre,Cadastro Central de Empresas > Nº de unidades locais do setor cultural,unidades locais,1,SP,2011,153238.0,153238.0
82733,unidades_locais_setor_cultural_cempre,Cadastro Central de Empresas > Nº de unidades locais do setor cultural,unidades locais,1,SP,2017,127608.0,127608.0
82733,unidades_locais_setor_cultural_cempre,Cadastro Central de Empresas > Nº de unidades locais do setor cultural,unidades locais,1,SP,2019,136100.0,136100.0
82733,unidades_locais_setor_cultural_cempre,Cadastro Central de Empresas > Nº de unidades locais do setor cultural,unidades locais,1,SP,2021,152626.0,152626.0
82733,unidades_locais_setor_cultural_cempre,Cadastro Central de Empresas > Nº de unidades locais do setor cultural,unidades locais,1,TO,2007,1225.0,1225.0
82733,unidades_locais_setor_cultural_cempre,Cadastro Central de Empresas > Nº de unidades locais do setor cultural,unidades locais,1,TO,2009,1458.0,1458.0
82733,unidades_locais_setor_cultural_cempre,Cadastro Central de Empresas > Nº de unidades locais do setor cultural,unidades locais,1,TO,2011,1508.0,1508.0
82733,unidades_locais_setor_cultural_cempre,Cadastro Central de Empresas > Nº de unidades locais do setor cultural,unidades locais,1,TO,2017,1331.0,1331.0
82733,unidades_locais_setor_cultural_cempre,Cadastro Central de Empresas > Nº de unidades locais do setor cultural,unidades locais,1,TO,2019,1421.0,1421.0
82733,unidades_locais_setor_cultural_cempre,Cadastro Central de Empresas > Nº de unidades locais do setor cultural,unidades locais,1,TO,2021,1692.0,1692.0
